field,country,year,n_authors
Agricultural and Biological Sciences,AR,2018,1
Agricultural and Biological Sciences,AR,2019,1
Agricultural and Biological Sciences,AR,2020,2
Agricultural and Biological Sciences,AR,2021,2
Agricultural and Biological Sciences,AR,2022,2
Agricultural and Biological Sciences,AR,2023,2
Agricultural and Biological Sciences,AR,2024,2
Agricultural and Biological Sciences,AT,2015,12
Agricultural and Biological Sciences,AT,2016,13
Agricultural and Biological Sciences,AT,2017,16
Agricultural and Biological Sciences,AT,2018,15
Agricultural and Biological Sciences,AT,2019,14
Agricultural and Biological Sciences,AT,2020,14
Agricultural and Biological Sciences,AT,2021,13
Agricultural and Biological Sciences,AT,2022,12
Agricultural and Biological Sciences,AT,2023,13
Agricultural and Biological Sciences,AT,2024,13
Agricultural and Biological Sciences,AU,2015,70
Agricultural and Biological Sciences,AU,2016,69
Agricultural and Biological Sciences,AU,2017,70
Agricultural and Biological Sciences,AU,2018,72
Agricultural and Biological Sciences,AU,2019,75
Agricultural and Biological Sciences,AU,2020,77
Agricultural and Biological Sciences,AU,2021,80
Agricultural and Biological Sciences,AU,2022,77
Agricultural and Biological Sciences,AU,2023,81
Agricultural and Biological Sciences,AU,2024,85
Agricultural and Biological Sciences,BD,2022,1
Agricultural and Biological Sciences,BD,2023,1
Agricultural and Biological Sciences,BD,2024,1
Agricultural and Biological Sciences,BE,2015,32
Agricultural and Biological Sciences,BE,2016,33
Agricultural and Biological Sciences,BE,2017,34
Agricultural and Biological Sciences,BE,2018,36
Agricultural and Biological Sciences,BE,2019,35
Agricultural and Biological Sciences,BE,2020,34
Agricultural and Biological Sciences,BE,2021,36
Agricultural and Biological Sciences,BE,2022,38
Agricultural and Biological Sciences,BE,2023,38
Agricultural and Biological Sciences,BE,2024,40
Agricultural and Biological Sciences,BG,2020,1
Agricultural and Biological Sciences,BG,2021,1
Agricultural and Biological Sciences,BG,2022,1
Agricultural and Biological Sciences,BG,2023,1
Agricultural and Biological Sciences,BG,2024,2
Agricultural and Biological Sciences,BR,2015,2
Agricultural and Biological Sciences,BR,2016,2
Agricultural and Biological Sciences,BR,2017,3
Agricultural and Biological Sciences,BR,2018,3
Agricultural and Biological Sciences,BR,2019,2
Agricultural and Biological Sciences,BR,2020,2
Agricultural and Biological Sciences,BR,2021,5
Agricultural and Biological Sciences,BR,2022,5
Agricultural and Biological Sciences,BR,2023,6
Agricultural and Biological Sciences,BR,2024,8
Agricultural and Biological Sciences,BY,2019,1
Agricultural and Biological Sciences,BY,2020,1
Agricultural and Biological Sciences,BY,2021,1
Agricultural and Biological Sciences,BY,2022,1
Agricultural and Biological Sciences,BY,2023,1
Agricultural and Biological Sciences,BY,2024,1
Agricultural and Biological Sciences,CA,2015,54
Agricultural and Biological Sciences,CA,2016,53
Agricultural and Biological Sciences,CA,2017,51
Agricultural and Biological Sciences,CA,2018,51
Agricultural and Biological Sciences,CA,2019,53
Agricultural and Biological Sciences,CA,2020,55
Agricultural and Biological Sciences,CA,2021,53
Agricultural and Biological Sciences,CA,2022,48
Agricultural and Biological Sciences,CA,2023,49
Agricultural and Biological Sciences,CA,2024,48
Agricultural and Biological Sciences,CH,2015,26
Agricultural and Biological Sciences,CH,2016,29
Agricultural and Biological Sciences,CH,2017,30
Agricultural and Biological Sciences,CH,2018,31
Agricultural and Biological Sciences,CH,2019,31
Agricultural and Biological Sciences,CH,2020,32
Agricultural and Biological Sciences,CH,2021,31
Agricultural and Biological Sciences,CH,2022,30
Agricultural and Biological Sciences,CH,2023,31
Agricultural and Biological Sciences,CH,2024,30
Agricultural and Biological Sciences,CI,2015,1
Agricultural and Biological Sciences,CI,2016,1
Agricultural and Biological Sciences,CI,2017,1
Agricultural and Biological Sciences,CN,2015,14
Agricultural and Biological Sciences,CN,2016,18
Agricultural and Biological Sciences,CN,2017,22
Agricultural and Biological Sciences,CN,2018,28
Agricultural and Biological Sciences,CN,2019,32
Agricultural and Biological Sciences,CN,2020,43
Agricultural and Biological Sciences,CN,2021,49
Agricultural and Biological Sciences,CN,2022,67
Agricultural and Biological Sciences,CN,2023,82
Agricultural and Biological Sciences,CN,2024,93
Agricultural and Biological Sciences,CNX,2015,20
Agricultural and Biological Sciences,CNX,2016,24
Agricultural and Biological Sciences,CNX,2017,28
Agricultural and Biological Sciences,CNX,2018,34
Agricultural and Biological Sciences,CNX,2019,37
Agricultural and Biological Sciences,CNX,2020,48
Agricultural and Biological Sciences,CNX,2021,55
Agricultural and Biological Sciences,CNX,2022,73
Agricultural and Biological Sciences,CNX,2023,88
Agricultural and Biological Sciences,CNX,2024,100
Agricultural and Biological Sciences,CO,2015,1
Agricultural and Biological Sciences,CO,2016,1
Agricultural and Biological Sciences,CO,2017,1
Agricultural and Biological Sciences,CO,2018,1
Agricultural and Biological Sciences,CO,2019,1
Agricultural and Biological Sciences,CO,2020,1
Agricultural and Biological Sciences,CO,2021,2
Agricultural and Biological Sciences,CO,2022,2
Agricultural and Biological Sciences,CO,2023,2
Agricultural and Biological Sciences,CO,2024,1
Agricultural and Biological Sciences,CY,2019,1
Agricultural and Biological Sciences,CY,2020,1
Agricultural and Biological Sciences,CY,2021,1
Agricultural and Biological Sciences,CY,2022,1
Agricultural and Biological Sciences,CY,2023,1
Agricultural and Biological Sciences,CY,2024,1
Agricultural and Biological Sciences,CZ,2015,14
Agricultural and Biological Sciences,CZ,2016,13
Agricultural and Biological Sciences,CZ,2017,12
Agricultural and Biological Sciences,CZ,2018,12
Agricultural and Biological Sciences,CZ,2019,13
Agricultural and Biological Sciences,CZ,2020,14
Agricultural and Biological Sciences,CZ,2021,15
Agricultural and Biological Sciences,CZ,2022,15
Agricultural and Biological Sciences,CZ,2023,15
Agricultural and Biological Sciences,CZ,2024,17
Agricultural and Biological Sciences,DE,2015,85
Agricultural and Biological Sciences,DE,2016,85
Agricultural and Biological Sciences,DE,2017,90
Agricultural and Biological Sciences,DE,2018,90
Agricultural and Biological Sciences,DE,2019,93
Agricultural and Biological Sciences,DE,2020,98
Agricultural and Biological Sciences,DE,2021,100
Agricultural and Biological Sciences,DE,2022,103
Agricultural and Biological Sciences,DE,2023,99
Agricultural and Biological Sciences,DE,2024,96
Agricultural and Biological Sciences,DK,2015,6
Agricultural and Biological Sciences,DK,2016,6
Agricultural and Biological Sciences,DK,2017,8
Agricultural and Biological Sciences,DK,2018,8
Agricultural and Biological Sciences,DK,2019,9
Agricultural and Biological Sciences,DK,2020,9
Agricultural and Biological Sciences,DK,2021,9
Agricultural and Biological Sciences,DK,2022,10
Agricultural and Biological Sciences,DK,2023,10
Agricultural and Biological Sciences,DK,2024,9
Agricultural and Biological Sciences,EC,2023,1
Agricultural and Biological Sciences,EC,2024,1
Agricultural and Biological Sciences,EE,2015,1
Agricultural and Biological Sciences,EE,2016,1
Agricultural and Biological Sciences,EE,2017,1
Agricultural and Biological Sciences,EE,2018,1
Agricultural and Biological Sciences,EE,2019,1
Agricultural and Biological Sciences,EE,2020,2
Agricultural and Biological Sciences,EE,2021,3
Agricultural and Biological Sciences,EE,2022,3
Agricultural and Biological Sciences,EE,2023,3
Agricultural and Biological Sciences,EE,2024,3
Agricultural and Biological Sciences,ES,2015,16
Agricultural and Biological Sciences,ES,2016,17
Agricultural and Biological Sciences,ES,2017,20
Agricultural and Biological Sciences,ES,2018,25
Agricultural and Biological Sciences,ES,2019,26
Agricultural and Biological Sciences,ES,2020,28
Agricultural and Biological Sciences,ES,2021,29
Agricultural and Biological Sciences,ES,2022,31
Agricultural and Biological Sciences,ES,2023,32
Agricultural and Biological Sciences,ES,2024,32
Agricultural and Biological Sciences,ET,2018,1
Agricultural and Biological Sciences,ET,2019,1
Agricultural and Biological Sciences,ET,2020,1
Agricultural and Biological Sciences,ET,2021,1
Agricultural and Biological Sciences,ET,2022,1
Agricultural and Biological Sciences,ET,2023,1
Agricultural and Biological Sciences,ET,2024,1
Agricultural and Biological Sciences,FI,2015,4
Agricultural and Biological Sciences,FI,2016,4
Agricultural and Biological Sciences,FI,2017,5
Agricultural and Biological Sciences,FI,2018,4
Agricultural and Biological Sciences,FI,2019,4
Agricultural and Biological Sciences,FI,2020,4
Agricultural and Biological Sciences,FI,2021,4
Agricultural and Biological Sciences,FI,2022,4
Agricultural and Biological Sciences,FI,2023,5
Agricultural and Biological Sciences,FI,2024,5
Agricultural and Biological Sciences,FR,2015,32
Agricultural and Biological Sciences,FR,2016,35
Agricultural and Biological Sciences,FR,2017,34
Agricultural and Biological Sciences,FR,2018,33
Agricultural and Biological Sciences,FR,2019,32
Agricultural and Biological Sciences,FR,2020,32
Agricultural and Biological Sciences,FR,2021,31
Agricultural and Biological Sciences,FR,2022,30
Agricultural and Biological Sciences,FR,2023,30
Agricultural and Biological Sciences,FR,2024,29
Agricultural and Biological Sciences,GB,2015,213
Agricultural and Biological Sciences,GB,2016,206
Agricultural and Biological Sciences,GB,2017,205
Agricultural and Biological Sciences,GB,2018,201
Agricultural and Biological Sciences,GB,2019,192
Agricultural and Biological Sciences,GB,2020,182
Agricultural and Biological Sciences,GB,2021,174
Agricultural and Biological Sciences,GB,2022,167
Agricultural and Biological Sciences,GB,2023,158
Agricultural and Biological Sciences,GB,2024,148
Agricultural and Biological Sciences,GE,2020,1
Agricultural and Biological Sciences,GE,2021,1
Agricultural and Biological Sciences,GE,2022,1
Agricultural and Biological Sciences,GE,2023,1
Agricultural and Biological Sciences,GE,2024,1
Agricultural and Biological Sciences,GH,2015,1
Agricultural and Biological Sciences,GH,2016,1
Agricultural and Biological Sciences,GH,2017,1
Agricultural and Biological Sciences,GH,2018,1
Agricultural and Biological Sciences,GH,2019,1
Agricultural and Biological Sciences,GH,2020,1
Agricultural and Biological Sciences,GH,2021,1
Agricultural and Biological Sciences,GH,2022,1
Agricultural and Biological Sciences,GH,2023,1
Agricultural and Biological Sciences,GH,2024,1
Agricultural and Biological Sciences,GR,2015,2
Agricultural and Biological Sciences,GR,2016,2
Agricultural and Biological Sciences,GR,2017,2
Agricultural and Biological Sciences,GR,2018,2
Agricultural and Biological Sciences,GR,2019,2
Agricultural and Biological Sciences,GR,2020,2
Agricultural and Biological Sciences,GR,2021,2
Agricultural and Biological Sciences,GR,2022,2
Agricultural and Biological Sciences,GR,2023,2
Agricultural and Biological Sciences,GR,2024,3
Agricultural and Biological Sciences,HK,2015,2
Agricultural and Biological Sciences,HK,2016,2
Agricultural and Biological Sciences,HK,2017,2
Agricultural and Biological Sciences,HK,2018,3
Agricultural and Biological Sciences,HK,2019,3
Agricultural and Biological Sciences,HK,2020,3
Agricultural and Biological Sciences,HK,2021,3
Agricultural and Biological Sciences,HK,2022,3
Agricultural and Biological Sciences,HK,2023,3
Agricultural and Biological Sciences,HK,2024,3
Agricultural and Biological Sciences,HR,2021,1
Agricultural and Biological Sciences,HR,2022,1
Agricultural and Biological Sciences,HR,2023,1
Agricultural and Biological Sciences,HR,2024,1
Agricultural and Biological Sciences,HU,2015,7
Agricultural and Biological Sciences,HU,2016,7
Agricultural and Biological Sciences,HU,2017,5
Agricultural and Biological Sciences,HU,2018,4
Agricultural and Biological Sciences,HU,2019,4
Agricultural and Biological Sciences,HU,2020,4
Agricultural and Biological Sciences,HU,2021,3
Agricultural and Biological Sciences,HU,2022,4
Agricultural and Biological Sciences,HU,2023,4
Agricultural and Biological Sciences,HU,2024,4
Agricultural and Biological Sciences,ID,2024,1
Agricultural and Biological Sciences,IE,2015,8
Agricultural and Biological Sciences,IE,2016,7
Agricultural and Biological Sciences,IE,2017,6
Agricultural and Biological Sciences,IE,2018,7
Agricultural and Biological Sciences,IE,2019,7
Agricultural and Biological Sciences,IE,2020,7
Agricultural and Biological Sciences,IE,2021,6
Agricultural and Biological Sciences,IE,2022,6
Agricultural and Biological Sciences,IE,2023,7
Agricultural and Biological Sciences,IE,2024,8
Agricultural and Biological Sciences,IL,2015,11
Agricultural and Biological Sciences,IL,2016,10
Agricultural and Biological Sciences,IL,2017,10
Agricultural and Biological Sciences,IL,2018,8
Agricultural and Biological Sciences,IL,2019,8
Agricultural and Biological Sciences,IL,2020,8
Agricultural and Biological Sciences,IL,2021,9
Agricultural and Biological Sciences,IL,2022,7
Agricultural and Biological Sciences,IL,2023,6
Agricultural and Biological Sciences,IL,2024,6
Agricultural and Biological Sciences,IN,2015,7
Agricultural and Biological Sciences,IN,2016,7
Agricultural and Biological Sciences,IN,2017,7
Agricultural and Biological Sciences,IN,2018,7
Agricultural and Biological Sciences,IN,2019,8
Agricultural and Biological Sciences,IN,2020,9
Agricultural and Biological Sciences,IN,2021,9
Agricultural and Biological Sciences,IN,2022,12
Agricultural and Biological Sciences,IN,2023,16
Agricultural and Biological Sciences,IN,2024,21
Agricultural and Biological Sciences,IR,2020,1
Agricultural and Biological Sciences,IR,2021,1
Agricultural and Biological Sciences,IR,2022,1
Agricultural and Biological Sciences,IR,2023,2
Agricultural and Biological Sciences,IR,2024,2
Agricultural and Biological Sciences,IT,2015,16
Agricultural and Biological Sciences,IT,2016,15
Agricultural and Biological Sciences,IT,2017,14
Agricultural and Biological Sciences,IT,2018,12
Agricultural and Biological Sciences,IT,2019,14
Agricultural and Biological Sciences,IT,2020,14
Agricultural and Biological Sciences,IT,2021,16
Agricultural and Biological Sciences,IT,2022,19
Agricultural and Biological Sciences,IT,2023,21
Agricultural and Biological Sciences,IT,2024,21
Agricultural and Biological Sciences,JP,2015,38
Agricultural and Biological Sciences,JP,2016,40
Agricultural and Biological Sciences,JP,2017,38
Agricultural and Biological Sciences,JP,2018,39
Agricultural and Biological Sciences,JP,2019,40
Agricultural and Biological Sciences,JP,2020,44
Agricultural and Biological Sciences,JP,2021,42
Agricultural and Biological Sciences,JP,2022,42
Agricultural and Biological Sciences,JP,2023,39
Agricultural and Biological Sciences,JP,2024,39
Agricultural and Biological Sciences,KE,2015,2
Agricultural and Biological Sciences,KE,2016,2
Agricultural and Biological Sciences,KE,2017,2
Agricultural and Biological Sciences,KE,2018,2
Agricultural and Biological Sciences,KE,2019,2
Agricultural and Biological Sciences,KE,2020,2
Agricultural and Biological Sciences,KE,2021,1
Agricultural and Biological Sciences,KE,2022,3
Agricultural and Biological Sciences,KE,2023,3
Agricultural and Biological Sciences,KE,2024,3
Agricultural and Biological Sciences,KH,2015,1
Agricultural and Biological Sciences,KH,2016,1
Agricultural and Biological Sciences,KH,2017,1
Agricultural and Biological Sciences,KH,2018,1
Agricultural and Biological Sciences,KH,2019,1
Agricultural and Biological Sciences,KR,2015,6
Agricultural and Biological Sciences,KR,2016,7
Agricultural and Biological Sciences,KR,2017,5
Agricultural and Biological Sciences,KR,2018,6
Agricultural and Biological Sciences,KR,2019,6
Agricultural and Biological Sciences,KR,2020,6
Agricultural and Biological Sciences,KR,2021,8
Agricultural and Biological Sciences,KR,2022,10
Agricultural and Biological Sciences,KR,2023,11
Agricultural and Biological Sciences,KR,2024,14
Agricultural and Biological Sciences,LB,2022,1
Agricultural and Biological Sciences,LB,2023,1
Agricultural and Biological Sciences,LB,2024,1
Agricultural and Biological Sciences,LK,2015,1
Agricultural and Biological Sciences,LK,2016,1
Agricultural and Biological Sciences,LK,2017,1
Agricultural and Biological Sciences,LK,2018,1
Agricultural and Biological Sciences,LK,2019,1
Agricultural and Biological Sciences,LK,2020,1
Agricultural and Biological Sciences,LK,2021,1
Agricultural and Biological Sciences,LK,2022,1
Agricultural and Biological Sciences,LK,2023,1
Agricultural and Biological Sciences,LK,2024,1
Agricultural and Biological Sciences,LV,2019,1
Agricultural and Biological Sciences,LV,2020,1
Agricultural and Biological Sciences,LV,2021,1
Agricultural and Biological Sciences,LV,2023,1
Agricultural and Biological Sciences,LV,2024,1
Agricultural and Biological Sciences,MA,2015,6
Agricultural and Biological Sciences,MA,2016,5
Agricultural and Biological Sciences,MA,2017,5
Agricultural and Biological Sciences,MA,2018,5
Agricultural and Biological Sciences,MA,2019,4
Agricultural and Biological Sciences,MA,2020,3
Agricultural and Biological Sciences,MA,2021,2
Agricultural and Biological Sciences,MA,2022,2
Agricultural and Biological Sciences,MA,2023,2
Agricultural and Biological Sciences,MA,2024,2
Agricultural and Biological Sciences,ML,2015,1
Agricultural and Biological Sciences,ML,2016,1
Agricultural and Biological Sciences,ML,2017,1
Agricultural and Biological Sciences,ML,2018,1
Agricultural and Biological Sciences,ML,2019,1
Agricultural and Biological Sciences,ML,2020,1
Agricultural and Biological Sciences,ML,2021,1
Agricultural and Biological Sciences,ML,2022,1
Agricultural and Biological Sciences,ML,2023,1
Agricultural and Biological Sciences,ML,2024,1
Agricultural and Biological Sciences,MX,2015,6
Agricultural and Biological Sciences,MX,2016,8
Agricultural and Biological Sciences,MX,2017,7
Agricultural and Biological Sciences,MX,2018,8
Agricultural and Biological Sciences,MX,2019,8
Agricultural and Biological Sciences,MX,2020,8
Agricultural and Biological Sciences,MX,2021,8
Agricultural and Biological Sciences,MX,2022,8
Agricultural and Biological Sciences,MX,2023,8
Agricultural and Biological Sciences,MX,2024,8
Agricultural and Biological Sciences,MY,2023,2
Agricultural and Biological Sciences,MY,2024,2
Agricultural and Biological Sciences,NG,2022,1
Agricultural and Biological Sciences,NG,2023,1
Agricultural and Biological Sciences,NG,2024,1
Agricultural and Biological Sciences,NL,2015,42
Agricultural and Biological Sciences,NL,2016,43
Agricultural and Biological Sciences,NL,2017,42
Agricultural and Biological Sciences,NL,2018,48
Agricultural and Biological Sciences,NL,2019,49
Agricultural and Biological Sciences,NL,2020,50
Agricultural and Biological Sciences,NL,2021,49
Agricultural and Biological Sciences,NL,2022,48
Agricultural and Biological Sciences,NL,2023,48
Agricultural and Biological Sciences,NL,2024,46
Agricultural and Biological Sciences,NO,2015,6
Agricultural and Biological Sciences,NO,2016,6
Agricultural and Biological Sciences,NO,2017,6
Agricultural and Biological Sciences,NO,2018,6
Agricultural and Biological Sciences,NO,2019,6
Agricultural and Biological Sciences,NO,2020,7
Agricultural and Biological Sciences,NO,2021,7
Agricultural and Biological Sciences,NO,2022,5
Agricultural and Biological Sciences,NO,2023,6
Agricultural and Biological Sciences,NO,2024,6
Agricultural and Biological Sciences,NZ,2015,9
Agricultural and Biological Sciences,NZ,2016,10
Agricultural and Biological Sciences,NZ,2017,11
Agricultural and Biological Sciences,NZ,2018,11
Agricultural and Biological Sciences,NZ,2019,10
Agricultural and Biological Sciences,NZ,2020,10
Agricultural and Biological Sciences,NZ,2021,9
Agricultural and Biological Sciences,NZ,2022,8
Agricultural and Biological Sciences,NZ,2023,9
Agricultural and Biological Sciences,NZ,2024,9
Agricultural and Biological Sciences,OM,2019,1
Agricultural and Biological Sciences,OM,2020,1
Agricultural and Biological Sciences,OM,2021,1
Agricultural and Biological Sciences,OM,2022,1
Agricultural and Biological Sciences,OM,2023,1
Agricultural and Biological Sciences,OM,2024,2
Agricultural and Biological Sciences,PA,2015,6
Agricultural and Biological Sciences,PA,2016,4
Agricultural and Biological Sciences,PA,2017,3
Agricultural and Biological Sciences,PA,2018,3
Agricultural and Biological Sciences,PA,2019,3
Agricultural and Biological Sciences,PA,2020,2
Agricultural and Biological Sciences,PA,2021,2
Agricultural and Biological Sciences,PA,2022,2
Agricultural and Biological Sciences,PA,2023,2
Agricultural and Biological Sciences,PA,2024,2
Agricultural and Biological Sciences,PE,2015,2
Agricultural and Biological Sciences,PE,2016,2
Agricultural and Biological Sciences,PE,2017,2
Agricultural and Biological Sciences,PE,2018,2
Agricultural and Biological Sciences,PE,2019,2
Agricultural and Biological Sciences,PE,2020,1
Agricultural and Biological Sciences,PE,2021,1
Agricultural and Biological Sciences,PE,2022,1
Agricultural and Biological Sciences,PE,2023,1
Agricultural and Biological Sciences,PE,2024,1
Agricultural and Biological Sciences,PH,2015,5
Agricultural and Biological Sciences,PH,2016,5
Agricultural and Biological Sciences,PH,2017,5
Agricultural and Biological Sciences,PH,2018,7
Agricultural and Biological Sciences,PH,2019,8
Agricultural and Biological Sciences,PH,2020,8
Agricultural and Biological Sciences,PH,2021,8
Agricultural and Biological Sciences,PH,2022,8
Agricultural and Biological Sciences,PH,2023,10
Agricultural and Biological Sciences,PH,2024,11
Agricultural and Biological Sciences,PK,2015,1
Agricultural and Biological Sciences,PK,2016,1
Agricultural and Biological Sciences,PK,2017,1
Agricultural and Biological Sciences,PK,2018,2
Agricultural and Biological Sciences,PK,2019,3
Agricultural and Biological Sciences,PK,2020,4
Agricultural and Biological Sciences,PK,2021,6
Agricultural and Biological Sciences,PK,2022,8
Agricultural and Biological Sciences,PK,2023,8
Agricultural and Biological Sciences,PK,2024,11
Agricultural and Biological Sciences,PL,2015,2
Agricultural and Biological Sciences,PL,2016,1
Agricultural and Biological Sciences,PL,2017,1
Agricultural and Biological Sciences,PL,2018,1
Agricultural and Biological Sciences,PL,2019,1
Agricultural and Biological Sciences,PL,2020,1
Agricultural and Biological Sciences,PL,2021,1
Agricultural and Biological Sciences,PL,2022,2
Agricultural and Biological Sciences,PL,2023,2
Agricultural and Biological Sciences,PL,2024,2
Agricultural and Biological Sciences,PT,2015,3
Agricultural and Biological Sciences,PT,2016,3
Agricultural and Biological Sciences,PT,2017,4
Agricultural and Biological Sciences,PT,2018,4
Agricultural and Biological Sciences,PT,2019,5
Agricultural and Biological Sciences,PT,2020,5
Agricultural and Biological Sciences,PT,2021,6
Agricultural and Biological Sciences,PT,2022,7
Agricultural and Biological Sciences,PT,2023,8
Agricultural and Biological Sciences,PT,2024,8
Agricultural and Biological Sciences,RS,2024,1
Agricultural and Biological Sciences,RU,2015,4
Agricultural and Biological Sciences,RU,2016,5
Agricultural and Biological Sciences,RU,2017,5
Agricultural and Biological Sciences,RU,2018,5
Agricultural and Biological Sciences,RU,2019,5
Agricultural and Biological Sciences,RU,2020,4
Agricultural and Biological Sciences,RU,2021,5
Agricultural and Biological Sciences,RU,2022,4
Agricultural and Biological Sciences,RU,2023,4
Agricultural and Biological Sciences,RU,2024,4
Agricultural and Biological Sciences,SA,2015,8
Agricultural and Biological Sciences,SA,2016,10
Agricultural and Biological Sciences,SA,2017,13
Agricultural and Biological Sciences,SA,2018,13
Agricultural and Biological Sciences,SA,2019,14
Agricultural and Biological Sciences,SA,2020,16
Agricultural and Biological Sciences,SA,2021,15
Agricultural and Biological Sciences,SA,2022,19
Agricultural and Biological Sciences,SA,2023,19
Agricultural and Biological Sciences,SA,2024,20
Agricultural and Biological Sciences,SE,2015,18
Agricultural and Biological Sciences,SE,2016,18
Agricultural and Biological Sciences,SE,2017,17
Agricultural and Biological Sciences,SE,2018,17
Agricultural and Biological Sciences,SE,2019,15
Agricultural and Biological Sciences,SE,2020,15
Agricultural and Biological Sciences,SE,2021,17
Agricultural and Biological Sciences,SE,2022,17
Agricultural and Biological Sciences,SE,2023,18
Agricultural and Biological Sciences,SE,2024,19
Agricultural and Biological Sciences,SG,2015,1
Agricultural and Biological Sciences,SG,2016,1
Agricultural and Biological Sciences,SG,2017,1
Agricultural and Biological Sciences,SG,2018,1
Agricultural and Biological Sciences,SG,2019,1
Agricultural and Biological Sciences,SG,2020,1
Agricultural and Biological Sciences,SG,2021,1
Agricultural and Biological Sciences,SG,2022,2
Agricultural and Biological Sciences,SG,2023,2
Agricultural and Biological Sciences,SG,2024,2
Agricultural and Biological Sciences,SK,2020,1
Agricultural and Biological Sciences,SK,2021,1
Agricultural and Biological Sciences,SK,2022,1
Agricultural and Biological Sciences,SK,2023,1
Agricultural and Biological Sciences,SK,2024,2
Agricultural and Biological Sciences,SL,2015,1
Agricultural and Biological Sciences,SL,2016,1
Agricultural and Biological Sciences,SL,2017,1
Agricultural and Biological Sciences,SL,2018,1
Agricultural and Biological Sciences,SL,2023,1
Agricultural and Biological Sciences,SL,2024,1
Agricultural and Biological Sciences,TH,2015,1
Agricultural and Biological Sciences,TH,2016,1
Agricultural and Biological Sciences,TH,2017,1
Agricultural and Biological Sciences,TH,2018,1
Agricultural and Biological Sciences,TH,2019,1
Agricultural and Biological Sciences,TH,2020,1
Agricultural and Biological Sciences,TH,2021,1
Agricultural and Biological Sciences,TH,2022,1
Agricultural and Biological Sciences,TH,2023,1
Agricultural and Biological Sciences,TH,2024,2
Agricultural and Biological Sciences,TN,2021,1
Agricultural and Biological Sciences,TN,2022,1
Agricultural and Biological Sciences,TN,2023,1
Agricultural and Biological Sciences,TN,2024,1
Agricultural and Biological Sciences,TR,2015,2
Agricultural and Biological Sciences,TR,2016,2
Agricultural and Biological Sciences,TR,2017,2
Agricultural and Biological Sciences,TR,2018,2
Agricultural and Biological Sciences,TR,2019,2
Agricultural and Biological Sciences,TR,2020,2
Agricultural and Biological Sciences,TR,2021,2
Agricultural and Biological Sciences,TR,2022,2
Agricultural and Biological Sciences,TR,2023,2
Agricultural and Biological Sciences,TR,2024,3
Agricultural and Biological Sciences,TW,2015,4
Agricultural and Biological Sciences,TW,2016,4
Agricultural and Biological Sciences,TW,2017,4
Agricultural and Biological Sciences,TW,2018,3
Agricultural and Biological Sciences,TW,2019,2
Agricultural and Biological Sciences,TW,2020,2
Agricultural and Biological Sciences,TW,2021,3
Agricultural and Biological Sciences,TW,2022,3
Agricultural and Biological Sciences,TW,2023,3
Agricultural and Biological Sciences,TW,2024,4
Agricultural and Biological Sciences,TZ,2018,1
Agricultural and Biological Sciences,TZ,2019,1
Agricultural and Biological Sciences,TZ,2020,1
Agricultural and Biological Sciences,TZ,2021,1
Agricultural and Biological Sciences,TZ,2022,1
Agricultural and Biological Sciences,TZ,2023,1
Agricultural and Biological Sciences,TZ,2024,1
Agricultural and Biological Sciences,US,2015,532
Agricultural and Biological Sciences,US,2016,521
Agricultural and Biological Sciences,US,2017,508
Agricultural and Biological Sciences,US,2018,495
Agricultural and Biological Sciences,US,2019,492
Agricultural and Biological Sciences,US,2020,473
Agricultural and Biological Sciences,US,2021,453
Agricultural and Biological Sciences,US,2022,441
Agricultural and Biological Sciences,US,2023,421
Agricultural and Biological Sciences,US,2024,406
Agricultural and Biological Sciences,UY,2023,1
Agricultural and Biological Sciences,UY,2024,1
Agricultural and Biological Sciences,VE,2023,1
Agricultural and Biological Sciences,VE,2024,1
Agricultural and Biological Sciences,VN,2015,4
Agricultural and Biological Sciences,VN,2016,4
Agricultural and Biological Sciences,VN,2017,3
Agricultural and Biological Sciences,VN,2018,3
Agricultural and Biological Sciences,VN,2019,3
Agricultural and Biological Sciences,VN,2020,3
Agricultural and Biological Sciences,VN,2021,2
Agricultural and Biological Sciences,VN,2022,2
Agricultural and Biological Sciences,VN,2023,2
Agricultural and Biological Sciences,VN,2024,2
Agricultural and Biological Sciences,ZA,2015,8
Agricultural and Biological Sciences,ZA,2016,8
Agricultural and Biological Sciences,ZA,2017,9
Agricultural and Biological Sciences,ZA,2018,9
Agricultural and Biological Sciences,ZA,2019,10
Agricultural and Biological Sciences,ZA,2020,11
Agricultural and Biological Sciences,ZA,2021,11
Agricultural and Biological Sciences,ZA,2022,11
Agricultural and Biological Sciences,ZA,2023,12
Agricultural and Biological Sciences,ZA,2024,13
Agricultural and Biological Sciences,ZW,2015,1
Agricultural and Biological Sciences,ZW,2016,1
Agricultural and Biological Sciences,ZW,2017,1
Agricultural and Biological Sciences,ZW,2018,1
Agricultural and Biological Sciences,ZW,2019,1
Agricultural and Biological Sciences,ZW,2020,1
Arts and Humanities,AE,2015,1
Arts and Humanities,AE,2016,1
Arts and Humanities,AE,2017,1
Arts and Humanities,AE,2018,1
Arts and Humanities,AE,2019,1
Arts and Humanities,AE,2020,1
Arts and Humanities,AE,2021,1
Arts and Humanities,AE,2022,1
Arts and Humanities,AE,2023,1
Arts and Humanities,AE,2024,1
Arts and Humanities,AT,2015,4
Arts and Humanities,AT,2016,4
Arts and Humanities,AT,2017,7
Arts and Humanities,AT,2018,7
Arts and Humanities,AT,2019,7
Arts and Humanities,AT,2020,6
Arts and Humanities,AT,2021,7
Arts and Humanities,AT,2022,7
Arts and Humanities,AT,2023,7
Arts and Humanities,AT,2024,9
Arts and Humanities,AU,2015,50
Arts and Humanities,AU,2016,52
Arts and Humanities,AU,2017,51
Arts and Humanities,AU,2018,52
Arts and Humanities,AU,2019,54
Arts and Humanities,AU,2020,57
Arts and Humanities,AU,2021,62
Arts and Humanities,AU,2022,63
Arts and Humanities,AU,2023,66
Arts and Humanities,AU,2024,66
Arts and Humanities,BE,2015,11
Arts and Humanities,BE,2016,10
Arts and Humanities,BE,2017,10
Arts and Humanities,BE,2018,10
Arts and Humanities,BE,2019,11
Arts and Humanities,BE,2020,12
Arts and Humanities,BE,2021,12
Arts and Humanities,BE,2022,12
Arts and Humanities,BE,2023,12
Arts and Humanities,BE,2024,13
Arts and Humanities,BG,2015,1
Arts and Humanities,BG,2016,1
Arts and Humanities,BG,2017,1
Arts and Humanities,BG,2018,1
Arts and Humanities,BG,2019,1
Arts and Humanities,BG,2020,1
Arts and Humanities,BG,2021,1
Arts and Humanities,BG,2022,1
Arts and Humanities,BG,2023,1
Arts and Humanities,BG,2024,1
Arts and Humanities,BR,2015,1
Arts and Humanities,BR,2016,1
Arts and Humanities,BR,2017,2
Arts and Humanities,BR,2018,2
Arts and Humanities,BR,2019,1
Arts and Humanities,BR,2020,2
Arts and Humanities,BR,2021,2
Arts and Humanities,BR,2022,3
Arts and Humanities,BR,2023,4
Arts and Humanities,BR,2024,4
Arts and Humanities,BW,2015,1
Arts and Humanities,BW,2016,1
Arts and Humanities,BW,2017,1
Arts and Humanities,BW,2018,1
Arts and Humanities,BW,2019,1
Arts and Humanities,BW,2020,1
Arts and Humanities,CA,2015,62
Arts and Humanities,CA,2016,61
Arts and Humanities,CA,2017,60
Arts and Humanities,CA,2018,60
Arts and Humanities,CA,2019,61
Arts and Humanities,CA,2020,62
Arts and Humanities,CA,2021,59
Arts and Humanities,CA,2022,61
Arts and Humanities,CA,2023,63
Arts and Humanities,CA,2024,61
Arts and Humanities,CH,2015,9
Arts and Humanities,CH,2016,10
Arts and Humanities,CH,2017,11
Arts and Humanities,CH,2018,11
Arts and Humanities,CH,2019,12
Arts and Humanities,CH,2020,12
Arts and Humanities,CH,2021,12
Arts and Humanities,CH,2022,12
Arts and Humanities,CH,2023,13
Arts and Humanities,CH,2024,13
Arts and Humanities,CL,2024,1
Arts and Humanities,CN,2015,4
Arts and Humanities,CN,2016,4
Arts and Humanities,CN,2017,4
Arts and Humanities,CN,2018,4
Arts and Humanities,CN,2019,4
Arts and Humanities,CN,2020,4
Arts and Humanities,CN,2021,4
Arts and Humanities,CN,2022,5
Arts and Humanities,CN,2023,7
Arts and Humanities,CN,2024,7
Arts and Humanities,CNX,2015,12
Arts and Humanities,CNX,2016,14
Arts and Humanities,CNX,2017,14
Arts and Humanities,CNX,2018,13
Arts and Humanities,CNX,2019,15
Arts and Humanities,CNX,2020,15
Arts and Humanities,CNX,2021,17
Arts and Humanities,CNX,2022,20
Arts and Humanities,CNX,2023,21
Arts and Humanities,CNX,2024,20
Arts and Humanities,CR,2015,1
Arts and Humanities,CR,2016,1
Arts and Humanities,CR,2017,1
Arts and Humanities,CR,2018,1
Arts and Humanities,CR,2019,1
Arts and Humanities,CR,2020,1
Arts and Humanities,CR,2021,1
Arts and Humanities,CR,2022,1
Arts and Humanities,CR,2023,1
Arts and Humanities,CR,2024,1
Arts and Humanities,CZ,2015,1
Arts and Humanities,CZ,2016,1
Arts and Humanities,CZ,2017,1
Arts and Humanities,CZ,2018,1
Arts and Humanities,CZ,2019,1
Arts and Humanities,CZ,2020,1
Arts and Humanities,CZ,2021,1
Arts and Humanities,CZ,2022,1
Arts and Humanities,CZ,2023,2
Arts and Humanities,CZ,2024,2
Arts and Humanities,DE,2015,55
Arts and Humanities,DE,2016,57
Arts and Humanities,DE,2017,57
Arts and Humanities,DE,2018,55
Arts and Humanities,DE,2019,54
Arts and Humanities,DE,2020,54
Arts and Humanities,DE,2021,53
Arts and Humanities,DE,2022,54
Arts and Humanities,DE,2023,53
Arts and Humanities,DE,2024,54
Arts and Humanities,DK,2015,7
Arts and Humanities,DK,2016,8
Arts and Humanities,DK,2017,8
Arts and Humanities,DK,2018,10
Arts and Humanities,DK,2019,9
Arts and Humanities,DK,2020,10
Arts and Humanities,DK,2021,9
Arts and Humanities,DK,2022,9
Arts and Humanities,DK,2023,8
Arts and Humanities,DK,2024,8
Arts and Humanities,ES,2015,13
Arts and Humanities,ES,2016,15
Arts and Humanities,ES,2017,17
Arts and Humanities,ES,2018,19
Arts and Humanities,ES,2019,19
Arts and Humanities,ES,2020,19
Arts and Humanities,ES,2021,21
Arts and Humanities,ES,2022,24
Arts and Humanities,ES,2023,25
Arts and Humanities,ES,2024,28
Arts and Humanities,ET,2023,1
Arts and Humanities,ET,2024,1
Arts and Humanities,FI,2015,5
Arts and Humanities,FI,2016,5
Arts and Humanities,FI,2017,6
Arts and Humanities,FI,2018,6
Arts and Humanities,FI,2019,6
Arts and Humanities,FI,2020,7
Arts and Humanities,FI,2021,8
Arts and Humanities,FI,2022,9
Arts and Humanities,FI,2023,9
Arts and Humanities,FI,2024,9
Arts and Humanities,FR,2015,15
Arts and Humanities,FR,2016,16
Arts and Humanities,FR,2017,16
Arts and Humanities,FR,2018,16
Arts and Humanities,FR,2019,16
Arts and Humanities,FR,2020,16
Arts and Humanities,FR,2021,14
Arts and Humanities,FR,2022,15
Arts and Humanities,FR,2023,17
Arts and Humanities,FR,2024,18
Arts and Humanities,GB,2015,230
Arts and Humanities,GB,2016,236
Arts and Humanities,GB,2017,241
Arts and Humanities,GB,2018,244
Arts and Humanities,GB,2019,246
Arts and Humanities,GB,2020,245
Arts and Humanities,GB,2021,246
Arts and Humanities,GB,2022,246
Arts and Humanities,GB,2023,240
Arts and Humanities,GB,2024,241
Arts and Humanities,GH,2015,2
Arts and Humanities,GH,2016,1
Arts and Humanities,GR,2015,1
Arts and Humanities,GR,2016,1
Arts and Humanities,GR,2017,2
Arts and Humanities,GR,2018,2
Arts and Humanities,GR,2019,2
Arts and Humanities,GR,2020,2
Arts and Humanities,GR,2021,2
Arts and Humanities,GR,2022,2
Arts and Humanities,GR,2023,2
Arts and Humanities,GR,2024,2
Arts and Humanities,HK,2015,8
Arts and Humanities,HK,2016,10
Arts and Humanities,HK,2017,10
Arts and Humanities,HK,2018,9
Arts and Humanities,HK,2019,10
Arts and Humanities,HK,2020,10
Arts and Humanities,HK,2021,11
Arts and Humanities,HK,2022,13
Arts and Humanities,HK,2023,14
Arts and Humanities,HK,2024,14
Arts and Humanities,HU,2015,2
Arts and Humanities,HU,2016,2
Arts and Humanities,HU,2017,2
Arts and Humanities,HU,2018,2
Arts and Humanities,HU,2019,2
Arts and Humanities,HU,2020,4
Arts and Humanities,HU,2021,4
Arts and Humanities,HU,2022,6
Arts and Humanities,HU,2023,6
Arts and Humanities,HU,2024,6
Arts and Humanities,IE,2015,3
Arts and Humanities,IE,2016,3
Arts and Humanities,IE,2017,3
Arts and Humanities,IE,2018,4
Arts and Humanities,IE,2019,4
Arts and Humanities,IE,2020,4
Arts and Humanities,IE,2021,4
Arts and Humanities,IE,2022,4
Arts and Humanities,IE,2023,5
Arts and Humanities,IE,2024,4
Arts and Humanities,IL,2015,9
Arts and Humanities,IL,2016,10
Arts and Humanities,IL,2017,11
Arts and Humanities,IL,2018,11
Arts and Humanities,IL,2019,11
Arts and Humanities,IL,2020,12
Arts and Humanities,IL,2021,11
Arts and Humanities,IL,2022,11
Arts and Humanities,IL,2023,11
Arts and Humanities,IL,2024,10
Arts and Humanities,IN,2015,5
Arts and Humanities,IN,2016,5
Arts and Humanities,IN,2017,5
Arts and Humanities,IN,2018,5
Arts and Humanities,IN,2019,5
Arts and Humanities,IN,2020,4
Arts and Humanities,IN,2021,4
Arts and Humanities,IN,2022,4
Arts and Humanities,IN,2023,4
Arts and Humanities,IN,2024,6
Arts and Humanities,IR,2024,1
Arts and Humanities,IT,2015,14
Arts and Humanities,IT,2016,14
Arts and Humanities,IT,2017,16
Arts and Humanities,IT,2018,16
Arts and Humanities,IT,2019,17
Arts and Humanities,IT,2020,20
Arts and Humanities,IT,2021,20
Arts and Humanities,IT,2022,21
Arts and Humanities,IT,2023,22
Arts and Humanities,IT,2024,24
Arts and Humanities,JP,2015,3
Arts and Humanities,JP,2016,3
Arts and Humanities,JP,2017,3
Arts and Humanities,JP,2018,4
Arts and Humanities,JP,2019,5
Arts and Humanities,JP,2020,4
Arts and Humanities,JP,2021,5
Arts and Humanities,JP,2022,5
Arts and Humanities,JP,2023,4
Arts and Humanities,JP,2024,5
Arts and Humanities,KR,2015,1
Arts and Humanities,KR,2016,2
Arts and Humanities,KR,2017,2
Arts and Humanities,KR,2018,2
Arts and Humanities,KR,2019,2
Arts and Humanities,KR,2020,2
Arts and Humanities,KR,2021,1
Arts and Humanities,KR,2022,1
Arts and Humanities,KR,2023,2
Arts and Humanities,KR,2024,3
Arts and Humanities,LK,2022,1
Arts and Humanities,LK,2023,1
Arts and Humanities,LK,2024,1
Arts and Humanities,LU,2015,1
Arts and Humanities,LU,2016,1
Arts and Humanities,LU,2017,1
Arts and Humanities,LU,2018,2
Arts and Humanities,LU,2019,2
Arts and Humanities,LU,2020,2
Arts and Humanities,LU,2021,2
Arts and Humanities,LU,2022,2
Arts and Humanities,LU,2023,2
Arts and Humanities,LU,2024,2
Arts and Humanities,MT,2016,1
Arts and Humanities,MT,2017,1
Arts and Humanities,MT,2018,1
Arts and Humanities,MT,2019,1
Arts and Humanities,MT,2020,1
Arts and Humanities,MT,2021,1
Arts and Humanities,MT,2022,1
Arts and Humanities,MT,2023,1
Arts and Humanities,MT,2024,1
Arts and Humanities,MX,2015,9
Arts and Humanities,MX,2016,10
Arts and Humanities,MX,2017,9
Arts and Humanities,MX,2018,9
Arts and Humanities,MX,2019,9
Arts and Humanities,MX,2020,9
Arts and Humanities,MX,2021,8
Arts and Humanities,MX,2022,7
Arts and Humanities,MX,2023,6
Arts and Humanities,MX,2024,7
Arts and Humanities,MY,2015,1
Arts and Humanities,NL,2015,25
Arts and Humanities,NL,2016,27
Arts and Humanities,NL,2017,25
Arts and Humanities,NL,2018,25
Arts and Humanities,NL,2019,26
Arts and Humanities,NL,2020,27
Arts and Humanities,NL,2021,26
Arts and Humanities,NL,2022,28
Arts and Humanities,NL,2023,28
Arts and Humanities,NL,2024,28
Arts and Humanities,NO,2015,3
Arts and Humanities,NO,2016,3
Arts and Humanities,NO,2017,3
Arts and Humanities,NO,2018,3
Arts and Humanities,NO,2019,4
Arts and Humanities,NO,2020,4
Arts and Humanities,NO,2021,4
Arts and Humanities,NO,2022,4
Arts and Humanities,NO,2023,6
Arts and Humanities,NO,2024,6
Arts and Humanities,NZ,2015,10
Arts and Humanities,NZ,2016,11
Arts and Humanities,NZ,2017,11
Arts and Humanities,NZ,2018,12
Arts and Humanities,NZ,2019,12
Arts and Humanities,NZ,2020,13
Arts and Humanities,NZ,2021,13
Arts and Humanities,NZ,2022,14
Arts and Humanities,NZ,2023,16
Arts and Humanities,NZ,2024,17
Arts and Humanities,PL,2015,1
Arts and Humanities,PL,2016,1
Arts and Humanities,PL,2017,1
Arts and Humanities,PL,2018,1
Arts and Humanities,PL,2019,1
Arts and Humanities,PL,2020,1
Arts and Humanities,PL,2021,1
Arts and Humanities,PL,2022,1
Arts and Humanities,PL,2023,1
Arts and Humanities,PL,2024,1
Arts and Humanities,PT,2015,2
Arts and Humanities,PT,2016,2
Arts and Humanities,PT,2017,4
Arts and Humanities,PT,2018,4
Arts and Humanities,PT,2019,3
Arts and Humanities,PT,2020,3
Arts and Humanities,PT,2021,3
Arts and Humanities,PT,2022,4
Arts and Humanities,PT,2023,5
Arts and Humanities,PT,2024,7
Arts and Humanities,RU,2015,1
Arts and Humanities,RU,2016,1
Arts and Humanities,RU,2017,1
Arts and Humanities,RU,2018,1
Arts and Humanities,RU,2019,1
Arts and Humanities,RU,2020,2
Arts and Humanities,RU,2021,2
Arts and Humanities,RU,2022,2
Arts and Humanities,RU,2023,2
Arts and Humanities,RU,2024,3
Arts and Humanities,SE,2015,10
Arts and Humanities,SE,2016,10
Arts and Humanities,SE,2017,10
Arts and Humanities,SE,2018,11
Arts and Humanities,SE,2019,10
Arts and Humanities,SE,2020,10
Arts and Humanities,SE,2021,11
Arts and Humanities,SE,2022,11
Arts and Humanities,SE,2023,11
Arts and Humanities,SE,2024,11
Arts and Humanities,SG,2015,2
Arts and Humanities,SG,2016,3
Arts and Humanities,SG,2017,2
Arts and Humanities,SG,2018,2
Arts and Humanities,SG,2019,2
Arts and Humanities,SG,2020,2
Arts and Humanities,SG,2021,3
Arts and Humanities,SG,2022,4
Arts and Humanities,SG,2023,4
Arts and Humanities,SG,2024,5
Arts and Humanities,SI,2018,1
Arts and Humanities,SI,2019,2
Arts and Humanities,SI,2020,1
Arts and Humanities,SI,2021,2
Arts and Humanities,SI,2022,2
Arts and Humanities,SI,2023,2
Arts and Humanities,SI,2024,2
Arts and Humanities,SS,2015,1
Arts and Humanities,SS,2016,1
Arts and Humanities,SS,2017,1
Arts and Humanities,SS,2018,1
Arts and Humanities,SS,2019,1
Arts and Humanities,SS,2020,1
Arts and Humanities,SS,2021,1
Arts and Humanities,SS,2022,1
Arts and Humanities,SS,2023,1
Arts and Humanities,SS,2024,1
Arts and Humanities,TH,2024,1
Arts and Humanities,TR,2015,1
Arts and Humanities,TR,2016,1
Arts and Humanities,TR,2017,1
Arts and Humanities,TR,2018,1
Arts and Humanities,TR,2019,1
Arts and Humanities,TR,2020,1
Arts and Humanities,TR,2021,1
Arts and Humanities,TR,2022,1
Arts and Humanities,TR,2023,1
Arts and Humanities,TR,2024,1
Arts and Humanities,TW,2019,1
Arts and Humanities,TW,2020,1
Arts and Humanities,TW,2021,2
Arts and Humanities,TW,2022,2
Arts and Humanities,TW,2023,2
Arts and Humanities,TW,2024,1
Arts and Humanities,TZ,2015,1
Arts and Humanities,TZ,2016,1
Arts and Humanities,TZ,2017,1
Arts and Humanities,US,2015,661
Arts and Humanities,US,2016,653
Arts and Humanities,US,2017,641
Arts and Humanities,US,2018,642
Arts and Humanities,US,2019,633
Arts and Humanities,US,2020,623
Arts and Humanities,US,2021,615
Arts and Humanities,US,2022,598
Arts and Humanities,US,2023,592
Arts and Humanities,US,2024,582
Arts and Humanities,ZA,2015,3
Arts and Humanities,ZA,2016,4
Arts and Humanities,ZA,2017,3
Arts and Humanities,ZA,2018,3
Arts and Humanities,ZA,2019,3
Arts and Humanities,ZA,2020,3
Arts and Humanities,ZA,2021,2
Arts and Humanities,ZA,2022,2
Arts and Humanities,ZA,2023,2
Arts and Humanities,ZA,2024,2
"Biochemistry, Genetics and Molecular Biology",AE,2015,1
"Biochemistry, Genetics and Molecular Biology",AE,2016,1
"Biochemistry, Genetics and Molecular Biology",AE,2017,1
"Biochemistry, Genetics and Molecular Biology",AE,2018,1
"Biochemistry, Genetics and Molecular Biology",AE,2019,1
"Biochemistry, Genetics and Molecular Biology",AE,2020,1
"Biochemistry, Genetics and Molecular Biology",AE,2021,1
"Biochemistry, Genetics and Molecular Biology",AE,2022,1
"Biochemistry, Genetics and Molecular Biology",AE,2023,1
"Biochemistry, Genetics and Molecular Biology",AE,2024,1
"Biochemistry, Genetics and Molecular Biology",AR,2019,1
"Biochemistry, Genetics and Molecular Biology",AR,2020,1
"Biochemistry, Genetics and Molecular Biology",AR,2021,1
"Biochemistry, Genetics and Molecular Biology",AR,2022,1
"Biochemistry, Genetics and Molecular Biology",AR,2023,1
"Biochemistry, Genetics and Molecular Biology",AR,2024,1
"Biochemistry, Genetics and Molecular Biology",AT,2015,6
"Biochemistry, Genetics and Molecular Biology",AT,2016,5
"Biochemistry, Genetics and Molecular Biology",AT,2017,5
"Biochemistry, Genetics and Molecular Biology",AT,2018,6
"Biochemistry, Genetics and Molecular Biology",AT,2019,6
"Biochemistry, Genetics and Molecular Biology",AT,2020,6
"Biochemistry, Genetics and Molecular Biology",AT,2021,7
"Biochemistry, Genetics and Molecular Biology",AT,2022,7
"Biochemistry, Genetics and Molecular Biology",AT,2023,8
"Biochemistry, Genetics and Molecular Biology",AT,2024,8
"Biochemistry, Genetics and Molecular Biology",AU,2015,17
"Biochemistry, Genetics and Molecular Biology",AU,2016,18
"Biochemistry, Genetics and Molecular Biology",AU,2017,19
"Biochemistry, Genetics and Molecular Biology",AU,2018,23
"Biochemistry, Genetics and Molecular Biology",AU,2019,25
"Biochemistry, Genetics and Molecular Biology",AU,2020,26
"Biochemistry, Genetics and Molecular Biology",AU,2021,27
"Biochemistry, Genetics and Molecular Biology",AU,2022,27
"Biochemistry, Genetics and Molecular Biology",AU,2023,31
"Biochemistry, Genetics and Molecular Biology",AU,2024,34
"Biochemistry, Genetics and Molecular Biology",BE,2015,12
"Biochemistry, Genetics and Molecular Biology",BE,2016,12
"Biochemistry, Genetics and Molecular Biology",BE,2017,13
"Biochemistry, Genetics and Molecular Biology",BE,2018,12
"Biochemistry, Genetics and Molecular Biology",BE,2019,15
"Biochemistry, Genetics and Molecular Biology",BE,2020,17
"Biochemistry, Genetics and Molecular Biology",BE,2021,17
"Biochemistry, Genetics and Molecular Biology",BE,2022,17
"Biochemistry, Genetics and Molecular Biology",BE,2023,16
"Biochemistry, Genetics and Molecular Biology",BE,2024,15
"Biochemistry, Genetics and Molecular Biology",BR,2020,1
"Biochemistry, Genetics and Molecular Biology",BR,2021,1
"Biochemistry, Genetics and Molecular Biology",BR,2022,1
"Biochemistry, Genetics and Molecular Biology",CA,2015,28
"Biochemistry, Genetics and Molecular Biology",CA,2016,30
"Biochemistry, Genetics and Molecular Biology",CA,2017,30
"Biochemistry, Genetics and Molecular Biology",CA,2018,31
"Biochemistry, Genetics and Molecular Biology",CA,2019,28
"Biochemistry, Genetics and Molecular Biology",CA,2020,28
"Biochemistry, Genetics and Molecular Biology",CA,2021,29
"Biochemistry, Genetics and Molecular Biology",CA,2022,29
"Biochemistry, Genetics and Molecular Biology",CA,2023,32
"Biochemistry, Genetics and Molecular Biology",CA,2024,31
"Biochemistry, Genetics and Molecular Biology",CH,2015,30
"Biochemistry, Genetics and Molecular Biology",CH,2016,31
"Biochemistry, Genetics and Molecular Biology",CH,2017,29
"Biochemistry, Genetics and Molecular Biology",CH,2018,29
"Biochemistry, Genetics and Molecular Biology",CH,2019,31
"Biochemistry, Genetics and Molecular Biology",CH,2020,32
"Biochemistry, Genetics and Molecular Biology",CH,2021,32
"Biochemistry, Genetics and Molecular Biology",CH,2022,33
"Biochemistry, Genetics and Molecular Biology",CH,2023,32
"Biochemistry, Genetics and Molecular Biology",CH,2024,33
"Biochemistry, Genetics and Molecular Biology",CN,2015,8
"Biochemistry, Genetics and Molecular Biology",CN,2016,11
"Biochemistry, Genetics and Molecular Biology",CN,2017,15
"Biochemistry, Genetics and Molecular Biology",CN,2018,15
"Biochemistry, Genetics and Molecular Biology",CN,2019,19
"Biochemistry, Genetics and Molecular Biology",CN,2020,21
"Biochemistry, Genetics and Molecular Biology",CN,2021,25
"Biochemistry, Genetics and Molecular Biology",CN,2022,26
"Biochemistry, Genetics and Molecular Biology",CN,2023,30
"Biochemistry, Genetics and Molecular Biology",CN,2024,35
"Biochemistry, Genetics and Molecular Biology",CNX,2015,12
"Biochemistry, Genetics and Molecular Biology",CNX,2016,15
"Biochemistry, Genetics and Molecular Biology",CNX,2017,20
"Biochemistry, Genetics and Molecular Biology",CNX,2018,20
"Biochemistry, Genetics and Molecular Biology",CNX,2019,25
"Biochemistry, Genetics and Molecular Biology",CNX,2020,27
"Biochemistry, Genetics and Molecular Biology",CNX,2021,32
"Biochemistry, Genetics and Molecular Biology",CNX,2022,33
"Biochemistry, Genetics and Molecular Biology",CNX,2023,36
"Biochemistry, Genetics and Molecular Biology",CNX,2024,40
"Biochemistry, Genetics and Molecular Biology",CO,2021,1
"Biochemistry, Genetics and Molecular Biology",CO,2022,1
"Biochemistry, Genetics and Molecular Biology",CO,2023,1
"Biochemistry, Genetics and Molecular Biology",CO,2024,1
"Biochemistry, Genetics and Molecular Biology",CZ,2015,2
"Biochemistry, Genetics and Molecular Biology",CZ,2016,2
"Biochemistry, Genetics and Molecular Biology",CZ,2017,2
"Biochemistry, Genetics and Molecular Biology",CZ,2018,2
"Biochemistry, Genetics and Molecular Biology",CZ,2019,2
"Biochemistry, Genetics and Molecular Biology",CZ,2020,2
"Biochemistry, Genetics and Molecular Biology",CZ,2021,3
"Biochemistry, Genetics and Molecular Biology",CZ,2022,5
"Biochemistry, Genetics and Molecular Biology",CZ,2023,5
"Biochemistry, Genetics and Molecular Biology",CZ,2024,5
"Biochemistry, Genetics and Molecular Biology",DE,2015,76
"Biochemistry, Genetics and Molecular Biology",DE,2016,74
"Biochemistry, Genetics and Molecular Biology",DE,2017,73
"Biochemistry, Genetics and Molecular Biology",DE,2018,73
"Biochemistry, Genetics and Molecular Biology",DE,2019,76
"Biochemistry, Genetics and Molecular Biology",DE,2020,73
"Biochemistry, Genetics and Molecular Biology",DE,2021,75
"Biochemistry, Genetics and Molecular Biology",DE,2022,77
"Biochemistry, Genetics and Molecular Biology",DE,2023,76
"Biochemistry, Genetics and Molecular Biology",DE,2024,79
"Biochemistry, Genetics and Molecular Biology",DK,2015,6
"Biochemistry, Genetics and Molecular Biology",DK,2016,8
"Biochemistry, Genetics and Molecular Biology",DK,2017,11
"Biochemistry, Genetics and Molecular Biology",DK,2018,13
"Biochemistry, Genetics and Molecular Biology",DK,2019,14
"Biochemistry, Genetics and Molecular Biology",DK,2020,16
"Biochemistry, Genetics and Molecular Biology",DK,2021,17
"Biochemistry, Genetics and Molecular Biology",DK,2022,18
"Biochemistry, Genetics and Molecular Biology",DK,2023,20
"Biochemistry, Genetics and Molecular Biology",DK,2024,21
"Biochemistry, Genetics and Molecular Biology",ES,2015,7
"Biochemistry, Genetics and Molecular Biology",ES,2016,8
"Biochemistry, Genetics and Molecular Biology",ES,2017,8
"Biochemistry, Genetics and Molecular Biology",ES,2018,8
"Biochemistry, Genetics and Molecular Biology",ES,2019,8
"Biochemistry, Genetics and Molecular Biology",ES,2020,9
"Biochemistry, Genetics and Molecular Biology",ES,2021,9
"Biochemistry, Genetics and Molecular Biology",ES,2022,10
"Biochemistry, Genetics and Molecular Biology",ES,2023,10
"Biochemistry, Genetics and Molecular Biology",ES,2024,11
"Biochemistry, Genetics and Molecular Biology",FI,2015,7
"Biochemistry, Genetics and Molecular Biology",FI,2016,8
"Biochemistry, Genetics and Molecular Biology",FI,2017,8
"Biochemistry, Genetics and Molecular Biology",FI,2018,8
"Biochemistry, Genetics and Molecular Biology",FI,2019,10
"Biochemistry, Genetics and Molecular Biology",FI,2020,10
"Biochemistry, Genetics and Molecular Biology",FI,2021,10
"Biochemistry, Genetics and Molecular Biology",FI,2022,10
"Biochemistry, Genetics and Molecular Biology",FI,2023,10
"Biochemistry, Genetics and Molecular Biology",FI,2024,10
"Biochemistry, Genetics and Molecular Biology",FR,2015,31
"Biochemistry, Genetics and Molecular Biology",FR,2016,32
"Biochemistry, Genetics and Molecular Biology",FR,2017,32
"Biochemistry, Genetics and Molecular Biology",FR,2018,34
"Biochemistry, Genetics and Molecular Biology",FR,2019,29
"Biochemistry, Genetics and Molecular Biology",FR,2020,26
"Biochemistry, Genetics and Molecular Biology",FR,2021,28
"Biochemistry, Genetics and Molecular Biology",FR,2022,29
"Biochemistry, Genetics and Molecular Biology",FR,2023,28
"Biochemistry, Genetics and Molecular Biology",FR,2024,28
"Biochemistry, Genetics and Molecular Biology",GB,2015,118
"Biochemistry, Genetics and Molecular Biology",GB,2016,119
"Biochemistry, Genetics and Molecular Biology",GB,2017,120
"Biochemistry, Genetics and Molecular Biology",GB,2018,121
"Biochemistry, Genetics and Molecular Biology",GB,2019,120
"Biochemistry, Genetics and Molecular Biology",GB,2020,119
"Biochemistry, Genetics and Molecular Biology",GB,2021,120
"Biochemistry, Genetics and Molecular Biology",GB,2022,117
"Biochemistry, Genetics and Molecular Biology",GB,2023,119
"Biochemistry, Genetics and Molecular Biology",GB,2024,119
"Biochemistry, Genetics and Molecular Biology",GR,2019,1
"Biochemistry, Genetics and Molecular Biology",GR,2023,1
"Biochemistry, Genetics and Molecular Biology",GR,2024,1
"Biochemistry, Genetics and Molecular Biology",HK,2015,1
"Biochemistry, Genetics and Molecular Biology",HK,2016,1
"Biochemistry, Genetics and Molecular Biology",HK,2017,1
"Biochemistry, Genetics and Molecular Biology",HK,2018,1
"Biochemistry, Genetics and Molecular Biology",HK,2019,1
"Biochemistry, Genetics and Molecular Biology",HK,2020,1
"Biochemistry, Genetics and Molecular Biology",HK,2021,1
"Biochemistry, Genetics and Molecular Biology",HK,2022,1
"Biochemistry, Genetics and Molecular Biology",HK,2023,1
"Biochemistry, Genetics and Molecular Biology",HK,2024,2
"Biochemistry, Genetics and Molecular Biology",HR,2022,1
"Biochemistry, Genetics and Molecular Biology",HR,2023,1
"Biochemistry, Genetics and Molecular Biology",HR,2024,1
"Biochemistry, Genetics and Molecular Biology",HU,2015,2
"Biochemistry, Genetics and Molecular Biology",HU,2016,2
"Biochemistry, Genetics and Molecular Biology",HU,2017,2
"Biochemistry, Genetics and Molecular Biology",HU,2018,1
"Biochemistry, Genetics and Molecular Biology",HU,2019,1
"Biochemistry, Genetics and Molecular Biology",HU,2020,1
"Biochemistry, Genetics and Molecular Biology",HU,2021,1
"Biochemistry, Genetics and Molecular Biology",HU,2022,1
"Biochemistry, Genetics and Molecular Biology",HU,2023,1
"Biochemistry, Genetics and Molecular Biology",HU,2024,1
"Biochemistry, Genetics and Molecular Biology",IE,2015,4
"Biochemistry, Genetics and Molecular Biology",IE,2016,4
"Biochemistry, Genetics and Molecular Biology",IE,2017,3
"Biochemistry, Genetics and Molecular Biology",IE,2018,4
"Biochemistry, Genetics and Molecular Biology",IE,2019,4
"Biochemistry, Genetics and Molecular Biology",IE,2020,5
"Biochemistry, Genetics and Molecular Biology",IE,2021,6
"Biochemistry, Genetics and Molecular Biology",IE,2022,6
"Biochemistry, Genetics and Molecular Biology",IE,2023,6
"Biochemistry, Genetics and Molecular Biology",IE,2024,5
"Biochemistry, Genetics and Molecular Biology",IL,2015,13
"Biochemistry, Genetics and Molecular Biology",IL,2016,13
"Biochemistry, Genetics and Molecular Biology",IL,2017,14
"Biochemistry, Genetics and Molecular Biology",IL,2018,13
"Biochemistry, Genetics and Molecular Biology",IL,2019,13
"Biochemistry, Genetics and Molecular Biology",IL,2020,13
"Biochemistry, Genetics and Molecular Biology",IL,2021,13
"Biochemistry, Genetics and Molecular Biology",IL,2022,11
"Biochemistry, Genetics and Molecular Biology",IL,2023,9
"Biochemistry, Genetics and Molecular Biology",IL,2024,8
"Biochemistry, Genetics and Molecular Biology",IN,2019,1
"Biochemistry, Genetics and Molecular Biology",IN,2020,1
"Biochemistry, Genetics and Molecular Biology",IN,2021,1
"Biochemistry, Genetics and Molecular Biology",IN,2022,1
"Biochemistry, Genetics and Molecular Biology",IN,2023,1
"Biochemistry, Genetics and Molecular Biology",IN,2024,1
"Biochemistry, Genetics and Molecular Biology",IR,2022,1
"Biochemistry, Genetics and Molecular Biology",IR,2023,1
"Biochemistry, Genetics and Molecular Biology",IR,2024,1
"Biochemistry, Genetics and Molecular Biology",IT,2015,18
"Biochemistry, Genetics and Molecular Biology",IT,2016,19
"Biochemistry, Genetics and Molecular Biology",IT,2017,19
"Biochemistry, Genetics and Molecular Biology",IT,2018,19
"Biochemistry, Genetics and Molecular Biology",IT,2019,19
"Biochemistry, Genetics and Molecular Biology",IT,2020,18
"Biochemistry, Genetics and Molecular Biology",IT,2021,16
"Biochemistry, Genetics and Molecular Biology",IT,2022,17
"Biochemistry, Genetics and Molecular Biology",IT,2023,16
"Biochemistry, Genetics and Molecular Biology",IT,2024,14
"Biochemistry, Genetics and Molecular Biology",JP,2015,41
"Biochemistry, Genetics and Molecular Biology",JP,2016,39
"Biochemistry, Genetics and Molecular Biology",JP,2017,36
"Biochemistry, Genetics and Molecular Biology",JP,2018,37
"Biochemistry, Genetics and Molecular Biology",JP,2019,39
"Biochemistry, Genetics and Molecular Biology",JP,2020,41
"Biochemistry, Genetics and Molecular Biology",JP,2021,41
"Biochemistry, Genetics and Molecular Biology",JP,2022,40
"Biochemistry, Genetics and Molecular Biology",JP,2023,38
"Biochemistry, Genetics and Molecular Biology",JP,2024,38
"Biochemistry, Genetics and Molecular Biology",KR,2015,1
"Biochemistry, Genetics and Molecular Biology",KR,2016,1
"Biochemistry, Genetics and Molecular Biology",KR,2017,2
"Biochemistry, Genetics and Molecular Biology",KR,2018,2
"Biochemistry, Genetics and Molecular Biology",KR,2019,2
"Biochemistry, Genetics and Molecular Biology",KR,2020,3
"Biochemistry, Genetics and Molecular Biology",KR,2021,3
"Biochemistry, Genetics and Molecular Biology",KR,2022,3
"Biochemistry, Genetics and Molecular Biology",KR,2023,3
"Biochemistry, Genetics and Molecular Biology",KR,2024,3
"Biochemistry, Genetics and Molecular Biology",MC,2017,1
"Biochemistry, Genetics and Molecular Biology",MC,2018,1
"Biochemistry, Genetics and Molecular Biology",MC,2019,1
"Biochemistry, Genetics and Molecular Biology",MC,2020,1
"Biochemistry, Genetics and Molecular Biology",MC,2021,1
"Biochemistry, Genetics and Molecular Biology",MC,2022,1
"Biochemistry, Genetics and Molecular Biology",MC,2023,1
"Biochemistry, Genetics and Molecular Biology",MC,2024,1
"Biochemistry, Genetics and Molecular Biology",MO,2017,1
"Biochemistry, Genetics and Molecular Biology",MO,2018,1
"Biochemistry, Genetics and Molecular Biology",MO,2019,1
"Biochemistry, Genetics and Molecular Biology",MO,2020,1
"Biochemistry, Genetics and Molecular Biology",MO,2021,1
"Biochemistry, Genetics and Molecular Biology",MO,2022,1
"Biochemistry, Genetics and Molecular Biology",MO,2023,1
"Biochemistry, Genetics and Molecular Biology",MO,2024,1
"Biochemistry, Genetics and Molecular Biology",MY,2015,1
"Biochemistry, Genetics and Molecular Biology",MY,2016,1
"Biochemistry, Genetics and Molecular Biology",MY,2017,1
"Biochemistry, Genetics and Molecular Biology",MY,2018,1
"Biochemistry, Genetics and Molecular Biology",MY,2019,1
"Biochemistry, Genetics and Molecular Biology",MY,2020,1
"Biochemistry, Genetics and Molecular Biology",MY,2021,1
"Biochemistry, Genetics and Molecular Biology",MY,2022,1
"Biochemistry, Genetics and Molecular Biology",MY,2023,1
"Biochemistry, Genetics and Molecular Biology",MY,2024,1
"Biochemistry, Genetics and Molecular Biology",NL,2015,25
"Biochemistry, Genetics and Molecular Biology",NL,2016,26
"Biochemistry, Genetics and Molecular Biology",NL,2017,23
"Biochemistry, Genetics and Molecular Biology",NL,2018,21
"Biochemistry, Genetics and Molecular Biology",NL,2019,22
"Biochemistry, Genetics and Molecular Biology",NL,2020,26
"Biochemistry, Genetics and Molecular Biology",NL,2021,29
"Biochemistry, Genetics and Molecular Biology",NL,2022,29
"Biochemistry, Genetics and Molecular Biology",NL,2023,29
"Biochemistry, Genetics and Molecular Biology",NL,2024,28
"Biochemistry, Genetics and Molecular Biology",NO,2015,1
"Biochemistry, Genetics and Molecular Biology",NO,2016,1
"Biochemistry, Genetics and Molecular Biology",NO,2017,3
"Biochemistry, Genetics and Molecular Biology",NO,2018,2
"Biochemistry, Genetics and Molecular Biology",NO,2019,4
"Biochemistry, Genetics and Molecular Biology",NO,2020,3
"Biochemistry, Genetics and Molecular Biology",NO,2021,3
"Biochemistry, Genetics and Molecular Biology",NO,2022,2
"Biochemistry, Genetics and Molecular Biology",NO,2023,2
"Biochemistry, Genetics and Molecular Biology",NO,2024,2
"Biochemistry, Genetics and Molecular Biology",NZ,2016,1
"Biochemistry, Genetics and Molecular Biology",NZ,2017,2
"Biochemistry, Genetics and Molecular Biology",NZ,2018,3
"Biochemistry, Genetics and Molecular Biology",NZ,2019,4
"Biochemistry, Genetics and Molecular Biology",NZ,2020,4
"Biochemistry, Genetics and Molecular Biology",NZ,2021,4
"Biochemistry, Genetics and Molecular Biology",NZ,2022,4
"Biochemistry, Genetics and Molecular Biology",NZ,2023,4
"Biochemistry, Genetics and Molecular Biology",NZ,2024,3
"Biochemistry, Genetics and Molecular Biology",PH,2015,1
"Biochemistry, Genetics and Molecular Biology",PH,2016,1
"Biochemistry, Genetics and Molecular Biology",PH,2017,1
"Biochemistry, Genetics and Molecular Biology",PH,2018,1
"Biochemistry, Genetics and Molecular Biology",PH,2019,1
"Biochemistry, Genetics and Molecular Biology",PH,2020,1
"Biochemistry, Genetics and Molecular Biology",PH,2021,1
"Biochemistry, Genetics and Molecular Biology",PH,2022,1
"Biochemistry, Genetics and Molecular Biology",PH,2023,1
"Biochemistry, Genetics and Molecular Biology",PH,2024,1
"Biochemistry, Genetics and Molecular Biology",PL,2015,5
"Biochemistry, Genetics and Molecular Biology",PL,2016,5
"Biochemistry, Genetics and Molecular Biology",PL,2017,4
"Biochemistry, Genetics and Molecular Biology",PL,2018,4
"Biochemistry, Genetics and Molecular Biology",PL,2019,4
"Biochemistry, Genetics and Molecular Biology",PL,2020,3
"Biochemistry, Genetics and Molecular Biology",PL,2021,3
"Biochemistry, Genetics and Molecular Biology",PL,2022,4
"Biochemistry, Genetics and Molecular Biology",PL,2023,2
"Biochemistry, Genetics and Molecular Biology",PL,2024,2
"Biochemistry, Genetics and Molecular Biology",PT,2020,1
"Biochemistry, Genetics and Molecular Biology",PT,2021,1
"Biochemistry, Genetics and Molecular Biology",PT,2022,1
"Biochemistry, Genetics and Molecular Biology",PT,2023,2
"Biochemistry, Genetics and Molecular Biology",PT,2024,1
"Biochemistry, Genetics and Molecular Biology",RU,2015,4
"Biochemistry, Genetics and Molecular Biology",RU,2016,3
"Biochemistry, Genetics and Molecular Biology",RU,2017,3
"Biochemistry, Genetics and Molecular Biology",RU,2018,4
"Biochemistry, Genetics and Molecular Biology",RU,2019,4
"Biochemistry, Genetics and Molecular Biology",RU,2020,7
"Biochemistry, Genetics and Molecular Biology",RU,2021,7
"Biochemistry, Genetics and Molecular Biology",RU,2022,8
"Biochemistry, Genetics and Molecular Biology",RU,2023,8
"Biochemistry, Genetics and Molecular Biology",RU,2024,9
"Biochemistry, Genetics and Molecular Biology",SA,2015,2
"Biochemistry, Genetics and Molecular Biology",SA,2016,4
"Biochemistry, Genetics and Molecular Biology",SA,2017,4
"Biochemistry, Genetics and Molecular Biology",SA,2018,5
"Biochemistry, Genetics and Molecular Biology",SA,2019,5
"Biochemistry, Genetics and Molecular Biology",SA,2020,7
"Biochemistry, Genetics and Molecular Biology",SA,2021,7
"Biochemistry, Genetics and Molecular Biology",SA,2022,7
"Biochemistry, Genetics and Molecular Biology",SA,2023,6
"Biochemistry, Genetics and Molecular Biology",SA,2024,7
"Biochemistry, Genetics and Molecular Biology",SE,2015,22
"Biochemistry, Genetics and Molecular Biology",SE,2016,25
"Biochemistry, Genetics and Molecular Biology",SE,2017,23
"Biochemistry, Genetics and Molecular Biology",SE,2018,25
"Biochemistry, Genetics and Molecular Biology",SE,2019,25
"Biochemistry, Genetics and Molecular Biology",SE,2020,25
"Biochemistry, Genetics and Molecular Biology",SE,2021,25
"Biochemistry, Genetics and Molecular Biology",SE,2022,26
"Biochemistry, Genetics and Molecular Biology",SE,2023,25
"Biochemistry, Genetics and Molecular Biology",SE,2024,24
"Biochemistry, Genetics and Molecular Biology",SG,2015,5
"Biochemistry, Genetics and Molecular Biology",SG,2016,8
"Biochemistry, Genetics and Molecular Biology",SG,2017,9
"Biochemistry, Genetics and Molecular Biology",SG,2018,10
"Biochemistry, Genetics and Molecular Biology",SG,2019,12
"Biochemistry, Genetics and Molecular Biology",SG,2020,12
"Biochemistry, Genetics and Molecular Biology",SG,2021,12
"Biochemistry, Genetics and Molecular Biology",SG,2022,13
"Biochemistry, Genetics and Molecular Biology",SG,2023,10
"Biochemistry, Genetics and Molecular Biology",SG,2024,12
"Biochemistry, Genetics and Molecular Biology",SK,2015,3
"Biochemistry, Genetics and Molecular Biology",SK,2016,3
"Biochemistry, Genetics and Molecular Biology",SK,2017,3
"Biochemistry, Genetics and Molecular Biology",SK,2018,3
"Biochemistry, Genetics and Molecular Biology",SK,2019,3
"Biochemistry, Genetics and Molecular Biology",SK,2020,3
"Biochemistry, Genetics and Molecular Biology",SK,2021,2
"Biochemistry, Genetics and Molecular Biology",SK,2022,2
"Biochemistry, Genetics and Molecular Biology",SK,2023,3
"Biochemistry, Genetics and Molecular Biology",SK,2024,2
"Biochemistry, Genetics and Molecular Biology",TR,2024,1
"Biochemistry, Genetics and Molecular Biology",TW,2015,3
"Biochemistry, Genetics and Molecular Biology",TW,2016,3
"Biochemistry, Genetics and Molecular Biology",TW,2017,3
"Biochemistry, Genetics and Molecular Biology",TW,2018,3
"Biochemistry, Genetics and Molecular Biology",TW,2019,4
"Biochemistry, Genetics and Molecular Biology",TW,2020,4
"Biochemistry, Genetics and Molecular Biology",TW,2021,5
"Biochemistry, Genetics and Molecular Biology",TW,2022,5
"Biochemistry, Genetics and Molecular Biology",TW,2023,4
"Biochemistry, Genetics and Molecular Biology",TW,2024,3
"Biochemistry, Genetics and Molecular Biology",US,2015,710
"Biochemistry, Genetics and Molecular Biology",US,2016,704
"Biochemistry, Genetics and Molecular Biology",US,2017,696
"Biochemistry, Genetics and Molecular Biology",US,2018,689
"Biochemistry, Genetics and Molecular Biology",US,2019,687
"Biochemistry, Genetics and Molecular Biology",US,2020,682
"Biochemistry, Genetics and Molecular Biology",US,2021,676
"Biochemistry, Genetics and Molecular Biology",US,2022,672
"Biochemistry, Genetics and Molecular Biology",US,2023,666
"Biochemistry, Genetics and Molecular Biology",US,2024,663
"Biochemistry, Genetics and Molecular Biology",ZA,2015,4
"Biochemistry, Genetics and Molecular Biology",ZA,2016,4
"Biochemistry, Genetics and Molecular Biology",ZA,2017,4
"Biochemistry, Genetics and Molecular Biology",ZA,2018,4
"Biochemistry, Genetics and Molecular Biology",ZA,2019,4
"Biochemistry, Genetics and Molecular Biology",ZA,2020,5
"Biochemistry, Genetics and Molecular Biology",ZA,2021,4
"Biochemistry, Genetics and Molecular Biology",ZA,2022,5
"Biochemistry, Genetics and Molecular Biology",ZA,2023,4
"Biochemistry, Genetics and Molecular Biology",ZA,2024,4
"Business, Management and Accounting",AE,2022,1
"Business, Management and Accounting",AE,2023,1
"Business, Management and Accounting",AE,2024,1
"Business, Management and Accounting",AT,2015,4
"Business, Management and Accounting",AT,2016,5
"Business, Management and Accounting",AT,2017,5
"Business, Management and Accounting",AT,2018,5
"Business, Management and Accounting",AT,2019,6
"Business, Management and Accounting",AT,2020,7
"Business, Management and Accounting",AT,2021,7
"Business, Management and Accounting",AT,2022,7
"Business, Management and Accounting",AT,2023,7
"Business, Management and Accounting",AT,2024,7
"Business, Management and Accounting",AU,2015,44
"Business, Management and Accounting",AU,2016,47
"Business, Management and Accounting",AU,2017,47
"Business, Management and Accounting",AU,2018,50
"Business, Management and Accounting",AU,2019,52
"Business, Management and Accounting",AU,2020,55
"Business, Management and Accounting",AU,2021,53
"Business, Management and Accounting",AU,2022,56
"Business, Management and Accounting",AU,2023,54
"Business, Management and Accounting",AU,2024,58
"Business, Management and Accounting",BE,2015,24
"Business, Management and Accounting",BE,2016,27
"Business, Management and Accounting",BE,2017,28
"Business, Management and Accounting",BE,2018,26
"Business, Management and Accounting",BE,2019,28
"Business, Management and Accounting",BE,2020,27
"Business, Management and Accounting",BE,2021,27
"Business, Management and Accounting",BE,2022,29
"Business, Management and Accounting",BE,2023,30
"Business, Management and Accounting",BE,2024,32
"Business, Management and Accounting",BR,2016,1
"Business, Management and Accounting",BR,2021,1
"Business, Management and Accounting",BR,2022,1
"Business, Management and Accounting",BR,2023,2
"Business, Management and Accounting",BR,2024,2
"Business, Management and Accounting",CA,2015,67
"Business, Management and Accounting",CA,2016,70
"Business, Management and Accounting",CA,2017,72
"Business, Management and Accounting",CA,2018,72
"Business, Management and Accounting",CA,2019,72
"Business, Management and Accounting",CA,2020,72
"Business, Management and Accounting",CA,2021,71
"Business, Management and Accounting",CA,2022,72
"Business, Management and Accounting",CA,2023,75
"Business, Management and Accounting",CA,2024,78
"Business, Management and Accounting",CH,2015,13
"Business, Management and Accounting",CH,2016,11
"Business, Management and Accounting",CH,2017,13
"Business, Management and Accounting",CH,2018,14
"Business, Management and Accounting",CH,2019,14
"Business, Management and Accounting",CH,2020,15
"Business, Management and Accounting",CH,2021,15
"Business, Management and Accounting",CH,2022,15
"Business, Management and Accounting",CH,2023,15
"Business, Management and Accounting",CH,2024,17
"Business, Management and Accounting",CN,2015,9
"Business, Management and Accounting",CN,2016,13
"Business, Management and Accounting",CN,2017,14
"Business, Management and Accounting",CN,2018,15
"Business, Management and Accounting",CN,2019,15
"Business, Management and Accounting",CN,2020,18
"Business, Management and Accounting",CN,2021,20
"Business, Management and Accounting",CN,2022,19
"Business, Management and Accounting",CN,2023,23
"Business, Management and Accounting",CN,2024,27
"Business, Management and Accounting",CNX,2015,25
"Business, Management and Accounting",CNX,2016,29
"Business, Management and Accounting",CNX,2017,34
"Business, Management and Accounting",CNX,2018,35
"Business, Management and Accounting",CNX,2019,36
"Business, Management and Accounting",CNX,2020,39
"Business, Management and Accounting",CNX,2021,43
"Business, Management and Accounting",CNX,2022,44
"Business, Management and Accounting",CNX,2023,48
"Business, Management and Accounting",CNX,2024,53
"Business, Management and Accounting",CY,2015,1
"Business, Management and Accounting",CY,2016,1
"Business, Management and Accounting",CY,2017,1
"Business, Management and Accounting",CY,2018,1
"Business, Management and Accounting",CY,2019,1
"Business, Management and Accounting",CY,2020,1
"Business, Management and Accounting",CY,2021,1
"Business, Management and Accounting",CY,2022,3
"Business, Management and Accounting",CY,2023,3
"Business, Management and Accounting",CY,2024,4
"Business, Management and Accounting",DE,2015,27
"Business, Management and Accounting",DE,2016,26
"Business, Management and Accounting",DE,2017,26
"Business, Management and Accounting",DE,2018,26
"Business, Management and Accounting",DE,2019,27
"Business, Management and Accounting",DE,2020,27
"Business, Management and Accounting",DE,2021,30
"Business, Management and Accounting",DE,2022,34
"Business, Management and Accounting",DE,2023,31
"Business, Management and Accounting",DE,2024,33
"Business, Management and Accounting",DK,2015,11
"Business, Management and Accounting",DK,2016,11
"Business, Management and Accounting",DK,2017,13
"Business, Management and Accounting",DK,2018,14
"Business, Management and Accounting",DK,2019,14
"Business, Management and Accounting",DK,2020,15
"Business, Management and Accounting",DK,2021,16
"Business, Management and Accounting",DK,2022,15
"Business, Management and Accounting",DK,2023,15
"Business, Management and Accounting",DK,2024,17
"Business, Management and Accounting",DZ,2015,1
"Business, Management and Accounting",DZ,2016,1
"Business, Management and Accounting",DZ,2017,1
"Business, Management and Accounting",DZ,2018,1
"Business, Management and Accounting",DZ,2019,1
"Business, Management and Accounting",DZ,2020,1
"Business, Management and Accounting",DZ,2021,1
"Business, Management and Accounting",DZ,2022,1
"Business, Management and Accounting",EE,2015,1
"Business, Management and Accounting",EE,2016,1
"Business, Management and Accounting",EE,2017,1
"Business, Management and Accounting",EE,2018,1
"Business, Management and Accounting",EE,2019,1
"Business, Management and Accounting",EE,2020,1
"Business, Management and Accounting",EE,2021,2
"Business, Management and Accounting",EE,2022,2
"Business, Management and Accounting",EE,2023,2
"Business, Management and Accounting",EE,2024,2
"Business, Management and Accounting",ES,2015,2
"Business, Management and Accounting",ES,2016,2
"Business, Management and Accounting",ES,2017,4
"Business, Management and Accounting",ES,2018,4
"Business, Management and Accounting",ES,2019,4
"Business, Management and Accounting",ES,2020,4
"Business, Management and Accounting",ES,2021,5
"Business, Management and Accounting",ES,2022,6
"Business, Management and Accounting",ES,2023,9
"Business, Management and Accounting",ES,2024,9
"Business, Management and Accounting",FI,2015,3
"Business, Management and Accounting",FI,2016,3
"Business, Management and Accounting",FI,2017,4
"Business, Management and Accounting",FI,2018,5
"Business, Management and Accounting",FI,2019,6
"Business, Management and Accounting",FI,2020,7
"Business, Management and Accounting",FI,2021,9
"Business, Management and Accounting",FI,2022,10
"Business, Management and Accounting",FI,2023,11
"Business, Management and Accounting",FI,2024,10
"Business, Management and Accounting",FR,2015,22
"Business, Management and Accounting",FR,2016,22
"Business, Management and Accounting",FR,2017,23
"Business, Management and Accounting",FR,2018,23
"Business, Management and Accounting",FR,2019,22
"Business, Management and Accounting",FR,2020,23
"Business, Management and Accounting",FR,2021,26
"Business, Management and Accounting",FR,2022,28
"Business, Management and Accounting",FR,2023,29
"Business, Management and Accounting",FR,2024,32
"Business, Management and Accounting",GB,2015,130
"Business, Management and Accounting",GB,2016,134
"Business, Management and Accounting",GB,2017,141
"Business, Management and Accounting",GB,2018,142
"Business, Management and Accounting",GB,2019,141
"Business, Management and Accounting",GB,2020,141
"Business, Management and Accounting",GB,2021,146
"Business, Management and Accounting",GB,2022,146
"Business, Management and Accounting",GB,2023,149
"Business, Management and Accounting",GB,2024,154
"Business, Management and Accounting",GH,2015,1
"Business, Management and Accounting",GH,2016,1
"Business, Management and Accounting",GH,2017,1
"Business, Management and Accounting",GH,2018,1
"Business, Management and Accounting",GH,2019,1
"Business, Management and Accounting",GH,2020,1
"Business, Management and Accounting",GH,2021,1
"Business, Management and Accounting",GH,2022,1
"Business, Management and Accounting",GH,2023,1
"Business, Management and Accounting",GH,2024,1
"Business, Management and Accounting",GR,2015,1
"Business, Management and Accounting",GR,2016,1
"Business, Management and Accounting",GR,2017,1
"Business, Management and Accounting",GR,2018,1
"Business, Management and Accounting",GR,2019,1
"Business, Management and Accounting",GR,2020,1
"Business, Management and Accounting",GR,2021,1
"Business, Management and Accounting",GR,2022,1
"Business, Management and Accounting",GR,2023,1
"Business, Management and Accounting",GR,2024,1
"Business, Management and Accounting",HK,2015,19
"Business, Management and Accounting",HK,2016,19
"Business, Management and Accounting",HK,2017,24
"Business, Management and Accounting",HK,2018,24
"Business, Management and Accounting",HK,2019,26
"Business, Management and Accounting",HK,2020,28
"Business, Management and Accounting",HK,2021,29
"Business, Management and Accounting",HK,2022,30
"Business, Management and Accounting",HK,2023,30
"Business, Management and Accounting",HK,2024,32
"Business, Management and Accounting",ID,2022,1
"Business, Management and Accounting",ID,2023,1
"Business, Management and Accounting",ID,2024,1
"Business, Management and Accounting",IE,2015,2
"Business, Management and Accounting",IE,2016,3
"Business, Management and Accounting",IE,2017,2
"Business, Management and Accounting",IE,2018,2
"Business, Management and Accounting",IE,2019,2
"Business, Management and Accounting",IE,2020,2
"Business, Management and Accounting",IE,2021,3
"Business, Management and Accounting",IE,2022,3
"Business, Management and Accounting",IE,2023,4
"Business, Management and Accounting",IE,2024,3
"Business, Management and Accounting",IL,2015,8
"Business, Management and Accounting",IL,2016,7
"Business, Management and Accounting",IL,2017,7
"Business, Management and Accounting",IL,2018,7
"Business, Management and Accounting",IL,2019,8
"Business, Management and Accounting",IL,2020,8
"Business, Management and Accounting",IL,2021,8
"Business, Management and Accounting",IL,2022,8
"Business, Management and Accounting",IL,2023,8
"Business, Management and Accounting",IL,2024,9
"Business, Management and Accounting",IN,2015,6
"Business, Management and Accounting",IN,2016,7
"Business, Management and Accounting",IN,2017,7
"Business, Management and Accounting",IN,2018,7
"Business, Management and Accounting",IN,2019,7
"Business, Management and Accounting",IN,2020,8
"Business, Management and Accounting",IN,2021,7
"Business, Management and Accounting",IN,2022,8
"Business, Management and Accounting",IN,2023,15
"Business, Management and Accounting",IN,2024,19
"Business, Management and Accounting",IR,2017,1
"Business, Management and Accounting",IR,2018,1
"Business, Management and Accounting",IR,2019,1
"Business, Management and Accounting",IR,2020,2
"Business, Management and Accounting",IR,2021,1
"Business, Management and Accounting",IS,2023,1
"Business, Management and Accounting",IS,2024,1
"Business, Management and Accounting",IT,2015,5
"Business, Management and Accounting",IT,2016,6
"Business, Management and Accounting",IT,2017,7
"Business, Management and Accounting",IT,2018,7
"Business, Management and Accounting",IT,2019,7
"Business, Management and Accounting",IT,2020,7
"Business, Management and Accounting",IT,2021,9
"Business, Management and Accounting",IT,2022,10
"Business, Management and Accounting",IT,2023,14
"Business, Management and Accounting",IT,2024,14
"Business, Management and Accounting",JP,2015,7
"Business, Management and Accounting",JP,2016,7
"Business, Management and Accounting",JP,2017,6
"Business, Management and Accounting",JP,2018,6
"Business, Management and Accounting",JP,2019,7
"Business, Management and Accounting",JP,2020,6
"Business, Management and Accounting",JP,2021,6
"Business, Management and Accounting",JP,2022,7
"Business, Management and Accounting",JP,2023,7
"Business, Management and Accounting",JP,2024,6
"Business, Management and Accounting",KR,2015,5
"Business, Management and Accounting",KR,2016,5
"Business, Management and Accounting",KR,2017,5
"Business, Management and Accounting",KR,2018,5
"Business, Management and Accounting",KR,2019,7
"Business, Management and Accounting",KR,2020,7
"Business, Management and Accounting",KR,2021,10
"Business, Management and Accounting",KR,2022,7
"Business, Management and Accounting",KR,2023,9
"Business, Management and Accounting",KR,2024,8
"Business, Management and Accounting",LB,2024,1
"Business, Management and Accounting",LI,2021,1
"Business, Management and Accounting",LI,2022,1
"Business, Management and Accounting",LI,2023,2
"Business, Management and Accounting",LI,2024,2
"Business, Management and Accounting",LK,2015,1
"Business, Management and Accounting",LK,2016,1
"Business, Management and Accounting",LK,2017,1
"Business, Management and Accounting",LK,2018,1
"Business, Management and Accounting",LK,2019,1
"Business, Management and Accounting",LK,2020,1
"Business, Management and Accounting",LK,2021,1
"Business, Management and Accounting",LK,2022,1
"Business, Management and Accounting",LK,2023,1
"Business, Management and Accounting",LK,2024,1
"Business, Management and Accounting",LT,2022,1
"Business, Management and Accounting",LT,2023,1
"Business, Management and Accounting",LT,2024,1
"Business, Management and Accounting",LV,2015,4
"Business, Management and Accounting",LV,2016,4
"Business, Management and Accounting",LV,2017,4
"Business, Management and Accounting",LV,2018,4
"Business, Management and Accounting",LV,2019,4
"Business, Management and Accounting",LV,2020,5
"Business, Management and Accounting",LV,2021,5
"Business, Management and Accounting",LV,2022,5
"Business, Management and Accounting",LV,2023,4
"Business, Management and Accounting",LV,2024,3
"Business, Management and Accounting",MK,2015,1
"Business, Management and Accounting",MK,2016,1
"Business, Management and Accounting",MK,2017,1
"Business, Management and Accounting",MK,2018,1
"Business, Management and Accounting",MK,2019,1
"Business, Management and Accounting",MK,2020,1
"Business, Management and Accounting",MK,2021,1
"Business, Management and Accounting",MK,2022,1
"Business, Management and Accounting",MK,2023,1
"Business, Management and Accounting",MK,2024,1
"Business, Management and Accounting",MO,2015,1
"Business, Management and Accounting",MO,2016,1
"Business, Management and Accounting",MX,2015,1
"Business, Management and Accounting",MX,2016,1
"Business, Management and Accounting",MX,2017,1
"Business, Management and Accounting",MX,2018,1
"Business, Management and Accounting",MX,2019,1
"Business, Management and Accounting",MX,2020,1
"Business, Management and Accounting",MX,2021,2
"Business, Management and Accounting",MX,2022,2
"Business, Management and Accounting",MX,2023,2
"Business, Management and Accounting",MX,2024,4
"Business, Management and Accounting",MY,2017,1
"Business, Management and Accounting",MY,2018,1
"Business, Management and Accounting",MY,2019,1
"Business, Management and Accounting",MY,2020,2
"Business, Management and Accounting",MY,2021,3
"Business, Management and Accounting",MY,2022,5
"Business, Management and Accounting",MY,2023,8
"Business, Management and Accounting",MY,2024,13
"Business, Management and Accounting",NL,2015,34
"Business, Management and Accounting",NL,2016,36
"Business, Management and Accounting",NL,2017,36
"Business, Management and Accounting",NL,2018,36
"Business, Management and Accounting",NL,2019,37
"Business, Management and Accounting",NL,2020,38
"Business, Management and Accounting",NL,2021,40
"Business, Management and Accounting",NL,2022,41
"Business, Management and Accounting",NL,2023,40
"Business, Management and Accounting",NL,2024,41
"Business, Management and Accounting",NO,2015,5
"Business, Management and Accounting",NO,2016,6
"Business, Management and Accounting",NO,2017,6
"Business, Management and Accounting",NO,2018,6
"Business, Management and Accounting",NO,2019,6
"Business, Management and Accounting",NO,2020,6
"Business, Management and Accounting",NO,2021,7
"Business, Management and Accounting",NO,2022,7
"Business, Management and Accounting",NO,2023,9
"Business, Management and Accounting",NO,2024,10
"Business, Management and Accounting",NZ,2015,2
"Business, Management and Accounting",NZ,2016,2
"Business, Management and Accounting",NZ,2017,3
"Business, Management and Accounting",NZ,2018,4
"Business, Management and Accounting",NZ,2019,4
"Business, Management and Accounting",NZ,2020,6
"Business, Management and Accounting",NZ,2021,8
"Business, Management and Accounting",NZ,2022,8
"Business, Management and Accounting",NZ,2023,8
"Business, Management and Accounting",NZ,2024,8
"Business, Management and Accounting",PE,2023,1
"Business, Management and Accounting",PE,2024,1
"Business, Management and Accounting",PH,2015,1
"Business, Management and Accounting",PH,2016,2
"Business, Management and Accounting",PH,2017,2
"Business, Management and Accounting",PH,2018,2
"Business, Management and Accounting",PH,2019,2
"Business, Management and Accounting",PH,2020,2
"Business, Management and Accounting",PH,2021,2
"Business, Management and Accounting",PH,2022,2
"Business, Management and Accounting",PH,2023,2
"Business, Management and Accounting",PH,2024,2
"Business, Management and Accounting",PK,2015,2
"Business, Management and Accounting",PK,2016,2
"Business, Management and Accounting",PK,2017,2
"Business, Management and Accounting",PK,2018,2
"Business, Management and Accounting",PK,2019,2
"Business, Management and Accounting",PK,2020,2
"Business, Management and Accounting",PK,2021,2
"Business, Management and Accounting",PK,2022,2
"Business, Management and Accounting",PK,2023,2
"Business, Management and Accounting",PK,2024,3
"Business, Management and Accounting",PL,2015,1
"Business, Management and Accounting",PL,2016,1
"Business, Management and Accounting",PL,2017,1
"Business, Management and Accounting",PL,2018,1
"Business, Management and Accounting",PL,2019,1
"Business, Management and Accounting",PL,2020,1
"Business, Management and Accounting",PL,2024,2
"Business, Management and Accounting",PR,2023,1
"Business, Management and Accounting",PR,2024,1
"Business, Management and Accounting",PT,2015,2
"Business, Management and Accounting",PT,2016,3
"Business, Management and Accounting",PT,2017,3
"Business, Management and Accounting",PT,2018,3
"Business, Management and Accounting",PT,2019,3
"Business, Management and Accounting",PT,2020,3
"Business, Management and Accounting",PT,2021,3
"Business, Management and Accounting",PT,2022,3
"Business, Management and Accounting",PT,2023,3
"Business, Management and Accounting",PT,2024,4
"Business, Management and Accounting",RO,2022,1
"Business, Management and Accounting",RO,2023,1
"Business, Management and Accounting",RO,2024,1
"Business, Management and Accounting",RS,2015,1
"Business, Management and Accounting",RS,2016,1
"Business, Management and Accounting",RS,2017,1
"Business, Management and Accounting",RS,2018,1
"Business, Management and Accounting",RS,2019,1
"Business, Management and Accounting",RS,2020,1
"Business, Management and Accounting",RS,2021,1
"Business, Management and Accounting",RS,2022,1
"Business, Management and Accounting",RS,2023,1
"Business, Management and Accounting",RS,2024,1
"Business, Management and Accounting",RU,2015,8
"Business, Management and Accounting",RU,2016,8
"Business, Management and Accounting",RU,2017,7
"Business, Management and Accounting",RU,2018,8
"Business, Management and Accounting",RU,2019,9
"Business, Management and Accounting",RU,2020,9
"Business, Management and Accounting",RU,2021,9
"Business, Management and Accounting",RU,2022,9
"Business, Management and Accounting",RU,2023,9
"Business, Management and Accounting",RU,2024,9
"Business, Management and Accounting",SA,2021,1
"Business, Management and Accounting",SA,2022,1
"Business, Management and Accounting",SA,2023,1
"Business, Management and Accounting",SA,2024,1
"Business, Management and Accounting",SE,2015,16
"Business, Management and Accounting",SE,2016,16
"Business, Management and Accounting",SE,2017,15
"Business, Management and Accounting",SE,2018,16
"Business, Management and Accounting",SE,2019,17
"Business, Management and Accounting",SE,2020,15
"Business, Management and Accounting",SE,2021,16
"Business, Management and Accounting",SE,2022,16
"Business, Management and Accounting",SE,2023,17
"Business, Management and Accounting",SE,2024,17
"Business, Management and Accounting",SG,2015,18
"Business, Management and Accounting",SG,2016,19
"Business, Management and Accounting",SG,2017,21
"Business, Management and Accounting",SG,2018,21
"Business, Management and Accounting",SG,2019,22
"Business, Management and Accounting",SG,2020,22
"Business, Management and Accounting",SG,2021,23
"Business, Management and Accounting",SG,2022,23
"Business, Management and Accounting",SG,2023,22
"Business, Management and Accounting",SG,2024,23
"Business, Management and Accounting",SI,2015,3
"Business, Management and Accounting",SI,2016,3
"Business, Management and Accounting",SI,2017,4
"Business, Management and Accounting",SI,2018,4
"Business, Management and Accounting",SI,2019,5
"Business, Management and Accounting",SI,2020,5
"Business, Management and Accounting",SI,2021,5
"Business, Management and Accounting",SI,2022,5
"Business, Management and Accounting",SI,2023,5
"Business, Management and Accounting",SI,2024,4
"Business, Management and Accounting",TH,2024,1
"Business, Management and Accounting",TR,2015,1
"Business, Management and Accounting",TR,2016,1
"Business, Management and Accounting",TR,2017,1
"Business, Management and Accounting",TR,2018,1
"Business, Management and Accounting",TR,2019,1
"Business, Management and Accounting",TR,2020,1
"Business, Management and Accounting",TR,2021,1
"Business, Management and Accounting",TR,2022,1
"Business, Management and Accounting",TR,2023,1
"Business, Management and Accounting",TR,2024,2
"Business, Management and Accounting",TW,2021,1
"Business, Management and Accounting",TW,2022,3
"Business, Management and Accounting",TW,2023,4
"Business, Management and Accounting",TW,2024,4
"Business, Management and Accounting",US,2015,797
"Business, Management and Accounting",US,2016,789
"Business, Management and Accounting",US,2017,774
"Business, Management and Accounting",US,2018,771
"Business, Management and Accounting",US,2019,767
"Business, Management and Accounting",US,2020,763
"Business, Management and Accounting",US,2021,751
"Business, Management and Accounting",US,2022,740
"Business, Management and Accounting",US,2023,723
"Business, Management and Accounting",US,2024,699
"Business, Management and Accounting",VN,2023,1
"Business, Management and Accounting",VN,2024,1
"Business, Management and Accounting",ZA,2015,1
"Business, Management and Accounting",ZA,2016,1
"Business, Management and Accounting",ZA,2017,1
"Business, Management and Accounting",ZA,2018,2
"Business, Management and Accounting",ZA,2019,2
"Business, Management and Accounting",ZA,2020,3
"Business, Management and Accounting",ZA,2021,4
"Business, Management and Accounting",ZA,2022,6
"Business, Management and Accounting",ZA,2023,6
"Business, Management and Accounting",ZA,2024,7
Chemical Engineering,AE,2015,1
Chemical Engineering,AE,2016,1
Chemical Engineering,AE,2017,3
Chemical Engineering,AE,2018,4
Chemical Engineering,AE,2019,4
Chemical Engineering,AE,2020,4
Chemical Engineering,AE,2021,5
Chemical Engineering,AE,2022,4
Chemical Engineering,AE,2023,4
Chemical Engineering,AE,2024,4
Chemical Engineering,AL,2015,1
Chemical Engineering,AL,2016,1
Chemical Engineering,AL,2017,1
Chemical Engineering,AL,2018,1
Chemical Engineering,AL,2019,1
Chemical Engineering,AL,2020,1
Chemical Engineering,AL,2021,1
Chemical Engineering,AL,2022,1
Chemical Engineering,AR,2015,8
Chemical Engineering,AR,2016,8
Chemical Engineering,AR,2017,7
Chemical Engineering,AR,2018,6
Chemical Engineering,AR,2019,7
Chemical Engineering,AR,2020,6
Chemical Engineering,AR,2021,6
Chemical Engineering,AR,2022,6
Chemical Engineering,AR,2023,5
Chemical Engineering,AR,2024,5
Chemical Engineering,AT,2015,9
Chemical Engineering,AT,2016,8
Chemical Engineering,AT,2017,8
Chemical Engineering,AT,2018,8
Chemical Engineering,AT,2019,6
Chemical Engineering,AT,2020,6
Chemical Engineering,AT,2021,6
Chemical Engineering,AT,2022,6
Chemical Engineering,AT,2023,7
Chemical Engineering,AT,2024,7
Chemical Engineering,AU,2015,29
Chemical Engineering,AU,2016,30
Chemical Engineering,AU,2017,32
Chemical Engineering,AU,2018,32
Chemical Engineering,AU,2019,30
Chemical Engineering,AU,2020,30
Chemical Engineering,AU,2021,31
Chemical Engineering,AU,2022,31
Chemical Engineering,AU,2023,30
Chemical Engineering,AU,2024,28
Chemical Engineering,BE,2015,12
Chemical Engineering,BE,2016,13
Chemical Engineering,BE,2017,13
Chemical Engineering,BE,2018,14
Chemical Engineering,BE,2019,15
Chemical Engineering,BE,2020,16
Chemical Engineering,BE,2021,15
Chemical Engineering,BE,2022,15
Chemical Engineering,BE,2023,16
Chemical Engineering,BE,2024,16
Chemical Engineering,BG,2015,6
Chemical Engineering,BG,2016,7
Chemical Engineering,BG,2017,6
Chemical Engineering,BG,2018,6
Chemical Engineering,BG,2019,4
Chemical Engineering,BG,2020,4
Chemical Engineering,BG,2021,4
Chemical Engineering,BG,2022,4
Chemical Engineering,BG,2023,4
Chemical Engineering,BG,2024,4
Chemical Engineering,BH,2015,1
Chemical Engineering,BH,2016,1
Chemical Engineering,BH,2017,1
Chemical Engineering,BH,2018,1
Chemical Engineering,BH,2019,1
Chemical Engineering,BH,2020,1
Chemical Engineering,BH,2021,1
Chemical Engineering,BH,2022,1
Chemical Engineering,BH,2023,1
Chemical Engineering,BH,2024,1
Chemical Engineering,BR,2015,12
Chemical Engineering,BR,2016,13
Chemical Engineering,BR,2017,16
Chemical Engineering,BR,2018,18
Chemical Engineering,BR,2019,17
Chemical Engineering,BR,2020,16
Chemical Engineering,BR,2021,16
Chemical Engineering,BR,2022,16
Chemical Engineering,BR,2023,16
Chemical Engineering,BR,2024,16
Chemical Engineering,BY,2015,1
Chemical Engineering,BY,2016,1
Chemical Engineering,BY,2017,1
Chemical Engineering,BY,2018,1
Chemical Engineering,BY,2019,1
Chemical Engineering,BY,2020,1
Chemical Engineering,BY,2021,1
Chemical Engineering,CA,2015,48
Chemical Engineering,CA,2016,48
Chemical Engineering,CA,2017,49
Chemical Engineering,CA,2018,49
Chemical Engineering,CA,2019,43
Chemical Engineering,CA,2020,41
Chemical Engineering,CA,2021,37
Chemical Engineering,CA,2022,35
Chemical Engineering,CA,2023,34
Chemical Engineering,CA,2024,31
Chemical Engineering,CH,2015,18
Chemical Engineering,CH,2016,19
Chemical Engineering,CH,2017,21
Chemical Engineering,CH,2018,23
Chemical Engineering,CH,2019,23
Chemical Engineering,CH,2020,23
Chemical Engineering,CH,2021,23
Chemical Engineering,CH,2022,24
Chemical Engineering,CH,2023,25
Chemical Engineering,CH,2024,28
Chemical Engineering,CL,2022,1
Chemical Engineering,CL,2023,1
Chemical Engineering,CL,2024,1
Chemical Engineering,CN,2015,71
Chemical Engineering,CN,2016,78
Chemical Engineering,CN,2017,85
Chemical Engineering,CN,2018,99
Chemical Engineering,CN,2019,118
Chemical Engineering,CN,2020,142
Chemical Engineering,CN,2021,161
Chemical Engineering,CN,2022,180
Chemical Engineering,CN,2023,200
Chemical Engineering,CN,2024,225
Chemical Engineering,CNX,2015,77
Chemical Engineering,CNX,2016,84
Chemical Engineering,CNX,2017,91
Chemical Engineering,CNX,2018,105
Chemical Engineering,CNX,2019,124
Chemical Engineering,CNX,2020,149
Chemical Engineering,CNX,2021,169
Chemical Engineering,CNX,2022,188
Chemical Engineering,CNX,2023,208
Chemical Engineering,CNX,2024,232
Chemical Engineering,CO,2015,1
Chemical Engineering,CO,2016,1
Chemical Engineering,CO,2017,1
Chemical Engineering,CO,2018,1
Chemical Engineering,CO,2019,1
Chemical Engineering,CO,2020,1
Chemical Engineering,CO,2021,2
Chemical Engineering,CO,2022,2
Chemical Engineering,CO,2023,1
Chemical Engineering,CO,2024,1
Chemical Engineering,CY,2015,2
Chemical Engineering,CY,2016,2
Chemical Engineering,CY,2017,2
Chemical Engineering,CY,2018,2
Chemical Engineering,CY,2019,2
Chemical Engineering,CY,2020,2
Chemical Engineering,CY,2021,2
Chemical Engineering,CY,2022,2
Chemical Engineering,CY,2023,1
Chemical Engineering,CY,2024,1
Chemical Engineering,CZ,2015,3
Chemical Engineering,CZ,2016,4
Chemical Engineering,CZ,2017,4
Chemical Engineering,CZ,2018,4
Chemical Engineering,CZ,2019,4
Chemical Engineering,CZ,2020,4
Chemical Engineering,CZ,2021,4
Chemical Engineering,CZ,2022,4
Chemical Engineering,CZ,2023,4
Chemical Engineering,CZ,2024,4
Chemical Engineering,DE,2015,91
Chemical Engineering,DE,2016,93
Chemical Engineering,DE,2017,92
Chemical Engineering,DE,2018,94
Chemical Engineering,DE,2019,96
Chemical Engineering,DE,2020,100
Chemical Engineering,DE,2021,100
Chemical Engineering,DE,2022,100
Chemical Engineering,DE,2023,97
Chemical Engineering,DE,2024,93
Chemical Engineering,DK,2015,12
Chemical Engineering,DK,2016,12
Chemical Engineering,DK,2017,11
Chemical Engineering,DK,2018,11
Chemical Engineering,DK,2019,11
Chemical Engineering,DK,2020,12
Chemical Engineering,DK,2021,10
Chemical Engineering,DK,2022,9
Chemical Engineering,DK,2023,9
Chemical Engineering,DK,2024,9
Chemical Engineering,DZ,2015,1
Chemical Engineering,DZ,2016,1
Chemical Engineering,DZ,2017,1
Chemical Engineering,DZ,2018,1
Chemical Engineering,DZ,2019,1
Chemical Engineering,DZ,2020,1
Chemical Engineering,DZ,2021,1
Chemical Engineering,DZ,2022,1
Chemical Engineering,DZ,2024,1
Chemical Engineering,EE,2016,1
Chemical Engineering,EE,2017,1
Chemical Engineering,EE,2018,1
Chemical Engineering,EE,2019,1
Chemical Engineering,EE,2020,1
Chemical Engineering,EE,2021,1
Chemical Engineering,EE,2022,1
Chemical Engineering,EE,2023,1
Chemical Engineering,EE,2024,1
Chemical Engineering,EG,2015,5
Chemical Engineering,EG,2016,5
Chemical Engineering,EG,2017,4
Chemical Engineering,EG,2018,4
Chemical Engineering,EG,2019,4
Chemical Engineering,EG,2020,4
Chemical Engineering,EG,2021,4
Chemical Engineering,EG,2022,5
Chemical Engineering,EG,2023,5
Chemical Engineering,EG,2024,5
Chemical Engineering,ES,2015,58
Chemical Engineering,ES,2016,60
Chemical Engineering,ES,2017,64
Chemical Engineering,ES,2018,67
Chemical Engineering,ES,2019,67
Chemical Engineering,ES,2020,67
Chemical Engineering,ES,2021,68
Chemical Engineering,ES,2022,66
Chemical Engineering,ES,2023,63
Chemical Engineering,ES,2024,66
Chemical Engineering,FI,2015,5
Chemical Engineering,FI,2016,5
Chemical Engineering,FI,2017,4
Chemical Engineering,FI,2018,4
Chemical Engineering,FI,2019,4
Chemical Engineering,FI,2020,4
Chemical Engineering,FI,2021,4
Chemical Engineering,FI,2022,4
Chemical Engineering,FI,2023,4
Chemical Engineering,FI,2024,4
Chemical Engineering,FR,2015,54
Chemical Engineering,FR,2016,52
Chemical Engineering,FR,2017,48
Chemical Engineering,FR,2018,48
Chemical Engineering,FR,2019,48
Chemical Engineering,FR,2020,48
Chemical Engineering,FR,2021,49
Chemical Engineering,FR,2022,49
Chemical Engineering,FR,2023,45
Chemical Engineering,FR,2024,46
Chemical Engineering,GB,2015,99
Chemical Engineering,GB,2016,98
Chemical Engineering,GB,2017,93
Chemical Engineering,GB,2018,95
Chemical Engineering,GB,2019,92
Chemical Engineering,GB,2020,91
Chemical Engineering,GB,2021,88
Chemical Engineering,GB,2022,88
Chemical Engineering,GB,2023,85
Chemical Engineering,GB,2024,85
Chemical Engineering,GR,2015,11
Chemical Engineering,GR,2016,12
Chemical Engineering,GR,2017,12
Chemical Engineering,GR,2018,12
Chemical Engineering,GR,2019,12
Chemical Engineering,GR,2020,14
Chemical Engineering,GR,2021,14
Chemical Engineering,GR,2022,14
Chemical Engineering,GR,2023,16
Chemical Engineering,GR,2024,16
Chemical Engineering,HR,2022,2
Chemical Engineering,HR,2023,2
Chemical Engineering,HR,2024,2
Chemical Engineering,HU,2015,8
Chemical Engineering,HU,2016,8
Chemical Engineering,HU,2017,8
Chemical Engineering,HU,2018,8
Chemical Engineering,HU,2019,7
Chemical Engineering,HU,2020,7
Chemical Engineering,HU,2021,7
Chemical Engineering,HU,2022,7
Chemical Engineering,HU,2023,7
Chemical Engineering,HU,2024,7
Chemical Engineering,ID,2015,1
Chemical Engineering,ID,2016,1
Chemical Engineering,ID,2017,1
Chemical Engineering,ID,2018,1
Chemical Engineering,ID,2019,1
Chemical Engineering,ID,2020,2
Chemical Engineering,ID,2021,2
Chemical Engineering,ID,2022,2
Chemical Engineering,ID,2023,2
Chemical Engineering,ID,2024,1
Chemical Engineering,IE,2015,8
Chemical Engineering,IE,2016,8
Chemical Engineering,IE,2017,9
Chemical Engineering,IE,2018,7
Chemical Engineering,IE,2019,7
Chemical Engineering,IE,2020,7
Chemical Engineering,IE,2021,7
Chemical Engineering,IE,2022,7
Chemical Engineering,IE,2023,7
Chemical Engineering,IE,2024,7
Chemical Engineering,IL,2015,5
Chemical Engineering,IL,2016,5
Chemical Engineering,IL,2017,5
Chemical Engineering,IL,2018,5
Chemical Engineering,IL,2019,6
Chemical Engineering,IL,2020,5
Chemical Engineering,IL,2021,5
Chemical Engineering,IL,2022,5
Chemical Engineering,IL,2023,4
Chemical Engineering,IL,2024,4
Chemical Engineering,IN,2015,32
Chemical Engineering,IN,2016,32
Chemical Engineering,IN,2017,33
Chemical Engineering,IN,2018,33
Chemical Engineering,IN,2019,35
Chemical Engineering,IN,2020,33
Chemical Engineering,IN,2021,30
Chemical Engineering,IN,2022,32
Chemical Engineering,IN,2023,33
Chemical Engineering,IN,2024,34
Chemical Engineering,IQ,2021,1
Chemical Engineering,IQ,2022,1
Chemical Engineering,IQ,2023,1
Chemical Engineering,IQ,2024,1
Chemical Engineering,IR,2015,3
Chemical Engineering,IR,2016,6
Chemical Engineering,IR,2017,7
Chemical Engineering,IR,2018,7
Chemical Engineering,IR,2019,8
Chemical Engineering,IR,2020,7
Chemical Engineering,IR,2021,9
Chemical Engineering,IR,2022,9
Chemical Engineering,IR,2023,9
Chemical Engineering,IR,2024,11
Chemical Engineering,IT,2015,64
Chemical Engineering,IT,2016,62
Chemical Engineering,IT,2017,60
Chemical Engineering,IT,2018,61
Chemical Engineering,IT,2019,61
Chemical Engineering,IT,2020,54
Chemical Engineering,IT,2021,55
Chemical Engineering,IT,2022,55
Chemical Engineering,IT,2023,49
Chemical Engineering,IT,2024,46
Chemical Engineering,JO,2015,1
Chemical Engineering,JO,2016,1
Chemical Engineering,JO,2017,1
Chemical Engineering,JO,2018,1
Chemical Engineering,JO,2019,1
Chemical Engineering,JO,2020,1
Chemical Engineering,JO,2021,2
Chemical Engineering,JO,2022,2
Chemical Engineering,JO,2023,1
Chemical Engineering,JO,2024,1
Chemical Engineering,JP,2015,109
Chemical Engineering,JP,2016,108
Chemical Engineering,JP,2017,104
Chemical Engineering,JP,2018,104
Chemical Engineering,JP,2019,103
Chemical Engineering,JP,2020,97
Chemical Engineering,JP,2021,92
Chemical Engineering,JP,2022,84
Chemical Engineering,JP,2023,81
Chemical Engineering,JP,2024,78
Chemical Engineering,KR,2015,12
Chemical Engineering,KR,2016,12
Chemical Engineering,KR,2017,14
Chemical Engineering,KR,2018,14
Chemical Engineering,KR,2019,15
Chemical Engineering,KR,2020,14
Chemical Engineering,KR,2021,13
Chemical Engineering,KR,2022,14
Chemical Engineering,KR,2023,13
Chemical Engineering,KR,2024,12
Chemical Engineering,MA,2021,1
Chemical Engineering,MA,2022,1
Chemical Engineering,MA,2023,1
Chemical Engineering,MA,2024,1
Chemical Engineering,MK,2015,1
Chemical Engineering,MK,2016,1
Chemical Engineering,MK,2017,1
Chemical Engineering,MK,2018,1
Chemical Engineering,MK,2019,1
Chemical Engineering,MK,2020,1
Chemical Engineering,MK,2021,1
Chemical Engineering,MK,2022,1
Chemical Engineering,MK,2023,1
Chemical Engineering,MK,2024,1
Chemical Engineering,MX,2015,4
Chemical Engineering,MX,2016,4
Chemical Engineering,MX,2017,4
Chemical Engineering,MX,2018,4
Chemical Engineering,MX,2019,4
Chemical Engineering,MX,2020,4
Chemical Engineering,MX,2021,4
Chemical Engineering,MX,2022,4
Chemical Engineering,MX,2023,4
Chemical Engineering,MX,2024,3
Chemical Engineering,MY,2015,5
Chemical Engineering,MY,2016,6
Chemical Engineering,MY,2017,6
Chemical Engineering,MY,2018,7
Chemical Engineering,MY,2019,8
Chemical Engineering,MY,2020,11
Chemical Engineering,MY,2021,12
Chemical Engineering,MY,2022,12
Chemical Engineering,MY,2023,12
Chemical Engineering,MY,2024,14
Chemical Engineering,NL,2015,25
Chemical Engineering,NL,2016,25
Chemical Engineering,NL,2017,27
Chemical Engineering,NL,2018,26
Chemical Engineering,NL,2019,26
Chemical Engineering,NL,2020,29
Chemical Engineering,NL,2021,29
Chemical Engineering,NL,2022,30
Chemical Engineering,NL,2023,34
Chemical Engineering,NL,2024,33
Chemical Engineering,NO,2015,7
Chemical Engineering,NO,2016,7
Chemical Engineering,NO,2017,8
Chemical Engineering,NO,2018,8
Chemical Engineering,NO,2019,8
Chemical Engineering,NO,2020,8
Chemical Engineering,NO,2021,8
Chemical Engineering,NO,2022,5
Chemical Engineering,NO,2023,4
Chemical Engineering,NO,2024,4
Chemical Engineering,NZ,2015,4
Chemical Engineering,NZ,2016,5
Chemical Engineering,NZ,2017,4
Chemical Engineering,NZ,2018,3
Chemical Engineering,NZ,2019,3
Chemical Engineering,NZ,2020,2
Chemical Engineering,NZ,2021,2
Chemical Engineering,NZ,2022,3
Chemical Engineering,NZ,2023,3
Chemical Engineering,NZ,2024,3
Chemical Engineering,OM,2015,1
Chemical Engineering,OM,2016,1
Chemical Engineering,OM,2017,1
Chemical Engineering,OM,2018,2
Chemical Engineering,OM,2019,2
Chemical Engineering,OM,2020,2
Chemical Engineering,OM,2021,2
Chemical Engineering,OM,2022,2
Chemical Engineering,OM,2023,2
Chemical Engineering,OM,2024,2
Chemical Engineering,PE,2023,1
Chemical Engineering,PE,2024,1
Chemical Engineering,PL,2015,14
Chemical Engineering,PL,2016,14
Chemical Engineering,PL,2017,14
Chemical Engineering,PL,2018,13
Chemical Engineering,PL,2019,13
Chemical Engineering,PL,2020,16
Chemical Engineering,PL,2021,14
Chemical Engineering,PL,2022,13
Chemical Engineering,PL,2023,10
Chemical Engineering,PL,2024,10
Chemical Engineering,PT,2015,25
Chemical Engineering,PT,2016,26
Chemical Engineering,PT,2017,26
Chemical Engineering,PT,2018,26
Chemical Engineering,PT,2019,27
Chemical Engineering,PT,2020,29
Chemical Engineering,PT,2021,28
Chemical Engineering,PT,2022,28
Chemical Engineering,PT,2023,28
Chemical Engineering,PT,2024,28
Chemical Engineering,QA,2015,1
Chemical Engineering,QA,2016,1
Chemical Engineering,QA,2017,1
Chemical Engineering,QA,2018,1
Chemical Engineering,QA,2019,1
Chemical Engineering,QA,2020,1
Chemical Engineering,QA,2021,1
Chemical Engineering,RO,2015,1
Chemical Engineering,RO,2016,1
Chemical Engineering,RO,2017,1
Chemical Engineering,RO,2018,1
Chemical Engineering,RO,2019,1
Chemical Engineering,RO,2020,1
Chemical Engineering,RO,2021,1
Chemical Engineering,RO,2022,1
Chemical Engineering,RO,2023,1
Chemical Engineering,RO,2024,1
Chemical Engineering,RU,2015,14
Chemical Engineering,RU,2016,13
Chemical Engineering,RU,2017,13
Chemical Engineering,RU,2018,16
Chemical Engineering,RU,2019,16
Chemical Engineering,RU,2020,16
Chemical Engineering,RU,2021,18
Chemical Engineering,RU,2022,16
Chemical Engineering,RU,2023,18
Chemical Engineering,RU,2024,19
Chemical Engineering,SA,2015,2
Chemical Engineering,SA,2016,3
Chemical Engineering,SA,2017,3
Chemical Engineering,SA,2018,4
Chemical Engineering,SA,2019,6
Chemical Engineering,SA,2020,6
Chemical Engineering,SA,2021,7
Chemical Engineering,SA,2022,8
Chemical Engineering,SA,2023,11
Chemical Engineering,SA,2024,14
Chemical Engineering,SE,2015,10
Chemical Engineering,SE,2016,10
Chemical Engineering,SE,2017,10
Chemical Engineering,SE,2018,11
Chemical Engineering,SE,2019,11
Chemical Engineering,SE,2020,12
Chemical Engineering,SE,2021,12
Chemical Engineering,SE,2022,10
Chemical Engineering,SE,2023,9
Chemical Engineering,SE,2024,10
Chemical Engineering,SG,2015,6
Chemical Engineering,SG,2016,7
Chemical Engineering,SG,2017,6
Chemical Engineering,SG,2018,6
Chemical Engineering,SG,2019,6
Chemical Engineering,SG,2020,7
Chemical Engineering,SG,2021,7
Chemical Engineering,SG,2022,10
Chemical Engineering,SG,2023,11
Chemical Engineering,SG,2024,13
Chemical Engineering,SI,2015,2
Chemical Engineering,SI,2016,2
Chemical Engineering,SI,2017,2
Chemical Engineering,SI,2018,2
Chemical Engineering,SI,2019,2
Chemical Engineering,SI,2020,2
Chemical Engineering,SI,2021,1
Chemical Engineering,SI,2022,1
Chemical Engineering,SI,2023,1
Chemical Engineering,SI,2024,1
Chemical Engineering,SK,2015,1
Chemical Engineering,SK,2016,1
Chemical Engineering,SK,2017,2
Chemical Engineering,SK,2018,1
Chemical Engineering,SK,2019,1
Chemical Engineering,SK,2020,1
Chemical Engineering,SK,2021,1
Chemical Engineering,SK,2022,1
Chemical Engineering,SK,2023,1
Chemical Engineering,SK,2024,1
Chemical Engineering,SS,2015,1
Chemical Engineering,SS,2016,1
Chemical Engineering,SS,2017,1
Chemical Engineering,SS,2018,1
Chemical Engineering,SY,2017,1
Chemical Engineering,SY,2018,1
Chemical Engineering,SY,2019,1
Chemical Engineering,SY,2020,1
Chemical Engineering,SY,2021,1
Chemical Engineering,SY,2022,1
Chemical Engineering,SY,2023,1
Chemical Engineering,SY,2024,1
Chemical Engineering,TH,2015,2
Chemical Engineering,TH,2016,2
Chemical Engineering,TH,2017,2
Chemical Engineering,TH,2018,2
Chemical Engineering,TH,2019,2
Chemical Engineering,TH,2020,3
Chemical Engineering,TH,2021,4
Chemical Engineering,TH,2022,4
Chemical Engineering,TH,2023,5
Chemical Engineering,TH,2024,5
Chemical Engineering,TJ,2015,1
Chemical Engineering,TJ,2016,1
Chemical Engineering,TJ,2017,1
Chemical Engineering,TJ,2018,1
Chemical Engineering,TJ,2019,1
Chemical Engineering,TJ,2020,1
Chemical Engineering,TJ,2021,1
Chemical Engineering,TJ,2022,2
Chemical Engineering,TJ,2023,2
Chemical Engineering,TJ,2024,1
Chemical Engineering,TN,2015,1
Chemical Engineering,TN,2016,1
Chemical Engineering,TN,2017,1
Chemical Engineering,TN,2018,1
Chemical Engineering,TN,2019,1
Chemical Engineering,TN,2020,1
Chemical Engineering,TN,2021,1
Chemical Engineering,TN,2022,1
Chemical Engineering,TR,2015,1
Chemical Engineering,TR,2016,1
Chemical Engineering,TR,2017,1
Chemical Engineering,TR,2018,1
Chemical Engineering,TR,2019,1
Chemical Engineering,TR,2020,1
Chemical Engineering,TR,2021,1
Chemical Engineering,TR,2022,1
Chemical Engineering,TR,2023,2
Chemical Engineering,TR,2024,2
Chemical Engineering,TW,2015,7
Chemical Engineering,TW,2016,7
Chemical Engineering,TW,2017,7
Chemical Engineering,TW,2018,7
Chemical Engineering,TW,2019,7
Chemical Engineering,TW,2020,8
Chemical Engineering,TW,2021,9
Chemical Engineering,TW,2022,9
Chemical Engineering,TW,2023,9
Chemical Engineering,TW,2024,8
Chemical Engineering,US,2015,329
Chemical Engineering,US,2016,321
Chemical Engineering,US,2017,314
Chemical Engineering,US,2018,303
Chemical Engineering,US,2019,301
Chemical Engineering,US,2020,293
Chemical Engineering,US,2021,288
Chemical Engineering,US,2022,283
Chemical Engineering,US,2023,275
Chemical Engineering,US,2024,261
Chemical Engineering,VE,2022,1
Chemical Engineering,VE,2023,1
Chemical Engineering,VE,2024,1
Chemical Engineering,VN,2015,1
Chemical Engineering,VN,2016,1
Chemical Engineering,VN,2017,1
Chemical Engineering,VN,2018,1
Chemical Engineering,VN,2021,1
Chemical Engineering,VN,2022,1
Chemical Engineering,VN,2023,1
Chemical Engineering,VN,2024,1
Chemical Engineering,ZA,2015,9
Chemical Engineering,ZA,2016,9
Chemical Engineering,ZA,2017,8
Chemical Engineering,ZA,2018,9
Chemical Engineering,ZA,2019,10
Chemical Engineering,ZA,2020,10
Chemical Engineering,ZA,2021,10
Chemical Engineering,ZA,2022,10
Chemical Engineering,ZA,2023,11
Chemical Engineering,ZA,2024,11
Chemistry,AR,2015,1
Chemistry,AT,2015,3
Chemistry,AT,2016,4
Chemistry,AT,2017,4
Chemistry,AT,2018,4
Chemistry,AT,2019,4
Chemistry,AT,2020,4
Chemistry,AT,2021,4
Chemistry,AT,2022,4
Chemistry,AT,2023,4
Chemistry,AT,2024,5
Chemistry,AU,2015,21
Chemistry,AU,2016,22
Chemistry,AU,2017,21
Chemistry,AU,2018,22
Chemistry,AU,2019,24
Chemistry,AU,2020,25
Chemistry,AU,2021,26
Chemistry,AU,2022,24
Chemistry,AU,2023,27
Chemistry,AU,2024,27
Chemistry,BE,2015,9
Chemistry,BE,2016,10
Chemistry,BE,2017,10
Chemistry,BE,2018,11
Chemistry,BE,2019,13
Chemistry,BE,2020,15
Chemistry,BE,2021,16
Chemistry,BE,2022,18
Chemistry,BE,2023,20
Chemistry,BE,2024,19
Chemistry,BG,2022,1
Chemistry,BG,2023,1
Chemistry,BG,2024,1
Chemistry,BI,2019,1
Chemistry,BI,2020,1
Chemistry,BI,2021,2
Chemistry,BI,2022,1
Chemistry,BI,2023,1
Chemistry,BI,2024,1
Chemistry,BR,2015,1
Chemistry,BR,2016,1
Chemistry,BR,2017,1
Chemistry,BR,2018,1
Chemistry,BR,2019,1
Chemistry,BR,2020,1
Chemistry,BR,2021,1
Chemistry,BR,2022,1
Chemistry,BR,2023,1
Chemistry,BR,2024,1
Chemistry,CA,2015,42
Chemistry,CA,2016,42
Chemistry,CA,2017,42
Chemistry,CA,2018,44
Chemistry,CA,2019,44
Chemistry,CA,2020,40
Chemistry,CA,2021,38
Chemistry,CA,2022,38
Chemistry,CA,2023,37
Chemistry,CA,2024,35
Chemistry,CH,2015,43
Chemistry,CH,2016,44
Chemistry,CH,2017,43
Chemistry,CH,2018,44
Chemistry,CH,2019,42
Chemistry,CH,2020,41
Chemistry,CH,2021,42
Chemistry,CH,2022,40
Chemistry,CH,2023,40
Chemistry,CH,2024,41
Chemistry,CN,2015,22
Chemistry,CN,2016,29
Chemistry,CN,2017,37
Chemistry,CN,2018,51
Chemistry,CN,2019,58
Chemistry,CN,2020,74
Chemistry,CN,2021,91
Chemistry,CN,2022,106
Chemistry,CN,2023,114
Chemistry,CN,2024,135
Chemistry,CNX,2015,24
Chemistry,CNX,2016,31
Chemistry,CNX,2017,39
Chemistry,CNX,2018,53
Chemistry,CNX,2019,61
Chemistry,CNX,2020,78
Chemistry,CNX,2021,95
Chemistry,CNX,2022,110
Chemistry,CNX,2023,118
Chemistry,CNX,2024,139
Chemistry,CZ,2015,5
Chemistry,CZ,2016,5
Chemistry,CZ,2017,5
Chemistry,CZ,2018,5
Chemistry,CZ,2019,8
Chemistry,CZ,2020,8
Chemistry,CZ,2021,8
Chemistry,CZ,2022,7
Chemistry,CZ,2023,7
Chemistry,CZ,2024,7
Chemistry,DE,2015,134
Chemistry,DE,2016,134
Chemistry,DE,2017,136
Chemistry,DE,2018,135
Chemistry,DE,2019,139
Chemistry,DE,2020,139
Chemistry,DE,2021,138
Chemistry,DE,2022,128
Chemistry,DE,2023,122
Chemistry,DE,2024,117
Chemistry,DK,2015,14
Chemistry,DK,2016,14
Chemistry,DK,2017,13
Chemistry,DK,2018,13
Chemistry,DK,2019,14
Chemistry,DK,2020,13
Chemistry,DK,2021,12
Chemistry,DK,2022,13
Chemistry,DK,2023,14
Chemistry,DK,2024,15
Chemistry,EG,2016,1
Chemistry,EG,2017,1
Chemistry,EG,2018,1
Chemistry,EG,2019,1
Chemistry,EG,2020,1
Chemistry,EG,2021,1
Chemistry,EG,2022,1
Chemistry,EG,2023,1
Chemistry,EG,2024,1
Chemistry,ES,2015,19
Chemistry,ES,2016,21
Chemistry,ES,2017,23
Chemistry,ES,2018,25
Chemistry,ES,2019,26
Chemistry,ES,2020,26
Chemistry,ES,2021,29
Chemistry,ES,2022,31
Chemistry,ES,2023,32
Chemistry,ES,2024,33
Chemistry,FI,2015,1
Chemistry,FI,2016,1
Chemistry,FI,2017,2
Chemistry,FI,2018,2
Chemistry,FI,2019,2
Chemistry,FI,2020,2
Chemistry,FI,2021,2
Chemistry,FI,2022,2
Chemistry,FI,2023,2
Chemistry,FI,2024,2
Chemistry,FR,2015,49
Chemistry,FR,2016,49
Chemistry,FR,2017,50
Chemistry,FR,2018,48
Chemistry,FR,2019,48
Chemistry,FR,2020,50
Chemistry,FR,2021,50
Chemistry,FR,2022,53
Chemistry,FR,2023,53
Chemistry,FR,2024,52
Chemistry,GB,2015,109
Chemistry,GB,2016,109
Chemistry,GB,2017,110
Chemistry,GB,2018,108
Chemistry,GB,2019,109
Chemistry,GB,2020,108
Chemistry,GB,2021,104
Chemistry,GB,2022,104
Chemistry,GB,2023,104
Chemistry,GB,2024,100
Chemistry,GR,2015,1
Chemistry,GR,2016,1
Chemistry,GR,2017,1
Chemistry,GR,2018,1
Chemistry,GR,2019,1
Chemistry,GR,2020,1
Chemistry,GR,2021,1
Chemistry,GR,2022,1
Chemistry,GR,2023,1
Chemistry,GR,2024,1
Chemistry,HK,2015,2
Chemistry,HK,2016,2
Chemistry,HK,2017,3
Chemistry,HK,2018,3
Chemistry,HK,2019,3
Chemistry,HK,2020,4
Chemistry,HK,2021,4
Chemistry,HK,2022,4
Chemistry,HK,2023,4
Chemistry,HK,2024,4
Chemistry,HR,2015,1
Chemistry,HR,2016,1
Chemistry,HR,2017,1
Chemistry,HR,2018,1
Chemistry,HR,2019,1
Chemistry,HR,2020,1
Chemistry,HR,2021,1
Chemistry,HR,2022,1
Chemistry,HR,2023,1
Chemistry,HR,2024,1
Chemistry,HU,2015,1
Chemistry,HU,2016,1
Chemistry,HU,2017,1
Chemistry,HU,2018,1
Chemistry,HU,2019,1
Chemistry,HU,2020,1
Chemistry,HU,2021,1
Chemistry,HU,2022,1
Chemistry,HU,2023,2
Chemistry,HU,2024,2
Chemistry,IE,2015,2
Chemistry,IE,2016,3
Chemistry,IE,2017,3
Chemistry,IE,2018,3
Chemistry,IE,2019,3
Chemistry,IE,2020,3
Chemistry,IE,2021,3
Chemistry,IE,2022,3
Chemistry,IE,2023,3
Chemistry,IE,2024,3
Chemistry,IL,2015,12
Chemistry,IL,2016,11
Chemistry,IL,2017,10
Chemistry,IL,2018,9
Chemistry,IL,2019,10
Chemistry,IL,2020,10
Chemistry,IL,2021,9
Chemistry,IL,2022,9
Chemistry,IL,2023,9
Chemistry,IL,2024,8
Chemistry,IN,2015,6
Chemistry,IN,2016,7
Chemistry,IN,2017,8
Chemistry,IN,2018,10
Chemistry,IN,2019,9
Chemistry,IN,2020,8
Chemistry,IN,2021,8
Chemistry,IN,2022,6
Chemistry,IN,2023,8
Chemistry,IN,2024,8
Chemistry,IR,2015,2
Chemistry,IR,2016,2
Chemistry,IR,2017,3
Chemistry,IR,2018,4
Chemistry,IR,2019,7
Chemistry,IR,2020,8
Chemistry,IR,2021,9
Chemistry,IR,2022,11
Chemistry,IR,2023,13
Chemistry,IR,2024,14
Chemistry,IT,2015,13
Chemistry,IT,2016,13
Chemistry,IT,2017,12
Chemistry,IT,2018,12
Chemistry,IT,2019,12
Chemistry,IT,2020,12
Chemistry,IT,2021,13
Chemistry,IT,2022,14
Chemistry,IT,2023,13
Chemistry,IT,2024,13
Chemistry,JP,2015,109
Chemistry,JP,2016,105
Chemistry,JP,2017,105
Chemistry,JP,2018,105
Chemistry,JP,2019,103
Chemistry,JP,2020,103
Chemistry,JP,2021,101
Chemistry,JP,2022,99
Chemistry,JP,2023,94
Chemistry,JP,2024,90
Chemistry,KR,2015,5
Chemistry,KR,2016,6
Chemistry,KR,2017,6
Chemistry,KR,2018,8
Chemistry,KR,2019,8
Chemistry,KR,2020,8
Chemistry,KR,2021,8
Chemistry,KR,2022,12
Chemistry,KR,2023,14
Chemistry,KR,2024,14
Chemistry,MO,2021,1
Chemistry,MO,2022,1
Chemistry,MO,2023,1
Chemistry,MO,2024,1
Chemistry,MY,2015,1
Chemistry,MY,2016,1
Chemistry,MY,2017,1
Chemistry,MY,2018,1
Chemistry,MY,2019,1
Chemistry,MY,2020,1
Chemistry,MY,2021,1
Chemistry,MY,2022,1
Chemistry,MY,2023,1
Chemistry,MY,2024,1
Chemistry,NL,2015,36
Chemistry,NL,2016,35
Chemistry,NL,2017,34
Chemistry,NL,2018,31
Chemistry,NL,2019,32
Chemistry,NL,2020,31
Chemistry,NL,2021,31
Chemistry,NL,2022,32
Chemistry,NL,2023,32
Chemistry,NL,2024,33
Chemistry,NO,2015,2
Chemistry,NO,2016,2
Chemistry,NO,2017,2
Chemistry,NO,2018,3
Chemistry,NO,2019,5
Chemistry,NO,2020,6
Chemistry,NO,2021,6
Chemistry,NO,2022,6
Chemistry,NO,2023,6
Chemistry,NO,2024,8
Chemistry,NZ,2019,1
Chemistry,PL,2015,3
Chemistry,PL,2016,4
Chemistry,PL,2017,4
Chemistry,PL,2018,5
Chemistry,PL,2019,6
Chemistry,PL,2020,6
Chemistry,PL,2021,8
Chemistry,PL,2022,7
Chemistry,PL,2023,7
Chemistry,PL,2024,7
Chemistry,PR,2015,1
Chemistry,PR,2016,1
Chemistry,PR,2017,1
Chemistry,PR,2018,1
Chemistry,PR,2019,1
Chemistry,PR,2020,1
Chemistry,PR,2021,1
Chemistry,PR,2022,1
Chemistry,PR,2023,1
Chemistry,PR,2024,1
Chemistry,PT,2015,2
Chemistry,PT,2016,2
Chemistry,PT,2017,2
Chemistry,PT,2018,2
Chemistry,PT,2019,2
Chemistry,PT,2020,2
Chemistry,PT,2021,2
Chemistry,PT,2022,3
Chemistry,PT,2023,3
Chemistry,PT,2024,3
Chemistry,QA,2022,1
Chemistry,QA,2023,1
Chemistry,QA,2024,1
Chemistry,RO,2015,1
Chemistry,RO,2016,1
Chemistry,RO,2017,1
Chemistry,RO,2018,1
Chemistry,RO,2019,1
Chemistry,RO,2020,1
Chemistry,RU,2015,4
Chemistry,RU,2016,4
Chemistry,RU,2017,4
Chemistry,RU,2018,5
Chemistry,RU,2019,5
Chemistry,RU,2020,6
Chemistry,RU,2021,8
Chemistry,RU,2022,9
Chemistry,RU,2023,9
Chemistry,RU,2024,10
Chemistry,SA,2015,5
Chemistry,SA,2016,9
Chemistry,SA,2017,11
Chemistry,SA,2018,14
Chemistry,SA,2019,16
Chemistry,SA,2020,17
Chemistry,SA,2021,17
Chemistry,SA,2022,17
Chemistry,SA,2023,17
Chemistry,SA,2024,17
Chemistry,SE,2015,21
Chemistry,SE,2016,21
Chemistry,SE,2017,20
Chemistry,SE,2018,19
Chemistry,SE,2019,17
Chemistry,SE,2020,16
Chemistry,SE,2021,16
Chemistry,SE,2022,16
Chemistry,SE,2023,16
Chemistry,SE,2024,17
Chemistry,SG,2015,4
Chemistry,SG,2016,3
Chemistry,SG,2017,5
Chemistry,SG,2018,8
Chemistry,SG,2019,9
Chemistry,SG,2020,9
Chemistry,SG,2021,10
Chemistry,SG,2022,9
Chemistry,SG,2023,9
Chemistry,SG,2024,9
Chemistry,SK,2015,2
Chemistry,SK,2016,2
Chemistry,SK,2017,2
Chemistry,SK,2018,2
Chemistry,SK,2019,2
Chemistry,SK,2020,2
Chemistry,SK,2021,2
Chemistry,SK,2022,2
Chemistry,SK,2023,2
Chemistry,SK,2024,2
Chemistry,SS,2015,2
Chemistry,SS,2016,2
Chemistry,SS,2017,2
Chemistry,SS,2018,2
Chemistry,SS,2019,2
Chemistry,SS,2020,1
Chemistry,SS,2021,1
Chemistry,SS,2022,1
Chemistry,SS,2023,1
Chemistry,SS,2024,1
Chemistry,TN,2022,1
Chemistry,TN,2023,1
Chemistry,TN,2024,1
Chemistry,TR,2015,2
Chemistry,TR,2016,3
Chemistry,TR,2017,3
Chemistry,TR,2018,3
Chemistry,TR,2019,3
Chemistry,TR,2020,3
Chemistry,TR,2021,3
Chemistry,TR,2022,3
Chemistry,TR,2023,4
Chemistry,TR,2024,4
Chemistry,TW,2015,1
Chemistry,TW,2016,1
Chemistry,TW,2017,1
Chemistry,TW,2018,1
Chemistry,TW,2019,2
Chemistry,TW,2020,2
Chemistry,TW,2021,2
Chemistry,TW,2022,2
Chemistry,TW,2023,2
Chemistry,TW,2024,2
Chemistry,UA,2015,1
Chemistry,UA,2016,1
Chemistry,UA,2017,1
Chemistry,UA,2018,1
Chemistry,UA,2019,1
Chemistry,UA,2020,1
Chemistry,UA,2021,1
Chemistry,UA,2022,1
Chemistry,UA,2023,1
Chemistry,UA,2024,1
Chemistry,US,2015,480
Chemistry,US,2016,470
Chemistry,US,2017,462
Chemistry,US,2018,450
Chemistry,US,2019,435
Chemistry,US,2020,424
Chemistry,US,2021,410
Chemistry,US,2022,396
Chemistry,US,2023,392
Chemistry,US,2024,389
Chemistry,ZA,2015,4
Chemistry,ZA,2016,4
Chemistry,ZA,2017,3
Chemistry,ZA,2018,3
Chemistry,ZA,2019,3
Chemistry,ZA,2020,2
Chemistry,ZA,2021,2
Chemistry,ZA,2022,2
Chemistry,ZA,2023,2
Chemistry,ZA,2024,2
Computer Science,AE,2020,1
Computer Science,AE,2021,1
Computer Science,AE,2022,2
Computer Science,AE,2023,2
Computer Science,AE,2024,5
Computer Science,AT,2015,15
Computer Science,AT,2016,16
Computer Science,AT,2017,16
Computer Science,AT,2018,16
Computer Science,AT,2019,16
Computer Science,AT,2020,16
Computer Science,AT,2021,14
Computer Science,AT,2022,14
Computer Science,AT,2023,15
Computer Science,AT,2024,12
Computer Science,AU,2015,26
Computer Science,AU,2016,27
Computer Science,AU,2017,28
Computer Science,AU,2018,28
Computer Science,AU,2019,32
Computer Science,AU,2020,34
Computer Science,AU,2021,37
Computer Science,AU,2022,38
Computer Science,AU,2023,37
Computer Science,AU,2024,39
Computer Science,BE,2015,11
Computer Science,BE,2016,11
Computer Science,BE,2017,10
Computer Science,BE,2018,10
Computer Science,BE,2019,11
Computer Science,BE,2020,10
Computer Science,BE,2021,8
Computer Science,BE,2022,9
Computer Science,BE,2023,9
Computer Science,BE,2024,9
Computer Science,BG,2015,1
Computer Science,BG,2016,1
Computer Science,BG,2017,2
Computer Science,BG,2018,2
Computer Science,BG,2019,2
Computer Science,BG,2020,2
Computer Science,BG,2021,2
Computer Science,BG,2022,2
Computer Science,BG,2023,2
Computer Science,BG,2024,2
Computer Science,BI,2015,3
Computer Science,BI,2016,3
Computer Science,BI,2017,4
Computer Science,BI,2018,4
Computer Science,BI,2019,5
Computer Science,BI,2020,4
Computer Science,BI,2021,4
Computer Science,BI,2022,4
Computer Science,BI,2023,3
Computer Science,BI,2024,3
Computer Science,BR,2015,2
Computer Science,BR,2016,1
Computer Science,BR,2017,1
Computer Science,BR,2021,1
Computer Science,BR,2022,1
Computer Science,BR,2023,1
Computer Science,BR,2024,1
Computer Science,CA,2015,63
Computer Science,CA,2016,63
Computer Science,CA,2017,65
Computer Science,CA,2018,70
Computer Science,CA,2019,76
Computer Science,CA,2020,80
Computer Science,CA,2021,81
Computer Science,CA,2022,85
Computer Science,CA,2023,83
Computer Science,CA,2024,83
Computer Science,CH,2015,32
Computer Science,CH,2016,33
Computer Science,CH,2017,33
Computer Science,CH,2018,37
Computer Science,CH,2019,39
Computer Science,CH,2020,42
Computer Science,CH,2021,43
Computer Science,CH,2022,43
Computer Science,CH,2023,46
Computer Science,CH,2024,44
Computer Science,CL,2015,2
Computer Science,CL,2016,2
Computer Science,CL,2017,2
Computer Science,CL,2018,2
Computer Science,CL,2019,2
Computer Science,CL,2020,1
Computer Science,CL,2021,1
Computer Science,CL,2022,1
Computer Science,CL,2023,1
Computer Science,CL,2024,1
Computer Science,CN,2015,23
Computer Science,CN,2016,26
Computer Science,CN,2017,35
Computer Science,CN,2018,47
Computer Science,CN,2019,51
Computer Science,CN,2020,65
Computer Science,CN,2021,80
Computer Science,CN,2022,93
Computer Science,CN,2023,112
Computer Science,CN,2024,132
Computer Science,CNX,2015,33
Computer Science,CNX,2016,38
Computer Science,CNX,2017,46
Computer Science,CNX,2018,58
Computer Science,CNX,2019,62
Computer Science,CNX,2020,77
Computer Science,CNX,2021,94
Computer Science,CNX,2022,108
Computer Science,CNX,2023,131
Computer Science,CNX,2024,162
Computer Science,CZ,2015,2
Computer Science,CZ,2016,2
Computer Science,CZ,2017,3
Computer Science,CZ,2018,3
Computer Science,CZ,2019,4
Computer Science,CZ,2020,4
Computer Science,CZ,2021,4
Computer Science,CZ,2022,4
Computer Science,CZ,2023,4
Computer Science,CZ,2024,4
Computer Science,DE,2015,64
Computer Science,DE,2016,63
Computer Science,DE,2017,62
Computer Science,DE,2018,62
Computer Science,DE,2019,58
Computer Science,DE,2020,62
Computer Science,DE,2021,63
Computer Science,DE,2022,64
Computer Science,DE,2023,64
Computer Science,DE,2024,60
Computer Science,DK,2015,7
Computer Science,DK,2016,6
Computer Science,DK,2017,6
Computer Science,DK,2018,6
Computer Science,DK,2019,5
Computer Science,DK,2020,4
Computer Science,DK,2021,5
Computer Science,DK,2022,5
Computer Science,DK,2023,4
Computer Science,DK,2024,4
Computer Science,EG,2015,2
Computer Science,EG,2016,2
Computer Science,EG,2017,2
Computer Science,EG,2018,2
Computer Science,EG,2019,2
Computer Science,EG,2020,2
Computer Science,EG,2021,2
Computer Science,EG,2022,2
Computer Science,EG,2023,2
Computer Science,EG,2024,3
Computer Science,ES,2015,7
Computer Science,ES,2016,7
Computer Science,ES,2017,7
Computer Science,ES,2018,8
Computer Science,ES,2019,7
Computer Science,ES,2020,7
Computer Science,ES,2021,8
Computer Science,ES,2022,8
Computer Science,ES,2023,7
Computer Science,ES,2024,8
Computer Science,FI,2015,9
Computer Science,FI,2016,9
Computer Science,FI,2017,9
Computer Science,FI,2018,9
Computer Science,FI,2019,9
Computer Science,FI,2020,10
Computer Science,FI,2021,12
Computer Science,FI,2022,10
Computer Science,FI,2023,10
Computer Science,FI,2024,11
Computer Science,FR,2015,27
Computer Science,FR,2016,27
Computer Science,FR,2017,29
Computer Science,FR,2018,28
Computer Science,FR,2019,30
Computer Science,FR,2020,26
Computer Science,FR,2021,28
Computer Science,FR,2022,27
Computer Science,FR,2023,28
Computer Science,FR,2024,27
Computer Science,GB,2015,126
Computer Science,GB,2016,125
Computer Science,GB,2017,132
Computer Science,GB,2018,137
Computer Science,GB,2019,140
Computer Science,GB,2020,149
Computer Science,GB,2021,150
Computer Science,GB,2022,150
Computer Science,GB,2023,154
Computer Science,GB,2024,153
Computer Science,GR,2015,4
Computer Science,GR,2016,5
Computer Science,GR,2017,5
Computer Science,GR,2018,5
Computer Science,GR,2019,4
Computer Science,GR,2020,5
Computer Science,GR,2021,6
Computer Science,GR,2022,4
Computer Science,GR,2023,5
Computer Science,GR,2024,4
Computer Science,HK,2015,11
Computer Science,HK,2016,13
Computer Science,HK,2017,15
Computer Science,HK,2018,15
Computer Science,HK,2019,17
Computer Science,HK,2020,18
Computer Science,HK,2021,19
Computer Science,HK,2022,22
Computer Science,HK,2023,26
Computer Science,HK,2024,33
Computer Science,HU,2015,2
Computer Science,HU,2016,2
Computer Science,HU,2017,2
Computer Science,HU,2018,2
Computer Science,HU,2019,2
Computer Science,HU,2020,2
Computer Science,HU,2021,2
Computer Science,HU,2022,1
Computer Science,HU,2023,3
Computer Science,HU,2024,3
Computer Science,IE,2015,5
Computer Science,IE,2016,5
Computer Science,IE,2017,3
Computer Science,IE,2018,2
Computer Science,IE,2019,2
Computer Science,IE,2020,1
Computer Science,IE,2021,1
Computer Science,IE,2022,1
Computer Science,IL,2015,30
Computer Science,IL,2016,31
Computer Science,IL,2017,34
Computer Science,IL,2018,37
Computer Science,IL,2019,37
Computer Science,IL,2020,40
Computer Science,IL,2021,46
Computer Science,IL,2022,46
Computer Science,IL,2023,49
Computer Science,IL,2024,48
Computer Science,IN,2015,11
Computer Science,IN,2016,11
Computer Science,IN,2017,10
Computer Science,IN,2018,9
Computer Science,IN,2019,9
Computer Science,IN,2020,9
Computer Science,IN,2021,11
Computer Science,IN,2022,12
Computer Science,IN,2023,12
Computer Science,IN,2024,12
Computer Science,IR,2021,1
Computer Science,IR,2022,1
Computer Science,IR,2024,1
Computer Science,IT,2015,13
Computer Science,IT,2016,12
Computer Science,IT,2017,11
Computer Science,IT,2018,11
Computer Science,IT,2019,9
Computer Science,IT,2020,9
Computer Science,IT,2021,8
Computer Science,IT,2022,7
Computer Science,IT,2023,6
Computer Science,IT,2024,5
Computer Science,JO,2024,1
Computer Science,JP,2015,15
Computer Science,JP,2016,15
Computer Science,JP,2017,14
Computer Science,JP,2018,14
Computer Science,JP,2019,13
Computer Science,JP,2020,15
Computer Science,JP,2021,15
Computer Science,JP,2022,14
Computer Science,JP,2023,11
Computer Science,JP,2024,11
Computer Science,KR,2015,1
Computer Science,KR,2016,1
Computer Science,KR,2017,1
Computer Science,KR,2018,4
Computer Science,KR,2019,4
Computer Science,KR,2020,4
Computer Science,KR,2021,7
Computer Science,KR,2022,7
Computer Science,KR,2023,8
Computer Science,KR,2024,6
Computer Science,KW,2016,1
Computer Science,KW,2017,1
Computer Science,KW,2018,1
Computer Science,KW,2019,1
Computer Science,KW,2020,1
Computer Science,KW,2021,1
Computer Science,KW,2022,1
Computer Science,KW,2023,1
Computer Science,KW,2024,2
Computer Science,LB,2024,3
Computer Science,LU,2015,2
Computer Science,LU,2016,1
Computer Science,LU,2017,1
Computer Science,LU,2018,1
Computer Science,LU,2019,1
Computer Science,LU,2020,1
Computer Science,LU,2021,1
Computer Science,LU,2022,1
Computer Science,LU,2023,1
Computer Science,LU,2024,1
Computer Science,MO,2017,1
Computer Science,MO,2018,1
Computer Science,MO,2019,1
Computer Science,MO,2020,2
Computer Science,MO,2021,2
Computer Science,MO,2022,2
Computer Science,MO,2023,2
Computer Science,MO,2024,2
Computer Science,MX,2015,1
Computer Science,MX,2016,1
Computer Science,MX,2017,1
Computer Science,MX,2018,1
Computer Science,MX,2019,1
Computer Science,MX,2020,2
Computer Science,MX,2021,2
Computer Science,MX,2022,2
Computer Science,MX,2023,3
Computer Science,MX,2024,3
Computer Science,MY,2024,2
Computer Science,NL,2015,18
Computer Science,NL,2016,19
Computer Science,NL,2017,18
Computer Science,NL,2018,17
Computer Science,NL,2019,19
Computer Science,NL,2020,20
Computer Science,NL,2021,17
Computer Science,NL,2022,16
Computer Science,NL,2023,16
Computer Science,NL,2024,13
Computer Science,NO,2015,2
Computer Science,NO,2016,2
Computer Science,NO,2017,2
Computer Science,NO,2018,2
Computer Science,NO,2019,2
Computer Science,NO,2020,2
Computer Science,NO,2021,3
Computer Science,NO,2022,3
Computer Science,NO,2023,3
Computer Science,NO,2024,4
Computer Science,NZ,2015,6
Computer Science,NZ,2016,6
Computer Science,NZ,2017,6
Computer Science,NZ,2018,6
Computer Science,NZ,2019,6
Computer Science,NZ,2020,6
Computer Science,NZ,2021,7
Computer Science,NZ,2022,7
Computer Science,NZ,2023,7
Computer Science,NZ,2024,8
Computer Science,PL,2015,11
Computer Science,PL,2016,11
Computer Science,PL,2017,12
Computer Science,PL,2018,12
Computer Science,PL,2019,12
Computer Science,PL,2020,11
Computer Science,PL,2021,11
Computer Science,PL,2022,10
Computer Science,PL,2023,9
Computer Science,PL,2024,9
Computer Science,PT,2015,2
Computer Science,PT,2016,2
Computer Science,PT,2017,2
Computer Science,PT,2018,2
Computer Science,PT,2019,2
Computer Science,PT,2020,2
Computer Science,PT,2021,4
Computer Science,PT,2022,4
Computer Science,PT,2023,3
Computer Science,PT,2024,3
Computer Science,QA,2019,1
Computer Science,QA,2020,2
Computer Science,QA,2021,2
Computer Science,QA,2022,3
Computer Science,QA,2023,3
Computer Science,QA,2024,3
Computer Science,RO,2015,1
Computer Science,RO,2016,1
Computer Science,RO,2017,1
Computer Science,RO,2018,1
Computer Science,RO,2019,1
Computer Science,RO,2020,1
Computer Science,RO,2021,1
Computer Science,RO,2022,1
Computer Science,RO,2023,1
Computer Science,RO,2024,1
Computer Science,RS,2015,1
Computer Science,RS,2016,1
Computer Science,RS,2017,1
Computer Science,RS,2018,1
Computer Science,RS,2019,1
Computer Science,RS,2020,1
Computer Science,RU,2015,3
Computer Science,RU,2016,5
Computer Science,RU,2017,6
Computer Science,RU,2018,6
Computer Science,RU,2019,9
Computer Science,RU,2020,10
Computer Science,RU,2021,11
Computer Science,RU,2022,12
Computer Science,RU,2023,15
Computer Science,RU,2024,16
Computer Science,SA,2015,2
Computer Science,SA,2016,4
Computer Science,SA,2017,4
Computer Science,SA,2018,4
Computer Science,SA,2019,4
Computer Science,SA,2020,4
Computer Science,SA,2021,6
Computer Science,SA,2022,6
Computer Science,SA,2023,6
Computer Science,SA,2024,7
Computer Science,SE,2015,2
Computer Science,SE,2016,4
Computer Science,SE,2017,4
Computer Science,SE,2018,4
Computer Science,SE,2019,4
Computer Science,SE,2020,3
Computer Science,SE,2021,3
Computer Science,SE,2022,3
Computer Science,SE,2023,5
Computer Science,SE,2024,6
Computer Science,SG,2015,8
Computer Science,SG,2016,9
Computer Science,SG,2017,9
Computer Science,SG,2018,10
Computer Science,SG,2019,9
Computer Science,SG,2020,11
Computer Science,SG,2021,14
Computer Science,SG,2022,14
Computer Science,SG,2023,17
Computer Science,SG,2024,22
Computer Science,SK,2015,1
Computer Science,SK,2016,1
Computer Science,SK,2017,1
Computer Science,SK,2018,1
Computer Science,SK,2019,2
Computer Science,SK,2020,2
Computer Science,SK,2021,3
Computer Science,SK,2022,2
Computer Science,SK,2023,3
Computer Science,SK,2024,3
Computer Science,SS,2015,1
Computer Science,SS,2016,1
Computer Science,SS,2017,1
Computer Science,SS,2018,1
Computer Science,SS,2019,1
Computer Science,SS,2020,1
Computer Science,TH,2015,1
Computer Science,TH,2016,1
Computer Science,TH,2017,1
Computer Science,TH,2018,1
Computer Science,TH,2019,1
Computer Science,TH,2020,1
Computer Science,TH,2021,1
Computer Science,TH,2022,1
Computer Science,TH,2023,1
Computer Science,TH,2024,1
Computer Science,TR,2015,1
Computer Science,TR,2016,1
Computer Science,TR,2017,1
Computer Science,TR,2018,1
Computer Science,TR,2019,1
Computer Science,TR,2020,1
Computer Science,TR,2021,1
Computer Science,TR,2022,1
Computer Science,TR,2023,1
Computer Science,TR,2024,1
Computer Science,TW,2015,3
Computer Science,TW,2016,4
Computer Science,TW,2017,4
Computer Science,TW,2018,4
Computer Science,TW,2019,4
Computer Science,TW,2020,5
Computer Science,TW,2021,5
Computer Science,TW,2022,5
Computer Science,TW,2023,5
Computer Science,TW,2024,8
Computer Science,US,2015,766
Computer Science,US,2016,759
Computer Science,US,2017,755
Computer Science,US,2018,747
Computer Science,US,2019,750
Computer Science,US,2020,745
Computer Science,US,2021,737
Computer Science,US,2022,721
Computer Science,US,2023,701
Computer Science,US,2024,675
Computer Science,VN,2024,1
Decision Sciences,AE,2022,1
Decision Sciences,AE,2023,1
Decision Sciences,AE,2024,1
Decision Sciences,AT,2015,11
Decision Sciences,AT,2016,11
Decision Sciences,AT,2017,11
Decision Sciences,AT,2018,10
Decision Sciences,AT,2019,8
Decision Sciences,AT,2020,8
Decision Sciences,AT,2021,7
Decision Sciences,AT,2022,7
Decision Sciences,AT,2023,7
Decision Sciences,AT,2024,7
Decision Sciences,AU,2015,34
Decision Sciences,AU,2016,34
Decision Sciences,AU,2017,35
Decision Sciences,AU,2018,36
Decision Sciences,AU,2019,39
Decision Sciences,AU,2020,41
Decision Sciences,AU,2021,45
Decision Sciences,AU,2022,49
Decision Sciences,AU,2023,49
Decision Sciences,AU,2024,52
Decision Sciences,BA,2023,1
Decision Sciences,BA,2024,1
Decision Sciences,BD,2024,1
Decision Sciences,BE,2015,17
Decision Sciences,BE,2016,18
Decision Sciences,BE,2017,18
Decision Sciences,BE,2018,18
Decision Sciences,BE,2019,19
Decision Sciences,BE,2020,19
Decision Sciences,BE,2021,19
Decision Sciences,BE,2022,19
Decision Sciences,BE,2023,19
Decision Sciences,BE,2024,20
Decision Sciences,BR,2015,3
Decision Sciences,BR,2016,3
Decision Sciences,BR,2017,3
Decision Sciences,BR,2018,3
Decision Sciences,BR,2019,3
Decision Sciences,BR,2020,3
Decision Sciences,BR,2021,4
Decision Sciences,BR,2022,4
Decision Sciences,BR,2023,4
Decision Sciences,BR,2024,6
Decision Sciences,CA,2015,61
Decision Sciences,CA,2016,59
Decision Sciences,CA,2017,62
Decision Sciences,CA,2018,66
Decision Sciences,CA,2019,67
Decision Sciences,CA,2020,67
Decision Sciences,CA,2021,71
Decision Sciences,CA,2022,70
Decision Sciences,CA,2023,70
Decision Sciences,CA,2024,72
Decision Sciences,CH,2015,12
Decision Sciences,CH,2016,14
Decision Sciences,CH,2017,16
Decision Sciences,CH,2018,16
Decision Sciences,CH,2019,17
Decision Sciences,CH,2020,19
Decision Sciences,CH,2021,21
Decision Sciences,CH,2022,22
Decision Sciences,CH,2023,22
Decision Sciences,CH,2024,22
Decision Sciences,CL,2015,2
Decision Sciences,CL,2016,1
Decision Sciences,CL,2017,1
Decision Sciences,CL,2018,1
Decision Sciences,CL,2019,1
Decision Sciences,CL,2020,1
Decision Sciences,CL,2021,1
Decision Sciences,CL,2022,1
Decision Sciences,CL,2023,1
Decision Sciences,CL,2024,2
Decision Sciences,CN,2015,14
Decision Sciences,CN,2016,18
Decision Sciences,CN,2017,25
Decision Sciences,CN,2018,25
Decision Sciences,CN,2019,29
Decision Sciences,CN,2020,32
Decision Sciences,CN,2021,36
Decision Sciences,CN,2022,39
Decision Sciences,CN,2023,48
Decision Sciences,CN,2024,52
Decision Sciences,CNX,2015,41
Decision Sciences,CNX,2016,44
Decision Sciences,CNX,2017,52
Decision Sciences,CNX,2018,53
Decision Sciences,CNX,2019,58
Decision Sciences,CNX,2020,63
Decision Sciences,CNX,2021,66
Decision Sciences,CNX,2022,69
Decision Sciences,CNX,2023,76
Decision Sciences,CNX,2024,82
Decision Sciences,CY,2019,1
Decision Sciences,CY,2020,1
Decision Sciences,CY,2021,1
Decision Sciences,CY,2022,1
Decision Sciences,CY,2023,1
Decision Sciences,CY,2024,1
Decision Sciences,CZ,2015,4
Decision Sciences,CZ,2016,4
Decision Sciences,CZ,2017,4
Decision Sciences,CZ,2018,4
Decision Sciences,CZ,2019,4
Decision Sciences,CZ,2020,4
Decision Sciences,CZ,2021,4
Decision Sciences,CZ,2022,4
Decision Sciences,CZ,2023,4
Decision Sciences,CZ,2024,5
Decision Sciences,DE,2015,39
Decision Sciences,DE,2016,40
Decision Sciences,DE,2017,42
Decision Sciences,DE,2018,40
Decision Sciences,DE,2019,39
Decision Sciences,DE,2020,38
Decision Sciences,DE,2021,36
Decision Sciences,DE,2022,38
Decision Sciences,DE,2023,38
Decision Sciences,DE,2024,39
Decision Sciences,DK,2015,7
Decision Sciences,DK,2016,6
Decision Sciences,DK,2017,6
Decision Sciences,DK,2018,6
Decision Sciences,DK,2019,6
Decision Sciences,DK,2020,6
Decision Sciences,DK,2021,6
Decision Sciences,DK,2022,6
Decision Sciences,DK,2023,7
Decision Sciences,DK,2024,7
Decision Sciences,DZ,2015,1
Decision Sciences,DZ,2016,1
Decision Sciences,DZ,2017,1
Decision Sciences,DZ,2018,1
Decision Sciences,DZ,2019,1
Decision Sciences,DZ,2020,1
Decision Sciences,DZ,2021,1
Decision Sciences,DZ,2022,1
Decision Sciences,DZ,2023,1
Decision Sciences,DZ,2024,1
Decision Sciences,EG,2015,1
Decision Sciences,EG,2016,1
Decision Sciences,EG,2017,1
Decision Sciences,EG,2018,1
Decision Sciences,ES,2015,11
Decision Sciences,ES,2016,12
Decision Sciences,ES,2017,13
Decision Sciences,ES,2018,16
Decision Sciences,ES,2019,17
Decision Sciences,ES,2020,17
Decision Sciences,ES,2021,18
Decision Sciences,ES,2022,20
Decision Sciences,ES,2023,21
Decision Sciences,ES,2024,23
Decision Sciences,FI,2015,7
Decision Sciences,FI,2016,7
Decision Sciences,FI,2017,8
Decision Sciences,FI,2018,8
Decision Sciences,FI,2019,8
Decision Sciences,FI,2020,7
Decision Sciences,FI,2021,7
Decision Sciences,FI,2022,7
Decision Sciences,FI,2023,7
Decision Sciences,FI,2024,8
Decision Sciences,FR,2015,26
Decision Sciences,FR,2016,28
Decision Sciences,FR,2017,30
Decision Sciences,FR,2018,27
Decision Sciences,FR,2019,30
Decision Sciences,FR,2020,28
Decision Sciences,FR,2021,26
Decision Sciences,FR,2022,26
Decision Sciences,FR,2023,22
Decision Sciences,FR,2024,20
Decision Sciences,GB,2015,155
Decision Sciences,GB,2016,156
Decision Sciences,GB,2017,156
Decision Sciences,GB,2018,159
Decision Sciences,GB,2019,159
Decision Sciences,GB,2020,158
Decision Sciences,GB,2021,157
Decision Sciences,GB,2022,159
Decision Sciences,GB,2023,156
Decision Sciences,GB,2024,160
Decision Sciences,GH,2015,2
Decision Sciences,GH,2016,2
Decision Sciences,GH,2017,2
Decision Sciences,GH,2018,2
Decision Sciences,GH,2019,2
Decision Sciences,GH,2020,2
Decision Sciences,GH,2021,2
Decision Sciences,GH,2022,2
Decision Sciences,GH,2023,2
Decision Sciences,GH,2024,2
Decision Sciences,GR,2015,8
Decision Sciences,GR,2016,8
Decision Sciences,GR,2017,8
Decision Sciences,GR,2018,8
Decision Sciences,GR,2019,10
Decision Sciences,GR,2020,10
Decision Sciences,GR,2021,10
Decision Sciences,GR,2022,10
Decision Sciences,GR,2023,11
Decision Sciences,GR,2024,12
Decision Sciences,HK,2015,18
Decision Sciences,HK,2016,18
Decision Sciences,HK,2017,20
Decision Sciences,HK,2018,20
Decision Sciences,HK,2019,21
Decision Sciences,HK,2020,23
Decision Sciences,HK,2021,21
Decision Sciences,HK,2022,21
Decision Sciences,HK,2023,20
Decision Sciences,HK,2024,22
Decision Sciences,HR,2019,1
Decision Sciences,HR,2020,1
Decision Sciences,HR,2021,1
Decision Sciences,HR,2022,1
Decision Sciences,HR,2023,2
Decision Sciences,HR,2024,3
Decision Sciences,HU,2015,5
Decision Sciences,HU,2016,5
Decision Sciences,HU,2017,5
Decision Sciences,HU,2018,5
Decision Sciences,HU,2019,5
Decision Sciences,HU,2020,5
Decision Sciences,HU,2021,5
Decision Sciences,HU,2022,4
Decision Sciences,HU,2023,4
Decision Sciences,HU,2024,4
Decision Sciences,IE,2015,2
Decision Sciences,IE,2016,2
Decision Sciences,IE,2017,2
Decision Sciences,IE,2018,2
Decision Sciences,IE,2019,2
Decision Sciences,IE,2020,2
Decision Sciences,IE,2021,2
Decision Sciences,IE,2022,2
Decision Sciences,IE,2023,2
Decision Sciences,IE,2024,2
Decision Sciences,IL,2015,32
Decision Sciences,IL,2016,32
Decision Sciences,IL,2017,31
Decision Sciences,IL,2018,31
Decision Sciences,IL,2019,31
Decision Sciences,IL,2020,29
Decision Sciences,IL,2021,28
Decision Sciences,IL,2022,28
Decision Sciences,IL,2023,27
Decision Sciences,IL,2024,25
Decision Sciences,IN,2015,6
Decision Sciences,IN,2016,7
Decision Sciences,IN,2017,9
Decision Sciences,IN,2018,9
Decision Sciences,IN,2019,9
Decision Sciences,IN,2020,10
Decision Sciences,IN,2021,12
Decision Sciences,IN,2022,10
Decision Sciences,IN,2023,12
Decision Sciences,IN,2024,15
Decision Sciences,IQ,2023,3
Decision Sciences,IQ,2024,3
Decision Sciences,IR,2015,3
Decision Sciences,IR,2016,4
Decision Sciences,IR,2017,4
Decision Sciences,IR,2018,4
Decision Sciences,IR,2019,4
Decision Sciences,IR,2020,5
Decision Sciences,IR,2021,5
Decision Sciences,IR,2022,5
Decision Sciences,IR,2023,6
Decision Sciences,IR,2024,8
Decision Sciences,IT,2015,13
Decision Sciences,IT,2016,15
Decision Sciences,IT,2017,15
Decision Sciences,IT,2018,16
Decision Sciences,IT,2019,17
Decision Sciences,IT,2020,16
Decision Sciences,IT,2021,16
Decision Sciences,IT,2022,16
Decision Sciences,IT,2023,16
Decision Sciences,IT,2024,15
Decision Sciences,JO,2022,1
Decision Sciences,JO,2023,2
Decision Sciences,JO,2024,2
Decision Sciences,JP,2015,15
Decision Sciences,JP,2016,15
Decision Sciences,JP,2017,14
Decision Sciences,JP,2018,14
Decision Sciences,JP,2019,15
Decision Sciences,JP,2020,16
Decision Sciences,JP,2021,14
Decision Sciences,JP,2022,14
Decision Sciences,JP,2023,13
Decision Sciences,JP,2024,13
Decision Sciences,KR,2015,2
Decision Sciences,KR,2016,2
Decision Sciences,KR,2017,3
Decision Sciences,KR,2018,3
Decision Sciences,KR,2019,3
Decision Sciences,KR,2020,3
Decision Sciences,KR,2021,4
Decision Sciences,KR,2022,4
Decision Sciences,KR,2023,5
Decision Sciences,KR,2024,5
Decision Sciences,KW,2018,1
Decision Sciences,KW,2019,1
Decision Sciences,KW,2020,1
Decision Sciences,KW,2021,1
Decision Sciences,KW,2022,1
Decision Sciences,KW,2023,1
Decision Sciences,KW,2024,1
Decision Sciences,LB,2024,2
Decision Sciences,LT,2015,2
Decision Sciences,LT,2016,2
Decision Sciences,LT,2017,2
Decision Sciences,LT,2018,2
Decision Sciences,LT,2019,2
Decision Sciences,LT,2020,2
Decision Sciences,LT,2021,3
Decision Sciences,LT,2022,3
Decision Sciences,LT,2023,3
Decision Sciences,LT,2024,3
Decision Sciences,LV,2015,2
Decision Sciences,LV,2016,1
Decision Sciences,LV,2017,1
Decision Sciences,LV,2018,1
Decision Sciences,LV,2019,1
Decision Sciences,LV,2020,1
Decision Sciences,LV,2021,1
Decision Sciences,LV,2022,1
Decision Sciences,LV,2023,1
Decision Sciences,LV,2024,1
Decision Sciences,MO,2015,1
Decision Sciences,MO,2016,1
Decision Sciences,MO,2017,1
Decision Sciences,MO,2018,1
Decision Sciences,MO,2019,1
Decision Sciences,MO,2020,1
Decision Sciences,MO,2021,1
Decision Sciences,MO,2022,1
Decision Sciences,MO,2023,1
Decision Sciences,MO,2024,1
Decision Sciences,MX,2015,2
Decision Sciences,MX,2016,2
Decision Sciences,MX,2017,2
Decision Sciences,MX,2018,2
Decision Sciences,MX,2019,2
Decision Sciences,MX,2020,2
Decision Sciences,MX,2021,1
Decision Sciences,MX,2022,1
Decision Sciences,MX,2023,1
Decision Sciences,MX,2024,1
Decision Sciences,MY,2015,1
Decision Sciences,MY,2016,1
Decision Sciences,MY,2017,2
Decision Sciences,MY,2018,2
Decision Sciences,MY,2019,2
Decision Sciences,MY,2020,2
Decision Sciences,MY,2021,3
Decision Sciences,MY,2022,5
Decision Sciences,MY,2023,8
Decision Sciences,MY,2024,8
Decision Sciences,NL,2015,40
Decision Sciences,NL,2016,45
Decision Sciences,NL,2017,42
Decision Sciences,NL,2018,44
Decision Sciences,NL,2019,43
Decision Sciences,NL,2020,46
Decision Sciences,NL,2021,51
Decision Sciences,NL,2022,51
Decision Sciences,NL,2023,50
Decision Sciences,NL,2024,51
Decision Sciences,NO,2015,6
Decision Sciences,NO,2016,5
Decision Sciences,NO,2017,6
Decision Sciences,NO,2018,6
Decision Sciences,NO,2019,7
Decision Sciences,NO,2020,6
Decision Sciences,NO,2021,7
Decision Sciences,NO,2022,6
Decision Sciences,NO,2023,6
Decision Sciences,NO,2024,7
Decision Sciences,NZ,2015,1
Decision Sciences,NZ,2016,1
Decision Sciences,NZ,2017,2
Decision Sciences,NZ,2018,2
Decision Sciences,NZ,2019,2
Decision Sciences,NZ,2020,3
Decision Sciences,NZ,2021,3
Decision Sciences,NZ,2022,3
Decision Sciences,NZ,2023,3
Decision Sciences,NZ,2024,2
Decision Sciences,OM,2020,1
Decision Sciences,OM,2021,2
Decision Sciences,OM,2022,3
Decision Sciences,OM,2023,3
Decision Sciences,OM,2024,3
Decision Sciences,PH,2022,1
Decision Sciences,PH,2023,1
Decision Sciences,PH,2024,2
Decision Sciences,PK,2015,1
Decision Sciences,PK,2020,1
Decision Sciences,PK,2021,2
Decision Sciences,PK,2022,3
Decision Sciences,PK,2023,5
Decision Sciences,PK,2024,6
Decision Sciences,PL,2015,4
Decision Sciences,PL,2016,4
Decision Sciences,PL,2017,4
Decision Sciences,PL,2018,5
Decision Sciences,PL,2019,5
Decision Sciences,PL,2020,5
Decision Sciences,PL,2021,3
Decision Sciences,PL,2022,3
Decision Sciences,PL,2023,3
Decision Sciences,PL,2024,3
Decision Sciences,PT,2015,5
Decision Sciences,PT,2016,5
Decision Sciences,PT,2017,5
Decision Sciences,PT,2018,5
Decision Sciences,PT,2019,6
Decision Sciences,PT,2020,6
Decision Sciences,PT,2021,6
Decision Sciences,PT,2022,6
Decision Sciences,PT,2023,6
Decision Sciences,PT,2024,6
Decision Sciences,QA,2015,1
Decision Sciences,QA,2016,1
Decision Sciences,QA,2017,1
Decision Sciences,QA,2018,2
Decision Sciences,QA,2019,2
Decision Sciences,QA,2020,2
Decision Sciences,QA,2021,2
Decision Sciences,QA,2022,4
Decision Sciences,QA,2023,4
Decision Sciences,QA,2024,4
Decision Sciences,RO,2015,1
Decision Sciences,RO,2016,1
Decision Sciences,RO,2017,1
Decision Sciences,RO,2018,1
Decision Sciences,RO,2019,1
Decision Sciences,RO,2020,1
Decision Sciences,RO,2021,1
Decision Sciences,RO,2022,1
Decision Sciences,RO,2023,1
Decision Sciences,RO,2024,1
Decision Sciences,RS,2015,2
Decision Sciences,RS,2016,2
Decision Sciences,RS,2017,2
Decision Sciences,RS,2018,2
Decision Sciences,RS,2019,2
Decision Sciences,RS,2020,2
Decision Sciences,RS,2021,3
Decision Sciences,RS,2022,3
Decision Sciences,RS,2023,3
Decision Sciences,RS,2024,3
Decision Sciences,RU,2015,5
Decision Sciences,RU,2016,5
Decision Sciences,RU,2017,6
Decision Sciences,RU,2018,5
Decision Sciences,RU,2019,5
Decision Sciences,RU,2020,5
Decision Sciences,RU,2021,5
Decision Sciences,RU,2022,6
Decision Sciences,RU,2023,4
Decision Sciences,RU,2024,4
Decision Sciences,SA,2015,1
Decision Sciences,SA,2016,1
Decision Sciences,SA,2017,1
Decision Sciences,SA,2018,1
Decision Sciences,SA,2019,3
Decision Sciences,SA,2020,3
Decision Sciences,SA,2021,3
Decision Sciences,SA,2022,3
Decision Sciences,SA,2023,4
Decision Sciences,SA,2024,4
Decision Sciences,SE,2015,13
Decision Sciences,SE,2016,11
Decision Sciences,SE,2017,13
Decision Sciences,SE,2018,13
Decision Sciences,SE,2019,12
Decision Sciences,SE,2020,12
Decision Sciences,SE,2021,14
Decision Sciences,SE,2022,14
Decision Sciences,SE,2023,13
Decision Sciences,SE,2024,12
Decision Sciences,SG,2015,11
Decision Sciences,SG,2016,12
Decision Sciences,SG,2017,13
Decision Sciences,SG,2018,13
Decision Sciences,SG,2019,13
Decision Sciences,SG,2020,13
Decision Sciences,SG,2021,14
Decision Sciences,SG,2022,14
Decision Sciences,SG,2023,14
Decision Sciences,SG,2024,13
Decision Sciences,SK,2015,2
Decision Sciences,SK,2016,2
Decision Sciences,SK,2017,2
Decision Sciences,SK,2018,2
Decision Sciences,SK,2019,2
Decision Sciences,SK,2020,2
Decision Sciences,SK,2021,1
Decision Sciences,SK,2022,1
Decision Sciences,SK,2023,1
Decision Sciences,SK,2024,1
Decision Sciences,TH,2016,1
Decision Sciences,TH,2017,1
Decision Sciences,TH,2018,1
Decision Sciences,TH,2019,1
Decision Sciences,TH,2020,1
Decision Sciences,TH,2021,1
Decision Sciences,TH,2022,1
Decision Sciences,TH,2023,1
Decision Sciences,TH,2024,1
Decision Sciences,TR,2015,3
Decision Sciences,TR,2016,3
Decision Sciences,TR,2017,3
Decision Sciences,TR,2018,3
Decision Sciences,TR,2019,3
Decision Sciences,TR,2020,3
Decision Sciences,TR,2021,3
Decision Sciences,TR,2022,3
Decision Sciences,TR,2023,4
Decision Sciences,TR,2024,4
Decision Sciences,TW,2015,12
Decision Sciences,TW,2016,12
Decision Sciences,TW,2017,12
Decision Sciences,TW,2018,13
Decision Sciences,TW,2019,13
Decision Sciences,TW,2020,14
Decision Sciences,TW,2021,13
Decision Sciences,TW,2022,14
Decision Sciences,TW,2023,12
Decision Sciences,TW,2024,12
Decision Sciences,US,2015,640
Decision Sciences,US,2016,631
Decision Sciences,US,2017,617
Decision Sciences,US,2018,605
Decision Sciences,US,2019,593
Decision Sciences,US,2020,584
Decision Sciences,US,2021,571
Decision Sciences,US,2022,564
Decision Sciences,US,2023,550
Decision Sciences,US,2024,533
Decision Sciences,VN,2020,1
Decision Sciences,VN,2021,2
Decision Sciences,VN,2022,3
Decision Sciences,VN,2023,3
Decision Sciences,VN,2024,3
Decision Sciences,ZA,2015,5
Decision Sciences,ZA,2016,5
Decision Sciences,ZA,2017,5
Decision Sciences,ZA,2018,5
Decision Sciences,ZA,2019,5
Decision Sciences,ZA,2020,7
Decision Sciences,ZA,2021,8
Decision Sciences,ZA,2022,9
Decision Sciences,ZA,2023,10
Decision Sciences,ZA,2024,13
Dentistry,AE,2018,1
Dentistry,AE,2019,1
Dentistry,AE,2020,1
Dentistry,AE,2021,2
Dentistry,AE,2022,2
Dentistry,AE,2023,2
Dentistry,AE,2024,2
Dentistry,AG,2015,1
Dentistry,AG,2016,1
Dentistry,AG,2017,1
Dentistry,AG,2020,2
Dentistry,AG,2021,1
Dentistry,AG,2022,1
Dentistry,AG,2023,1
Dentistry,AG,2024,1
Dentistry,AR,2015,1
Dentistry,AR,2016,1
Dentistry,AR,2017,1
Dentistry,AR,2018,1
Dentistry,AT,2015,4
Dentistry,AT,2016,4
Dentistry,AT,2017,4
Dentistry,AT,2018,5
Dentistry,AT,2019,5
Dentistry,AT,2020,5
Dentistry,AT,2021,5
Dentistry,AT,2022,5
Dentistry,AT,2023,4
Dentistry,AT,2024,5
Dentistry,AU,2015,28
Dentistry,AU,2016,30
Dentistry,AU,2017,31
Dentistry,AU,2018,32
Dentistry,AU,2019,28
Dentistry,AU,2020,30
Dentistry,AU,2021,33
Dentistry,AU,2022,33
Dentistry,AU,2023,33
Dentistry,AU,2024,34
Dentistry,BD,2024,1
Dentistry,BE,2015,22
Dentistry,BE,2016,25
Dentistry,BE,2017,25
Dentistry,BE,2018,25
Dentistry,BE,2019,26
Dentistry,BE,2020,24
Dentistry,BE,2021,25
Dentistry,BE,2022,27
Dentistry,BE,2023,28
Dentistry,BE,2024,28
Dentistry,BR,2015,49
Dentistry,BR,2016,55
Dentistry,BR,2017,59
Dentistry,BR,2018,65
Dentistry,BR,2019,68
Dentistry,BR,2020,71
Dentistry,BR,2021,79
Dentistry,BR,2022,85
Dentistry,BR,2023,86
Dentistry,BR,2024,90
Dentistry,CA,2015,35
Dentistry,CA,2016,36
Dentistry,CA,2017,36
Dentistry,CA,2018,35
Dentistry,CA,2019,32
Dentistry,CA,2020,31
Dentistry,CA,2021,30
Dentistry,CA,2022,30
Dentistry,CA,2023,31
Dentistry,CA,2024,30
Dentistry,CH,2015,63
Dentistry,CH,2016,58
Dentistry,CH,2017,59
Dentistry,CH,2018,62
Dentistry,CH,2019,63
Dentistry,CH,2020,66
Dentistry,CH,2021,61
Dentistry,CH,2022,62
Dentistry,CH,2023,63
Dentistry,CH,2024,66
Dentistry,CL,2020,1
Dentistry,CL,2021,2
Dentistry,CL,2022,2
Dentistry,CL,2023,2
Dentistry,CL,2024,2
Dentistry,CN,2015,16
Dentistry,CN,2016,16
Dentistry,CN,2017,19
Dentistry,CN,2018,20
Dentistry,CN,2019,21
Dentistry,CN,2020,25
Dentistry,CN,2021,31
Dentistry,CN,2022,36
Dentistry,CN,2023,38
Dentistry,CN,2024,43
Dentistry,CNX,2015,28
Dentistry,CNX,2016,28
Dentistry,CNX,2017,34
Dentistry,CNX,2018,37
Dentistry,CNX,2019,39
Dentistry,CNX,2020,44
Dentistry,CNX,2021,49
Dentistry,CNX,2022,54
Dentistry,CNX,2023,55
Dentistry,CNX,2024,62
Dentistry,CO,2021,1
Dentistry,CO,2022,1
Dentistry,CO,2023,1
Dentistry,CO,2024,1
Dentistry,CU,2019,1
Dentistry,CU,2020,1
Dentistry,CU,2021,1
Dentistry,CU,2022,1
Dentistry,CU,2023,1
Dentistry,CU,2024,1
Dentistry,CZ,2015,2
Dentistry,CZ,2016,2
Dentistry,CZ,2017,2
Dentistry,CZ,2018,1
Dentistry,CZ,2019,1
Dentistry,CZ,2020,1
Dentistry,CZ,2021,1
Dentistry,CZ,2022,1
Dentistry,CZ,2023,1
Dentistry,CZ,2024,1
Dentistry,DE,2015,55
Dentistry,DE,2016,56
Dentistry,DE,2017,58
Dentistry,DE,2018,66
Dentistry,DE,2019,71
Dentistry,DE,2020,73
Dentistry,DE,2021,78
Dentistry,DE,2022,82
Dentistry,DE,2023,82
Dentistry,DE,2024,82
Dentistry,DK,2015,33
Dentistry,DK,2016,32
Dentistry,DK,2017,32
Dentistry,DK,2018,30
Dentistry,DK,2019,30
Dentistry,DK,2020,26
Dentistry,DK,2021,25
Dentistry,DK,2022,24
Dentistry,DK,2023,21
Dentistry,DK,2024,20
Dentistry,ES,2015,12
Dentistry,ES,2016,13
Dentistry,ES,2017,13
Dentistry,ES,2018,13
Dentistry,ES,2019,16
Dentistry,ES,2020,20
Dentistry,ES,2021,21
Dentistry,ES,2022,25
Dentistry,ES,2023,27
Dentistry,ES,2024,27
Dentistry,FI,2015,23
Dentistry,FI,2016,21
Dentistry,FI,2017,20
Dentistry,FI,2018,20
Dentistry,FI,2019,20
Dentistry,FI,2020,20
Dentistry,FI,2021,19
Dentistry,FI,2022,19
Dentistry,FI,2023,19
Dentistry,FI,2024,18
Dentistry,FR,2015,9
Dentistry,FR,2016,10
Dentistry,FR,2017,9
Dentistry,FR,2018,9
Dentistry,FR,2019,10
Dentistry,FR,2020,10
Dentistry,FR,2021,10
Dentistry,FR,2022,10
Dentistry,FR,2023,9
Dentistry,FR,2024,9
Dentistry,GB,2015,152
Dentistry,GB,2016,151
Dentistry,GB,2017,151
Dentistry,GB,2018,148
Dentistry,GB,2019,146
Dentistry,GB,2020,138
Dentistry,GB,2021,138
Dentistry,GB,2022,137
Dentistry,GB,2023,137
Dentistry,GB,2024,137
Dentistry,GR,2015,4
Dentistry,GR,2016,4
Dentistry,GR,2017,4
Dentistry,GR,2018,4
Dentistry,GR,2019,4
Dentistry,GR,2020,4
Dentistry,GR,2021,4
Dentistry,GR,2022,5
Dentistry,GR,2023,5
Dentistry,GR,2024,5
Dentistry,HK,2015,18
Dentistry,HK,2016,18
Dentistry,HK,2017,18
Dentistry,HK,2018,21
Dentistry,HK,2019,22
Dentistry,HK,2020,23
Dentistry,HK,2021,22
Dentistry,HK,2022,23
Dentistry,HK,2023,23
Dentistry,HK,2024,25
Dentistry,ID,2024,1
Dentistry,IE,2015,7
Dentistry,IE,2016,7
Dentistry,IE,2017,7
Dentistry,IE,2018,8
Dentistry,IE,2019,8
Dentistry,IE,2020,6
Dentistry,IE,2021,6
Dentistry,IE,2022,6
Dentistry,IE,2023,6
Dentistry,IE,2024,7
Dentistry,IL,2015,12
Dentistry,IL,2016,13
Dentistry,IL,2017,12
Dentistry,IL,2018,11
Dentistry,IL,2019,11
Dentistry,IL,2020,12
Dentistry,IL,2021,11
Dentistry,IL,2022,11
Dentistry,IL,2023,11
Dentistry,IL,2024,10
Dentistry,IN,2015,1
Dentistry,IN,2016,2
Dentistry,IN,2017,2
Dentistry,IN,2018,1
Dentistry,IN,2019,1
Dentistry,IN,2020,3
Dentistry,IN,2021,3
Dentistry,IN,2022,4
Dentistry,IN,2023,3
Dentistry,IN,2024,5
Dentistry,IR,2015,1
Dentistry,IR,2016,2
Dentistry,IR,2017,2
Dentistry,IR,2018,2
Dentistry,IR,2019,2
Dentistry,IR,2020,2
Dentistry,IR,2021,3
Dentistry,IR,2022,3
Dentistry,IR,2023,5
Dentistry,IR,2024,5
Dentistry,IS,2015,2
Dentistry,IS,2016,2
Dentistry,IS,2017,2
Dentistry,IS,2018,2
Dentistry,IS,2019,2
Dentistry,IS,2020,2
Dentistry,IS,2021,2
Dentistry,IS,2022,2
Dentistry,IS,2023,2
Dentistry,IS,2024,2
Dentistry,IT,2015,33
Dentistry,IT,2016,35
Dentistry,IT,2017,37
Dentistry,IT,2018,41
Dentistry,IT,2019,41
Dentistry,IT,2020,42
Dentistry,IT,2021,46
Dentistry,IT,2022,47
Dentistry,IT,2023,54
Dentistry,IT,2024,57
Dentistry,JO,2024,1
Dentistry,JP,2015,85
Dentistry,JP,2016,84
Dentistry,JP,2017,82
Dentistry,JP,2018,79
Dentistry,JP,2019,78
Dentistry,JP,2020,76
Dentistry,JP,2021,73
Dentistry,JP,2022,73
Dentistry,JP,2023,72
Dentistry,JP,2024,71
Dentistry,KR,2015,3
Dentistry,KR,2016,4
Dentistry,KR,2017,6
Dentistry,KR,2018,7
Dentistry,KR,2019,8
Dentistry,KR,2020,7
Dentistry,KR,2021,8
Dentistry,KR,2022,9
Dentistry,KR,2023,9
Dentistry,KR,2024,9
Dentistry,KW,2015,2
Dentistry,KW,2016,2
Dentistry,KW,2017,2
Dentistry,KW,2018,2
Dentistry,KW,2019,2
Dentistry,KW,2020,2
Dentistry,KW,2021,2
Dentistry,KW,2022,2
Dentistry,KW,2023,1
Dentistry,KW,2024,1
Dentistry,LI,2020,1
Dentistry,LI,2021,1
Dentistry,LI,2022,1
Dentistry,LI,2023,1
Dentistry,LI,2024,1
Dentistry,LT,2023,1
Dentistry,LT,2024,1
Dentistry,MA,2024,1
Dentistry,MM,2015,11
Dentistry,MM,2016,11
Dentistry,MM,2017,11
Dentistry,MM,2018,9
Dentistry,MM,2019,9
Dentistry,MM,2020,8
Dentistry,MM,2021,8
Dentistry,MM,2022,8
Dentistry,MM,2023,8
Dentistry,MM,2024,9
Dentistry,MT,2016,1
Dentistry,MT,2017,1
Dentistry,MT,2018,1
Dentistry,MT,2019,1
Dentistry,MT,2020,1
Dentistry,MT,2021,1
Dentistry,MT,2022,1
Dentistry,MT,2023,1
Dentistry,MT,2024,1
Dentistry,MX,2015,3
Dentistry,MX,2016,3
Dentistry,MX,2017,3
Dentistry,MX,2018,3
Dentistry,MX,2019,2
Dentistry,MX,2020,2
Dentistry,MX,2021,2
Dentistry,MX,2022,2
Dentistry,MX,2023,2
Dentistry,MX,2024,3
Dentistry,MY,2019,3
Dentistry,MY,2020,3
Dentistry,MY,2021,3
Dentistry,MY,2022,3
Dentistry,MY,2023,4
Dentistry,MY,2024,5
Dentistry,NL,2015,42
Dentistry,NL,2016,42
Dentistry,NL,2017,40
Dentistry,NL,2018,43
Dentistry,NL,2019,43
Dentistry,NL,2020,45
Dentistry,NL,2021,45
Dentistry,NL,2022,45
Dentistry,NL,2023,43
Dentistry,NL,2024,43
Dentistry,NO,2015,20
Dentistry,NO,2016,20
Dentistry,NO,2017,19
Dentistry,NO,2018,18
Dentistry,NO,2019,18
Dentistry,NO,2020,18
Dentistry,NO,2021,18
Dentistry,NO,2022,17
Dentistry,NO,2023,15
Dentistry,NO,2024,14
Dentistry,NZ,2015,6
Dentistry,NZ,2016,6
Dentistry,NZ,2017,6
Dentistry,NZ,2018,4
Dentistry,NZ,2019,4
Dentistry,NZ,2020,5
Dentistry,NZ,2021,6
Dentistry,NZ,2022,6
Dentistry,NZ,2023,6
Dentistry,NZ,2024,7
Dentistry,PE,2015,1
Dentistry,PE,2018,2
Dentistry,PE,2019,2
Dentistry,PE,2020,1
Dentistry,PE,2021,1
Dentistry,PE,2022,1
Dentistry,PE,2023,1
Dentistry,PE,2024,1
Dentistry,PK,2020,1
Dentistry,PK,2021,1
Dentistry,PK,2022,2
Dentistry,PK,2023,2
Dentistry,PK,2024,2
Dentistry,PL,2015,1
Dentistry,PL,2016,1
Dentistry,PL,2017,1
Dentistry,PL,2018,1
Dentistry,PL,2019,1
Dentistry,PL,2020,1
Dentistry,PL,2021,1
Dentistry,PL,2022,1
Dentistry,PL,2023,1
Dentistry,PL,2024,1
Dentistry,PR,2015,1
Dentistry,PR,2016,1
Dentistry,PR,2017,1
Dentistry,PR,2018,1
Dentistry,PR,2019,1
Dentistry,PR,2020,1
Dentistry,PR,2021,1
Dentistry,PR,2022,1
Dentistry,PR,2023,1
Dentistry,PR,2024,1
Dentistry,PT,2021,2
Dentistry,PT,2022,2
Dentistry,PT,2023,2
Dentistry,PT,2024,2
Dentistry,PY,2015,1
Dentistry,PY,2016,1
Dentistry,PY,2017,1
Dentistry,PY,2018,1
Dentistry,PY,2019,1
Dentistry,PY,2020,1
Dentistry,PY,2021,1
Dentistry,PY,2022,1
Dentistry,PY,2023,1
Dentistry,QA,2015,1
Dentistry,QA,2016,1
Dentistry,QA,2017,1
Dentistry,QA,2018,1
Dentistry,QA,2022,2
Dentistry,QA,2023,2
Dentistry,QA,2024,2
Dentistry,RS,2015,1
Dentistry,RS,2016,1
Dentistry,RS,2017,1
Dentistry,RU,2015,4
Dentistry,RU,2016,4
Dentistry,RU,2017,4
Dentistry,RU,2018,4
Dentistry,RU,2019,4
Dentistry,RU,2020,5
Dentistry,RU,2021,7
Dentistry,RU,2022,7
Dentistry,RU,2023,10
Dentistry,RU,2024,8
Dentistry,SA,2018,1
Dentistry,SA,2019,1
Dentistry,SA,2020,1
Dentistry,SA,2021,1
Dentistry,SA,2022,4
Dentistry,SA,2023,4
Dentistry,SA,2024,7
Dentistry,SE,2015,86
Dentistry,SE,2016,83
Dentistry,SE,2017,81
Dentistry,SE,2018,80
Dentistry,SE,2019,82
Dentistry,SE,2020,82
Dentistry,SE,2021,78
Dentistry,SE,2022,73
Dentistry,SE,2023,68
Dentistry,SE,2024,68
Dentistry,SG,2015,1
Dentistry,SG,2016,1
Dentistry,SG,2017,1
Dentistry,SG,2018,3
Dentistry,SG,2019,3
Dentistry,SG,2020,4
Dentistry,SG,2021,7
Dentistry,SG,2022,7
Dentistry,SG,2023,7
Dentistry,SG,2024,7
Dentistry,TH,2023,1
Dentistry,TH,2024,1
Dentistry,TR,2019,1
Dentistry,TR,2020,2
Dentistry,TR,2021,2
Dentistry,TR,2022,2
Dentistry,TR,2023,3
Dentistry,TR,2024,3
Dentistry,TW,2015,5
Dentistry,TW,2016,5
Dentistry,TW,2017,8
Dentistry,TW,2018,8
Dentistry,TW,2019,10
Dentistry,TW,2020,10
Dentistry,TW,2021,10
Dentistry,TW,2022,10
Dentistry,TW,2023,10
Dentistry,TW,2024,10
Dentistry,UG,2019,1
Dentistry,UG,2020,1
Dentistry,UG,2021,1
Dentistry,UG,2022,1
Dentistry,UG,2023,1
Dentistry,UG,2024,1
Dentistry,US,2015,440
Dentistry,US,2016,431
Dentistry,US,2017,426
Dentistry,US,2018,412
Dentistry,US,2019,403
Dentistry,US,2020,395
Dentistry,US,2021,379
Dentistry,US,2022,368
Dentistry,US,2023,356
Dentistry,US,2024,343
Dentistry,ZA,2015,4
Dentistry,ZA,2016,4
Dentistry,ZA,2017,4
Dentistry,ZA,2018,4
Dentistry,ZA,2019,4
Dentistry,ZA,2020,2
Dentistry,ZA,2021,2
Dentistry,ZA,2022,2
Dentistry,ZA,2023,2
Dentistry,ZA,2024,2
Earth and Planetary Sciences,AE,2019,1
Earth and Planetary Sciences,AE,2020,1
Earth and Planetary Sciences,AE,2021,1
Earth and Planetary Sciences,AE,2022,1
Earth and Planetary Sciences,AE,2023,1
Earth and Planetary Sciences,AE,2024,1
Earth and Planetary Sciences,AR,2015,1
Earth and Planetary Sciences,AR,2016,1
Earth and Planetary Sciences,AR,2017,1
Earth and Planetary Sciences,AR,2018,1
Earth and Planetary Sciences,AR,2019,1
Earth and Planetary Sciences,AR,2020,1
Earth and Planetary Sciences,AR,2021,1
Earth and Planetary Sciences,AR,2022,1
Earth and Planetary Sciences,AR,2023,1
Earth and Planetary Sciences,AR,2024,1
Earth and Planetary Sciences,AT,2015,4
Earth and Planetary Sciences,AT,2016,4
Earth and Planetary Sciences,AT,2017,5
Earth and Planetary Sciences,AT,2018,5
Earth and Planetary Sciences,AT,2019,5
Earth and Planetary Sciences,AT,2020,5
Earth and Planetary Sciences,AT,2021,6
Earth and Planetary Sciences,AT,2022,6
Earth and Planetary Sciences,AT,2023,6
Earth and Planetary Sciences,AT,2024,7
Earth and Planetary Sciences,AU,2015,57
Earth and Planetary Sciences,AU,2016,64
Earth and Planetary Sciences,AU,2017,63
Earth and Planetary Sciences,AU,2018,68
Earth and Planetary Sciences,AU,2019,70
Earth and Planetary Sciences,AU,2020,72
Earth and Planetary Sciences,AU,2021,71
Earth and Planetary Sciences,AU,2022,72
Earth and Planetary Sciences,AU,2023,72
Earth and Planetary Sciences,AU,2024,73
Earth and Planetary Sciences,AZ,2016,1
Earth and Planetary Sciences,BE,2015,5
Earth and Planetary Sciences,BE,2016,4
Earth and Planetary Sciences,BE,2017,4
Earth and Planetary Sciences,BE,2018,4
Earth and Planetary Sciences,BE,2019,4
Earth and Planetary Sciences,BE,2020,4
Earth and Planetary Sciences,BE,2021,4
Earth and Planetary Sciences,BE,2022,4
Earth and Planetary Sciences,BE,2023,3
Earth and Planetary Sciences,BE,2024,4
Earth and Planetary Sciences,BM,2015,2
Earth and Planetary Sciences,BM,2016,2
Earth and Planetary Sciences,BM,2017,2
Earth and Planetary Sciences,BM,2018,2
Earth and Planetary Sciences,BM,2019,2
Earth and Planetary Sciences,BM,2020,2
Earth and Planetary Sciences,BM,2021,2
Earth and Planetary Sciences,BM,2022,2
Earth and Planetary Sciences,BM,2023,2
Earth and Planetary Sciences,BM,2024,2
Earth and Planetary Sciences,BR,2015,1
Earth and Planetary Sciences,BR,2016,1
Earth and Planetary Sciences,BR,2017,1
Earth and Planetary Sciences,BR,2018,1
Earth and Planetary Sciences,BR,2019,1
Earth and Planetary Sciences,BR,2020,1
Earth and Planetary Sciences,BR,2021,1
Earth and Planetary Sciences,BR,2022,1
Earth and Planetary Sciences,BR,2023,1
Earth and Planetary Sciences,BR,2024,1
Earth and Planetary Sciences,CA,2015,53
Earth and Planetary Sciences,CA,2016,52
Earth and Planetary Sciences,CA,2017,50
Earth and Planetary Sciences,CA,2018,48
Earth and Planetary Sciences,CA,2019,44
Earth and Planetary Sciences,CA,2020,45
Earth and Planetary Sciences,CA,2021,46
Earth and Planetary Sciences,CA,2022,43
Earth and Planetary Sciences,CA,2023,43
Earth and Planetary Sciences,CA,2024,40
Earth and Planetary Sciences,CH,2015,32
Earth and Planetary Sciences,CH,2016,32
Earth and Planetary Sciences,CH,2017,34
Earth and Planetary Sciences,CH,2018,35
Earth and Planetary Sciences,CH,2019,36
Earth and Planetary Sciences,CH,2020,36
Earth and Planetary Sciences,CH,2021,38
Earth and Planetary Sciences,CH,2022,37
Earth and Planetary Sciences,CH,2023,37
Earth and Planetary Sciences,CH,2024,38
Earth and Planetary Sciences,CL,2021,1
Earth and Planetary Sciences,CL,2022,1
Earth and Planetary Sciences,CL,2023,1
Earth and Planetary Sciences,CL,2024,1
Earth and Planetary Sciences,CN,2015,20
Earth and Planetary Sciences,CN,2016,25
Earth and Planetary Sciences,CN,2017,31
Earth and Planetary Sciences,CN,2018,34
Earth and Planetary Sciences,CN,2019,41
Earth and Planetary Sciences,CN,2020,51
Earth and Planetary Sciences,CN,2021,61
Earth and Planetary Sciences,CN,2022,66
Earth and Planetary Sciences,CN,2023,78
Earth and Planetary Sciences,CN,2024,87
Earth and Planetary Sciences,CNX,2015,30
Earth and Planetary Sciences,CNX,2016,35
Earth and Planetary Sciences,CNX,2017,42
Earth and Planetary Sciences,CNX,2018,45
Earth and Planetary Sciences,CNX,2019,51
Earth and Planetary Sciences,CNX,2020,63
Earth and Planetary Sciences,CNX,2021,72
Earth and Planetary Sciences,CNX,2022,77
Earth and Planetary Sciences,CNX,2023,89
Earth and Planetary Sciences,CNX,2024,97
Earth and Planetary Sciences,CY,2015,1
Earth and Planetary Sciences,CY,2016,1
Earth and Planetary Sciences,CY,2017,1
Earth and Planetary Sciences,CY,2018,1
Earth and Planetary Sciences,CY,2019,1
Earth and Planetary Sciences,CY,2020,1
Earth and Planetary Sciences,CY,2021,1
Earth and Planetary Sciences,CY,2022,1
Earth and Planetary Sciences,CY,2023,2
Earth and Planetary Sciences,CY,2024,2
Earth and Planetary Sciences,CZ,2015,2
Earth and Planetary Sciences,CZ,2016,1
Earth and Planetary Sciences,CZ,2017,2
Earth and Planetary Sciences,CZ,2018,2
Earth and Planetary Sciences,CZ,2019,1
Earth and Planetary Sciences,CZ,2020,1
Earth and Planetary Sciences,CZ,2021,1
Earth and Planetary Sciences,CZ,2022,2
Earth and Planetary Sciences,CZ,2023,3
Earth and Planetary Sciences,CZ,2024,3
Earth and Planetary Sciences,DE,2015,72
Earth and Planetary Sciences,DE,2016,73
Earth and Planetary Sciences,DE,2017,72
Earth and Planetary Sciences,DE,2018,71
Earth and Planetary Sciences,DE,2019,75
Earth and Planetary Sciences,DE,2020,68
Earth and Planetary Sciences,DE,2021,71
Earth and Planetary Sciences,DE,2022,70
Earth and Planetary Sciences,DE,2023,73
Earth and Planetary Sciences,DE,2024,72
Earth and Planetary Sciences,DK,2015,17
Earth and Planetary Sciences,DK,2016,16
Earth and Planetary Sciences,DK,2017,15
Earth and Planetary Sciences,DK,2018,15
Earth and Planetary Sciences,DK,2019,15
Earth and Planetary Sciences,DK,2020,16
Earth and Planetary Sciences,DK,2021,15
Earth and Planetary Sciences,DK,2022,14
Earth and Planetary Sciences,DK,2023,15
Earth and Planetary Sciences,DK,2024,15
Earth and Planetary Sciences,ES,2015,1
Earth and Planetary Sciences,ES,2016,2
Earth and Planetary Sciences,ES,2017,2
Earth and Planetary Sciences,ES,2018,2
Earth and Planetary Sciences,ES,2019,2
Earth and Planetary Sciences,ES,2020,3
Earth and Planetary Sciences,ES,2021,3
Earth and Planetary Sciences,ES,2022,3
Earth and Planetary Sciences,ES,2023,4
Earth and Planetary Sciences,ES,2024,4
Earth and Planetary Sciences,FI,2015,9
Earth and Planetary Sciences,FI,2016,9
Earth and Planetary Sciences,FI,2017,9
Earth and Planetary Sciences,FI,2018,9
Earth and Planetary Sciences,FI,2019,9
Earth and Planetary Sciences,FI,2020,9
Earth and Planetary Sciences,FI,2021,9
Earth and Planetary Sciences,FI,2022,8
Earth and Planetary Sciences,FI,2023,9
Earth and Planetary Sciences,FI,2024,9
Earth and Planetary Sciences,FR,2015,47
Earth and Planetary Sciences,FR,2016,47
Earth and Planetary Sciences,FR,2017,48
Earth and Planetary Sciences,FR,2018,49
Earth and Planetary Sciences,FR,2019,50
Earth and Planetary Sciences,FR,2020,49
Earth and Planetary Sciences,FR,2021,50
Earth and Planetary Sciences,FR,2022,49
Earth and Planetary Sciences,FR,2023,47
Earth and Planetary Sciences,FR,2024,48
Earth and Planetary Sciences,GB,2015,155
Earth and Planetary Sciences,GB,2016,151
Earth and Planetary Sciences,GB,2017,151
Earth and Planetary Sciences,GB,2018,151
Earth and Planetary Sciences,GB,2019,149
Earth and Planetary Sciences,GB,2020,143
Earth and Planetary Sciences,GB,2021,140
Earth and Planetary Sciences,GB,2022,144
Earth and Planetary Sciences,GB,2023,138
Earth and Planetary Sciences,GB,2024,138
Earth and Planetary Sciences,GR,2015,1
Earth and Planetary Sciences,GR,2016,1
Earth and Planetary Sciences,GR,2017,1
Earth and Planetary Sciences,GR,2018,1
Earth and Planetary Sciences,GR,2019,1
Earth and Planetary Sciences,GR,2020,1
Earth and Planetary Sciences,GR,2021,1
Earth and Planetary Sciences,GR,2022,1
Earth and Planetary Sciences,GR,2023,1
Earth and Planetary Sciences,GR,2024,1
Earth and Planetary Sciences,HK,2015,5
Earth and Planetary Sciences,HK,2016,6
Earth and Planetary Sciences,HK,2017,7
Earth and Planetary Sciences,HK,2018,8
Earth and Planetary Sciences,HK,2019,8
Earth and Planetary Sciences,HK,2020,10
Earth and Planetary Sciences,HK,2021,10
Earth and Planetary Sciences,HK,2022,10
Earth and Planetary Sciences,HK,2023,12
Earth and Planetary Sciences,HK,2024,13
Earth and Planetary Sciences,HU,2015,1
Earth and Planetary Sciences,HU,2019,1
Earth and Planetary Sciences,HU,2020,1
Earth and Planetary Sciences,HU,2021,1
Earth and Planetary Sciences,HU,2022,1
Earth and Planetary Sciences,IE,2015,6
Earth and Planetary Sciences,IE,2016,6
Earth and Planetary Sciences,IE,2017,7
Earth and Planetary Sciences,IE,2018,7
Earth and Planetary Sciences,IE,2019,7
Earth and Planetary Sciences,IE,2020,8
Earth and Planetary Sciences,IE,2021,8
Earth and Planetary Sciences,IE,2022,7
Earth and Planetary Sciences,IE,2023,6
Earth and Planetary Sciences,IE,2024,7
Earth and Planetary Sciences,IL,2015,2
Earth and Planetary Sciences,IL,2016,2
Earth and Planetary Sciences,IL,2017,2
Earth and Planetary Sciences,IL,2018,2
Earth and Planetary Sciences,IL,2019,2
Earth and Planetary Sciences,IL,2020,2
Earth and Planetary Sciences,IL,2021,3
Earth and Planetary Sciences,IL,2022,3
Earth and Planetary Sciences,IL,2023,3
Earth and Planetary Sciences,IL,2024,3
Earth and Planetary Sciences,IN,2015,2
Earth and Planetary Sciences,IN,2016,2
Earth and Planetary Sciences,IN,2017,2
Earth and Planetary Sciences,IN,2018,3
Earth and Planetary Sciences,IN,2019,3
Earth and Planetary Sciences,IN,2020,2
Earth and Planetary Sciences,IN,2021,2
Earth and Planetary Sciences,IN,2022,2
Earth and Planetary Sciences,IN,2023,2
Earth and Planetary Sciences,IN,2024,2
Earth and Planetary Sciences,IS,2015,1
Earth and Planetary Sciences,IS,2016,1
Earth and Planetary Sciences,IS,2017,1
Earth and Planetary Sciences,IS,2018,1
Earth and Planetary Sciences,IS,2019,2
Earth and Planetary Sciences,IS,2020,1
Earth and Planetary Sciences,IS,2021,1
Earth and Planetary Sciences,IS,2022,1
Earth and Planetary Sciences,IS,2023,1
Earth and Planetary Sciences,IS,2024,1
Earth and Planetary Sciences,IT,2015,5
Earth and Planetary Sciences,IT,2016,5
Earth and Planetary Sciences,IT,2017,6
Earth and Planetary Sciences,IT,2018,6
Earth and Planetary Sciences,IT,2019,7
Earth and Planetary Sciences,IT,2020,8
Earth and Planetary Sciences,IT,2021,8
Earth and Planetary Sciences,IT,2022,8
Earth and Planetary Sciences,IT,2023,9
Earth and Planetary Sciences,IT,2024,9
Earth and Planetary Sciences,JP,2015,18
Earth and Planetary Sciences,JP,2016,16
Earth and Planetary Sciences,JP,2017,17
Earth and Planetary Sciences,JP,2018,18
Earth and Planetary Sciences,JP,2019,17
Earth and Planetary Sciences,JP,2020,16
Earth and Planetary Sciences,JP,2021,17
Earth and Planetary Sciences,JP,2022,20
Earth and Planetary Sciences,JP,2023,20
Earth and Planetary Sciences,JP,2024,19
Earth and Planetary Sciences,KR,2020,1
Earth and Planetary Sciences,KR,2021,1
Earth and Planetary Sciences,KR,2022,1
Earth and Planetary Sciences,KR,2023,1
Earth and Planetary Sciences,KR,2024,1
Earth and Planetary Sciences,MA,2015,1
Earth and Planetary Sciences,MA,2016,1
Earth and Planetary Sciences,MA,2017,1
Earth and Planetary Sciences,MA,2018,1
Earth and Planetary Sciences,MA,2019,1
Earth and Planetary Sciences,MA,2020,1
Earth and Planetary Sciences,MC,2015,1
Earth and Planetary Sciences,MC,2016,1
Earth and Planetary Sciences,MC,2017,1
Earth and Planetary Sciences,MC,2018,1
Earth and Planetary Sciences,MC,2019,1
Earth and Planetary Sciences,NL,2015,18
Earth and Planetary Sciences,NL,2016,20
Earth and Planetary Sciences,NL,2017,19
Earth and Planetary Sciences,NL,2018,20
Earth and Planetary Sciences,NL,2019,21
Earth and Planetary Sciences,NL,2020,21
Earth and Planetary Sciences,NL,2021,22
Earth and Planetary Sciences,NL,2022,22
Earth and Planetary Sciences,NL,2023,20
Earth and Planetary Sciences,NL,2024,21
Earth and Planetary Sciences,NO,2015,9
Earth and Planetary Sciences,NO,2016,9
Earth and Planetary Sciences,NO,2017,10
Earth and Planetary Sciences,NO,2018,11
Earth and Planetary Sciences,NO,2019,10
Earth and Planetary Sciences,NO,2020,10
Earth and Planetary Sciences,NO,2021,10
Earth and Planetary Sciences,NO,2022,11
Earth and Planetary Sciences,NO,2023,12
Earth and Planetary Sciences,NO,2024,14
Earth and Planetary Sciences,NP,2023,1
Earth and Planetary Sciences,NP,2024,1
Earth and Planetary Sciences,NZ,2015,7
Earth and Planetary Sciences,NZ,2016,7
Earth and Planetary Sciences,NZ,2017,7
Earth and Planetary Sciences,NZ,2018,6
Earth and Planetary Sciences,NZ,2019,5
Earth and Planetary Sciences,NZ,2020,4
Earth and Planetary Sciences,NZ,2021,4
Earth and Planetary Sciences,NZ,2022,4
Earth and Planetary Sciences,NZ,2023,5
Earth and Planetary Sciences,NZ,2024,5
Earth and Planetary Sciences,PL,2019,1
Earth and Planetary Sciences,PL,2020,1
Earth and Planetary Sciences,PL,2021,1
Earth and Planetary Sciences,PL,2022,1
Earth and Planetary Sciences,PL,2023,1
Earth and Planetary Sciences,PL,2024,1
Earth and Planetary Sciences,PT,2023,1
Earth and Planetary Sciences,PT,2024,1
Earth and Planetary Sciences,RE,2019,1
Earth and Planetary Sciences,RE,2020,1
Earth and Planetary Sciences,RE,2021,1
Earth and Planetary Sciences,RE,2022,1
Earth and Planetary Sciences,RE,2023,1
Earth and Planetary Sciences,RE,2024,1
Earth and Planetary Sciences,RU,2015,6
Earth and Planetary Sciences,RU,2016,5
Earth and Planetary Sciences,RU,2017,6
Earth and Planetary Sciences,RU,2018,6
Earth and Planetary Sciences,RU,2019,7
Earth and Planetary Sciences,RU,2020,9
Earth and Planetary Sciences,RU,2021,9
Earth and Planetary Sciences,RU,2022,8
Earth and Planetary Sciences,RU,2023,8
Earth and Planetary Sciences,RU,2024,10
Earth and Planetary Sciences,SA,2016,1
Earth and Planetary Sciences,SA,2017,1
Earth and Planetary Sciences,SA,2018,1
Earth and Planetary Sciences,SA,2019,1
Earth and Planetary Sciences,SA,2020,1
Earth and Planetary Sciences,SA,2021,2
Earth and Planetary Sciences,SA,2022,2
Earth and Planetary Sciences,SA,2023,2
Earth and Planetary Sciences,SA,2024,3
Earth and Planetary Sciences,SE,2015,14
Earth and Planetary Sciences,SE,2016,13
Earth and Planetary Sciences,SE,2017,13
Earth and Planetary Sciences,SE,2018,13
Earth and Planetary Sciences,SE,2019,13
Earth and Planetary Sciences,SE,2020,11
Earth and Planetary Sciences,SE,2021,11
Earth and Planetary Sciences,SE,2022,10
Earth and Planetary Sciences,SE,2023,8
Earth and Planetary Sciences,SE,2024,8
Earth and Planetary Sciences,SG,2015,2
Earth and Planetary Sciences,SG,2016,2
Earth and Planetary Sciences,SG,2017,2
Earth and Planetary Sciences,SG,2018,2
Earth and Planetary Sciences,SG,2019,3
Earth and Planetary Sciences,SG,2020,3
Earth and Planetary Sciences,SG,2021,3
Earth and Planetary Sciences,SG,2022,3
Earth and Planetary Sciences,SG,2023,3
Earth and Planetary Sciences,SG,2024,3
Earth and Planetary Sciences,SK,2015,2
Earth and Planetary Sciences,SK,2016,2
Earth and Planetary Sciences,SK,2017,2
Earth and Planetary Sciences,SK,2018,1
Earth and Planetary Sciences,TH,2015,1
Earth and Planetary Sciences,TH,2016,1
Earth and Planetary Sciences,TH,2017,1
Earth and Planetary Sciences,TH,2018,1
Earth and Planetary Sciences,TH,2019,1
Earth and Planetary Sciences,TH,2020,1
Earth and Planetary Sciences,TH,2021,1
Earth and Planetary Sciences,TH,2022,1
Earth and Planetary Sciences,TH,2023,1
Earth and Planetary Sciences,TH,2024,1
Earth and Planetary Sciences,TN,2015,2
Earth and Planetary Sciences,TN,2016,2
Earth and Planetary Sciences,TN,2017,2
Earth and Planetary Sciences,TN,2018,2
Earth and Planetary Sciences,TN,2019,2
Earth and Planetary Sciences,TN,2020,2
Earth and Planetary Sciences,TN,2021,2
Earth and Planetary Sciences,TN,2022,2
Earth and Planetary Sciences,TN,2023,2
Earth and Planetary Sciences,TN,2024,2
Earth and Planetary Sciences,TR,2015,1
Earth and Planetary Sciences,TR,2016,1
Earth and Planetary Sciences,TR,2017,1
Earth and Planetary Sciences,TR,2018,1
Earth and Planetary Sciences,TR,2019,1
Earth and Planetary Sciences,TR,2020,1
Earth and Planetary Sciences,TR,2021,1
Earth and Planetary Sciences,TR,2022,1
Earth and Planetary Sciences,TR,2023,1
Earth and Planetary Sciences,TR,2024,1
Earth and Planetary Sciences,TW,2015,6
Earth and Planetary Sciences,TW,2016,6
Earth and Planetary Sciences,TW,2017,6
Earth and Planetary Sciences,TW,2018,6
Earth and Planetary Sciences,TW,2019,6
Earth and Planetary Sciences,TW,2020,6
Earth and Planetary Sciences,TW,2021,6
Earth and Planetary Sciences,TW,2022,7
Earth and Planetary Sciences,TW,2023,7
Earth and Planetary Sciences,TW,2024,6
Earth and Planetary Sciences,TZ,2015,1
Earth and Planetary Sciences,TZ,2016,1
Earth and Planetary Sciences,TZ,2017,1
Earth and Planetary Sciences,TZ,2018,1
Earth and Planetary Sciences,TZ,2019,1
Earth and Planetary Sciences,TZ,2020,1
Earth and Planetary Sciences,TZ,2021,1
Earth and Planetary Sciences,TZ,2022,1
Earth and Planetary Sciences,TZ,2023,1
Earth and Planetary Sciences,TZ,2024,1
Earth and Planetary Sciences,UA,2015,1
Earth and Planetary Sciences,UA,2016,1
Earth and Planetary Sciences,UA,2017,1
Earth and Planetary Sciences,UA,2018,1
Earth and Planetary Sciences,UA,2019,1
Earth and Planetary Sciences,UA,2020,1
Earth and Planetary Sciences,US,2015,670
Earth and Planetary Sciences,US,2016,660
Earth and Planetary Sciences,US,2017,649
Earth and Planetary Sciences,US,2018,644
Earth and Planetary Sciences,US,2019,640
Earth and Planetary Sciences,US,2020,629
Earth and Planetary Sciences,US,2021,623
Earth and Planetary Sciences,US,2022,619
Earth and Planetary Sciences,US,2023,620
Earth and Planetary Sciences,US,2024,608
Earth and Planetary Sciences,VG,2015,1
Earth and Planetary Sciences,VG,2016,1
Earth and Planetary Sciences,VG,2017,1
Earth and Planetary Sciences,VG,2018,1
Earth and Planetary Sciences,VG,2019,1
Earth and Planetary Sciences,VG,2020,1
Earth and Planetary Sciences,VG,2021,1
Earth and Planetary Sciences,VG,2022,1
Earth and Planetary Sciences,VG,2023,1
Earth and Planetary Sciences,VG,2024,1
Earth and Planetary Sciences,VN,2015,1
Earth and Planetary Sciences,ZA,2015,4
Earth and Planetary Sciences,ZA,2016,4
Earth and Planetary Sciences,ZA,2017,3
Earth and Planetary Sciences,ZA,2018,3
Earth and Planetary Sciences,ZA,2019,5
Earth and Planetary Sciences,ZA,2020,5
Earth and Planetary Sciences,ZA,2021,4
Earth and Planetary Sciences,ZA,2022,6
Earth and Planetary Sciences,ZA,2023,5
Earth and Planetary Sciences,ZA,2024,5
Earth and Planetary Sciences,ZW,2015,1
Earth and Planetary Sciences,ZW,2016,1
Earth and Planetary Sciences,ZW,2017,1
Earth and Planetary Sciences,ZW,2018,1
Earth and Planetary Sciences,ZW,2019,1
Earth and Planetary Sciences,ZW,2020,1
"Economics, Econometrics and Finance",AE,2015,1
"Economics, Econometrics and Finance",AE,2016,1
"Economics, Econometrics and Finance",AE,2017,1
"Economics, Econometrics and Finance",AE,2018,1
"Economics, Econometrics and Finance",AE,2019,1
"Economics, Econometrics and Finance",AE,2020,1
"Economics, Econometrics and Finance",AE,2021,2
"Economics, Econometrics and Finance",AE,2022,2
"Economics, Econometrics and Finance",AE,2023,3
"Economics, Econometrics and Finance",AE,2024,3
"Economics, Econometrics and Finance",AG,2023,1
"Economics, Econometrics and Finance",AG,2024,1
"Economics, Econometrics and Finance",AT,2015,6
"Economics, Econometrics and Finance",AT,2016,6
"Economics, Econometrics and Finance",AT,2017,8
"Economics, Econometrics and Finance",AT,2018,8
"Economics, Econometrics and Finance",AT,2019,8
"Economics, Econometrics and Finance",AT,2020,9
"Economics, Econometrics and Finance",AT,2021,10
"Economics, Econometrics and Finance",AT,2022,10
"Economics, Econometrics and Finance",AT,2023,10
"Economics, Econometrics and Finance",AT,2024,10
"Economics, Econometrics and Finance",AU,2015,26
"Economics, Econometrics and Finance",AU,2016,29
"Economics, Econometrics and Finance",AU,2017,29
"Economics, Econometrics and Finance",AU,2018,29
"Economics, Econometrics and Finance",AU,2019,32
"Economics, Econometrics and Finance",AU,2020,31
"Economics, Econometrics and Finance",AU,2021,32
"Economics, Econometrics and Finance",AU,2022,33
"Economics, Econometrics and Finance",AU,2023,39
"Economics, Econometrics and Finance",AU,2024,40
"Economics, Econometrics and Finance",AZ,2024,2
"Economics, Econometrics and Finance",BE,2015,23
"Economics, Econometrics and Finance",BE,2016,23
"Economics, Econometrics and Finance",BE,2017,23
"Economics, Econometrics and Finance",BE,2018,22
"Economics, Econometrics and Finance",BE,2019,24
"Economics, Econometrics and Finance",BE,2020,24
"Economics, Econometrics and Finance",BE,2021,24
"Economics, Econometrics and Finance",BE,2022,25
"Economics, Econometrics and Finance",BE,2023,27
"Economics, Econometrics and Finance",BE,2024,26
"Economics, Econometrics and Finance",BG,2015,1
"Economics, Econometrics and Finance",BG,2016,1
"Economics, Econometrics and Finance",BG,2017,1
"Economics, Econometrics and Finance",BG,2018,1
"Economics, Econometrics and Finance",BG,2019,1
"Economics, Econometrics and Finance",BG,2020,1
"Economics, Econometrics and Finance",BG,2021,1
"Economics, Econometrics and Finance",BG,2022,1
"Economics, Econometrics and Finance",BG,2023,1
"Economics, Econometrics and Finance",BG,2024,1
"Economics, Econometrics and Finance",BI,2017,1
"Economics, Econometrics and Finance",BI,2018,1
"Economics, Econometrics and Finance",BI,2019,1
"Economics, Econometrics and Finance",BI,2020,1
"Economics, Econometrics and Finance",BI,2021,1
"Economics, Econometrics and Finance",BI,2022,1
"Economics, Econometrics and Finance",BI,2023,1
"Economics, Econometrics and Finance",BI,2024,1
"Economics, Econometrics and Finance",BR,2015,1
"Economics, Econometrics and Finance",BR,2016,1
"Economics, Econometrics and Finance",BR,2017,1
"Economics, Econometrics and Finance",BR,2018,1
"Economics, Econometrics and Finance",BR,2019,1
"Economics, Econometrics and Finance",BR,2020,1
"Economics, Econometrics and Finance",BR,2021,1
"Economics, Econometrics and Finance",BR,2022,1
"Economics, Econometrics and Finance",BR,2023,1
"Economics, Econometrics and Finance",BR,2024,1
"Economics, Econometrics and Finance",CA,2015,67
"Economics, Econometrics and Finance",CA,2016,67
"Economics, Econometrics and Finance",CA,2017,65
"Economics, Econometrics and Finance",CA,2018,64
"Economics, Econometrics and Finance",CA,2019,64
"Economics, Econometrics and Finance",CA,2020,66
"Economics, Econometrics and Finance",CA,2021,67
"Economics, Econometrics and Finance",CA,2022,70
"Economics, Econometrics and Finance",CA,2023,66
"Economics, Econometrics and Finance",CA,2024,64
"Economics, Econometrics and Finance",CH,2015,19
"Economics, Econometrics and Finance",CH,2016,17
"Economics, Econometrics and Finance",CH,2017,18
"Economics, Econometrics and Finance",CH,2018,18
"Economics, Econometrics and Finance",CH,2019,17
"Economics, Econometrics and Finance",CH,2020,15
"Economics, Econometrics and Finance",CH,2021,16
"Economics, Econometrics and Finance",CH,2022,17
"Economics, Econometrics and Finance",CH,2023,17
"Economics, Econometrics and Finance",CH,2024,16
"Economics, Econometrics and Finance",CN,2015,8
"Economics, Econometrics and Finance",CN,2016,8
"Economics, Econometrics and Finance",CN,2017,8
"Economics, Econometrics and Finance",CN,2018,9
"Economics, Econometrics and Finance",CN,2019,10
"Economics, Econometrics and Finance",CN,2020,12
"Economics, Econometrics and Finance",CN,2021,15
"Economics, Econometrics and Finance",CN,2022,17
"Economics, Econometrics and Finance",CN,2023,22
"Economics, Econometrics and Finance",CN,2024,27
"Economics, Econometrics and Finance",CNX,2015,13
"Economics, Econometrics and Finance",CNX,2016,13
"Economics, Econometrics and Finance",CNX,2017,13
"Economics, Econometrics and Finance",CNX,2018,14
"Economics, Econometrics and Finance",CNX,2019,15
"Economics, Econometrics and Finance",CNX,2020,17
"Economics, Econometrics and Finance",CNX,2021,21
"Economics, Econometrics and Finance",CNX,2022,23
"Economics, Econometrics and Finance",CNX,2023,27
"Economics, Econometrics and Finance",CNX,2024,32
"Economics, Econometrics and Finance",CY,2024,2
"Economics, Econometrics and Finance",CZ,2015,2
"Economics, Econometrics and Finance",CZ,2016,2
"Economics, Econometrics and Finance",CZ,2017,2
"Economics, Econometrics and Finance",CZ,2018,2
"Economics, Econometrics and Finance",CZ,2019,2
"Economics, Econometrics and Finance",CZ,2020,2
"Economics, Econometrics and Finance",CZ,2021,3
"Economics, Econometrics and Finance",CZ,2022,3
"Economics, Econometrics and Finance",CZ,2023,3
"Economics, Econometrics and Finance",CZ,2024,4
"Economics, Econometrics and Finance",DE,2015,68
"Economics, Econometrics and Finance",DE,2016,66
"Economics, Econometrics and Finance",DE,2017,68
"Economics, Econometrics and Finance",DE,2018,67
"Economics, Econometrics and Finance",DE,2019,66
"Economics, Econometrics and Finance",DE,2020,64
"Economics, Econometrics and Finance",DE,2021,61
"Economics, Econometrics and Finance",DE,2022,62
"Economics, Econometrics and Finance",DE,2023,63
"Economics, Econometrics and Finance",DE,2024,60
"Economics, Econometrics and Finance",DK,2015,10
"Economics, Econometrics and Finance",DK,2016,10
"Economics, Econometrics and Finance",DK,2017,10
"Economics, Econometrics and Finance",DK,2018,10
"Economics, Econometrics and Finance",DK,2019,10
"Economics, Econometrics and Finance",DK,2020,10
"Economics, Econometrics and Finance",DK,2021,10
"Economics, Econometrics and Finance",DK,2022,10
"Economics, Econometrics and Finance",DK,2023,10
"Economics, Econometrics and Finance",DK,2024,9
"Economics, Econometrics and Finance",DO,2015,1
"Economics, Econometrics and Finance",DO,2016,1
"Economics, Econometrics and Finance",DO,2017,1
"Economics, Econometrics and Finance",DO,2018,1
"Economics, Econometrics and Finance",DO,2019,1
"Economics, Econometrics and Finance",DO,2020,1
"Economics, Econometrics and Finance",DO,2021,1
"Economics, Econometrics and Finance",DO,2022,1
"Economics, Econometrics and Finance",DO,2023,1
"Economics, Econometrics and Finance",DO,2024,1
"Economics, Econometrics and Finance",ES,2015,11
"Economics, Econometrics and Finance",ES,2016,12
"Economics, Econometrics and Finance",ES,2017,12
"Economics, Econometrics and Finance",ES,2018,12
"Economics, Econometrics and Finance",ES,2019,12
"Economics, Econometrics and Finance",ES,2020,12
"Economics, Econometrics and Finance",ES,2021,12
"Economics, Econometrics and Finance",ES,2022,13
"Economics, Econometrics and Finance",ES,2023,13
"Economics, Econometrics and Finance",ES,2024,15
"Economics, Econometrics and Finance",FI,2015,1
"Economics, Econometrics and Finance",FI,2016,1
"Economics, Econometrics and Finance",FI,2017,1
"Economics, Econometrics and Finance",FI,2018,1
"Economics, Econometrics and Finance",FI,2019,1
"Economics, Econometrics and Finance",FI,2020,1
"Economics, Econometrics and Finance",FI,2021,1
"Economics, Econometrics and Finance",FI,2022,2
"Economics, Econometrics and Finance",FI,2023,2
"Economics, Econometrics and Finance",FI,2024,2
"Economics, Econometrics and Finance",FR,2015,32
"Economics, Econometrics and Finance",FR,2016,32
"Economics, Econometrics and Finance",FR,2017,32
"Economics, Econometrics and Finance",FR,2018,34
"Economics, Econometrics and Finance",FR,2019,33
"Economics, Econometrics and Finance",FR,2020,31
"Economics, Econometrics and Finance",FR,2021,30
"Economics, Econometrics and Finance",FR,2022,32
"Economics, Econometrics and Finance",FR,2023,32
"Economics, Econometrics and Finance",FR,2024,33
"Economics, Econometrics and Finance",GB,2015,224
"Economics, Econometrics and Finance",GB,2016,226
"Economics, Econometrics and Finance",GB,2017,232
"Economics, Econometrics and Finance",GB,2018,232
"Economics, Econometrics and Finance",GB,2019,230
"Economics, Econometrics and Finance",GB,2020,224
"Economics, Econometrics and Finance",GB,2021,226
"Economics, Econometrics and Finance",GB,2022,230
"Economics, Econometrics and Finance",GB,2023,227
"Economics, Econometrics and Finance",GB,2024,225
"Economics, Econometrics and Finance",GR,2020,1
"Economics, Econometrics and Finance",GR,2021,1
"Economics, Econometrics and Finance",GR,2022,1
"Economics, Econometrics and Finance",GR,2023,1
"Economics, Econometrics and Finance",GR,2024,1
"Economics, Econometrics and Finance",HK,2015,4
"Economics, Econometrics and Finance",HK,2016,4
"Economics, Econometrics and Finance",HK,2017,4
"Economics, Econometrics and Finance",HK,2018,4
"Economics, Econometrics and Finance",HK,2019,4
"Economics, Econometrics and Finance",HK,2020,4
"Economics, Econometrics and Finance",HK,2021,4
"Economics, Econometrics and Finance",HK,2022,4
"Economics, Econometrics and Finance",HK,2023,3
"Economics, Econometrics and Finance",HK,2024,3
"Economics, Econometrics and Finance",HU,2015,1
"Economics, Econometrics and Finance",HU,2016,1
"Economics, Econometrics and Finance",HU,2017,1
"Economics, Econometrics and Finance",HU,2018,1
"Economics, Econometrics and Finance",HU,2019,1
"Economics, Econometrics and Finance",HU,2020,1
"Economics, Econometrics and Finance",HU,2021,1
"Economics, Econometrics and Finance",HU,2022,1
"Economics, Econometrics and Finance",HU,2023,1
"Economics, Econometrics and Finance",HU,2024,2
"Economics, Econometrics and Finance",ID,2024,1
"Economics, Econometrics and Finance",IE,2015,6
"Economics, Econometrics and Finance",IE,2016,7
"Economics, Econometrics and Finance",IE,2017,8
"Economics, Econometrics and Finance",IE,2018,8
"Economics, Econometrics and Finance",IE,2019,8
"Economics, Econometrics and Finance",IE,2020,9
"Economics, Econometrics and Finance",IE,2021,10
"Economics, Econometrics and Finance",IE,2022,10
"Economics, Econometrics and Finance",IE,2023,10
"Economics, Econometrics and Finance",IE,2024,10
"Economics, Econometrics and Finance",IL,2015,13
"Economics, Econometrics and Finance",IL,2016,14
"Economics, Econometrics and Finance",IL,2017,14
"Economics, Econometrics and Finance",IL,2018,15
"Economics, Econometrics and Finance",IL,2019,14
"Economics, Econometrics and Finance",IL,2020,14
"Economics, Econometrics and Finance",IL,2021,12
"Economics, Econometrics and Finance",IL,2022,12
"Economics, Econometrics and Finance",IL,2023,11
"Economics, Econometrics and Finance",IL,2024,11
"Economics, Econometrics and Finance",IN,2015,2
"Economics, Econometrics and Finance",IN,2016,2
"Economics, Econometrics and Finance",IN,2017,2
"Economics, Econometrics and Finance",IN,2018,2
"Economics, Econometrics and Finance",IN,2019,2
"Economics, Econometrics and Finance",IN,2020,4
"Economics, Econometrics and Finance",IN,2021,5
"Economics, Econometrics and Finance",IN,2022,5
"Economics, Econometrics and Finance",IN,2023,6
"Economics, Econometrics and Finance",IN,2024,6
"Economics, Econometrics and Finance",IT,2015,21
"Economics, Econometrics and Finance",IT,2016,22
"Economics, Econometrics and Finance",IT,2017,20
"Economics, Econometrics and Finance",IT,2018,19
"Economics, Econometrics and Finance",IT,2019,20
"Economics, Econometrics and Finance",IT,2020,18
"Economics, Econometrics and Finance",IT,2021,20
"Economics, Econometrics and Finance",IT,2022,21
"Economics, Econometrics and Finance",IT,2023,20
"Economics, Econometrics and Finance",IT,2024,20
"Economics, Econometrics and Finance",JP,2015,10
"Economics, Econometrics and Finance",JP,2016,8
"Economics, Econometrics and Finance",JP,2017,5
"Economics, Econometrics and Finance",JP,2018,5
"Economics, Econometrics and Finance",JP,2019,5
"Economics, Econometrics and Finance",JP,2020,6
"Economics, Econometrics and Finance",JP,2021,5
"Economics, Econometrics and Finance",JP,2022,5
"Economics, Econometrics and Finance",JP,2023,6
"Economics, Econometrics and Finance",JP,2024,7
"Economics, Econometrics and Finance",KR,2015,4
"Economics, Econometrics and Finance",KR,2016,4
"Economics, Econometrics and Finance",KR,2017,4
"Economics, Econometrics and Finance",KR,2018,4
"Economics, Econometrics and Finance",KR,2019,4
"Economics, Econometrics and Finance",KR,2020,4
"Economics, Econometrics and Finance",KR,2021,4
"Economics, Econometrics and Finance",KR,2022,4
"Economics, Econometrics and Finance",KR,2023,4
"Economics, Econometrics and Finance",KR,2024,6
"Economics, Econometrics and Finance",KW,2024,1
"Economics, Econometrics and Finance",LB,2023,1
"Economics, Econometrics and Finance",LB,2024,8
"Economics, Econometrics and Finance",LT,2023,1
"Economics, Econometrics and Finance",LT,2024,1
"Economics, Econometrics and Finance",LV,2015,1
"Economics, Econometrics and Finance",LV,2016,1
"Economics, Econometrics and Finance",LV,2017,1
"Economics, Econometrics and Finance",LV,2018,1
"Economics, Econometrics and Finance",LV,2019,1
"Economics, Econometrics and Finance",LV,2020,1
"Economics, Econometrics and Finance",LV,2021,2
"Economics, Econometrics and Finance",LV,2022,2
"Economics, Econometrics and Finance",LV,2023,2
"Economics, Econometrics and Finance",LV,2024,3
"Economics, Econometrics and Finance",MX,2015,2
"Economics, Econometrics and Finance",MX,2016,2
"Economics, Econometrics and Finance",MX,2017,2
"Economics, Econometrics and Finance",MX,2018,2
"Economics, Econometrics and Finance",MX,2019,2
"Economics, Econometrics and Finance",MX,2020,2
"Economics, Econometrics and Finance",MX,2021,2
"Economics, Econometrics and Finance",MX,2022,2
"Economics, Econometrics and Finance",MX,2023,2
"Economics, Econometrics and Finance",MX,2024,2
"Economics, Econometrics and Finance",MY,2015,1
"Economics, Econometrics and Finance",MY,2016,1
"Economics, Econometrics and Finance",MY,2017,1
"Economics, Econometrics and Finance",MY,2018,1
"Economics, Econometrics and Finance",MY,2019,1
"Economics, Econometrics and Finance",MY,2020,1
"Economics, Econometrics and Finance",MY,2021,1
"Economics, Econometrics and Finance",MY,2024,1
"Economics, Econometrics and Finance",NL,2015,34
"Economics, Econometrics and Finance",NL,2016,35
"Economics, Econometrics and Finance",NL,2017,36
"Economics, Econometrics and Finance",NL,2018,34
"Economics, Econometrics and Finance",NL,2019,38
"Economics, Econometrics and Finance",NL,2020,42
"Economics, Econometrics and Finance",NL,2021,43
"Economics, Econometrics and Finance",NL,2022,44
"Economics, Econometrics and Finance",NL,2023,43
"Economics, Econometrics and Finance",NL,2024,41
"Economics, Econometrics and Finance",NO,2015,7
"Economics, Econometrics and Finance",NO,2016,7
"Economics, Econometrics and Finance",NO,2017,7
"Economics, Econometrics and Finance",NO,2018,8
"Economics, Econometrics and Finance",NO,2019,8
"Economics, Econometrics and Finance",NO,2020,8
"Economics, Econometrics and Finance",NO,2021,9
"Economics, Econometrics and Finance",NO,2022,9
"Economics, Econometrics and Finance",NO,2023,10
"Economics, Econometrics and Finance",NO,2024,9
"Economics, Econometrics and Finance",NP,2015,1
"Economics, Econometrics and Finance",NP,2016,1
"Economics, Econometrics and Finance",NP,2017,1
"Economics, Econometrics and Finance",NP,2018,1
"Economics, Econometrics and Finance",NP,2019,1
"Economics, Econometrics and Finance",NP,2020,1
"Economics, Econometrics and Finance",NP,2021,1
"Economics, Econometrics and Finance",NP,2022,1
"Economics, Econometrics and Finance",NP,2023,1
"Economics, Econometrics and Finance",NP,2024,1
"Economics, Econometrics and Finance",NZ,2015,4
"Economics, Econometrics and Finance",NZ,2016,4
"Economics, Econometrics and Finance",NZ,2017,5
"Economics, Econometrics and Finance",NZ,2018,3
"Economics, Econometrics and Finance",NZ,2019,4
"Economics, Econometrics and Finance",NZ,2020,3
"Economics, Econometrics and Finance",NZ,2021,3
"Economics, Econometrics and Finance",NZ,2022,3
"Economics, Econometrics and Finance",NZ,2023,3
"Economics, Econometrics and Finance",NZ,2024,3
"Economics, Econometrics and Finance",PH,2015,2
"Economics, Econometrics and Finance",PH,2016,1
"Economics, Econometrics and Finance",PH,2017,1
"Economics, Econometrics and Finance",PH,2018,1
"Economics, Econometrics and Finance",PH,2019,1
"Economics, Econometrics and Finance",PH,2020,1
"Economics, Econometrics and Finance",PH,2021,1
"Economics, Econometrics and Finance",PH,2022,1
"Economics, Econometrics and Finance",PH,2023,1
"Economics, Econometrics and Finance",PH,2024,1
"Economics, Econometrics and Finance",PK,2015,2
"Economics, Econometrics and Finance",PK,2016,2
"Economics, Econometrics and Finance",PK,2017,2
"Economics, Econometrics and Finance",PK,2018,2
"Economics, Econometrics and Finance",PK,2019,2
"Economics, Econometrics and Finance",PK,2020,3
"Economics, Econometrics and Finance",PK,2021,3
"Economics, Econometrics and Finance",PK,2022,3
"Economics, Econometrics and Finance",PK,2023,3
"Economics, Econometrics and Finance",PK,2024,5
"Economics, Econometrics and Finance",PL,2015,1
"Economics, Econometrics and Finance",PL,2016,1
"Economics, Econometrics and Finance",PL,2017,1
"Economics, Econometrics and Finance",PL,2018,1
"Economics, Econometrics and Finance",PL,2019,1
"Economics, Econometrics and Finance",PL,2020,1
"Economics, Econometrics and Finance",PL,2021,2
"Economics, Econometrics and Finance",PL,2022,2
"Economics, Econometrics and Finance",PL,2023,2
"Economics, Econometrics and Finance",PL,2024,2
"Economics, Econometrics and Finance",PT,2015,3
"Economics, Econometrics and Finance",PT,2016,2
"Economics, Econometrics and Finance",PT,2017,2
"Economics, Econometrics and Finance",PT,2018,2
"Economics, Econometrics and Finance",PT,2019,2
"Economics, Econometrics and Finance",PT,2020,2
"Economics, Econometrics and Finance",PT,2021,2
"Economics, Econometrics and Finance",PT,2022,2
"Economics, Econometrics and Finance",PT,2023,2
"Economics, Econometrics and Finance",PT,2024,2
"Economics, Econometrics and Finance",QA,2015,1
"Economics, Econometrics and Finance",QA,2016,1
"Economics, Econometrics and Finance",QA,2017,1
"Economics, Econometrics and Finance",QA,2018,1
"Economics, Econometrics and Finance",QA,2019,1
"Economics, Econometrics and Finance",QA,2020,1
"Economics, Econometrics and Finance",QA,2021,1
"Economics, Econometrics and Finance",QA,2022,1
"Economics, Econometrics and Finance",RU,2015,2
"Economics, Econometrics and Finance",RU,2016,2
"Economics, Econometrics and Finance",RU,2017,3
"Economics, Econometrics and Finance",RU,2018,4
"Economics, Econometrics and Finance",RU,2019,4
"Economics, Econometrics and Finance",RU,2020,5
"Economics, Econometrics and Finance",RU,2021,6
"Economics, Econometrics and Finance",RU,2022,6
"Economics, Econometrics and Finance",RU,2023,7
"Economics, Econometrics and Finance",RU,2024,8
"Economics, Econometrics and Finance",SA,2015,1
"Economics, Econometrics and Finance",SA,2016,1
"Economics, Econometrics and Finance",SA,2017,1
"Economics, Econometrics and Finance",SA,2018,1
"Economics, Econometrics and Finance",SA,2019,1
"Economics, Econometrics and Finance",SA,2020,1
"Economics, Econometrics and Finance",SA,2021,2
"Economics, Econometrics and Finance",SA,2022,2
"Economics, Econometrics and Finance",SA,2023,2
"Economics, Econometrics and Finance",SA,2024,2
"Economics, Econometrics and Finance",SE,2015,15
"Economics, Econometrics and Finance",SE,2016,15
"Economics, Econometrics and Finance",SE,2017,15
"Economics, Econometrics and Finance",SE,2018,15
"Economics, Econometrics and Finance",SE,2019,15
"Economics, Econometrics and Finance",SE,2020,12
"Economics, Econometrics and Finance",SE,2021,11
"Economics, Econometrics and Finance",SE,2022,11
"Economics, Econometrics and Finance",SE,2023,11
"Economics, Econometrics and Finance",SE,2024,10
"Economics, Econometrics and Finance",SG,2015,3
"Economics, Econometrics and Finance",SG,2016,4
"Economics, Econometrics and Finance",SG,2017,4
"Economics, Econometrics and Finance",SG,2018,4
"Economics, Econometrics and Finance",SG,2019,4
"Economics, Econometrics and Finance",SG,2020,5
"Economics, Econometrics and Finance",SG,2021,4
"Economics, Econometrics and Finance",SG,2022,4
"Economics, Econometrics and Finance",SG,2023,6
"Economics, Econometrics and Finance",SG,2024,6
"Economics, Econometrics and Finance",SI,2015,2
"Economics, Econometrics and Finance",SI,2016,2
"Economics, Econometrics and Finance",SI,2017,2
"Economics, Econometrics and Finance",SI,2018,2
"Economics, Econometrics and Finance",SI,2019,2
"Economics, Econometrics and Finance",SI,2020,2
"Economics, Econometrics and Finance",SI,2021,2
"Economics, Econometrics and Finance",SI,2022,2
"Economics, Econometrics and Finance",SI,2023,2
"Economics, Econometrics and Finance",SI,2024,2
"Economics, Econometrics and Finance",SS,2015,1
"Economics, Econometrics and Finance",SS,2016,1
"Economics, Econometrics and Finance",SS,2017,1
"Economics, Econometrics and Finance",SS,2018,1
"Economics, Econometrics and Finance",SS,2019,1
"Economics, Econometrics and Finance",SS,2020,1
"Economics, Econometrics and Finance",SS,2021,1
"Economics, Econometrics and Finance",SS,2022,1
"Economics, Econometrics and Finance",TR,2015,1
"Economics, Econometrics and Finance",TR,2016,1
"Economics, Econometrics and Finance",TR,2017,1
"Economics, Econometrics and Finance",TR,2018,1
"Economics, Econometrics and Finance",TR,2019,1
"Economics, Econometrics and Finance",TR,2020,1
"Economics, Econometrics and Finance",TR,2021,1
"Economics, Econometrics and Finance",TR,2022,1
"Economics, Econometrics and Finance",TR,2023,2
"Economics, Econometrics and Finance",TR,2024,4
"Economics, Econometrics and Finance",TT,2015,1
"Economics, Econometrics and Finance",TT,2016,1
"Economics, Econometrics and Finance",TT,2017,1
"Economics, Econometrics and Finance",TT,2018,1
"Economics, Econometrics and Finance",TT,2019,1
"Economics, Econometrics and Finance",TT,2020,1
"Economics, Econometrics and Finance",TT,2021,1
"Economics, Econometrics and Finance",TT,2022,1
"Economics, Econometrics and Finance",TT,2023,1
"Economics, Econometrics and Finance",TW,2015,3
"Economics, Econometrics and Finance",TW,2016,3
"Economics, Econometrics and Finance",TW,2017,3
"Economics, Econometrics and Finance",TW,2018,3
"Economics, Econometrics and Finance",TW,2019,3
"Economics, Econometrics and Finance",TW,2020,3
"Economics, Econometrics and Finance",TW,2021,4
"Economics, Econometrics and Finance",TW,2022,5
"Economics, Econometrics and Finance",TW,2023,5
"Economics, Econometrics and Finance",TW,2024,5
"Economics, Econometrics and Finance",US,2015,785
"Economics, Econometrics and Finance",US,2016,775
"Economics, Econometrics and Finance",US,2017,777
"Economics, Econometrics and Finance",US,2018,774
"Economics, Econometrics and Finance",US,2019,766
"Economics, Econometrics and Finance",US,2020,762
"Economics, Econometrics and Finance",US,2021,754
"Economics, Econometrics and Finance",US,2022,746
"Economics, Econometrics and Finance",US,2023,737
"Economics, Econometrics and Finance",US,2024,727
"Economics, Econometrics and Finance",UZ,2024,1
"Economics, Econometrics and Finance",VN,2015,3
"Economics, Econometrics and Finance",VN,2016,3
"Economics, Econometrics and Finance",VN,2017,3
"Economics, Econometrics and Finance",VN,2018,3
"Economics, Econometrics and Finance",VN,2019,3
"Economics, Econometrics and Finance",VN,2020,4
"Economics, Econometrics and Finance",VN,2021,4
"Economics, Econometrics and Finance",VN,2022,5
"Economics, Econometrics and Finance",VN,2023,6
"Economics, Econometrics and Finance",VN,2024,7
"Economics, Econometrics and Finance",ZA,2015,2
"Economics, Econometrics and Finance",ZA,2016,3
"Economics, Econometrics and Finance",ZA,2017,3
"Economics, Econometrics and Finance",ZA,2018,3
"Economics, Econometrics and Finance",ZA,2019,3
"Economics, Econometrics and Finance",ZA,2020,3
"Economics, Econometrics and Finance",ZA,2021,5
"Economics, Econometrics and Finance",ZA,2022,5
"Economics, Econometrics and Finance",ZA,2023,5
"Economics, Econometrics and Finance",ZA,2024,5
Energy,AE,2018,1
Energy,AE,2019,1
Energy,AE,2020,1
Energy,AE,2021,1
Energy,AE,2022,2
Energy,AE,2023,2
Energy,AE,2024,4
Energy,AR,2015,5
Energy,AR,2016,5
Energy,AR,2017,4
Energy,AR,2018,4
Energy,AR,2019,3
Energy,AR,2020,1
Energy,AR,2021,1
Energy,AR,2022,1
Energy,AR,2023,1
Energy,AR,2024,1
Energy,AT,2015,5
Energy,AT,2016,6
Energy,AT,2017,6
Energy,AT,2018,6
Energy,AT,2019,7
Energy,AT,2020,7
Energy,AT,2021,5
Energy,AT,2022,4
Energy,AT,2023,5
Energy,AT,2024,4
Energy,AU,2015,45
Energy,AU,2016,47
Energy,AU,2017,52
Energy,AU,2018,53
Energy,AU,2019,55
Energy,AU,2020,57
Energy,AU,2021,58
Energy,AU,2022,56
Energy,AU,2023,53
Energy,AU,2024,51
Energy,BD,2015,1
Energy,BD,2016,1
Energy,BD,2017,1
Energy,BD,2018,1
Energy,BD,2019,1
Energy,BD,2020,1
Energy,BD,2021,1
Energy,BD,2022,1
Energy,BD,2023,1
Energy,BD,2024,1
Energy,BE,2015,6
Energy,BE,2016,6
Energy,BE,2017,7
Energy,BE,2018,5
Energy,BE,2019,5
Energy,BE,2020,5
Energy,BE,2021,4
Energy,BE,2022,2
Energy,BE,2023,2
Energy,BE,2024,2
Energy,BG,2017,1
Energy,BG,2018,1
Energy,BG,2019,1
Energy,BG,2020,1
Energy,BG,2021,1
Energy,BG,2022,1
Energy,BG,2023,1
Energy,BG,2024,1
Energy,BN,2016,1
Energy,BN,2017,1
Energy,BN,2018,1
Energy,BN,2019,1
Energy,BN,2020,1
Energy,BN,2021,1
Energy,BN,2022,1
Energy,BN,2023,1
Energy,BN,2024,1
Energy,BR,2015,7
Energy,BR,2016,7
Energy,BR,2017,8
Energy,BR,2018,7
Energy,BR,2019,8
Energy,BR,2020,5
Energy,BR,2021,4
Energy,BR,2022,4
Energy,BR,2023,5
Energy,BR,2024,4
Energy,BY,2019,1
Energy,CA,2015,27
Energy,CA,2016,28
Energy,CA,2017,29
Energy,CA,2018,24
Energy,CA,2019,25
Energy,CA,2020,21
Energy,CA,2021,26
Energy,CA,2022,26
Energy,CA,2023,26
Energy,CA,2024,29
Energy,CH,2015,49
Energy,CH,2016,48
Energy,CH,2017,43
Energy,CH,2018,42
Energy,CH,2019,38
Energy,CH,2020,40
Energy,CH,2021,38
Energy,CH,2022,36
Energy,CH,2023,33
Energy,CH,2024,31
Energy,CL,2015,1
Energy,CL,2016,1
Energy,CL,2017,1
Energy,CL,2018,1
Energy,CN,2015,255
Energy,CN,2016,292
Energy,CN,2017,330
Energy,CN,2018,370
Energy,CN,2019,414
Energy,CN,2020,458
Energy,CN,2021,486
Energy,CN,2022,513
Energy,CN,2023,550
Energy,CN,2024,568
Energy,CNX,2015,280
Energy,CNX,2016,316
Energy,CNX,2017,353
Energy,CNX,2018,392
Energy,CNX,2019,434
Energy,CNX,2020,478
Energy,CNX,2021,512
Energy,CNX,2022,537
Energy,CNX,2023,574
Energy,CNX,2024,592
Energy,CY,2015,2
Energy,CY,2016,2
Energy,CY,2017,3
Energy,CY,2018,3
Energy,CY,2019,3
Energy,CY,2020,3
Energy,CY,2021,3
Energy,CY,2022,3
Energy,CY,2023,3
Energy,CY,2024,3
Energy,CZ,2015,3
Energy,CZ,2016,3
Energy,CZ,2017,3
Energy,CZ,2018,2
Energy,CZ,2019,3
Energy,CZ,2020,4
Energy,CZ,2021,5
Energy,CZ,2022,5
Energy,CZ,2023,4
Energy,CZ,2024,5
Energy,DE,2015,75
Energy,DE,2016,72
Energy,DE,2017,73
Energy,DE,2018,68
Energy,DE,2019,65
Energy,DE,2020,62
Energy,DE,2021,56
Energy,DE,2022,54
Energy,DE,2023,50
Energy,DE,2024,46
Energy,DK,2015,10
Energy,DK,2016,12
Energy,DK,2017,13
Energy,DK,2018,14
Energy,DK,2019,14
Energy,DK,2020,15
Energy,DK,2021,16
Energy,DK,2022,15
Energy,DK,2023,16
Energy,DK,2024,16
Energy,DZ,2015,1
Energy,DZ,2016,1
Energy,DZ,2017,1
Energy,DZ,2018,1
Energy,DZ,2019,1
Energy,DZ,2020,1
Energy,DZ,2021,2
Energy,DZ,2022,2
Energy,DZ,2023,2
Energy,DZ,2024,2
Energy,EC,2024,1
Energy,EG,2015,2
Energy,EG,2016,2
Energy,EG,2017,3
Energy,EG,2018,3
Energy,EG,2019,3
Energy,EG,2020,4
Energy,EG,2021,5
Energy,EG,2022,6
Energy,EG,2023,7
Energy,EG,2024,11
Energy,ES,2015,39
Energy,ES,2016,38
Energy,ES,2017,40
Energy,ES,2018,40
Energy,ES,2019,40
Energy,ES,2020,30
Energy,ES,2021,30
Energy,ES,2022,28
Energy,ES,2023,26
Energy,ES,2024,21
Energy,FI,2015,2
Energy,FI,2016,2
Energy,FI,2017,2
Energy,FI,2018,2
Energy,FI,2019,1
Energy,FI,2020,1
Energy,FI,2021,2
Energy,FI,2022,2
Energy,FI,2023,2
Energy,FI,2024,2
Energy,FR,2015,50
Energy,FR,2016,48
Energy,FR,2017,41
Energy,FR,2018,40
Energy,FR,2019,35
Energy,FR,2020,30
Energy,FR,2021,28
Energy,FR,2022,27
Energy,FR,2023,27
Energy,FR,2024,25
Energy,GB,2015,60
Energy,GB,2016,61
Energy,GB,2017,57
Energy,GB,2018,49
Energy,GB,2019,46
Energy,GB,2020,41
Energy,GB,2021,37
Energy,GB,2022,36
Energy,GB,2023,32
Energy,GB,2024,32
Energy,GR,2015,12
Energy,GR,2016,12
Energy,GR,2017,11
Energy,GR,2018,10
Energy,GR,2019,8
Energy,GR,2020,7
Energy,GR,2021,5
Energy,GR,2022,6
Energy,GR,2023,5
Energy,GR,2024,5
Energy,HK,2015,25
Energy,HK,2016,25
Energy,HK,2017,21
Energy,HK,2018,22
Energy,HK,2019,23
Energy,HK,2020,22
Energy,HK,2021,27
Energy,HK,2022,27
Energy,HK,2023,26
Energy,HK,2024,27
Energy,HR,2015,2
Energy,HR,2016,1
Energy,HR,2017,1
Energy,HR,2018,1
Energy,HR,2019,2
Energy,HR,2020,2
Energy,HR,2021,2
Energy,HR,2022,2
Energy,HR,2023,1
Energy,HR,2024,1
Energy,HU,2015,3
Energy,HU,2016,3
Energy,HU,2017,3
Energy,HU,2018,2
Energy,HU,2019,2
Energy,HU,2020,2
Energy,HU,2021,1
Energy,HU,2022,1
Energy,HU,2023,1
Energy,HU,2024,1
Energy,ID,2015,1
Energy,ID,2016,1
Energy,ID,2017,1
Energy,ID,2018,1
Energy,ID,2019,1
Energy,ID,2021,1
Energy,ID,2022,1
Energy,ID,2023,1
Energy,ID,2024,1
Energy,IE,2015,4
Energy,IE,2016,4
Energy,IE,2017,4
Energy,IE,2018,4
Energy,IE,2019,3
Energy,IE,2020,3
Energy,IE,2021,3
Energy,IE,2022,3
Energy,IE,2023,3
Energy,IE,2024,3
Energy,IL,2015,11
Energy,IL,2016,12
Energy,IL,2017,11
Energy,IL,2018,11
Energy,IL,2019,11
Energy,IL,2020,9
Energy,IL,2021,9
Energy,IL,2022,6
Energy,IL,2023,5
Energy,IL,2024,5
Energy,IN,2015,24
Energy,IN,2016,27
Energy,IN,2017,25
Energy,IN,2018,25
Energy,IN,2019,25
Energy,IN,2020,27
Energy,IN,2021,27
Energy,IN,2022,25
Energy,IN,2023,26
Energy,IN,2024,28
Energy,IR,2015,2
Energy,IR,2016,3
Energy,IR,2017,5
Energy,IR,2018,5
Energy,IR,2019,5
Energy,IR,2020,5
Energy,IR,2021,7
Energy,IR,2022,6
Energy,IR,2023,7
Energy,IR,2024,7
Energy,IT,2015,37
Energy,IT,2016,37
Energy,IT,2017,31
Energy,IT,2018,27
Energy,IT,2019,26
Energy,IT,2020,21
Energy,IT,2021,18
Energy,IT,2022,16
Energy,IT,2023,13
Energy,IT,2024,12
Energy,JP,2015,118
Energy,JP,2016,111
Energy,JP,2017,104
Energy,JP,2018,100
Energy,JP,2019,94
Energy,JP,2020,88
Energy,JP,2021,82
Energy,JP,2022,76
Energy,JP,2023,72
Energy,JP,2024,72
Energy,KR,2015,35
Energy,KR,2016,36
Energy,KR,2017,35
Energy,KR,2018,37
Energy,KR,2019,35
Energy,KR,2020,36
Energy,KR,2021,35
Energy,KR,2022,35
Energy,KR,2023,33
Energy,KR,2024,32
Energy,KW,2019,1
Energy,KW,2020,1
Energy,KW,2021,1
Energy,KW,2022,1
Energy,KW,2023,1
Energy,KW,2024,1
Energy,LB,2024,1
Energy,LK,2015,4
Energy,LK,2016,4
Energy,LK,2017,3
Energy,LK,2018,2
Energy,LK,2019,2
Energy,LK,2020,2
Energy,LY,2015,1
Energy,LY,2016,1
Energy,LY,2017,1
Energy,LY,2018,1
Energy,LY,2019,1
Energy,MA,2015,1
Energy,MA,2016,1
Energy,ME,2017,1
Energy,ME,2018,1
Energy,ME,2019,1
Energy,ME,2020,1
Energy,ME,2021,1
Energy,ME,2022,1
Energy,ME,2023,1
Energy,ME,2024,1
Energy,MK,2016,1
Energy,MK,2017,1
Energy,MK,2018,1
Energy,MK,2019,1
Energy,MK,2020,1
Energy,MK,2021,1
Energy,MK,2024,1
Energy,MO,2015,1
Energy,MO,2016,1
Energy,MO,2017,1
Energy,MO,2018,1
Energy,MO,2019,1
Energy,MO,2020,1
Energy,MO,2021,2
Energy,MO,2022,5
Energy,MO,2023,5
Energy,MO,2024,5
Energy,MV,2019,1
Energy,MV,2020,1
Energy,MV,2021,1
Energy,MV,2022,1
Energy,MV,2023,1
Energy,MV,2024,1
Energy,MX,2015,4
Energy,MX,2016,4
Energy,MX,2017,4
Energy,MX,2018,4
Energy,MX,2019,3
Energy,MX,2020,3
Energy,MX,2021,1
Energy,MX,2022,2
Energy,MX,2023,3
Energy,MX,2024,3
Energy,MY,2015,4
Energy,MY,2016,4
Energy,MY,2017,4
Energy,MY,2018,4
Energy,MY,2019,5
Energy,MY,2020,7
Energy,MY,2021,7
Energy,MY,2022,8
Energy,MY,2023,10
Energy,MY,2024,11
Energy,NL,2015,24
Energy,NL,2016,26
Energy,NL,2017,21
Energy,NL,2018,20
Energy,NL,2019,19
Energy,NL,2020,19
Energy,NL,2021,17
Energy,NL,2022,17
Energy,NL,2023,16
Energy,NL,2024,13
Energy,NO,2015,1
Energy,NO,2016,2
Energy,NO,2017,2
Energy,NO,2018,2
Energy,NO,2019,2
Energy,NO,2020,3
Energy,NO,2021,2
Energy,NO,2022,2
Energy,NO,2023,1
Energy,NO,2024,1
Energy,NZ,2015,1
Energy,NZ,2016,1
Energy,NZ,2017,2
Energy,NZ,2018,4
Energy,NZ,2019,4
Energy,NZ,2020,4
Energy,NZ,2021,4
Energy,NZ,2022,4
Energy,NZ,2023,5
Energy,NZ,2024,6
Energy,OM,2015,1
Energy,OM,2016,1
Energy,OM,2017,1
Energy,OM,2018,1
Energy,PK,2015,1
Energy,PK,2016,1
Energy,PK,2017,1
Energy,PK,2018,1
Energy,PK,2019,1
Energy,PK,2020,1
Energy,PK,2021,1
Energy,PK,2022,1
Energy,PK,2023,1
Energy,PK,2024,2
Energy,PL,2015,6
Energy,PL,2016,7
Energy,PL,2017,7
Energy,PL,2018,6
Energy,PL,2019,6
Energy,PL,2020,6
Energy,PL,2021,6
Energy,PL,2022,3
Energy,PL,2023,2
Energy,PL,2024,4
Energy,PR,2015,3
Energy,PR,2016,3
Energy,PR,2017,3
Energy,PR,2018,4
Energy,PR,2019,3
Energy,PR,2020,2
Energy,PR,2021,2
Energy,PR,2022,2
Energy,PR,2023,1
Energy,PR,2024,2
Energy,PT,2015,7
Energy,PT,2016,6
Energy,PT,2017,7
Energy,PT,2018,8
Energy,PT,2019,8
Energy,PT,2020,8
Energy,PT,2021,7
Energy,PT,2022,6
Energy,PT,2023,8
Energy,PT,2024,8
Energy,QA,2016,1
Energy,QA,2017,1
Energy,QA,2018,1
Energy,RO,2015,1
Energy,RO,2016,1
Energy,RO,2017,1
Energy,RO,2018,1
Energy,RO,2019,2
Energy,RO,2020,1
Energy,RO,2021,1
Energy,RO,2022,1
Energy,RO,2023,1
Energy,RO,2024,1
Energy,RS,2015,4
Energy,RS,2016,2
Energy,RS,2017,2
Energy,RS,2018,1
Energy,RS,2019,1
Energy,RS,2020,1
Energy,RS,2021,1
Energy,RS,2022,1
Energy,RS,2023,1
Energy,RS,2024,1
Energy,RU,2015,6
Energy,RU,2016,8
Energy,RU,2017,10
Energy,RU,2018,12
Energy,RU,2019,11
Energy,RU,2020,14
Energy,RU,2021,12
Energy,RU,2022,11
Energy,RU,2023,9
Energy,RU,2024,8
Energy,SA,2015,9
Energy,SA,2016,10
Energy,SA,2017,10
Energy,SA,2018,12
Energy,SA,2019,13
Energy,SA,2020,13
Energy,SA,2021,15
Energy,SA,2022,18
Energy,SA,2023,20
Energy,SA,2024,21
Energy,SE,2015,21
Energy,SE,2016,18
Energy,SE,2017,16
Energy,SE,2018,17
Energy,SE,2019,16
Energy,SE,2020,15
Energy,SE,2021,15
Energy,SE,2022,16
Energy,SE,2023,16
Energy,SE,2024,16
Energy,SG,2015,17
Energy,SG,2016,25
Energy,SG,2017,30
Energy,SG,2018,36
Energy,SG,2019,37
Energy,SG,2020,44
Energy,SG,2021,49
Energy,SG,2022,52
Energy,SG,2023,55
Energy,SG,2024,60
Energy,SI,2015,1
Energy,SI,2016,1
Energy,SI,2017,1
Energy,SI,2018,1
Energy,SI,2019,1
Energy,SI,2020,1
Energy,SI,2021,1
Energy,SK,2015,3
Energy,SK,2016,3
Energy,SK,2017,2
Energy,SK,2018,2
Energy,SK,2019,2
Energy,SK,2020,2
Energy,SK,2021,2
Energy,SK,2022,2
Energy,SK,2023,2
Energy,SK,2024,2
Energy,TN,2016,1
Energy,TN,2018,1
Energy,TN,2019,1
Energy,TR,2015,2
Energy,TR,2016,2
Energy,TR,2017,2
Energy,TR,2018,2
Energy,TR,2019,1
Energy,TR,2020,2
Energy,TR,2021,2
Energy,TR,2022,1
Energy,TR,2023,1
Energy,TR,2024,1
Energy,TW,2015,18
Energy,TW,2016,17
Energy,TW,2017,16
Energy,TW,2018,17
Energy,TW,2019,15
Energy,TW,2020,15
Energy,TW,2021,20
Energy,TW,2022,20
Energy,TW,2023,19
Energy,TW,2024,18
Energy,US,2015,319
Energy,US,2016,306
Energy,US,2017,294
Energy,US,2018,288
Energy,US,2019,275
Energy,US,2020,266
Energy,US,2021,251
Energy,US,2022,237
Energy,US,2023,219
Energy,US,2024,204
Energy,VN,2020,1
Energy,VN,2021,1
Energy,VN,2022,2
Energy,VN,2023,2
Energy,VN,2024,2
Energy,ZA,2019,1
Energy,ZA,2020,1
Energy,ZA,2021,1
Energy,ZA,2022,1
Energy,ZA,2023,1
Energy,ZA,2024,2
Engineering,AE,2020,1
Engineering,AE,2021,1
Engineering,AE,2022,2
Engineering,AE,2023,5
Engineering,AE,2024,5
Engineering,AR,2019,1
Engineering,AR,2020,1
Engineering,AR,2021,1
Engineering,AR,2022,1
Engineering,AR,2023,1
Engineering,AT,2015,7
Engineering,AT,2016,8
Engineering,AT,2017,8
Engineering,AT,2018,8
Engineering,AT,2019,8
Engineering,AT,2020,7
Engineering,AT,2021,7
Engineering,AT,2022,7
Engineering,AT,2023,5
Engineering,AT,2024,6
Engineering,AU,2015,45
Engineering,AU,2016,41
Engineering,AU,2017,45
Engineering,AU,2018,44
Engineering,AU,2019,45
Engineering,AU,2020,45
Engineering,AU,2021,47
Engineering,AU,2022,48
Engineering,AU,2023,49
Engineering,AU,2024,50
Engineering,BE,2015,12
Engineering,BE,2016,13
Engineering,BE,2017,13
Engineering,BE,2018,12
Engineering,BE,2019,11
Engineering,BE,2020,11
Engineering,BE,2021,11
Engineering,BE,2022,11
Engineering,BE,2023,11
Engineering,BE,2024,12
Engineering,BG,2015,3
Engineering,BG,2016,3
Engineering,BG,2017,3
Engineering,BG,2018,3
Engineering,BG,2019,3
Engineering,BG,2020,3
Engineering,BG,2021,3
Engineering,BG,2022,3
Engineering,BG,2023,3
Engineering,BG,2024,3
Engineering,BR,2015,1
Engineering,BR,2016,1
Engineering,CA,2015,39
Engineering,CA,2016,39
Engineering,CA,2017,38
Engineering,CA,2018,41
Engineering,CA,2019,40
Engineering,CA,2020,38
Engineering,CA,2021,39
Engineering,CA,2022,40
Engineering,CA,2023,45
Engineering,CA,2024,43
Engineering,CH,2015,23
Engineering,CH,2016,22
Engineering,CH,2017,22
Engineering,CH,2018,22
Engineering,CH,2019,26
Engineering,CH,2020,27
Engineering,CH,2021,29
Engineering,CH,2022,30
Engineering,CH,2023,29
Engineering,CH,2024,30
Engineering,CL,2015,1
Engineering,CL,2016,1
Engineering,CL,2017,1
Engineering,CL,2018,1
Engineering,CL,2019,1
Engineering,CL,2020,1
Engineering,CL,2021,1
Engineering,CL,2022,1
Engineering,CL,2023,1
Engineering,CL,2024,1
Engineering,CN,2015,58
Engineering,CN,2016,67
Engineering,CN,2017,90
Engineering,CN,2018,112
Engineering,CN,2019,136
Engineering,CN,2020,161
Engineering,CN,2021,172
Engineering,CN,2022,197
Engineering,CN,2023,223
Engineering,CN,2024,255
Engineering,CNX,2015,78
Engineering,CNX,2016,86
Engineering,CNX,2017,110
Engineering,CNX,2018,135
Engineering,CNX,2019,162
Engineering,CNX,2020,188
Engineering,CNX,2021,203
Engineering,CNX,2022,230
Engineering,CNX,2023,256
Engineering,CNX,2024,290
Engineering,CZ,2015,3
Engineering,CZ,2016,3
Engineering,CZ,2017,4
Engineering,CZ,2018,3
Engineering,CZ,2019,3
Engineering,CZ,2020,3
Engineering,CZ,2021,3
Engineering,CZ,2022,2
Engineering,CZ,2023,1
Engineering,CZ,2024,2
Engineering,DE,2015,74
Engineering,DE,2016,78
Engineering,DE,2017,80
Engineering,DE,2018,80
Engineering,DE,2019,88
Engineering,DE,2020,83
Engineering,DE,2021,78
Engineering,DE,2022,74
Engineering,DE,2023,71
Engineering,DE,2024,66
Engineering,DK,2015,12
Engineering,DK,2016,13
Engineering,DK,2017,13
Engineering,DK,2018,13
Engineering,DK,2019,13
Engineering,DK,2020,13
Engineering,DK,2021,14
Engineering,DK,2022,13
Engineering,DK,2023,15
Engineering,DK,2024,13
Engineering,EC,2023,1
Engineering,EC,2024,1
Engineering,ES,2015,11
Engineering,ES,2016,12
Engineering,ES,2017,12
Engineering,ES,2018,15
Engineering,ES,2019,17
Engineering,ES,2020,18
Engineering,ES,2021,17
Engineering,ES,2022,19
Engineering,ES,2023,19
Engineering,ES,2024,18
Engineering,FI,2015,4
Engineering,FI,2016,4
Engineering,FI,2017,3
Engineering,FI,2018,3
Engineering,FI,2019,3
Engineering,FI,2020,2
Engineering,FI,2021,2
Engineering,FI,2022,1
Engineering,FR,2015,26
Engineering,FR,2016,25
Engineering,FR,2017,25
Engineering,FR,2018,24
Engineering,FR,2019,23
Engineering,FR,2020,22
Engineering,FR,2021,19
Engineering,FR,2022,19
Engineering,FR,2023,20
Engineering,FR,2024,21
Engineering,GB,2015,108
Engineering,GB,2016,109
Engineering,GB,2017,103
Engineering,GB,2018,98
Engineering,GB,2019,94
Engineering,GB,2020,95
Engineering,GB,2021,97
Engineering,GB,2022,90
Engineering,GB,2023,85
Engineering,GB,2024,84
Engineering,GR,2015,1
Engineering,GR,2016,2
Engineering,GR,2017,2
Engineering,GR,2018,2
Engineering,GR,2019,2
Engineering,GR,2020,2
Engineering,GR,2021,2
Engineering,GR,2022,3
Engineering,GR,2023,3
Engineering,GR,2024,3
Engineering,HK,2015,21
Engineering,HK,2016,20
Engineering,HK,2017,23
Engineering,HK,2018,26
Engineering,HK,2019,31
Engineering,HK,2020,31
Engineering,HK,2021,35
Engineering,HK,2022,37
Engineering,HK,2023,38
Engineering,HK,2024,40
Engineering,HU,2015,1
Engineering,HU,2016,1
Engineering,HU,2017,1
Engineering,HU,2018,1
Engineering,HU,2019,1
Engineering,HU,2020,1
Engineering,HU,2021,1
Engineering,HU,2022,1
Engineering,HU,2023,1
Engineering,HU,2024,2
Engineering,ID,2023,1
Engineering,ID,2024,1
Engineering,IE,2015,2
Engineering,IE,2016,2
Engineering,IE,2017,2
Engineering,IE,2018,1
Engineering,IE,2019,1
Engineering,IE,2020,1
Engineering,IE,2023,1
Engineering,IE,2024,1
Engineering,IL,2015,19
Engineering,IL,2016,19
Engineering,IL,2017,20
Engineering,IL,2018,19
Engineering,IL,2019,17
Engineering,IL,2020,14
Engineering,IL,2021,13
Engineering,IL,2022,12
Engineering,IL,2023,11
Engineering,IL,2024,10
Engineering,IN,2015,3
Engineering,IN,2016,4
Engineering,IN,2017,3
Engineering,IN,2018,4
Engineering,IN,2019,4
Engineering,IN,2020,4
Engineering,IN,2021,5
Engineering,IN,2022,5
Engineering,IN,2023,4
Engineering,IN,2024,5
Engineering,IR,2016,1
Engineering,IR,2017,1
Engineering,IR,2018,3
Engineering,IR,2019,3
Engineering,IR,2020,3
Engineering,IR,2021,3
Engineering,IR,2022,3
Engineering,IR,2023,3
Engineering,IR,2024,3
Engineering,IS,2017,1
Engineering,IS,2018,1
Engineering,IS,2019,1
Engineering,IS,2020,1
Engineering,IS,2021,1
Engineering,IS,2022,2
Engineering,IS,2023,2
Engineering,IS,2024,2
Engineering,IT,2015,24
Engineering,IT,2016,26
Engineering,IT,2017,24
Engineering,IT,2018,22
Engineering,IT,2019,21
Engineering,IT,2020,23
Engineering,IT,2021,23
Engineering,IT,2022,22
Engineering,IT,2023,21
Engineering,IT,2024,21
Engineering,JP,2015,49
Engineering,JP,2016,49
Engineering,JP,2017,48
Engineering,JP,2018,47
Engineering,JP,2019,47
Engineering,JP,2020,43
Engineering,JP,2021,38
Engineering,JP,2022,39
Engineering,JP,2023,37
Engineering,JP,2024,32
Engineering,KR,2015,17
Engineering,KR,2016,17
Engineering,KR,2017,19
Engineering,KR,2018,27
Engineering,KR,2019,31
Engineering,KR,2020,30
Engineering,KR,2021,34
Engineering,KR,2022,36
Engineering,KR,2023,36
Engineering,KR,2024,38
Engineering,KW,2020,1
Engineering,KW,2021,1
Engineering,KW,2022,1
Engineering,KW,2023,1
Engineering,KW,2024,1
Engineering,LB,2024,2
Engineering,LK,2017,1
Engineering,LK,2018,1
Engineering,LK,2019,1
Engineering,LK,2020,1
Engineering,LK,2021,1
Engineering,LK,2022,1
Engineering,LK,2023,1
Engineering,LU,2018,1
Engineering,LU,2019,1
Engineering,LU,2020,1
Engineering,LU,2021,1
Engineering,LU,2022,1
Engineering,LU,2023,1
Engineering,LU,2024,1
Engineering,MK,2024,1
Engineering,MO,2017,1
Engineering,MO,2018,2
Engineering,MO,2019,2
Engineering,MO,2020,2
Engineering,MO,2021,2
Engineering,MO,2022,3
Engineering,MO,2023,3
Engineering,MO,2024,5
Engineering,MW,2021,1
Engineering,MW,2022,1
Engineering,MW,2023,1
Engineering,MW,2024,1
Engineering,MX,2015,1
Engineering,MX,2016,1
Engineering,MX,2017,1
Engineering,MX,2018,1
Engineering,MX,2019,1
Engineering,MX,2020,1
Engineering,MX,2022,1
Engineering,MX,2023,1
Engineering,MX,2024,2
Engineering,MY,2015,1
Engineering,MY,2016,1
Engineering,MY,2017,2
Engineering,MY,2018,3
Engineering,MY,2019,4
Engineering,MY,2020,4
Engineering,MY,2021,5
Engineering,MY,2022,6
Engineering,MY,2023,7
Engineering,MY,2024,9
Engineering,NL,2015,33
Engineering,NL,2016,32
Engineering,NL,2017,31
Engineering,NL,2018,33
Engineering,NL,2019,34
Engineering,NL,2020,29
Engineering,NL,2021,25
Engineering,NL,2022,24
Engineering,NL,2023,21
Engineering,NL,2024,18
Engineering,NO,2015,3
Engineering,NO,2016,3
Engineering,NO,2017,4
Engineering,NO,2018,3
Engineering,NO,2019,3
Engineering,NO,2020,4
Engineering,NO,2021,3
Engineering,NO,2022,3
Engineering,NO,2023,4
Engineering,NO,2024,4
Engineering,NZ,2015,2
Engineering,NZ,2016,2
Engineering,NZ,2017,2
Engineering,NZ,2018,2
Engineering,NZ,2019,2
Engineering,NZ,2020,1
Engineering,NZ,2021,1
Engineering,NZ,2022,1
Engineering,NZ,2023,1
Engineering,NZ,2024,1
Engineering,PK,2015,1
Engineering,PK,2016,1
Engineering,PK,2017,1
Engineering,PK,2018,1
Engineering,PK,2019,1
Engineering,PK,2020,1
Engineering,PK,2021,1
Engineering,PK,2022,1
Engineering,PK,2023,1
Engineering,PK,2024,1
Engineering,PL,2023,1
Engineering,PL,2024,1
Engineering,PT,2015,2
Engineering,PT,2016,3
Engineering,PT,2017,3
Engineering,PT,2018,3
Engineering,PT,2019,3
Engineering,PT,2020,3
Engineering,PT,2021,4
Engineering,PT,2022,5
Engineering,PT,2023,6
Engineering,PT,2024,6
Engineering,QA,2015,1
Engineering,QA,2016,1
Engineering,QA,2017,2
Engineering,QA,2018,2
Engineering,QA,2019,2
Engineering,QA,2020,2
Engineering,QA,2021,2
Engineering,QA,2022,2
Engineering,QA,2023,2
Engineering,QA,2024,1
Engineering,RO,2015,4
Engineering,RO,2016,3
Engineering,RO,2017,3
Engineering,RO,2018,3
Engineering,RO,2019,3
Engineering,RO,2020,3
Engineering,RO,2021,3
Engineering,RO,2022,3
Engineering,RO,2023,3
Engineering,RO,2024,3
Engineering,RU,2015,6
Engineering,RU,2016,6
Engineering,RU,2017,6
Engineering,RU,2018,3
Engineering,RU,2019,4
Engineering,RU,2020,6
Engineering,RU,2021,6
Engineering,RU,2022,7
Engineering,RU,2023,6
Engineering,RU,2024,6
Engineering,SA,2015,11
Engineering,SA,2016,14
Engineering,SA,2017,16
Engineering,SA,2018,15
Engineering,SA,2019,16
Engineering,SA,2020,19
Engineering,SA,2021,22
Engineering,SA,2022,24
Engineering,SA,2023,25
Engineering,SA,2024,26
Engineering,SD,2020,2
Engineering,SD,2021,2
Engineering,SD,2022,3
Engineering,SD,2023,4
Engineering,SD,2024,4
Engineering,SE,2015,20
Engineering,SE,2016,18
Engineering,SE,2017,16
Engineering,SE,2018,17
Engineering,SE,2019,17
Engineering,SE,2020,18
Engineering,SE,2021,18
Engineering,SE,2022,16
Engineering,SE,2023,16
Engineering,SE,2024,16
Engineering,SG,2015,22
Engineering,SG,2016,23
Engineering,SG,2017,25
Engineering,SG,2018,27
Engineering,SG,2019,26
Engineering,SG,2020,30
Engineering,SG,2021,39
Engineering,SG,2022,44
Engineering,SG,2023,46
Engineering,SG,2024,52
Engineering,SS,2015,2
Engineering,SS,2016,2
Engineering,SS,2017,2
Engineering,SS,2018,2
Engineering,SS,2019,3
Engineering,SS,2020,4
Engineering,SS,2021,4
Engineering,SS,2022,4
Engineering,SS,2023,5
Engineering,SS,2024,5
Engineering,TH,2020,1
Engineering,TH,2021,1
Engineering,TH,2022,1
Engineering,TH,2023,1
Engineering,TH,2024,2
Engineering,TR,2015,2
Engineering,TR,2016,1
Engineering,TR,2017,1
Engineering,TR,2018,1
Engineering,TR,2019,2
Engineering,TR,2020,3
Engineering,TR,2021,3
Engineering,TR,2022,3
Engineering,TR,2023,3
Engineering,TR,2024,3
Engineering,TW,2015,4
Engineering,TW,2016,3
Engineering,TW,2017,2
Engineering,TW,2018,2
Engineering,TW,2019,2
Engineering,TW,2020,3
Engineering,TW,2021,3
Engineering,TW,2022,6
Engineering,TW,2023,7
Engineering,TW,2024,8
Engineering,UA,2015,2
Engineering,UA,2016,2
Engineering,UA,2017,2
Engineering,UA,2018,2
Engineering,UA,2019,3
Engineering,UA,2020,2
Engineering,UA,2021,2
Engineering,UA,2022,2
Engineering,UA,2023,2
Engineering,UA,2024,2
Engineering,US,2015,622
Engineering,US,2016,611
Engineering,US,2017,588
Engineering,US,2018,567
Engineering,US,2019,546
Engineering,US,2020,538
Engineering,US,2021,521
Engineering,US,2022,505
Engineering,US,2023,487
Engineering,US,2024,466
Engineering,VE,2015,1
Engineering,VE,2016,1
Engineering,VE,2017,1
Engineering,VE,2018,1
Engineering,VE,2019,1
Engineering,VE,2020,1
Engineering,VE,2021,1
Engineering,VE,2022,1
Engineering,VE,2023,1
Engineering,VE,2024,1
Engineering,VN,2018,1
Engineering,VN,2019,1
Engineering,VN,2020,1
Engineering,VN,2021,2
Engineering,VN,2022,2
Engineering,VN,2023,2
Engineering,VN,2024,2
Engineering,ZA,2015,1
Engineering,ZA,2016,2
Engineering,ZA,2017,2
Engineering,ZA,2018,2
Engineering,ZA,2019,2
Engineering,ZA,2020,1
Engineering,ZA,2021,1
Engineering,ZA,2022,1
Engineering,ZA,2023,1
Engineering,ZA,2024,2
Environmental Science,AE,2015,2
Environmental Science,AE,2016,1
Environmental Science,AE,2017,1
Environmental Science,AE,2018,1
Environmental Science,AE,2019,1
Environmental Science,AE,2020,2
Environmental Science,AE,2021,3
Environmental Science,AE,2022,3
Environmental Science,AE,2023,4
Environmental Science,AE,2024,4
Environmental Science,AR,2015,3
Environmental Science,AR,2016,3
Environmental Science,AR,2017,3
Environmental Science,AR,2018,3
Environmental Science,AR,2019,3
Environmental Science,AR,2020,3
Environmental Science,AR,2021,3
Environmental Science,AR,2022,3
Environmental Science,AR,2023,3
Environmental Science,AR,2024,3
Environmental Science,AT,2015,4
Environmental Science,AT,2016,5
Environmental Science,AT,2017,5
Environmental Science,AT,2018,6
Environmental Science,AT,2019,9
Environmental Science,AT,2020,9
Environmental Science,AT,2021,10
Environmental Science,AT,2022,10
Environmental Science,AT,2023,12
Environmental Science,AT,2024,12
Environmental Science,AU,2015,63
Environmental Science,AU,2016,66
Environmental Science,AU,2017,71
Environmental Science,AU,2018,77
Environmental Science,AU,2019,80
Environmental Science,AU,2020,88
Environmental Science,AU,2021,90
Environmental Science,AU,2022,94
Environmental Science,AU,2023,95
Environmental Science,AU,2024,98
Environmental Science,BD,2023,1
Environmental Science,BD,2024,1
Environmental Science,BE,2015,14
Environmental Science,BE,2016,16
Environmental Science,BE,2017,16
Environmental Science,BE,2018,14
Environmental Science,BE,2019,14
Environmental Science,BE,2020,14
Environmental Science,BE,2021,13
Environmental Science,BE,2022,13
Environmental Science,BE,2023,12
Environmental Science,BE,2024,12
Environmental Science,BF,2022,1
Environmental Science,BF,2024,1
Environmental Science,BI,2015,1
Environmental Science,BI,2016,1
Environmental Science,BR,2015,10
Environmental Science,BR,2016,9
Environmental Science,BR,2017,8
Environmental Science,BR,2018,9
Environmental Science,BR,2019,9
Environmental Science,BR,2020,11
Environmental Science,BR,2021,11
Environmental Science,BR,2022,11
Environmental Science,BR,2023,12
Environmental Science,BR,2024,13
Environmental Science,CA,2015,88
Environmental Science,CA,2016,85
Environmental Science,CA,2017,83
Environmental Science,CA,2018,83
Environmental Science,CA,2019,82
Environmental Science,CA,2020,80
Environmental Science,CA,2021,80
Environmental Science,CA,2022,68
Environmental Science,CA,2023,61
Environmental Science,CA,2024,60
Environmental Science,CH,2015,22
Environmental Science,CH,2016,25
Environmental Science,CH,2017,29
Environmental Science,CH,2018,31
Environmental Science,CH,2019,33
Environmental Science,CH,2020,35
Environmental Science,CH,2021,33
Environmental Science,CH,2022,31
Environmental Science,CH,2023,31
Environmental Science,CH,2024,28
Environmental Science,CN,2015,18
Environmental Science,CN,2016,22
Environmental Science,CN,2017,27
Environmental Science,CN,2018,31
Environmental Science,CN,2019,32
Environmental Science,CN,2020,44
Environmental Science,CN,2021,60
Environmental Science,CN,2022,72
Environmental Science,CN,2023,90
Environmental Science,CN,2024,104
Environmental Science,CNX,2015,23
Environmental Science,CNX,2016,27
Environmental Science,CNX,2017,34
Environmental Science,CNX,2018,38
Environmental Science,CNX,2019,39
Environmental Science,CNX,2020,49
Environmental Science,CNX,2021,69
Environmental Science,CNX,2022,81
Environmental Science,CNX,2023,99
Environmental Science,CNX,2024,114
Environmental Science,CO,2017,1
Environmental Science,CO,2018,1
Environmental Science,CO,2019,1
Environmental Science,CO,2020,2
Environmental Science,CO,2021,1
Environmental Science,CO,2022,1
Environmental Science,CO,2023,1
Environmental Science,CO,2024,1
Environmental Science,CR,2015,1
Environmental Science,CR,2016,1
Environmental Science,CR,2017,1
Environmental Science,CR,2018,1
Environmental Science,CR,2019,1
Environmental Science,CR,2020,1
Environmental Science,CR,2021,1
Environmental Science,CR,2022,1
Environmental Science,CR,2023,1
Environmental Science,CR,2024,1
Environmental Science,CZ,2015,1
Environmental Science,CZ,2016,1
Environmental Science,CZ,2017,1
Environmental Science,CZ,2018,1
Environmental Science,CZ,2019,2
Environmental Science,CZ,2020,1
Environmental Science,CZ,2021,1
Environmental Science,CZ,2022,1
Environmental Science,CZ,2023,1
Environmental Science,CZ,2024,1
Environmental Science,DE,2015,52
Environmental Science,DE,2016,53
Environmental Science,DE,2017,54
Environmental Science,DE,2018,54
Environmental Science,DE,2019,59
Environmental Science,DE,2020,63
Environmental Science,DE,2021,63
Environmental Science,DE,2022,70
Environmental Science,DE,2023,74
Environmental Science,DE,2024,74
Environmental Science,DK,2015,13
Environmental Science,DK,2016,12
Environmental Science,DK,2017,13
Environmental Science,DK,2018,15
Environmental Science,DK,2019,16
Environmental Science,DK,2020,18
Environmental Science,DK,2021,19
Environmental Science,DK,2022,19
Environmental Science,DK,2023,22
Environmental Science,DK,2024,20
Environmental Science,EE,2015,1
Environmental Science,EE,2016,1
Environmental Science,EE,2017,1
Environmental Science,EE,2018,1
Environmental Science,EE,2019,1
Environmental Science,EE,2020,1
Environmental Science,EE,2021,1
Environmental Science,EE,2022,1
Environmental Science,EE,2023,1
Environmental Science,EE,2024,1
Environmental Science,ES,2015,18
Environmental Science,ES,2016,19
Environmental Science,ES,2017,19
Environmental Science,ES,2018,19
Environmental Science,ES,2019,21
Environmental Science,ES,2020,22
Environmental Science,ES,2021,25
Environmental Science,ES,2022,27
Environmental Science,ES,2023,28
Environmental Science,ES,2024,29
Environmental Science,ET,2015,1
Environmental Science,ET,2016,1
Environmental Science,ET,2017,1
Environmental Science,ET,2018,1
Environmental Science,ET,2019,1
Environmental Science,ET,2020,1
Environmental Science,ET,2021,1
Environmental Science,ET,2022,1
Environmental Science,ET,2023,1
Environmental Science,FI,2015,7
Environmental Science,FI,2016,7
Environmental Science,FI,2017,8
Environmental Science,FI,2018,8
Environmental Science,FI,2019,8
Environmental Science,FI,2020,9
Environmental Science,FI,2021,10
Environmental Science,FI,2022,9
Environmental Science,FI,2023,7
Environmental Science,FI,2024,7
Environmental Science,FJ,2016,1
Environmental Science,FJ,2017,1
Environmental Science,FJ,2018,1
Environmental Science,FJ,2019,1
Environmental Science,FJ,2020,1
Environmental Science,FJ,2021,1
Environmental Science,FJ,2022,1
Environmental Science,FR,2015,28
Environmental Science,FR,2016,27
Environmental Science,FR,2017,27
Environmental Science,FR,2018,26
Environmental Science,FR,2019,27
Environmental Science,FR,2020,25
Environmental Science,FR,2021,24
Environmental Science,FR,2022,26
Environmental Science,FR,2023,26
Environmental Science,FR,2024,28
Environmental Science,GB,2015,135
Environmental Science,GB,2016,135
Environmental Science,GB,2017,134
Environmental Science,GB,2018,135
Environmental Science,GB,2019,135
Environmental Science,GB,2020,133
Environmental Science,GB,2021,134
Environmental Science,GB,2022,132
Environmental Science,GB,2023,130
Environmental Science,GB,2024,131
Environmental Science,GE,2021,1
Environmental Science,GE,2022,1
Environmental Science,GE,2023,1
Environmental Science,GE,2024,1
Environmental Science,GH,2022,1
Environmental Science,GH,2023,1
Environmental Science,GH,2024,1
Environmental Science,GL,2015,1
Environmental Science,GL,2016,1
Environmental Science,GL,2017,1
Environmental Science,GL,2018,1
Environmental Science,GL,2019,1
Environmental Science,GL,2020,1
Environmental Science,GL,2021,1
Environmental Science,GL,2022,1
Environmental Science,GL,2023,1
Environmental Science,GL,2024,1
Environmental Science,GR,2015,3
Environmental Science,GR,2016,3
Environmental Science,GR,2017,3
Environmental Science,GR,2018,4
Environmental Science,GR,2019,4
Environmental Science,GR,2020,4
Environmental Science,GR,2021,4
Environmental Science,GR,2022,5
Environmental Science,GR,2023,5
Environmental Science,GR,2024,5
Environmental Science,HK,2015,9
Environmental Science,HK,2016,9
Environmental Science,HK,2017,10
Environmental Science,HK,2018,10
Environmental Science,HK,2019,10
Environmental Science,HK,2020,9
Environmental Science,HK,2021,12
Environmental Science,HK,2022,14
Environmental Science,HK,2023,18
Environmental Science,HK,2024,21
Environmental Science,HR,2015,1
Environmental Science,HR,2016,1
Environmental Science,HR,2017,1
Environmental Science,HR,2018,1
Environmental Science,ID,2015,1
Environmental Science,ID,2016,2
Environmental Science,ID,2017,2
Environmental Science,ID,2018,2
Environmental Science,IE,2018,1
Environmental Science,IE,2019,2
Environmental Science,IE,2020,2
Environmental Science,IE,2021,2
Environmental Science,IE,2022,1
Environmental Science,IE,2023,1
Environmental Science,IE,2024,1
Environmental Science,IL,2015,5
Environmental Science,IL,2016,5
Environmental Science,IL,2017,4
Environmental Science,IL,2018,3
Environmental Science,IL,2019,3
Environmental Science,IL,2020,3
Environmental Science,IL,2021,3
Environmental Science,IL,2022,3
Environmental Science,IL,2023,3
Environmental Science,IL,2024,3
Environmental Science,IN,2015,4
Environmental Science,IN,2016,4
Environmental Science,IN,2017,4
Environmental Science,IN,2018,4
Environmental Science,IN,2019,3
Environmental Science,IN,2020,3
Environmental Science,IN,2021,4
Environmental Science,IN,2022,5
Environmental Science,IN,2023,6
Environmental Science,IN,2024,7
Environmental Science,IR,2023,1
Environmental Science,IR,2024,1
Environmental Science,IS,2017,1
Environmental Science,IS,2018,2
Environmental Science,IS,2019,2
Environmental Science,IS,2024,1
Environmental Science,IT,2015,5
Environmental Science,IT,2016,4
Environmental Science,IT,2017,5
Environmental Science,IT,2018,5
Environmental Science,IT,2019,6
Environmental Science,IT,2020,6
Environmental Science,IT,2021,7
Environmental Science,IT,2022,7
Environmental Science,IT,2023,6
Environmental Science,IT,2024,6
Environmental Science,JP,2015,12
Environmental Science,JP,2016,12
Environmental Science,JP,2017,13
Environmental Science,JP,2018,13
Environmental Science,JP,2019,12
Environmental Science,JP,2020,15
Environmental Science,JP,2021,14
Environmental Science,JP,2022,14
Environmental Science,JP,2023,13
Environmental Science,JP,2024,11
Environmental Science,KE,2015,2
Environmental Science,KE,2016,2
Environmental Science,KE,2017,3
Environmental Science,KE,2018,2
Environmental Science,KE,2019,3
Environmental Science,KE,2020,3
Environmental Science,KE,2021,4
Environmental Science,KE,2022,4
Environmental Science,KE,2023,4
Environmental Science,KE,2024,4
Environmental Science,KR,2015,1
Environmental Science,KR,2016,1
Environmental Science,KR,2017,1
Environmental Science,KR,2018,1
Environmental Science,KR,2019,3
Environmental Science,KR,2020,3
Environmental Science,KR,2021,5
Environmental Science,KR,2022,6
Environmental Science,KR,2023,6
Environmental Science,KR,2024,6
Environmental Science,KW,2015,1
Environmental Science,KW,2016,1
Environmental Science,KW,2017,1
Environmental Science,KW,2018,1
Environmental Science,KW,2019,1
Environmental Science,KW,2020,1
Environmental Science,KW,2021,1
Environmental Science,KZ,2015,1
Environmental Science,KZ,2016,1
Environmental Science,KZ,2017,1
Environmental Science,KZ,2018,1
Environmental Science,KZ,2019,1
Environmental Science,LB,2023,1
Environmental Science,MA,2015,1
Environmental Science,MA,2016,1
Environmental Science,MA,2017,1
Environmental Science,MA,2018,1
Environmental Science,MA,2019,1
Environmental Science,MA,2020,1
Environmental Science,MA,2021,1
Environmental Science,MA,2022,1
Environmental Science,MA,2023,1
Environmental Science,MA,2024,1
Environmental Science,MX,2015,1
Environmental Science,MX,2016,1
Environmental Science,MX,2017,1
Environmental Science,MX,2018,1
Environmental Science,MX,2019,1
Environmental Science,MX,2020,1
Environmental Science,MX,2021,1
Environmental Science,MX,2022,1
Environmental Science,MX,2023,1
Environmental Science,MX,2024,1
Environmental Science,MY,2015,1
Environmental Science,MY,2016,1
Environmental Science,MY,2017,2
Environmental Science,MY,2018,2
Environmental Science,MY,2019,3
Environmental Science,MY,2020,3
Environmental Science,MY,2021,3
Environmental Science,MY,2022,4
Environmental Science,MY,2023,4
Environmental Science,MY,2024,3
Environmental Science,NL,2015,35
Environmental Science,NL,2016,35
Environmental Science,NL,2017,38
Environmental Science,NL,2018,37
Environmental Science,NL,2019,39
Environmental Science,NL,2020,41
Environmental Science,NL,2021,45
Environmental Science,NL,2022,46
Environmental Science,NL,2023,47
Environmental Science,NL,2024,50
Environmental Science,NO,2015,9
Environmental Science,NO,2016,9
Environmental Science,NO,2017,8
Environmental Science,NO,2018,9
Environmental Science,NO,2019,6
Environmental Science,NO,2020,7
Environmental Science,NO,2021,7
Environmental Science,NO,2022,8
Environmental Science,NO,2023,7
Environmental Science,NO,2024,9
Environmental Science,NZ,2015,9
Environmental Science,NZ,2016,10
Environmental Science,NZ,2017,12
Environmental Science,NZ,2018,11
Environmental Science,NZ,2019,11
Environmental Science,NZ,2020,11
Environmental Science,NZ,2021,11
Environmental Science,NZ,2022,10
Environmental Science,NZ,2023,10
Environmental Science,NZ,2024,11
Environmental Science,PA,2015,6
Environmental Science,PA,2016,7
Environmental Science,PA,2017,7
Environmental Science,PA,2018,8
Environmental Science,PA,2019,8
Environmental Science,PA,2020,8
Environmental Science,PA,2021,7
Environmental Science,PA,2022,7
Environmental Science,PA,2023,7
Environmental Science,PA,2024,7
Environmental Science,PH,2015,1
Environmental Science,PH,2016,1
Environmental Science,PH,2017,1
Environmental Science,PH,2018,1
Environmental Science,PH,2019,1
Environmental Science,PH,2020,1
Environmental Science,PH,2021,1
Environmental Science,PH,2022,1
Environmental Science,PH,2023,1
Environmental Science,PH,2024,1
Environmental Science,PK,2024,1
Environmental Science,PL,2015,1
Environmental Science,PL,2016,1
Environmental Science,PR,2015,1
Environmental Science,PR,2016,1
Environmental Science,PR,2017,1
Environmental Science,PR,2018,1
Environmental Science,PR,2019,1
Environmental Science,PR,2020,1
Environmental Science,PR,2021,1
Environmental Science,PR,2022,1
Environmental Science,PR,2023,1
Environmental Science,PR,2024,1
Environmental Science,PT,2015,3
Environmental Science,PT,2016,3
Environmental Science,PT,2017,3
Environmental Science,PT,2018,3
Environmental Science,PT,2019,3
Environmental Science,PT,2020,3
Environmental Science,PT,2021,5
Environmental Science,PT,2022,5
Environmental Science,PT,2023,5
Environmental Science,PT,2024,5
Environmental Science,QA,2015,1
Environmental Science,QA,2016,2
Environmental Science,QA,2017,2
Environmental Science,QA,2018,2
Environmental Science,QA,2019,2
Environmental Science,QA,2020,3
Environmental Science,QA,2021,3
Environmental Science,QA,2022,3
Environmental Science,QA,2023,3
Environmental Science,QA,2024,3
Environmental Science,RO,2021,1
Environmental Science,RU,2015,1
Environmental Science,RU,2016,1
Environmental Science,RU,2017,1
Environmental Science,RU,2018,1
Environmental Science,RU,2019,1
Environmental Science,RU,2020,2
Environmental Science,RU,2021,2
Environmental Science,RU,2022,2
Environmental Science,RU,2023,1
Environmental Science,RU,2024,1
Environmental Science,SA,2015,7
Environmental Science,SA,2016,7
Environmental Science,SA,2017,6
Environmental Science,SA,2018,6
Environmental Science,SA,2019,6
Environmental Science,SA,2020,7
Environmental Science,SA,2021,9
Environmental Science,SA,2022,11
Environmental Science,SA,2023,12
Environmental Science,SA,2024,12
Environmental Science,SE,2015,23
Environmental Science,SE,2016,23
Environmental Science,SE,2017,23
Environmental Science,SE,2018,26
Environmental Science,SE,2019,23
Environmental Science,SE,2020,25
Environmental Science,SE,2021,26
Environmental Science,SE,2022,25
Environmental Science,SE,2023,25
Environmental Science,SE,2024,28
Environmental Science,SG,2015,1
Environmental Science,SG,2016,1
Environmental Science,SG,2017,5
Environmental Science,SG,2018,5
Environmental Science,SG,2019,6
Environmental Science,SG,2020,8
Environmental Science,SG,2021,8
Environmental Science,SG,2022,9
Environmental Science,SG,2023,9
Environmental Science,SG,2024,9
Environmental Science,SI,2021,1
Environmental Science,SI,2022,1
Environmental Science,SI,2023,1
Environmental Science,SI,2024,1
Environmental Science,SK,2015,3
Environmental Science,SK,2016,3
Environmental Science,SK,2017,3
Environmental Science,SK,2018,1
Environmental Science,SK,2019,1
Environmental Science,SK,2020,1
Environmental Science,SK,2021,1
Environmental Science,SK,2022,1
Environmental Science,SK,2023,1
Environmental Science,SK,2024,2
Environmental Science,TR,2020,1
Environmental Science,TR,2021,2
Environmental Science,TR,2022,2
Environmental Science,TR,2023,2
Environmental Science,TR,2024,2
Environmental Science,TW,2015,2
Environmental Science,TW,2016,2
Environmental Science,TW,2017,3
Environmental Science,TW,2018,3
Environmental Science,TW,2019,3
Environmental Science,TW,2020,3
Environmental Science,TW,2021,3
Environmental Science,TW,2022,3
Environmental Science,TW,2023,3
Environmental Science,TW,2024,3
Environmental Science,TZ,2015,1
Environmental Science,TZ,2016,1
Environmental Science,TZ,2017,1
Environmental Science,TZ,2018,1
Environmental Science,TZ,2019,1
Environmental Science,TZ,2020,1
Environmental Science,TZ,2021,1
Environmental Science,TZ,2022,1
Environmental Science,US,2015,629
Environmental Science,US,2016,619
Environmental Science,US,2017,607
Environmental Science,US,2018,591
Environmental Science,US,2019,581
Environmental Science,US,2020,564
Environmental Science,US,2021,543
Environmental Science,US,2022,538
Environmental Science,US,2023,527
Environmental Science,US,2024,508
Environmental Science,UY,2015,1
Environmental Science,UY,2016,1
Environmental Science,UY,2017,1
Environmental Science,UY,2018,1
Environmental Science,UY,2019,1
Environmental Science,UY,2020,1
Environmental Science,UY,2021,1
Environmental Science,UY,2022,1
Environmental Science,UY,2023,1
Environmental Science,UY,2024,1
Environmental Science,VN,2020,1
Environmental Science,VN,2021,3
Environmental Science,VN,2022,4
Environmental Science,VN,2023,3
Environmental Science,VN,2024,3
Environmental Science,ZA,2015,11
Environmental Science,ZA,2016,11
Environmental Science,ZA,2017,11
Environmental Science,ZA,2018,10
Environmental Science,ZA,2019,10
Environmental Science,ZA,2020,11
Environmental Science,ZA,2021,12
Environmental Science,ZA,2022,14
Environmental Science,ZA,2023,13
Environmental Science,ZA,2024,14
Health Professions,AE,2015,1
Health Professions,AE,2016,1
Health Professions,AE,2017,1
Health Professions,AT,2015,2
Health Professions,AT,2016,2
Health Professions,AT,2017,1
Health Professions,AT,2018,1
Health Professions,AT,2019,1
Health Professions,AT,2020,1
Health Professions,AT,2021,2
Health Professions,AT,2022,3
Health Professions,AT,2023,4
Health Professions,AT,2024,3
Health Professions,AU,2015,61
Health Professions,AU,2016,64
Health Professions,AU,2017,62
Health Professions,AU,2018,63
Health Professions,AU,2019,65
Health Professions,AU,2020,65
Health Professions,AU,2021,66
Health Professions,AU,2022,71
Health Professions,AU,2023,71
Health Professions,AU,2024,78
Health Professions,BE,2015,5
Health Professions,BE,2016,5
Health Professions,BE,2017,7
Health Professions,BE,2018,6
Health Professions,BE,2019,7
Health Professions,BE,2020,7
Health Professions,BE,2021,8
Health Professions,BE,2022,10
Health Professions,BE,2023,11
Health Professions,BE,2024,12
Health Professions,BG,2015,1
Health Professions,BG,2016,1
Health Professions,BG,2017,1
Health Professions,BR,2015,3
Health Professions,BR,2016,3
Health Professions,BR,2017,3
Health Professions,BR,2018,3
Health Professions,BR,2019,3
Health Professions,BR,2020,3
Health Professions,BR,2021,3
Health Professions,BR,2022,3
Health Professions,BR,2023,2
Health Professions,BR,2024,2
Health Professions,BY,2015,1
Health Professions,BY,2016,1
Health Professions,BY,2017,1
Health Professions,BY,2018,1
Health Professions,BY,2019,1
Health Professions,BY,2020,1
Health Professions,BY,2021,1
Health Professions,BY,2022,1
Health Professions,BY,2023,1
Health Professions,BY,2024,1
Health Professions,CA,2015,97
Health Professions,CA,2016,96
Health Professions,CA,2017,98
Health Professions,CA,2018,101
Health Professions,CA,2019,100
Health Professions,CA,2020,105
Health Professions,CA,2021,108
Health Professions,CA,2022,108
Health Professions,CA,2023,106
Health Professions,CA,2024,110
Health Professions,CH,2015,17
Health Professions,CH,2016,16
Health Professions,CH,2017,15
Health Professions,CH,2018,15
Health Professions,CH,2019,15
Health Professions,CH,2020,15
Health Professions,CH,2021,16
Health Professions,CH,2022,17
Health Professions,CH,2023,19
Health Professions,CH,2024,18
Health Professions,CL,2022,1
Health Professions,CL,2023,1
Health Professions,CL,2024,1
Health Professions,CM,2015,1
Health Professions,CM,2016,1
Health Professions,CM,2017,1
Health Professions,CM,2018,1
Health Professions,CM,2019,1
Health Professions,CM,2020,1
Health Professions,CM,2021,1
Health Professions,CM,2022,1
Health Professions,CM,2023,1
Health Professions,CM,2024,1
Health Professions,CN,2015,4
Health Professions,CN,2016,4
Health Professions,CN,2017,3
Health Professions,CN,2018,3
Health Professions,CN,2019,4
Health Professions,CN,2020,5
Health Professions,CN,2021,6
Health Professions,CN,2022,6
Health Professions,CN,2023,6
Health Professions,CN,2024,7
Health Professions,CNX,2015,5
Health Professions,CNX,2016,5
Health Professions,CNX,2017,4
Health Professions,CNX,2018,4
Health Professions,CNX,2019,5
Health Professions,CNX,2020,7
Health Professions,CNX,2021,8
Health Professions,CNX,2022,8
Health Professions,CNX,2023,9
Health Professions,CNX,2024,10
Health Professions,CZ,2023,1
Health Professions,CZ,2024,1
Health Professions,DE,2015,33
Health Professions,DE,2016,35
Health Professions,DE,2017,35
Health Professions,DE,2018,36
Health Professions,DE,2019,35
Health Professions,DE,2020,35
Health Professions,DE,2021,38
Health Professions,DE,2022,36
Health Professions,DE,2023,35
Health Professions,DE,2024,33
Health Professions,DK,2015,16
Health Professions,DK,2016,16
Health Professions,DK,2017,15
Health Professions,DK,2018,15
Health Professions,DK,2019,16
Health Professions,DK,2020,16
Health Professions,DK,2021,14
Health Professions,DK,2022,15
Health Professions,DK,2023,16
Health Professions,DK,2024,15
Health Professions,EE,2020,1
Health Professions,EE,2021,1
Health Professions,EE,2022,1
Health Professions,EE,2023,1
Health Professions,EE,2024,1
Health Professions,ES,2015,6
Health Professions,ES,2016,7
Health Professions,ES,2017,7
Health Professions,ES,2018,7
Health Professions,ES,2019,6
Health Professions,ES,2020,6
Health Professions,ES,2021,6
Health Professions,ES,2022,6
Health Professions,ES,2023,7
Health Professions,ES,2024,8
Health Professions,FI,2015,18
Health Professions,FI,2016,19
Health Professions,FI,2017,19
Health Professions,FI,2018,19
Health Professions,FI,2019,19
Health Professions,FI,2020,18
Health Professions,FI,2021,19
Health Professions,FI,2022,19
Health Professions,FI,2023,19
Health Professions,FI,2024,18
Health Professions,FR,2015,15
Health Professions,FR,2016,16
Health Professions,FR,2017,15
Health Professions,FR,2018,14
Health Professions,FR,2019,13
Health Professions,FR,2020,13
Health Professions,FR,2021,11
Health Professions,FR,2022,10
Health Professions,FR,2023,11
Health Professions,FR,2024,11
Health Professions,GB,2015,212
Health Professions,GB,2016,208
Health Professions,GB,2017,210
Health Professions,GB,2018,208
Health Professions,GB,2019,208
Health Professions,GB,2020,206
Health Professions,GB,2021,204
Health Professions,GB,2022,206
Health Professions,GB,2023,214
Health Professions,GB,2024,220
Health Professions,GR,2015,1
Health Professions,GR,2016,1
Health Professions,GR,2017,3
Health Professions,GR,2018,3
Health Professions,GR,2019,3
Health Professions,GR,2020,3
Health Professions,GR,2021,3
Health Professions,GR,2022,3
Health Professions,GR,2023,3
Health Professions,GR,2024,3
Health Professions,HK,2020,1
Health Professions,HK,2021,1
Health Professions,HK,2022,1
Health Professions,HK,2023,2
Health Professions,HK,2024,2
Health Professions,HU,2022,1
Health Professions,HU,2023,1
Health Professions,HU,2024,1
Health Professions,IE,2015,3
Health Professions,IE,2016,3
Health Professions,IE,2017,4
Health Professions,IE,2018,3
Health Professions,IE,2019,3
Health Professions,IE,2020,4
Health Professions,IE,2021,5
Health Professions,IE,2022,4
Health Professions,IE,2023,6
Health Professions,IE,2024,7
Health Professions,IL,2015,6
Health Professions,IL,2016,6
Health Professions,IL,2017,6
Health Professions,IL,2018,6
Health Professions,IL,2019,6
Health Professions,IL,2020,6
Health Professions,IL,2021,6
Health Professions,IL,2022,6
Health Professions,IL,2023,6
Health Professions,IL,2024,6
Health Professions,IN,2015,7
Health Professions,IN,2016,6
Health Professions,IN,2017,8
Health Professions,IN,2018,8
Health Professions,IN,2019,6
Health Professions,IN,2020,5
Health Professions,IN,2021,6
Health Professions,IN,2022,6
Health Professions,IN,2023,6
Health Professions,IN,2024,7
Health Professions,IR,2015,1
Health Professions,IR,2016,1
Health Professions,IR,2017,1
Health Professions,IR,2018,1
Health Professions,IR,2019,1
Health Professions,IR,2020,2
Health Professions,IR,2021,3
Health Professions,IR,2022,3
Health Professions,IR,2023,3
Health Professions,IR,2024,3
Health Professions,IS,2015,1
Health Professions,IS,2016,1
Health Professions,IS,2017,1
Health Professions,IS,2018,1
Health Professions,IS,2019,1
Health Professions,IS,2020,1
Health Professions,IS,2021,1
Health Professions,IS,2022,1
Health Professions,IS,2023,1
Health Professions,IS,2024,1
Health Professions,IT,2015,8
Health Professions,IT,2016,8
Health Professions,IT,2017,9
Health Professions,IT,2018,10
Health Professions,IT,2019,8
Health Professions,IT,2020,7
Health Professions,IT,2021,7
Health Professions,IT,2022,8
Health Professions,IT,2023,8
Health Professions,IT,2024,9
Health Professions,JP,2015,8
Health Professions,JP,2016,8
Health Professions,JP,2017,9
Health Professions,JP,2018,11
Health Professions,JP,2019,11
Health Professions,JP,2020,11
Health Professions,JP,2021,9
Health Professions,JP,2022,8
Health Professions,JP,2023,9
Health Professions,JP,2024,9
Health Professions,KE,2015,1
Health Professions,KE,2016,1
Health Professions,KE,2017,1
Health Professions,KE,2018,1
Health Professions,KE,2019,1
Health Professions,KE,2020,1
Health Professions,KE,2021,2
Health Professions,KE,2022,2
Health Professions,KE,2023,2
Health Professions,KE,2024,2
Health Professions,KR,2015,1
Health Professions,KR,2016,2
Health Professions,KR,2017,2
Health Professions,KR,2018,1
Health Professions,KR,2019,2
Health Professions,KR,2020,2
Health Professions,KR,2021,2
Health Professions,KR,2022,2
Health Professions,KR,2023,2
Health Professions,KR,2024,3
Health Professions,KW,2015,1
Health Professions,KW,2016,1
Health Professions,KW,2017,1
Health Professions,KW,2018,1
Health Professions,KW,2019,1
Health Professions,KW,2020,1
Health Professions,KW,2021,1
Health Professions,KW,2022,1
Health Professions,KW,2023,1
Health Professions,KW,2024,1
Health Professions,LA,2015,2
Health Professions,LA,2016,2
Health Professions,LA,2017,2
Health Professions,LA,2018,2
Health Professions,LA,2019,2
Health Professions,LA,2020,2
Health Professions,LA,2021,2
Health Professions,LA,2022,2
Health Professions,LA,2023,2
Health Professions,LA,2024,2
Health Professions,LB,2015,1
Health Professions,LB,2016,1
Health Professions,LB,2017,1
Health Professions,LU,2019,1
Health Professions,LU,2020,1
Health Professions,LU,2021,1
Health Professions,LU,2022,1
Health Professions,LU,2023,1
Health Professions,LU,2024,1
Health Professions,ML,2015,2
Health Professions,ML,2016,2
Health Professions,ML,2017,2
Health Professions,ML,2018,2
Health Professions,ML,2019,2
Health Professions,ML,2020,2
Health Professions,ML,2021,2
Health Professions,ML,2022,2
Health Professions,ML,2023,1
Health Professions,ML,2024,1
Health Professions,MO,2022,1
Health Professions,MO,2023,1
Health Professions,MO,2024,1
Health Professions,MT,2015,1
Health Professions,MT,2016,1
Health Professions,MT,2017,1
Health Professions,MT,2019,1
Health Professions,MT,2020,1
Health Professions,MT,2021,1
Health Professions,MT,2022,1
Health Professions,MT,2023,1
Health Professions,MT,2024,1
Health Professions,MW,2023,1
Health Professions,MW,2024,1
Health Professions,MX,2015,1
Health Professions,MX,2016,2
Health Professions,MX,2017,3
Health Professions,MX,2018,2
Health Professions,MX,2019,2
Health Professions,MX,2020,2
Health Professions,MX,2021,2
Health Professions,MX,2022,2
Health Professions,MX,2023,2
Health Professions,MX,2024,2
Health Professions,NL,2015,45
Health Professions,NL,2016,45
Health Professions,NL,2017,48
Health Professions,NL,2018,47
Health Professions,NL,2019,49
Health Professions,NL,2020,52
Health Professions,NL,2021,55
Health Professions,NL,2022,55
Health Professions,NL,2023,52
Health Professions,NL,2024,52
Health Professions,NO,2015,17
Health Professions,NO,2016,16
Health Professions,NO,2017,16
Health Professions,NO,2018,15
Health Professions,NO,2019,15
Health Professions,NO,2020,15
Health Professions,NO,2021,16
Health Professions,NO,2022,15
Health Professions,NO,2023,15
Health Professions,NO,2024,16
Health Professions,NZ,2015,6
Health Professions,NZ,2016,6
Health Professions,NZ,2017,6
Health Professions,NZ,2018,7
Health Professions,NZ,2019,8
Health Professions,NZ,2020,7
Health Professions,NZ,2021,8
Health Professions,NZ,2022,8
Health Professions,NZ,2023,7
Health Professions,NZ,2024,8
Health Professions,PK,2015,1
Health Professions,PK,2016,1
Health Professions,PK,2017,1
Health Professions,PK,2018,1
Health Professions,PK,2019,1
Health Professions,PK,2020,1
Health Professions,PK,2021,1
Health Professions,PK,2022,1
Health Professions,PK,2023,1
Health Professions,PK,2024,1
Health Professions,PR,2019,1
Health Professions,PR,2020,1
Health Professions,PR,2021,1
Health Professions,PR,2022,1
Health Professions,PR,2023,1
Health Professions,PR,2024,1
Health Professions,PT,2015,1
Health Professions,PT,2016,1
Health Professions,PT,2017,1
Health Professions,PT,2018,2
Health Professions,PT,2019,2
Health Professions,PT,2020,2
Health Professions,PT,2021,2
Health Professions,PT,2022,2
Health Professions,PT,2023,3
Health Professions,PT,2024,3
Health Professions,QA,2015,6
Health Professions,QA,2016,5
Health Professions,QA,2017,5
Health Professions,QA,2018,5
Health Professions,QA,2019,5
Health Professions,QA,2020,5
Health Professions,QA,2021,5
Health Professions,QA,2022,5
Health Professions,QA,2023,4
Health Professions,QA,2024,5
Health Professions,RU,2015,2
Health Professions,RU,2016,2
Health Professions,RU,2017,2
Health Professions,RU,2018,1
Health Professions,RU,2019,1
Health Professions,RU,2020,1
Health Professions,RU,2021,1
Health Professions,RU,2022,1
Health Professions,RU,2023,1
Health Professions,SE,2015,25
Health Professions,SE,2016,27
Health Professions,SE,2017,27
Health Professions,SE,2018,29
Health Professions,SE,2019,29
Health Professions,SE,2020,31
Health Professions,SE,2021,32
Health Professions,SE,2022,34
Health Professions,SE,2023,34
Health Professions,SE,2024,34
Health Professions,SG,2015,2
Health Professions,SG,2016,2
Health Professions,SG,2017,2
Health Professions,SG,2018,2
Health Professions,SG,2019,3
Health Professions,SG,2020,3
Health Professions,SG,2021,3
Health Professions,SG,2022,3
Health Professions,SG,2023,4
Health Professions,SG,2024,4
Health Professions,SI,2015,1
Health Professions,SI,2016,1
Health Professions,SI,2017,1
Health Professions,SI,2018,1
Health Professions,SI,2019,1
Health Professions,SI,2020,1
Health Professions,SI,2021,1
Health Professions,SI,2022,1
Health Professions,SI,2023,1
Health Professions,SI,2024,1
Health Professions,SK,2015,2
Health Professions,SK,2016,2
Health Professions,SK,2017,2
Health Professions,SK,2018,2
Health Professions,SK,2019,2
Health Professions,SK,2020,1
Health Professions,SK,2021,1
Health Professions,SK,2022,1
Health Professions,SK,2023,1
Health Professions,SK,2024,1
Health Professions,SN,2023,1
Health Professions,SN,2024,1
Health Professions,ST,2015,1
Health Professions,ST,2016,1
Health Professions,ST,2017,1
Health Professions,ST,2018,1
Health Professions,ST,2019,1
Health Professions,ST,2020,1
Health Professions,ST,2021,1
Health Professions,ST,2022,1
Health Professions,ST,2023,1
Health Professions,ST,2024,1
Health Professions,TW,2015,1
Health Professions,TW,2016,1
Health Professions,TW,2017,1
Health Professions,TW,2018,1
Health Professions,TW,2019,1
Health Professions,TW,2020,1
Health Professions,TW,2021,1
Health Professions,TW,2022,1
Health Professions,TW,2023,1
Health Professions,TW,2024,1
Health Professions,TZ,2015,2
Health Professions,TZ,2016,2
Health Professions,TZ,2017,2
Health Professions,TZ,2018,2
Health Professions,TZ,2019,2
Health Professions,TZ,2020,2
Health Professions,TZ,2021,2
Health Professions,TZ,2022,2
Health Professions,TZ,2023,2
Health Professions,TZ,2024,1
Health Professions,US,2015,576
Health Professions,US,2016,572
Health Professions,US,2017,559
Health Professions,US,2018,549
Health Professions,US,2019,548
Health Professions,US,2020,538
Health Professions,US,2021,527
Health Professions,US,2022,517
Health Professions,US,2023,510
Health Professions,US,2024,495
Health Professions,VN,2015,6
Health Professions,VN,2016,6
Health Professions,VN,2017,7
Health Professions,VN,2018,7
Health Professions,VN,2019,5
Health Professions,VN,2020,5
Health Professions,VN,2021,3
Health Professions,VN,2022,2
Health Professions,VN,2023,2
Health Professions,VN,2024,2
Health Professions,ZA,2015,5
Health Professions,ZA,2016,8
Health Professions,ZA,2017,7
Health Professions,ZA,2018,6
Health Professions,ZA,2019,6
Health Professions,ZA,2020,6
Health Professions,ZA,2021,8
Health Professions,ZA,2022,9
Health Professions,ZA,2023,11
Health Professions,ZA,2024,12
Health Professions,ZW,2015,1
Health Professions,ZW,2021,1
Health Professions,ZW,2022,1
Health Professions,ZW,2023,1
Health Professions,ZW,2024,1
Immunology and Microbiology,AE,2024,1
Immunology and Microbiology,AR,2016,1
Immunology and Microbiology,AR,2017,1
Immunology and Microbiology,AR,2018,1
Immunology and Microbiology,AR,2019,1
Immunology and Microbiology,AR,2020,2
Immunology and Microbiology,AR,2021,2
Immunology and Microbiology,AR,2022,2
Immunology and Microbiology,AR,2023,2
Immunology and Microbiology,AR,2024,2
Immunology and Microbiology,AT,2015,8
Immunology and Microbiology,AT,2016,8
Immunology and Microbiology,AT,2017,9
Immunology and Microbiology,AT,2018,10
Immunology and Microbiology,AT,2019,11
Immunology and Microbiology,AT,2020,10
Immunology and Microbiology,AT,2021,11
Immunology and Microbiology,AT,2022,11
Immunology and Microbiology,AT,2023,9
Immunology and Microbiology,AT,2024,9
Immunology and Microbiology,AU,2015,34
Immunology and Microbiology,AU,2016,35
Immunology and Microbiology,AU,2017,35
Immunology and Microbiology,AU,2018,35
Immunology and Microbiology,AU,2019,35
Immunology and Microbiology,AU,2020,36
Immunology and Microbiology,AU,2021,37
Immunology and Microbiology,AU,2022,38
Immunology and Microbiology,AU,2023,40
Immunology and Microbiology,AU,2024,40
Immunology and Microbiology,BE,2015,15
Immunology and Microbiology,BE,2016,15
Immunology and Microbiology,BE,2017,17
Immunology and Microbiology,BE,2018,18
Immunology and Microbiology,BE,2019,17
Immunology and Microbiology,BE,2020,17
Immunology and Microbiology,BE,2021,17
Immunology and Microbiology,BE,2022,17
Immunology and Microbiology,BE,2023,18
Immunology and Microbiology,BE,2024,17
Immunology and Microbiology,BR,2015,1
Immunology and Microbiology,BR,2016,1
Immunology and Microbiology,BR,2017,1
Immunology and Microbiology,BR,2018,1
Immunology and Microbiology,BR,2019,2
Immunology and Microbiology,BR,2020,2
Immunology and Microbiology,BR,2021,2
Immunology and Microbiology,BR,2022,2
Immunology and Microbiology,BR,2023,2
Immunology and Microbiology,BR,2024,2
Immunology and Microbiology,BW,2015,1
Immunology and Microbiology,BW,2016,1
Immunology and Microbiology,BW,2017,1
Immunology and Microbiology,BW,2018,1
Immunology and Microbiology,BW,2019,1
Immunology and Microbiology,BW,2020,1
Immunology and Microbiology,BW,2021,1
Immunology and Microbiology,BW,2022,1
Immunology and Microbiology,BW,2023,1
Immunology and Microbiology,BW,2024,1
Immunology and Microbiology,CA,2015,40
Immunology and Microbiology,CA,2016,38
Immunology and Microbiology,CA,2017,38
Immunology and Microbiology,CA,2018,38
Immunology and Microbiology,CA,2019,39
Immunology and Microbiology,CA,2020,38
Immunology and Microbiology,CA,2021,38
Immunology and Microbiology,CA,2022,35
Immunology and Microbiology,CA,2023,34
Immunology and Microbiology,CA,2024,33
Immunology and Microbiology,CH,2015,37
Immunology and Microbiology,CH,2016,41
Immunology and Microbiology,CH,2017,42
Immunology and Microbiology,CH,2018,43
Immunology and Microbiology,CH,2019,43
Immunology and Microbiology,CH,2020,45
Immunology and Microbiology,CH,2021,43
Immunology and Microbiology,CH,2022,41
Immunology and Microbiology,CH,2023,41
Immunology and Microbiology,CH,2024,40
Immunology and Microbiology,CL,2022,1
Immunology and Microbiology,CL,2023,1
Immunology and Microbiology,CL,2024,1
Immunology and Microbiology,CM,2015,2
Immunology and Microbiology,CM,2016,2
Immunology and Microbiology,CM,2017,2
Immunology and Microbiology,CM,2018,2
Immunology and Microbiology,CM,2019,2
Immunology and Microbiology,CM,2020,1
Immunology and Microbiology,CM,2021,1
Immunology and Microbiology,CM,2022,1
Immunology and Microbiology,CM,2023,1
Immunology and Microbiology,CM,2024,1
Immunology and Microbiology,CN,2015,3
Immunology and Microbiology,CN,2016,4
Immunology and Microbiology,CN,2017,6
Immunology and Microbiology,CN,2018,7
Immunology and Microbiology,CN,2019,10
Immunology and Microbiology,CN,2020,11
Immunology and Microbiology,CN,2021,14
Immunology and Microbiology,CN,2022,17
Immunology and Microbiology,CN,2023,18
Immunology and Microbiology,CN,2024,27
Immunology and Microbiology,CNX,2015,4
Immunology and Microbiology,CNX,2016,5
Immunology and Microbiology,CNX,2017,7
Immunology and Microbiology,CNX,2018,8
Immunology and Microbiology,CNX,2019,11
Immunology and Microbiology,CNX,2020,12
Immunology and Microbiology,CNX,2021,17
Immunology and Microbiology,CNX,2022,20
Immunology and Microbiology,CNX,2023,22
Immunology and Microbiology,CNX,2024,31
Immunology and Microbiology,CU,2015,2
Immunology and Microbiology,CU,2016,2
Immunology and Microbiology,CU,2017,2
Immunology and Microbiology,CU,2018,2
Immunology and Microbiology,CU,2019,2
Immunology and Microbiology,CU,2020,2
Immunology and Microbiology,CU,2021,1
Immunology and Microbiology,CZ,2015,2
Immunology and Microbiology,CZ,2016,2
Immunology and Microbiology,CZ,2017,2
Immunology and Microbiology,CZ,2018,2
Immunology and Microbiology,CZ,2019,2
Immunology and Microbiology,CZ,2020,2
Immunology and Microbiology,CZ,2021,2
Immunology and Microbiology,CZ,2022,2
Immunology and Microbiology,CZ,2023,1
Immunology and Microbiology,CZ,2024,1
Immunology and Microbiology,DE,2015,70
Immunology and Microbiology,DE,2016,71
Immunology and Microbiology,DE,2017,71
Immunology and Microbiology,DE,2018,75
Immunology and Microbiology,DE,2019,78
Immunology and Microbiology,DE,2020,77
Immunology and Microbiology,DE,2021,78
Immunology and Microbiology,DE,2022,78
Immunology and Microbiology,DE,2023,77
Immunology and Microbiology,DE,2024,77
Immunology and Microbiology,DK,2015,7
Immunology and Microbiology,DK,2016,7
Immunology and Microbiology,DK,2017,8
Immunology and Microbiology,DK,2018,8
Immunology and Microbiology,DK,2019,8
Immunology and Microbiology,DK,2020,10
Immunology and Microbiology,DK,2021,10
Immunology and Microbiology,DK,2022,11
Immunology and Microbiology,DK,2023,10
Immunology and Microbiology,DK,2024,10
Immunology and Microbiology,ES,2015,4
Immunology and Microbiology,ES,2016,4
Immunology and Microbiology,ES,2017,4
Immunology and Microbiology,ES,2018,4
Immunology and Microbiology,ES,2019,4
Immunology and Microbiology,ES,2020,4
Immunology and Microbiology,ES,2021,4
Immunology and Microbiology,ES,2022,4
Immunology and Microbiology,ES,2023,4
Immunology and Microbiology,ES,2024,5
Immunology and Microbiology,FI,2015,3
Immunology and Microbiology,FI,2016,3
Immunology and Microbiology,FI,2017,3
Immunology and Microbiology,FI,2018,3
Immunology and Microbiology,FI,2019,4
Immunology and Microbiology,FI,2020,4
Immunology and Microbiology,FI,2021,3
Immunology and Microbiology,FI,2022,3
Immunology and Microbiology,FI,2023,3
Immunology and Microbiology,FI,2024,3
Immunology and Microbiology,FR,2015,84
Immunology and Microbiology,FR,2016,81
Immunology and Microbiology,FR,2017,84
Immunology and Microbiology,FR,2018,84
Immunology and Microbiology,FR,2019,80
Immunology and Microbiology,FR,2020,78
Immunology and Microbiology,FR,2021,80
Immunology and Microbiology,FR,2022,77
Immunology and Microbiology,FR,2023,80
Immunology and Microbiology,FR,2024,81
Immunology and Microbiology,GB,2015,93
Immunology and Microbiology,GB,2016,95
Immunology and Microbiology,GB,2017,95
Immunology and Microbiology,GB,2018,91
Immunology and Microbiology,GB,2019,94
Immunology and Microbiology,GB,2020,88
Immunology and Microbiology,GB,2021,88
Immunology and Microbiology,GB,2022,85
Immunology and Microbiology,GB,2023,88
Immunology and Microbiology,GB,2024,89
Immunology and Microbiology,GM,2015,1
Immunology and Microbiology,GM,2016,1
Immunology and Microbiology,GM,2017,1
Immunology and Microbiology,GM,2018,1
Immunology and Microbiology,GM,2019,1
Immunology and Microbiology,GM,2020,1
Immunology and Microbiology,GM,2021,1
Immunology and Microbiology,GM,2022,1
Immunology and Microbiology,GM,2023,1
Immunology and Microbiology,GM,2024,1
Immunology and Microbiology,GR,2015,1
Immunology and Microbiology,GR,2016,1
Immunology and Microbiology,GR,2017,1
Immunology and Microbiology,GR,2018,1
Immunology and Microbiology,GR,2019,1
Immunology and Microbiology,GR,2020,1
Immunology and Microbiology,GR,2021,1
Immunology and Microbiology,GR,2022,1
Immunology and Microbiology,GR,2023,1
Immunology and Microbiology,GR,2024,1
Immunology and Microbiology,GW,2015,1
Immunology and Microbiology,GW,2016,1
Immunology and Microbiology,GW,2017,1
Immunology and Microbiology,GW,2018,1
Immunology and Microbiology,GW,2019,1
Immunology and Microbiology,GW,2020,1
Immunology and Microbiology,GW,2021,1
Immunology and Microbiology,GW,2022,1
Immunology and Microbiology,GW,2023,1
Immunology and Microbiology,GW,2024,1
Immunology and Microbiology,HK,2017,1
Immunology and Microbiology,HK,2018,1
Immunology and Microbiology,HK,2019,1
Immunology and Microbiology,HK,2020,1
Immunology and Microbiology,HK,2021,2
Immunology and Microbiology,HK,2022,2
Immunology and Microbiology,HK,2023,2
Immunology and Microbiology,HK,2024,2
Immunology and Microbiology,HR,2016,1
Immunology and Microbiology,HR,2017,1
Immunology and Microbiology,HU,2015,5
Immunology and Microbiology,HU,2016,5
Immunology and Microbiology,HU,2017,4
Immunology and Microbiology,HU,2018,4
Immunology and Microbiology,HU,2019,4
Immunology and Microbiology,HU,2020,4
Immunology and Microbiology,HU,2021,4
Immunology and Microbiology,HU,2022,4
Immunology and Microbiology,HU,2023,4
Immunology and Microbiology,HU,2024,4
Immunology and Microbiology,IE,2015,3
Immunology and Microbiology,IE,2016,3
Immunology and Microbiology,IE,2017,4
Immunology and Microbiology,IE,2018,4
Immunology and Microbiology,IE,2019,5
Immunology and Microbiology,IE,2020,5
Immunology and Microbiology,IE,2021,5
Immunology and Microbiology,IE,2022,5
Immunology and Microbiology,IE,2023,5
Immunology and Microbiology,IE,2024,6
Immunology and Microbiology,IL,2015,6
Immunology and Microbiology,IL,2016,6
Immunology and Microbiology,IL,2017,6
Immunology and Microbiology,IL,2018,7
Immunology and Microbiology,IL,2019,6
Immunology and Microbiology,IL,2020,7
Immunology and Microbiology,IL,2021,7
Immunology and Microbiology,IL,2022,6
Immunology and Microbiology,IL,2023,6
Immunology and Microbiology,IL,2024,7
Immunology and Microbiology,IN,2015,10
Immunology and Microbiology,IN,2016,10
Immunology and Microbiology,IN,2017,10
Immunology and Microbiology,IN,2018,9
Immunology and Microbiology,IN,2019,10
Immunology and Microbiology,IN,2020,10
Immunology and Microbiology,IN,2021,8
Immunology and Microbiology,IN,2022,8
Immunology and Microbiology,IN,2023,9
Immunology and Microbiology,IN,2024,9
Immunology and Microbiology,IR,2016,1
Immunology and Microbiology,IR,2017,1
Immunology and Microbiology,IR,2018,1
Immunology and Microbiology,IR,2019,1
Immunology and Microbiology,IR,2020,1
Immunology and Microbiology,IR,2021,2
Immunology and Microbiology,IR,2022,2
Immunology and Microbiology,IR,2023,2
Immunology and Microbiology,IR,2024,2
Immunology and Microbiology,IT,2015,36
Immunology and Microbiology,IT,2016,39
Immunology and Microbiology,IT,2017,37
Immunology and Microbiology,IT,2018,39
Immunology and Microbiology,IT,2019,39
Immunology and Microbiology,IT,2020,37
Immunology and Microbiology,IT,2021,38
Immunology and Microbiology,IT,2022,39
Immunology and Microbiology,IT,2023,39
Immunology and Microbiology,IT,2024,38
Immunology and Microbiology,JP,2015,70
Immunology and Microbiology,JP,2016,68
Immunology and Microbiology,JP,2017,70
Immunology and Microbiology,JP,2018,73
Immunology and Microbiology,JP,2019,73
Immunology and Microbiology,JP,2020,75
Immunology and Microbiology,JP,2021,72
Immunology and Microbiology,JP,2022,72
Immunology and Microbiology,JP,2023,68
Immunology and Microbiology,JP,2024,69
Immunology and Microbiology,KE,2015,1
Immunology and Microbiology,KE,2016,1
Immunology and Microbiology,KE,2017,1
Immunology and Microbiology,KE,2018,1
Immunology and Microbiology,KE,2019,1
Immunology and Microbiology,KE,2020,1
Immunology and Microbiology,KN,2015,1
Immunology and Microbiology,KR,2015,1
Immunology and Microbiology,KR,2016,1
Immunology and Microbiology,KR,2017,1
Immunology and Microbiology,KR,2018,2
Immunology and Microbiology,KR,2019,1
Immunology and Microbiology,KR,2020,1
Immunology and Microbiology,KR,2021,1
Immunology and Microbiology,KR,2022,1
Immunology and Microbiology,KR,2023,1
Immunology and Microbiology,KR,2024,1
Immunology and Microbiology,MY,2015,3
Immunology and Microbiology,MY,2016,3
Immunology and Microbiology,MY,2017,3
Immunology and Microbiology,MY,2018,3
Immunology and Microbiology,MY,2019,2
Immunology and Microbiology,MY,2020,2
Immunology and Microbiology,MY,2021,2
Immunology and Microbiology,MY,2022,2
Immunology and Microbiology,MY,2023,3
Immunology and Microbiology,MY,2024,3
Immunology and Microbiology,NG,2015,1
Immunology and Microbiology,NG,2016,1
Immunology and Microbiology,NG,2017,1
Immunology and Microbiology,NG,2018,1
Immunology and Microbiology,NG,2019,1
Immunology and Microbiology,NG,2020,1
Immunology and Microbiology,NG,2021,1
Immunology and Microbiology,NG,2022,1
Immunology and Microbiology,NG,2023,1
Immunology and Microbiology,NG,2024,1
Immunology and Microbiology,NL,2015,34
Immunology and Microbiology,NL,2016,38
Immunology and Microbiology,NL,2017,39
Immunology and Microbiology,NL,2018,38
Immunology and Microbiology,NL,2019,39
Immunology and Microbiology,NL,2020,38
Immunology and Microbiology,NL,2021,39
Immunology and Microbiology,NL,2022,38
Immunology and Microbiology,NL,2023,39
Immunology and Microbiology,NL,2024,39
Immunology and Microbiology,NO,2015,7
Immunology and Microbiology,NO,2016,7
Immunology and Microbiology,NO,2017,7
Immunology and Microbiology,NO,2018,7
Immunology and Microbiology,NO,2019,7
Immunology and Microbiology,NO,2020,8
Immunology and Microbiology,NO,2021,8
Immunology and Microbiology,NO,2022,8
Immunology and Microbiology,NO,2023,8
Immunology and Microbiology,NO,2024,8
Immunology and Microbiology,NZ,2015,1
Immunology and Microbiology,NZ,2016,1
Immunology and Microbiology,NZ,2017,1
Immunology and Microbiology,NZ,2018,1
Immunology and Microbiology,NZ,2019,1
Immunology and Microbiology,NZ,2020,1
Immunology and Microbiology,PK,2015,2
Immunology and Microbiology,PK,2016,2
Immunology and Microbiology,PK,2017,2
Immunology and Microbiology,PK,2018,2
Immunology and Microbiology,PK,2019,2
Immunology and Microbiology,PK,2020,2
Immunology and Microbiology,PK,2021,2
Immunology and Microbiology,PK,2022,2
Immunology and Microbiology,PK,2023,2
Immunology and Microbiology,PK,2024,2
Immunology and Microbiology,PL,2015,2
Immunology and Microbiology,PL,2016,2
Immunology and Microbiology,PL,2017,2
Immunology and Microbiology,PL,2018,2
Immunology and Microbiology,PL,2019,2
Immunology and Microbiology,PL,2020,2
Immunology and Microbiology,PL,2021,2
Immunology and Microbiology,PL,2022,2
Immunology and Microbiology,PL,2023,2
Immunology and Microbiology,PL,2024,2
Immunology and Microbiology,PT,2015,2
Immunology and Microbiology,PT,2016,2
Immunology and Microbiology,PT,2017,2
Immunology and Microbiology,PT,2018,2
Immunology and Microbiology,PT,2019,2
Immunology and Microbiology,PT,2020,3
Immunology and Microbiology,PT,2021,3
Immunology and Microbiology,PT,2022,3
Immunology and Microbiology,PT,2023,3
Immunology and Microbiology,PT,2024,3
Immunology and Microbiology,QA,2015,1
Immunology and Microbiology,QA,2016,1
Immunology and Microbiology,QA,2017,1
Immunology and Microbiology,QA,2018,1
Immunology and Microbiology,QA,2019,2
Immunology and Microbiology,QA,2020,2
Immunology and Microbiology,QA,2021,2
Immunology and Microbiology,QA,2022,2
Immunology and Microbiology,QA,2023,2
Immunology and Microbiology,QA,2024,2
Immunology and Microbiology,RO,2020,1
Immunology and Microbiology,RO,2021,1
Immunology and Microbiology,RO,2022,1
Immunology and Microbiology,RO,2023,1
Immunology and Microbiology,RO,2024,1
Immunology and Microbiology,RU,2015,1
Immunology and Microbiology,RU,2016,1
Immunology and Microbiology,RU,2017,1
Immunology and Microbiology,RU,2018,1
Immunology and Microbiology,RU,2019,2
Immunology and Microbiology,RU,2020,2
Immunology and Microbiology,RU,2021,2
Immunology and Microbiology,RU,2022,2
Immunology and Microbiology,RU,2023,2
Immunology and Microbiology,RU,2024,2
Immunology and Microbiology,SE,2015,21
Immunology and Microbiology,SE,2016,21
Immunology and Microbiology,SE,2017,21
Immunology and Microbiology,SE,2018,20
Immunology and Microbiology,SE,2019,19
Immunology and Microbiology,SE,2020,18
Immunology and Microbiology,SE,2021,19
Immunology and Microbiology,SE,2022,19
Immunology and Microbiology,SE,2023,18
Immunology and Microbiology,SE,2024,17
Immunology and Microbiology,SG,2015,2
Immunology and Microbiology,SG,2016,2
Immunology and Microbiology,SG,2017,2
Immunology and Microbiology,SG,2018,2
Immunology and Microbiology,SG,2019,3
Immunology and Microbiology,SG,2020,3
Immunology and Microbiology,SG,2021,3
Immunology and Microbiology,SG,2022,4
Immunology and Microbiology,SG,2023,4
Immunology and Microbiology,SG,2024,5
Immunology and Microbiology,SK,2015,3
Immunology and Microbiology,SK,2016,3
Immunology and Microbiology,SK,2017,3
Immunology and Microbiology,SK,2018,3
Immunology and Microbiology,SK,2019,3
Immunology and Microbiology,SK,2020,3
Immunology and Microbiology,SK,2021,3
Immunology and Microbiology,SK,2022,3
Immunology and Microbiology,SK,2023,2
Immunology and Microbiology,SK,2024,2
Immunology and Microbiology,SS,2015,1
Immunology and Microbiology,SS,2016,1
Immunology and Microbiology,SS,2017,1
Immunology and Microbiology,SS,2018,1
Immunology and Microbiology,SS,2019,1
Immunology and Microbiology,SS,2020,1
Immunology and Microbiology,SS,2021,1
Immunology and Microbiology,SS,2022,1
Immunology and Microbiology,SS,2023,1
Immunology and Microbiology,SS,2024,1
Immunology and Microbiology,TW,2015,1
Immunology and Microbiology,TW,2016,1
Immunology and Microbiology,TW,2017,1
Immunology and Microbiology,TW,2018,1
Immunology and Microbiology,TW,2019,1
Immunology and Microbiology,TW,2020,1
Immunology and Microbiology,TW,2021,2
Immunology and Microbiology,TW,2022,2
Immunology and Microbiology,TW,2023,3
Immunology and Microbiology,TW,2024,3
Immunology and Microbiology,TZ,2015,4
Immunology and Microbiology,TZ,2016,4
Immunology and Microbiology,TZ,2017,4
Immunology and Microbiology,TZ,2018,4
Immunology and Microbiology,TZ,2019,4
Immunology and Microbiology,TZ,2020,4
Immunology and Microbiology,TZ,2021,4
Immunology and Microbiology,TZ,2022,4
Immunology and Microbiology,TZ,2023,4
Immunology and Microbiology,TZ,2024,4
Immunology and Microbiology,US,2015,635
Immunology and Microbiology,US,2016,631
Immunology and Microbiology,US,2017,623
Immunology and Microbiology,US,2018,619
Immunology and Microbiology,US,2019,609
Immunology and Microbiology,US,2020,607
Immunology and Microbiology,US,2021,607
Immunology and Microbiology,US,2022,611
Immunology and Microbiology,US,2023,606
Immunology and Microbiology,US,2024,599
Immunology and Microbiology,ZA,2015,7
Immunology and Microbiology,ZA,2016,7
Immunology and Microbiology,ZA,2017,7
Immunology and Microbiology,ZA,2018,6
Immunology and Microbiology,ZA,2019,6
Immunology and Microbiology,ZA,2020,6
Immunology and Microbiology,ZA,2021,7
Immunology and Microbiology,ZA,2022,7
Immunology and Microbiology,ZA,2023,7
Immunology and Microbiology,ZA,2024,7
Materials Science,AE,2015,1
Materials Science,AE,2016,1
Materials Science,AE,2017,1
Materials Science,AE,2018,1
Materials Science,AE,2019,1
Materials Science,AE,2024,1
Materials Science,AT,2015,7
Materials Science,AT,2016,7
Materials Science,AT,2017,6
Materials Science,AT,2018,6
Materials Science,AT,2019,6
Materials Science,AT,2020,6
Materials Science,AT,2021,6
Materials Science,AT,2022,6
Materials Science,AT,2023,5
Materials Science,AT,2024,5
Materials Science,AU,2015,24
Materials Science,AU,2016,26
Materials Science,AU,2017,29
Materials Science,AU,2018,32
Materials Science,AU,2019,33
Materials Science,AU,2020,35
Materials Science,AU,2021,38
Materials Science,AU,2022,45
Materials Science,AU,2023,44
Materials Science,AU,2024,44
Materials Science,BE,2015,10
Materials Science,BE,2016,9
Materials Science,BE,2017,10
Materials Science,BE,2018,10
Materials Science,BE,2019,9
Materials Science,BE,2020,10
Materials Science,BE,2021,8
Materials Science,BE,2022,8
Materials Science,BE,2023,8
Materials Science,BE,2024,9
Materials Science,BG,2015,3
Materials Science,BG,2016,3
Materials Science,BG,2017,3
Materials Science,BG,2018,3
Materials Science,BG,2019,3
Materials Science,BG,2020,3
Materials Science,BG,2021,2
Materials Science,BG,2022,2
Materials Science,BG,2023,2
Materials Science,BG,2024,1
Materials Science,BN,2023,1
Materials Science,BN,2024,1
Materials Science,BR,2015,3
Materials Science,BR,2016,3
Materials Science,BR,2017,3
Materials Science,BR,2018,3
Materials Science,BR,2019,3
Materials Science,BR,2020,3
Materials Science,BR,2021,3
Materials Science,BR,2022,3
Materials Science,BR,2023,3
Materials Science,BR,2024,3
Materials Science,BY,2015,1
Materials Science,BY,2016,1
Materials Science,BY,2017,1
Materials Science,BY,2018,1
Materials Science,CA,2015,25
Materials Science,CA,2016,25
Materials Science,CA,2017,25
Materials Science,CA,2018,24
Materials Science,CA,2019,22
Materials Science,CA,2020,22
Materials Science,CA,2021,20
Materials Science,CA,2022,15
Materials Science,CA,2023,14
Materials Science,CA,2024,14
Materials Science,CH,2015,28
Materials Science,CH,2016,25
Materials Science,CH,2017,25
Materials Science,CH,2018,25
Materials Science,CH,2019,26
Materials Science,CH,2020,25
Materials Science,CH,2021,26
Materials Science,CH,2022,25
Materials Science,CH,2023,25
Materials Science,CH,2024,26
Materials Science,CN,2015,70
Materials Science,CN,2016,86
Materials Science,CN,2017,100
Materials Science,CN,2018,122
Materials Science,CN,2019,139
Materials Science,CN,2020,160
Materials Science,CN,2021,183
Materials Science,CN,2022,205
Materials Science,CN,2023,215
Materials Science,CN,2024,234
Materials Science,CNX,2015,82
Materials Science,CNX,2016,101
Materials Science,CNX,2017,115
Materials Science,CNX,2018,136
Materials Science,CNX,2019,154
Materials Science,CNX,2020,177
Materials Science,CNX,2021,201
Materials Science,CNX,2022,223
Materials Science,CNX,2023,235
Materials Science,CNX,2024,253
Materials Science,CU,2015,1
Materials Science,CU,2016,1
Materials Science,CU,2017,1
Materials Science,CU,2018,1
Materials Science,CU,2019,1
Materials Science,CU,2020,1
Materials Science,CU,2021,1
Materials Science,CU,2022,1
Materials Science,CU,2023,1
Materials Science,CU,2024,1
Materials Science,CZ,2015,2
Materials Science,CZ,2016,2
Materials Science,CZ,2017,2
Materials Science,CZ,2018,3
Materials Science,CZ,2019,3
Materials Science,CZ,2020,3
Materials Science,CZ,2021,4
Materials Science,CZ,2022,4
Materials Science,CZ,2023,4
Materials Science,CZ,2024,4
Materials Science,DE,2015,111
Materials Science,DE,2016,107
Materials Science,DE,2017,111
Materials Science,DE,2018,105
Materials Science,DE,2019,104
Materials Science,DE,2020,104
Materials Science,DE,2021,104
Materials Science,DE,2022,102
Materials Science,DE,2023,98
Materials Science,DE,2024,94
Materials Science,DK,2015,5
Materials Science,DK,2016,5
Materials Science,DK,2017,6
Materials Science,DK,2018,5
Materials Science,DK,2019,6
Materials Science,DK,2020,5
Materials Science,DK,2021,5
Materials Science,DK,2022,5
Materials Science,DK,2023,5
Materials Science,DK,2024,5
Materials Science,EG,2019,1
Materials Science,EG,2020,1
Materials Science,EG,2021,1
Materials Science,EG,2022,1
Materials Science,ES,2015,20
Materials Science,ES,2016,19
Materials Science,ES,2017,20
Materials Science,ES,2018,18
Materials Science,ES,2019,18
Materials Science,ES,2020,17
Materials Science,ES,2021,18
Materials Science,ES,2022,19
Materials Science,ES,2023,19
Materials Science,ES,2024,18
Materials Science,FI,2015,6
Materials Science,FI,2016,7
Materials Science,FI,2017,7
Materials Science,FI,2018,8
Materials Science,FI,2019,9
Materials Science,FI,2020,8
Materials Science,FI,2021,8
Materials Science,FI,2022,7
Materials Science,FI,2023,7
Materials Science,FI,2024,7
Materials Science,FR,2015,39
Materials Science,FR,2016,40
Materials Science,FR,2017,39
Materials Science,FR,2018,36
Materials Science,FR,2019,34
Materials Science,FR,2020,31
Materials Science,FR,2021,34
Materials Science,FR,2022,30
Materials Science,FR,2023,30
Materials Science,FR,2024,29
Materials Science,GB,2015,105
Materials Science,GB,2016,109
Materials Science,GB,2017,100
Materials Science,GB,2018,101
Materials Science,GB,2019,99
Materials Science,GB,2020,99
Materials Science,GB,2021,95
Materials Science,GB,2022,97
Materials Science,GB,2023,93
Materials Science,GB,2024,91
Materials Science,GR,2020,1
Materials Science,GR,2021,1
Materials Science,GR,2022,1
Materials Science,GR,2023,2
Materials Science,GR,2024,2
Materials Science,HK,2015,13
Materials Science,HK,2016,13
Materials Science,HK,2017,13
Materials Science,HK,2018,13
Materials Science,HK,2019,14
Materials Science,HK,2020,14
Materials Science,HK,2021,18
Materials Science,HK,2022,25
Materials Science,HK,2023,29
Materials Science,HK,2024,31
Materials Science,HU,2015,3
Materials Science,HU,2016,4
Materials Science,HU,2017,3
Materials Science,HU,2018,3
Materials Science,HU,2019,2
Materials Science,HU,2020,2
Materials Science,HU,2021,2
Materials Science,HU,2022,2
Materials Science,HU,2023,2
Materials Science,HU,2024,2
Materials Science,IE,2015,5
Materials Science,IE,2016,5
Materials Science,IE,2017,7
Materials Science,IE,2018,8
Materials Science,IE,2019,9
Materials Science,IE,2020,9
Materials Science,IE,2021,10
Materials Science,IE,2022,10
Materials Science,IE,2023,10
Materials Science,IE,2024,10
Materials Science,IL,2015,12
Materials Science,IL,2016,10
Materials Science,IL,2017,10
Materials Science,IL,2018,10
Materials Science,IL,2019,9
Materials Science,IL,2020,7
Materials Science,IL,2021,7
Materials Science,IL,2022,7
Materials Science,IL,2023,7
Materials Science,IL,2024,7
Materials Science,IN,2015,8
Materials Science,IN,2016,8
Materials Science,IN,2017,6
Materials Science,IN,2018,7
Materials Science,IN,2019,8
Materials Science,IN,2020,10
Materials Science,IN,2021,11
Materials Science,IN,2022,14
Materials Science,IN,2023,17
Materials Science,IN,2024,17
Materials Science,IR,2018,1
Materials Science,IR,2019,1
Materials Science,IR,2020,2
Materials Science,IR,2021,2
Materials Science,IR,2022,2
Materials Science,IR,2023,2
Materials Science,IR,2024,2
Materials Science,IT,2015,32
Materials Science,IT,2016,30
Materials Science,IT,2017,28
Materials Science,IT,2018,28
Materials Science,IT,2019,27
Materials Science,IT,2020,24
Materials Science,IT,2021,24
Materials Science,IT,2022,24
Materials Science,IT,2023,21
Materials Science,IT,2024,20
Materials Science,JO,2024,1
Materials Science,JP,2015,103
Materials Science,JP,2016,103
Materials Science,JP,2017,97
Materials Science,JP,2018,94
Materials Science,JP,2019,92
Materials Science,JP,2020,88
Materials Science,JP,2021,82
Materials Science,JP,2022,76
Materials Science,JP,2023,73
Materials Science,JP,2024,69
Materials Science,KR,2015,17
Materials Science,KR,2016,21
Materials Science,KR,2017,23
Materials Science,KR,2018,27
Materials Science,KR,2019,26
Materials Science,KR,2020,29
Materials Science,KR,2021,29
Materials Science,KR,2022,29
Materials Science,KR,2023,29
Materials Science,KR,2024,28
Materials Science,ME,2023,1
Materials Science,ME,2024,1
Materials Science,MX,2015,2
Materials Science,MX,2016,2
Materials Science,MX,2017,2
Materials Science,MX,2018,2
Materials Science,MX,2019,2
Materials Science,MX,2020,2
Materials Science,MX,2021,2
Materials Science,MX,2022,2
Materials Science,MX,2023,2
Materials Science,MX,2024,2
Materials Science,MY,2015,1
Materials Science,MY,2022,2
Materials Science,MY,2023,2
Materials Science,MY,2024,2
Materials Science,NL,2015,26
Materials Science,NL,2016,26
Materials Science,NL,2017,27
Materials Science,NL,2018,26
Materials Science,NL,2019,25
Materials Science,NL,2020,25
Materials Science,NL,2021,25
Materials Science,NL,2022,23
Materials Science,NL,2023,22
Materials Science,NL,2024,18
Materials Science,NP,2019,1
Materials Science,NP,2020,1
Materials Science,NP,2021,1
Materials Science,NP,2022,1
Materials Science,NP,2023,1
Materials Science,NP,2024,1
Materials Science,PK,2015,1
Materials Science,PK,2016,1
Materials Science,PK,2017,1
Materials Science,PK,2018,1
Materials Science,PK,2019,1
Materials Science,PK,2020,1
Materials Science,PK,2021,1
Materials Science,PK,2022,1
Materials Science,PK,2023,1
Materials Science,PK,2024,1
Materials Science,PL,2015,3
Materials Science,PL,2016,4
Materials Science,PL,2017,4
Materials Science,PL,2018,4
Materials Science,PL,2019,5
Materials Science,PL,2020,5
Materials Science,PL,2021,5
Materials Science,PL,2022,5
Materials Science,PL,2023,6
Materials Science,PL,2024,5
Materials Science,PR,2015,1
Materials Science,PR,2016,1
Materials Science,PR,2017,1
Materials Science,PR,2018,1
Materials Science,PR,2019,2
Materials Science,PR,2020,2
Materials Science,PR,2021,2
Materials Science,PR,2022,2
Materials Science,PR,2023,2
Materials Science,PR,2024,2
Materials Science,PT,2015,5
Materials Science,PT,2016,5
Materials Science,PT,2017,5
Materials Science,PT,2018,5
Materials Science,PT,2019,7
Materials Science,PT,2020,9
Materials Science,PT,2021,9
Materials Science,PT,2022,8
Materials Science,PT,2023,9
Materials Science,PT,2024,9
Materials Science,QA,2015,1
Materials Science,QA,2016,1
Materials Science,RU,2015,7
Materials Science,RU,2016,7
Materials Science,RU,2017,7
Materials Science,RU,2018,12
Materials Science,RU,2019,13
Materials Science,RU,2020,14
Materials Science,RU,2021,15
Materials Science,RU,2022,15
Materials Science,RU,2023,15
Materials Science,RU,2024,14
Materials Science,SA,2015,6
Materials Science,SA,2016,8
Materials Science,SA,2017,11
Materials Science,SA,2018,14
Materials Science,SA,2019,11
Materials Science,SA,2020,10
Materials Science,SA,2021,10
Materials Science,SA,2022,12
Materials Science,SA,2023,16
Materials Science,SA,2024,17
Materials Science,SD,2023,1
Materials Science,SD,2024,1
Materials Science,SE,2015,5
Materials Science,SE,2016,5
Materials Science,SE,2017,5
Materials Science,SE,2018,6
Materials Science,SE,2019,6
Materials Science,SE,2020,5
Materials Science,SE,2021,6
Materials Science,SE,2022,6
Materials Science,SE,2023,6
Materials Science,SE,2024,6
Materials Science,SG,2015,19
Materials Science,SG,2016,25
Materials Science,SG,2017,28
Materials Science,SG,2018,30
Materials Science,SG,2019,34
Materials Science,SG,2020,41
Materials Science,SG,2021,47
Materials Science,SG,2022,49
Materials Science,SG,2023,52
Materials Science,SG,2024,51
Materials Science,SI,2015,1
Materials Science,SI,2016,1
Materials Science,SI,2017,1
Materials Science,SI,2018,1
Materials Science,SI,2019,1
Materials Science,SI,2020,1
Materials Science,SI,2021,1
Materials Science,SI,2022,1
Materials Science,SI,2023,1
Materials Science,SI,2024,1
Materials Science,SK,2015,1
Materials Science,SK,2016,1
Materials Science,SK,2017,1
Materials Science,SK,2018,2
Materials Science,SK,2019,2
Materials Science,SK,2020,2
Materials Science,SK,2021,2
Materials Science,SK,2022,2
Materials Science,SK,2023,2
Materials Science,SK,2024,2
Materials Science,SS,2023,2
Materials Science,SS,2024,2
Materials Science,TH,2019,1
Materials Science,TH,2020,1
Materials Science,TR,2015,1
Materials Science,TR,2016,1
Materials Science,TR,2017,1
Materials Science,TR,2018,1
Materials Science,TR,2019,1
Materials Science,TR,2020,1
Materials Science,TR,2021,1
Materials Science,TR,2022,1
Materials Science,TW,2015,6
Materials Science,TW,2016,9
Materials Science,TW,2017,9
Materials Science,TW,2018,10
Materials Science,TW,2019,11
Materials Science,TW,2020,13
Materials Science,TW,2021,12
Materials Science,TW,2022,12
Materials Science,TW,2023,12
Materials Science,TW,2024,11
Materials Science,TZ,2015,1
Materials Science,TZ,2016,1
Materials Science,UA,2015,4
Materials Science,UA,2016,4
Materials Science,UA,2017,4
Materials Science,UA,2018,4
Materials Science,UA,2019,4
Materials Science,UA,2020,4
Materials Science,UA,2021,4
Materials Science,UA,2022,4
Materials Science,UA,2023,4
Materials Science,UA,2024,4
Materials Science,US,2015,483
Materials Science,US,2016,472
Materials Science,US,2017,475
Materials Science,US,2018,465
Materials Science,US,2019,468
Materials Science,US,2020,459
Materials Science,US,2021,438
Materials Science,US,2022,430
Materials Science,US,2023,420
Materials Science,US,2024,412
Materials Science,UZ,2015,2
Materials Science,UZ,2016,2
Materials Science,UZ,2017,2
Materials Science,UZ,2018,2
Materials Science,UZ,2019,2
Materials Science,UZ,2020,2
Materials Science,UZ,2021,2
Materials Science,UZ,2022,2
Materials Science,UZ,2023,2
Materials Science,UZ,2024,2
Materials Science,ZA,2015,2
Materials Science,ZA,2016,2
Materials Science,ZA,2017,2
Materials Science,ZA,2018,4
Materials Science,ZA,2019,3
Materials Science,ZA,2020,3
Materials Science,ZA,2021,2
Materials Science,ZA,2022,2
Materials Science,ZA,2023,3
Materials Science,ZA,2024,4
Mathematics,AE,2020,1
Mathematics,AE,2021,1
Mathematics,AE,2022,1
Mathematics,AE,2023,1
Mathematics,AE,2024,1
Mathematics,AR,2015,1
Mathematics,AR,2016,1
Mathematics,AR,2017,1
Mathematics,AR,2018,2
Mathematics,AR,2019,2
Mathematics,AR,2020,2
Mathematics,AR,2021,2
Mathematics,AR,2022,2
Mathematics,AR,2023,2
Mathematics,AR,2024,1
Mathematics,AT,2015,11
Mathematics,AT,2016,13
Mathematics,AT,2017,13
Mathematics,AT,2018,13
Mathematics,AT,2019,13
Mathematics,AT,2020,14
Mathematics,AT,2021,14
Mathematics,AT,2022,13
Mathematics,AT,2023,13
Mathematics,AT,2024,12
Mathematics,AU,2015,37
Mathematics,AU,2016,37
Mathematics,AU,2017,39
Mathematics,AU,2018,43
Mathematics,AU,2019,43
Mathematics,AU,2020,45
Mathematics,AU,2021,45
Mathematics,AU,2022,45
Mathematics,AU,2023,45
Mathematics,AU,2024,45
Mathematics,AZ,2021,1
Mathematics,AZ,2022,1
Mathematics,AZ,2023,1
Mathematics,AZ,2024,1
Mathematics,BE,2015,10
Mathematics,BE,2016,10
Mathematics,BE,2017,10
Mathematics,BE,2018,11
Mathematics,BE,2019,12
Mathematics,BE,2020,14
Mathematics,BE,2021,13
Mathematics,BE,2022,13
Mathematics,BE,2023,15
Mathematics,BE,2024,15
Mathematics,BG,2015,1
Mathematics,BG,2016,1
Mathematics,BG,2017,1
Mathematics,BG,2018,1
Mathematics,BG,2019,1
Mathematics,BG,2020,1
Mathematics,BG,2021,1
Mathematics,BG,2022,1
Mathematics,BG,2023,1
Mathematics,BG,2024,1
Mathematics,BR,2015,3
Mathematics,BR,2016,3
Mathematics,BR,2017,3
Mathematics,BR,2018,3
Mathematics,BR,2019,4
Mathematics,BR,2020,4
Mathematics,BR,2021,5
Mathematics,BR,2022,5
Mathematics,BR,2023,5
Mathematics,BR,2024,5
Mathematics,BY,2021,1
Mathematics,BY,2022,1
Mathematics,BY,2023,1
Mathematics,BY,2024,1
Mathematics,CA,2015,46
Mathematics,CA,2016,48
Mathematics,CA,2017,50
Mathematics,CA,2018,52
Mathematics,CA,2019,52
Mathematics,CA,2020,51
Mathematics,CA,2021,52
Mathematics,CA,2022,50
Mathematics,CA,2023,51
Mathematics,CA,2024,51
Mathematics,CH,2015,20
Mathematics,CH,2016,21
Mathematics,CH,2017,23
Mathematics,CH,2018,23
Mathematics,CH,2019,23
Mathematics,CH,2020,24
Mathematics,CH,2021,22
Mathematics,CH,2022,21
Mathematics,CH,2023,20
Mathematics,CH,2024,20
Mathematics,CN,2015,10
Mathematics,CN,2016,11
Mathematics,CN,2017,13
Mathematics,CN,2018,13
Mathematics,CN,2019,13
Mathematics,CN,2020,17
Mathematics,CN,2021,20
Mathematics,CN,2022,23
Mathematics,CN,2023,23
Mathematics,CN,2024,26
Mathematics,CNX,2015,14
Mathematics,CNX,2016,15
Mathematics,CNX,2017,18
Mathematics,CNX,2018,19
Mathematics,CNX,2019,20
Mathematics,CNX,2020,27
Mathematics,CNX,2021,34
Mathematics,CNX,2022,37
Mathematics,CNX,2023,40
Mathematics,CNX,2024,43
Mathematics,CY,2024,1
Mathematics,CZ,2015,1
Mathematics,CZ,2016,1
Mathematics,CZ,2017,1
Mathematics,CZ,2018,1
Mathematics,CZ,2019,1
Mathematics,CZ,2020,2
Mathematics,CZ,2021,2
Mathematics,CZ,2022,2
Mathematics,CZ,2023,2
Mathematics,CZ,2024,2
Mathematics,DE,2015,44
Mathematics,DE,2016,45
Mathematics,DE,2017,44
Mathematics,DE,2018,43
Mathematics,DE,2019,41
Mathematics,DE,2020,44
Mathematics,DE,2021,40
Mathematics,DE,2022,41
Mathematics,DE,2023,38
Mathematics,DE,2024,41
Mathematics,DK,2015,8
Mathematics,DK,2016,8
Mathematics,DK,2017,8
Mathematics,DK,2018,8
Mathematics,DK,2019,7
Mathematics,DK,2020,8
Mathematics,DK,2021,8
Mathematics,DK,2022,8
Mathematics,DK,2023,8
Mathematics,DK,2024,7
Mathematics,EC,2018,1
Mathematics,EC,2019,1
Mathematics,EC,2020,1
Mathematics,EC,2021,1
Mathematics,EC,2022,1
Mathematics,EC,2023,1
Mathematics,EC,2024,1
Mathematics,EG,2015,2
Mathematics,EG,2016,2
Mathematics,EG,2017,2
Mathematics,EG,2018,2
Mathematics,EG,2019,2
Mathematics,EG,2020,2
Mathematics,EG,2021,2
Mathematics,EG,2022,2
Mathematics,EG,2023,2
Mathematics,EG,2024,2
Mathematics,ES,2015,7
Mathematics,ES,2016,7
Mathematics,ES,2017,8
Mathematics,ES,2018,7
Mathematics,ES,2019,8
Mathematics,ES,2020,8
Mathematics,ES,2021,9
Mathematics,ES,2022,9
Mathematics,ES,2023,8
Mathematics,ES,2024,9
Mathematics,FI,2024,1
Mathematics,FR,2015,48
Mathematics,FR,2016,48
Mathematics,FR,2017,47
Mathematics,FR,2018,47
Mathematics,FR,2019,49
Mathematics,FR,2020,48
Mathematics,FR,2021,45
Mathematics,FR,2022,46
Mathematics,FR,2023,47
Mathematics,FR,2024,46
Mathematics,GB,2015,151
Mathematics,GB,2016,150
Mathematics,GB,2017,153
Mathematics,GB,2018,149
Mathematics,GB,2019,148
Mathematics,GB,2020,146
Mathematics,GB,2021,141
Mathematics,GB,2022,145
Mathematics,GB,2023,145
Mathematics,GB,2024,144
Mathematics,GH,2015,1
Mathematics,GH,2016,1
Mathematics,GH,2017,1
Mathematics,GH,2018,1
Mathematics,GH,2019,1
Mathematics,GH,2020,1
Mathematics,GH,2021,1
Mathematics,GH,2022,1
Mathematics,GH,2023,1
Mathematics,GH,2024,1
Mathematics,GR,2015,2
Mathematics,GR,2016,2
Mathematics,GR,2017,2
Mathematics,GR,2018,2
Mathematics,GR,2019,2
Mathematics,GR,2020,2
Mathematics,GR,2021,3
Mathematics,GR,2022,3
Mathematics,GR,2023,4
Mathematics,GR,2024,4
Mathematics,HK,2015,3
Mathematics,HK,2016,3
Mathematics,HK,2017,3
Mathematics,HK,2018,4
Mathematics,HK,2019,4
Mathematics,HK,2020,5
Mathematics,HK,2021,6
Mathematics,HK,2022,6
Mathematics,HK,2023,9
Mathematics,HK,2024,9
Mathematics,HR,2015,3
Mathematics,HR,2016,3
Mathematics,HR,2017,3
Mathematics,HR,2018,3
Mathematics,HR,2019,3
Mathematics,HR,2020,3
Mathematics,HR,2021,3
Mathematics,HR,2022,3
Mathematics,HR,2023,3
Mathematics,HR,2024,3
Mathematics,HU,2015,13
Mathematics,HU,2016,11
Mathematics,HU,2017,10
Mathematics,HU,2018,11
Mathematics,HU,2019,11
Mathematics,HU,2020,10
Mathematics,HU,2021,10
Mathematics,HU,2022,11
Mathematics,HU,2023,11
Mathematics,HU,2024,11
Mathematics,IE,2015,1
Mathematics,IE,2016,2
Mathematics,IE,2017,2
Mathematics,IE,2018,2
Mathematics,IE,2019,2
Mathematics,IE,2020,2
Mathematics,IE,2021,2
Mathematics,IE,2022,1
Mathematics,IE,2023,1
Mathematics,IE,2024,1
Mathematics,IL,2015,22
Mathematics,IL,2016,23
Mathematics,IL,2017,22
Mathematics,IL,2018,23
Mathematics,IL,2019,22
Mathematics,IL,2020,22
Mathematics,IL,2021,21
Mathematics,IL,2022,20
Mathematics,IL,2023,19
Mathematics,IL,2024,19
Mathematics,IN,2015,6
Mathematics,IN,2016,6
Mathematics,IN,2017,6
Mathematics,IN,2018,7
Mathematics,IN,2019,7
Mathematics,IN,2020,7
Mathematics,IN,2021,7
Mathematics,IN,2022,6
Mathematics,IN,2023,6
Mathematics,IN,2024,7
Mathematics,IR,2015,3
Mathematics,IR,2016,3
Mathematics,IR,2017,3
Mathematics,IR,2018,3
Mathematics,IR,2019,3
Mathematics,IR,2020,3
Mathematics,IR,2021,3
Mathematics,IR,2022,3
Mathematics,IR,2023,3
Mathematics,IR,2024,3
Mathematics,IT,2015,11
Mathematics,IT,2016,11
Mathematics,IT,2017,10
Mathematics,IT,2018,12
Mathematics,IT,2019,12
Mathematics,IT,2020,12
Mathematics,IT,2021,13
Mathematics,IT,2022,15
Mathematics,IT,2023,16
Mathematics,IT,2024,16
Mathematics,JO,2015,1
Mathematics,JO,2016,1
Mathematics,JO,2017,1
Mathematics,JO,2018,1
Mathematics,JO,2019,1
Mathematics,JO,2020,1
Mathematics,JO,2021,1
Mathematics,JO,2022,1
Mathematics,JO,2023,1
Mathematics,JO,2024,2
Mathematics,JP,2015,13
Mathematics,JP,2016,13
Mathematics,JP,2017,13
Mathematics,JP,2018,12
Mathematics,JP,2019,12
Mathematics,JP,2020,12
Mathematics,JP,2021,12
Mathematics,JP,2022,13
Mathematics,JP,2023,13
Mathematics,JP,2024,13
Mathematics,KR,2015,1
Mathematics,KR,2016,2
Mathematics,KR,2017,2
Mathematics,KR,2018,2
Mathematics,KR,2019,2
Mathematics,KR,2020,2
Mathematics,KR,2021,3
Mathematics,KR,2022,4
Mathematics,KR,2023,5
Mathematics,KR,2024,6
Mathematics,LB,2024,2
Mathematics,LU,2019,1
Mathematics,LU,2020,1
Mathematics,LU,2021,1
Mathematics,LU,2022,1
Mathematics,LU,2023,1
Mathematics,LU,2024,1
Mathematics,MO,2020,1
Mathematics,MO,2021,1
Mathematics,MO,2022,1
Mathematics,MO,2023,1
Mathematics,MO,2024,1
Mathematics,MX,2015,3
Mathematics,MX,2016,3
Mathematics,MX,2017,3
Mathematics,MX,2018,3
Mathematics,MX,2019,3
Mathematics,MX,2020,3
Mathematics,MX,2021,2
Mathematics,MX,2022,3
Mathematics,MX,2023,3
Mathematics,MX,2024,3
Mathematics,NL,2015,19
Mathematics,NL,2016,20
Mathematics,NL,2017,21
Mathematics,NL,2018,22
Mathematics,NL,2019,21
Mathematics,NL,2020,23
Mathematics,NL,2021,23
Mathematics,NL,2022,24
Mathematics,NL,2023,23
Mathematics,NL,2024,25
Mathematics,NO,2015,5
Mathematics,NO,2016,6
Mathematics,NO,2017,6
Mathematics,NO,2018,6
Mathematics,NO,2019,6
Mathematics,NO,2020,5
Mathematics,NO,2021,5
Mathematics,NO,2022,5
Mathematics,NO,2023,5
Mathematics,NO,2024,5
Mathematics,NP,2015,1
Mathematics,NZ,2015,6
Mathematics,NZ,2016,5
Mathematics,NZ,2017,5
Mathematics,NZ,2018,4
Mathematics,NZ,2019,4
Mathematics,NZ,2020,5
Mathematics,NZ,2021,6
Mathematics,NZ,2022,6
Mathematics,NZ,2023,6
Mathematics,NZ,2024,6
Mathematics,PL,2015,3
Mathematics,PL,2016,2
Mathematics,PL,2017,2
Mathematics,PL,2018,2
Mathematics,PL,2019,2
Mathematics,PL,2020,3
Mathematics,PL,2021,3
Mathematics,PL,2022,2
Mathematics,PL,2023,2
Mathematics,PL,2024,1
Mathematics,PT,2015,2
Mathematics,PT,2016,2
Mathematics,PT,2017,2
Mathematics,PT,2018,2
Mathematics,PT,2019,2
Mathematics,PT,2020,2
Mathematics,PT,2021,2
Mathematics,PT,2022,2
Mathematics,PT,2023,3
Mathematics,PT,2024,3
Mathematics,QA,2015,1
Mathematics,QA,2016,1
Mathematics,QA,2017,1
Mathematics,QA,2018,1
Mathematics,RO,2015,1
Mathematics,RO,2016,1
Mathematics,RO,2017,1
Mathematics,RO,2018,1
Mathematics,RO,2019,1
Mathematics,RO,2020,2
Mathematics,RO,2021,2
Mathematics,RO,2022,3
Mathematics,RO,2023,3
Mathematics,RO,2024,3
Mathematics,RS,2015,2
Mathematics,RS,2016,2
Mathematics,RS,2017,2
Mathematics,RS,2018,2
Mathematics,RS,2019,2
Mathematics,RS,2020,2
Mathematics,RS,2021,2
Mathematics,RS,2022,2
Mathematics,RS,2023,2
Mathematics,RS,2024,2
Mathematics,RU,2015,16
Mathematics,RU,2016,15
Mathematics,RU,2017,15
Mathematics,RU,2018,18
Mathematics,RU,2019,17
Mathematics,RU,2020,16
Mathematics,RU,2021,17
Mathematics,RU,2022,18
Mathematics,RU,2023,17
Mathematics,RU,2024,17
Mathematics,SA,2015,12
Mathematics,SA,2016,12
Mathematics,SA,2017,13
Mathematics,SA,2018,14
Mathematics,SA,2019,15
Mathematics,SA,2020,16
Mathematics,SA,2021,19
Mathematics,SA,2022,20
Mathematics,SA,2023,19
Mathematics,SA,2024,21
Mathematics,SE,2015,9
Mathematics,SE,2016,8
Mathematics,SE,2017,8
Mathematics,SE,2018,8
Mathematics,SE,2019,8
Mathematics,SE,2020,10
Mathematics,SE,2021,11
Mathematics,SE,2022,11
Mathematics,SE,2023,11
Mathematics,SE,2024,11
Mathematics,SG,2015,5
Mathematics,SG,2016,5
Mathematics,SG,2017,5
Mathematics,SG,2018,4
Mathematics,SG,2019,4
Mathematics,SG,2020,4
Mathematics,SG,2021,5
Mathematics,SG,2022,5
Mathematics,SG,2023,5
Mathematics,SG,2024,5
Mathematics,SI,2015,1
Mathematics,SI,2016,1
Mathematics,SI,2017,1
Mathematics,SI,2018,1
Mathematics,SI,2019,1
Mathematics,SI,2020,2
Mathematics,SI,2021,2
Mathematics,SI,2022,2
Mathematics,SI,2023,1
Mathematics,SI,2024,1
Mathematics,SK,2015,10
Mathematics,SK,2016,10
Mathematics,SK,2017,10
Mathematics,SK,2018,8
Mathematics,SK,2019,8
Mathematics,SK,2020,8
Mathematics,SK,2021,8
Mathematics,SK,2022,8
Mathematics,SK,2023,8
Mathematics,SK,2024,8
Mathematics,TH,2021,1
Mathematics,TH,2022,1
Mathematics,TH,2023,1
Mathematics,TH,2024,1
Mathematics,TR,2015,1
Mathematics,TR,2016,1
Mathematics,TR,2017,1
Mathematics,TR,2018,1
Mathematics,TR,2019,1
Mathematics,TR,2020,1
Mathematics,TR,2021,3
Mathematics,TR,2022,3
Mathematics,TR,2023,3
Mathematics,TR,2024,4
Mathematics,TW,2015,2
Mathematics,TW,2016,2
Mathematics,TW,2017,3
Mathematics,TW,2018,3
Mathematics,TW,2019,4
Mathematics,TW,2020,6
Mathematics,TW,2021,9
Mathematics,TW,2022,9
Mathematics,TW,2023,9
Mathematics,TW,2024,9
Mathematics,UG,2020,1
Mathematics,UG,2021,1
Mathematics,UG,2022,1
Mathematics,UG,2023,1
Mathematics,UG,2024,1
Mathematics,US,2015,709
Mathematics,US,2016,703
Mathematics,US,2017,697
Mathematics,US,2018,690
Mathematics,US,2019,692
Mathematics,US,2020,686
Mathematics,US,2021,682
Mathematics,US,2022,676
Mathematics,US,2023,675
Mathematics,US,2024,667
Mathematics,ZA,2015,5
Mathematics,ZA,2016,5
Mathematics,ZA,2017,5
Mathematics,ZA,2018,5
Mathematics,ZA,2019,5
Mathematics,ZA,2020,6
Mathematics,ZA,2021,6
Mathematics,ZA,2022,7
Mathematics,ZA,2023,6
Mathematics,ZA,2024,7
Medicine,AE,2015,1
Medicine,AE,2016,1
Medicine,AE,2017,1
Medicine,AE,2018,1
Medicine,AE,2019,1
Medicine,AE,2020,1
Medicine,AE,2021,1
Medicine,AT,2015,5
Medicine,AT,2016,5
Medicine,AT,2017,6
Medicine,AT,2018,6
Medicine,AT,2019,7
Medicine,AT,2020,7
Medicine,AT,2021,7
Medicine,AT,2022,6
Medicine,AT,2023,5
Medicine,AT,2024,5
Medicine,AU,2015,24
Medicine,AU,2016,28
Medicine,AU,2017,30
Medicine,AU,2018,35
Medicine,AU,2019,37
Medicine,AU,2020,37
Medicine,AU,2021,38
Medicine,AU,2022,41
Medicine,AU,2023,42
Medicine,AU,2024,44
Medicine,BE,2015,15
Medicine,BE,2016,13
Medicine,BE,2017,12
Medicine,BE,2018,10
Medicine,BE,2019,9
Medicine,BE,2020,9
Medicine,BE,2021,13
Medicine,BE,2022,16
Medicine,BE,2023,16
Medicine,BE,2024,16
Medicine,BR,2015,1
Medicine,BR,2016,1
Medicine,BR,2017,1
Medicine,BR,2018,1
Medicine,BR,2019,1
Medicine,BR,2020,1
Medicine,BR,2021,1
Medicine,BR,2022,1
Medicine,BR,2023,1
Medicine,BR,2024,1
Medicine,CA,2015,43
Medicine,CA,2016,44
Medicine,CA,2017,45
Medicine,CA,2018,43
Medicine,CA,2019,45
Medicine,CA,2020,47
Medicine,CA,2021,45
Medicine,CA,2022,45
Medicine,CA,2023,45
Medicine,CA,2024,48
Medicine,CH,2015,11
Medicine,CH,2016,12
Medicine,CH,2017,12
Medicine,CH,2018,14
Medicine,CH,2019,14
Medicine,CH,2020,16
Medicine,CH,2021,16
Medicine,CH,2022,18
Medicine,CH,2023,17
Medicine,CH,2024,19
Medicine,CL,2015,1
Medicine,CN,2015,4
Medicine,CN,2016,4
Medicine,CN,2017,5
Medicine,CN,2018,5
Medicine,CN,2019,5
Medicine,CN,2020,7
Medicine,CN,2021,9
Medicine,CN,2022,10
Medicine,CN,2023,13
Medicine,CN,2024,14
Medicine,CNX,2015,8
Medicine,CNX,2016,8
Medicine,CNX,2017,9
Medicine,CNX,2018,9
Medicine,CNX,2019,7
Medicine,CNX,2020,9
Medicine,CNX,2021,11
Medicine,CNX,2022,13
Medicine,CNX,2023,17
Medicine,CNX,2024,18
Medicine,CY,2024,1
Medicine,CZ,2015,2
Medicine,CZ,2016,2
Medicine,CZ,2017,1
Medicine,CZ,2018,1
Medicine,CZ,2019,1
Medicine,CZ,2020,2
Medicine,CZ,2021,3
Medicine,CZ,2022,3
Medicine,CZ,2023,2
Medicine,CZ,2024,2
Medicine,DE,2015,35
Medicine,DE,2016,35
Medicine,DE,2017,38
Medicine,DE,2018,37
Medicine,DE,2019,38
Medicine,DE,2020,39
Medicine,DE,2021,43
Medicine,DE,2022,43
Medicine,DE,2023,46
Medicine,DE,2024,50
Medicine,DK,2015,15
Medicine,DK,2016,16
Medicine,DK,2017,18
Medicine,DK,2018,19
Medicine,DK,2019,18
Medicine,DK,2020,19
Medicine,DK,2021,19
Medicine,DK,2022,20
Medicine,DK,2023,20
Medicine,DK,2024,21
Medicine,ES,2015,8
Medicine,ES,2016,9
Medicine,ES,2017,9
Medicine,ES,2018,9
Medicine,ES,2019,10
Medicine,ES,2020,13
Medicine,ES,2021,13
Medicine,ES,2022,16
Medicine,ES,2023,17
Medicine,ES,2024,17
Medicine,FI,2015,14
Medicine,FI,2016,13
Medicine,FI,2017,12
Medicine,FI,2018,10
Medicine,FI,2019,9
Medicine,FI,2020,6
Medicine,FI,2021,5
Medicine,FI,2022,5
Medicine,FI,2023,5
Medicine,FI,2024,7
Medicine,FR,2015,27
Medicine,FR,2016,27
Medicine,FR,2017,29
Medicine,FR,2018,29
Medicine,FR,2019,28
Medicine,FR,2020,29
Medicine,FR,2021,32
Medicine,FR,2022,33
Medicine,FR,2023,37
Medicine,FR,2024,36
Medicine,GB,2015,120
Medicine,GB,2016,123
Medicine,GB,2017,119
Medicine,GB,2018,124
Medicine,GB,2019,126
Medicine,GB,2020,125
Medicine,GB,2021,124
Medicine,GB,2022,128
Medicine,GB,2023,132
Medicine,GB,2024,130
Medicine,GM,2015,2
Medicine,GM,2016,1
Medicine,GM,2017,1
Medicine,GM,2018,1
Medicine,GM,2019,1
Medicine,GM,2020,1
Medicine,GM,2021,1
Medicine,GM,2022,1
Medicine,GM,2023,1
Medicine,GM,2024,1
Medicine,GR,2015,1
Medicine,GR,2016,2
Medicine,GR,2017,2
Medicine,GR,2018,3
Medicine,GR,2019,3
Medicine,GR,2020,3
Medicine,GR,2021,4
Medicine,GR,2022,4
Medicine,GR,2023,4
Medicine,GR,2024,5
Medicine,HK,2015,5
Medicine,HK,2016,5
Medicine,HK,2017,5
Medicine,HK,2018,5
Medicine,HK,2019,4
Medicine,HK,2020,5
Medicine,HK,2021,6
Medicine,HK,2022,6
Medicine,HK,2023,6
Medicine,HK,2024,6
Medicine,HU,2015,2
Medicine,HU,2016,2
Medicine,HU,2017,2
Medicine,HU,2018,1
Medicine,HU,2019,1
Medicine,HU,2020,1
Medicine,HU,2021,1
Medicine,HU,2022,1
Medicine,HU,2023,1
Medicine,HU,2024,1
Medicine,IE,2022,1
Medicine,IE,2023,1
Medicine,IE,2024,1
Medicine,IL,2015,5
Medicine,IL,2016,5
Medicine,IL,2017,3
Medicine,IL,2018,2
Medicine,IL,2019,2
Medicine,IL,2020,2
Medicine,IL,2021,3
Medicine,IL,2022,3
Medicine,IL,2023,3
Medicine,IL,2024,3
Medicine,IN,2015,3
Medicine,IN,2016,2
Medicine,IN,2017,3
Medicine,IN,2018,4
Medicine,IN,2019,4
Medicine,IN,2020,4
Medicine,IN,2021,3
Medicine,IN,2022,4
Medicine,IN,2023,4
Medicine,IN,2024,4
Medicine,IT,2015,27
Medicine,IT,2016,28
Medicine,IT,2017,29
Medicine,IT,2018,29
Medicine,IT,2019,30
Medicine,IT,2020,31
Medicine,IT,2021,34
Medicine,IT,2022,33
Medicine,IT,2023,35
Medicine,IT,2024,34
Medicine,JO,2021,1
Medicine,JO,2022,1
Medicine,JO,2023,1
Medicine,JO,2024,1
Medicine,JP,2015,20
Medicine,JP,2016,19
Medicine,JP,2017,19
Medicine,JP,2018,18
Medicine,JP,2019,16
Medicine,JP,2020,13
Medicine,JP,2021,14
Medicine,JP,2022,16
Medicine,JP,2023,14
Medicine,JP,2024,15
Medicine,KE,2015,2
Medicine,KE,2016,2
Medicine,KE,2017,2
Medicine,KE,2018,1
Medicine,KE,2019,1
Medicine,KE,2020,1
Medicine,KE,2021,2
Medicine,KE,2022,2
Medicine,KE,2023,1
Medicine,KE,2024,1
Medicine,KR,2018,1
Medicine,KR,2019,1
Medicine,KR,2020,1
Medicine,KR,2021,1
Medicine,KR,2022,2
Medicine,KR,2023,3
Medicine,KR,2024,3
Medicine,LB,2021,1
Medicine,LB,2022,1
Medicine,LB,2023,1
Medicine,LB,2024,1
Medicine,MY,2022,1
Medicine,MY,2023,1
Medicine,MY,2024,1
Medicine,NL,2015,39
Medicine,NL,2016,41
Medicine,NL,2017,42
Medicine,NL,2018,42
Medicine,NL,2019,42
Medicine,NL,2020,46
Medicine,NL,2021,47
Medicine,NL,2022,45
Medicine,NL,2023,45
Medicine,NL,2024,47
Medicine,NO,2015,6
Medicine,NO,2016,6
Medicine,NO,2017,6
Medicine,NO,2018,7
Medicine,NO,2019,8
Medicine,NO,2020,8
Medicine,NO,2021,7
Medicine,NO,2022,7
Medicine,NO,2023,7
Medicine,NO,2024,8
Medicine,NZ,2015,2
Medicine,NZ,2016,2
Medicine,NZ,2017,2
Medicine,NZ,2018,2
Medicine,NZ,2019,3
Medicine,NZ,2020,3
Medicine,NZ,2021,3
Medicine,NZ,2022,3
Medicine,NZ,2023,3
Medicine,NZ,2024,3
Medicine,PK,2015,3
Medicine,PK,2016,4
Medicine,PK,2017,4
Medicine,PK,2018,3
Medicine,PK,2019,3
Medicine,PK,2020,3
Medicine,PK,2021,3
Medicine,PK,2022,3
Medicine,PK,2023,3
Medicine,PK,2024,4
Medicine,PL,2015,2
Medicine,PL,2016,1
Medicine,PL,2017,1
Medicine,PL,2018,1
Medicine,PL,2019,1
Medicine,PL,2020,1
Medicine,PL,2021,1
Medicine,PL,2022,1
Medicine,PL,2023,1
Medicine,PL,2024,2
Medicine,PS,2015,1
Medicine,PS,2016,1
Medicine,PS,2017,1
Medicine,PS,2022,1
Medicine,PS,2023,1
Medicine,PS,2024,1
Medicine,RS,2018,1
Medicine,RU,2015,1
Medicine,RU,2016,1
Medicine,RU,2017,1
Medicine,RU,2018,1
Medicine,RU,2020,2
Medicine,RU,2021,2
Medicine,RU,2022,2
Medicine,RU,2023,2
Medicine,RU,2024,2
Medicine,SA,2015,1
Medicine,SA,2016,1
Medicine,SA,2017,3
Medicine,SA,2018,3
Medicine,SA,2019,2
Medicine,SA,2020,2
Medicine,SA,2021,2
Medicine,SA,2022,2
Medicine,SA,2023,2
Medicine,SA,2024,2
Medicine,SE,2015,20
Medicine,SE,2016,20
Medicine,SE,2017,20
Medicine,SE,2018,18
Medicine,SE,2019,16
Medicine,SE,2020,19
Medicine,SE,2021,18
Medicine,SE,2022,16
Medicine,SE,2023,12
Medicine,SE,2024,12
Medicine,SG,2015,8
Medicine,SG,2016,8
Medicine,SG,2017,8
Medicine,SG,2018,7
Medicine,SG,2019,7
Medicine,SG,2020,8
Medicine,SG,2021,9
Medicine,SG,2022,10
Medicine,SG,2023,10
Medicine,SG,2024,10
Medicine,TH,2015,1
Medicine,TH,2016,1
Medicine,TH,2017,1
Medicine,TH,2018,1
Medicine,TH,2019,1
Medicine,TH,2020,1
Medicine,TH,2021,1
Medicine,TH,2022,1
Medicine,TH,2023,1
Medicine,TH,2024,1
Medicine,TW,2015,3
Medicine,TW,2016,3
Medicine,TW,2017,3
Medicine,TW,2018,3
Medicine,TW,2019,2
Medicine,TW,2020,2
Medicine,TW,2021,2
Medicine,TW,2022,3
Medicine,TW,2023,4
Medicine,TW,2024,4
Medicine,US,2015,681
Medicine,US,2016,676
Medicine,US,2017,671
Medicine,US,2018,673
Medicine,US,2019,669
Medicine,US,2020,665
Medicine,US,2021,656
Medicine,US,2022,650
Medicine,US,2023,640
Medicine,US,2024,629
Medicine,VN,2015,2
Medicine,VN,2016,3
Medicine,VN,2017,2
Medicine,VN,2018,2
Medicine,VN,2019,2
Medicine,VN,2020,3
Medicine,VN,2021,3
Medicine,VN,2022,3
Medicine,VN,2023,3
Medicine,VN,2024,2
Medicine,ZA,2015,7
Medicine,ZA,2016,7
Medicine,ZA,2017,7
Medicine,ZA,2018,7
Medicine,ZA,2019,7
Medicine,ZA,2020,8
Medicine,ZA,2021,9
Medicine,ZA,2022,8
Medicine,ZA,2023,9
Medicine,ZA,2024,9
Medicine,ZM,2024,1
Neuroscience,AE,2015,1
Neuroscience,AE,2016,1
Neuroscience,AE,2017,1
Neuroscience,AE,2018,1
Neuroscience,AR,2015,1
Neuroscience,AR,2016,2
Neuroscience,AR,2017,2
Neuroscience,AR,2018,2
Neuroscience,AR,2019,1
Neuroscience,AR,2020,1
Neuroscience,AR,2021,1
Neuroscience,AR,2022,1
Neuroscience,AR,2023,1
Neuroscience,AR,2024,1
Neuroscience,AT,2015,6
Neuroscience,AT,2016,6
Neuroscience,AT,2017,8
Neuroscience,AT,2018,8
Neuroscience,AT,2019,8
Neuroscience,AT,2020,8
Neuroscience,AT,2021,8
Neuroscience,AT,2022,8
Neuroscience,AT,2023,8
Neuroscience,AT,2024,8
Neuroscience,AU,2015,12
Neuroscience,AU,2016,13
Neuroscience,AU,2017,14
Neuroscience,AU,2018,20
Neuroscience,AU,2019,20
Neuroscience,AU,2020,20
Neuroscience,AU,2021,20
Neuroscience,AU,2022,19
Neuroscience,AU,2023,20
Neuroscience,AU,2024,19
Neuroscience,BE,2015,9
Neuroscience,BE,2016,10
Neuroscience,BE,2017,10
Neuroscience,BE,2018,10
Neuroscience,BE,2019,12
Neuroscience,BE,2020,12
Neuroscience,BE,2021,13
Neuroscience,BE,2022,12
Neuroscience,BE,2023,13
Neuroscience,BE,2024,13
Neuroscience,BG,2015,3
Neuroscience,BG,2016,3
Neuroscience,BG,2017,3
Neuroscience,BG,2018,4
Neuroscience,BG,2019,3
Neuroscience,BG,2020,3
Neuroscience,BG,2021,2
Neuroscience,BG,2022,2
Neuroscience,BG,2023,2
Neuroscience,BG,2024,2
Neuroscience,BR,2015,2
Neuroscience,BR,2016,3
Neuroscience,BR,2017,4
Neuroscience,BR,2018,4
Neuroscience,BR,2019,4
Neuroscience,BR,2020,5
Neuroscience,BR,2021,5
Neuroscience,BR,2022,6
Neuroscience,BR,2023,6
Neuroscience,BR,2024,6
Neuroscience,CA,2015,65
Neuroscience,CA,2016,66
Neuroscience,CA,2017,68
Neuroscience,CA,2018,66
Neuroscience,CA,2019,64
Neuroscience,CA,2020,67
Neuroscience,CA,2021,66
Neuroscience,CA,2022,66
Neuroscience,CA,2023,67
Neuroscience,CA,2024,70
Neuroscience,CH,2015,27
Neuroscience,CH,2016,26
Neuroscience,CH,2017,28
Neuroscience,CH,2018,29
Neuroscience,CH,2019,27
Neuroscience,CH,2020,30
Neuroscience,CH,2021,30
Neuroscience,CH,2022,30
Neuroscience,CH,2023,28
Neuroscience,CH,2024,27
Neuroscience,CL,2015,1
Neuroscience,CL,2016,1
Neuroscience,CL,2017,1
Neuroscience,CL,2018,1
Neuroscience,CL,2019,1
Neuroscience,CL,2020,1
Neuroscience,CL,2021,1
Neuroscience,CL,2022,1
Neuroscience,CL,2023,1
Neuroscience,CM,2015,2
Neuroscience,CM,2016,2
Neuroscience,CM,2017,2
Neuroscience,CM,2018,2
Neuroscience,CM,2019,2
Neuroscience,CM,2020,2
Neuroscience,CM,2021,2
Neuroscience,CM,2022,2
Neuroscience,CM,2023,2
Neuroscience,CM,2024,2
Neuroscience,CN,2015,5
Neuroscience,CN,2016,6
Neuroscience,CN,2017,6
Neuroscience,CN,2018,7
Neuroscience,CN,2019,7
Neuroscience,CN,2020,9
Neuroscience,CN,2021,13
Neuroscience,CN,2022,14
Neuroscience,CN,2023,18
Neuroscience,CN,2024,19
Neuroscience,CNX,2015,7
Neuroscience,CNX,2016,8
Neuroscience,CNX,2017,9
Neuroscience,CNX,2018,10
Neuroscience,CNX,2019,10
Neuroscience,CNX,2020,12
Neuroscience,CNX,2021,17
Neuroscience,CNX,2022,17
Neuroscience,CNX,2023,20
Neuroscience,CNX,2024,21
Neuroscience,CZ,2015,5
Neuroscience,CZ,2016,5
Neuroscience,CZ,2017,5
Neuroscience,CZ,2018,5
Neuroscience,CZ,2019,4
Neuroscience,CZ,2020,5
Neuroscience,CZ,2021,5
Neuroscience,CZ,2022,5
Neuroscience,CZ,2023,5
Neuroscience,CZ,2024,5
Neuroscience,DE,2015,81
Neuroscience,DE,2016,82
Neuroscience,DE,2017,81
Neuroscience,DE,2018,81
Neuroscience,DE,2019,80
Neuroscience,DE,2020,84
Neuroscience,DE,2021,86
Neuroscience,DE,2022,89
Neuroscience,DE,2023,93
Neuroscience,DE,2024,97
Neuroscience,DK,2015,7
Neuroscience,DK,2016,8
Neuroscience,DK,2017,9
Neuroscience,DK,2018,10
Neuroscience,DK,2019,8
Neuroscience,DK,2020,9
Neuroscience,DK,2021,10
Neuroscience,DK,2022,9
Neuroscience,DK,2023,9
Neuroscience,DK,2024,9
Neuroscience,EE,2015,2
Neuroscience,EE,2016,2
Neuroscience,EE,2017,2
Neuroscience,EE,2018,2
Neuroscience,EE,2019,2
Neuroscience,EE,2020,2
Neuroscience,EE,2021,2
Neuroscience,EE,2022,2
Neuroscience,EE,2023,2
Neuroscience,EE,2024,2
Neuroscience,ES,2015,6
Neuroscience,ES,2016,6
Neuroscience,ES,2017,6
Neuroscience,ES,2018,6
Neuroscience,ES,2019,6
Neuroscience,ES,2020,6
Neuroscience,ES,2021,7
Neuroscience,ES,2022,8
Neuroscience,ES,2023,7
Neuroscience,ES,2024,7
Neuroscience,FI,2015,7
Neuroscience,FI,2016,6
Neuroscience,FI,2017,6
Neuroscience,FI,2018,6
Neuroscience,FI,2019,6
Neuroscience,FI,2020,6
Neuroscience,FI,2021,6
Neuroscience,FI,2022,6
Neuroscience,FI,2023,6
Neuroscience,FI,2024,6
Neuroscience,FR,2015,39
Neuroscience,FR,2016,37
Neuroscience,FR,2017,36
Neuroscience,FR,2018,35
Neuroscience,FR,2019,37
Neuroscience,FR,2020,37
Neuroscience,FR,2021,35
Neuroscience,FR,2022,34
Neuroscience,FR,2023,36
Neuroscience,FR,2024,35
Neuroscience,GB,2015,145
Neuroscience,GB,2016,145
Neuroscience,GB,2017,144
Neuroscience,GB,2018,148
Neuroscience,GB,2019,151
Neuroscience,GB,2020,153
Neuroscience,GB,2021,152
Neuroscience,GB,2022,155
Neuroscience,GB,2023,149
Neuroscience,GB,2024,150
Neuroscience,GR,2016,1
Neuroscience,GR,2017,1
Neuroscience,GR,2019,1
Neuroscience,GR,2020,1
Neuroscience,GR,2021,1
Neuroscience,GR,2022,1
Neuroscience,GR,2023,1
Neuroscience,GR,2024,1
Neuroscience,HK,2015,2
Neuroscience,HK,2016,2
Neuroscience,HK,2017,2
Neuroscience,HK,2018,2
Neuroscience,HK,2019,2
Neuroscience,HK,2020,2
Neuroscience,HK,2021,2
Neuroscience,HK,2022,1
Neuroscience,HK,2023,1
Neuroscience,HK,2024,2
Neuroscience,HU,2015,5
Neuroscience,HU,2016,5
Neuroscience,HU,2017,5
Neuroscience,HU,2018,5
Neuroscience,HU,2019,5
Neuroscience,HU,2020,6
Neuroscience,HU,2021,5
Neuroscience,HU,2022,6
Neuroscience,HU,2023,5
Neuroscience,HU,2024,6
Neuroscience,IE,2015,4
Neuroscience,IE,2016,4
Neuroscience,IE,2017,6
Neuroscience,IE,2018,6
Neuroscience,IE,2019,6
Neuroscience,IE,2020,6
Neuroscience,IE,2021,6
Neuroscience,IE,2022,6
Neuroscience,IE,2023,6
Neuroscience,IE,2024,6
Neuroscience,IL,2015,10
Neuroscience,IL,2016,11
Neuroscience,IL,2017,11
Neuroscience,IL,2018,11
Neuroscience,IL,2019,11
Neuroscience,IL,2020,11
Neuroscience,IL,2021,11
Neuroscience,IL,2022,12
Neuroscience,IL,2023,10
Neuroscience,IL,2024,11
Neuroscience,IN,2015,2
Neuroscience,IN,2016,2
Neuroscience,IN,2017,3
Neuroscience,IN,2018,2
Neuroscience,IN,2019,2
Neuroscience,IN,2020,2
Neuroscience,IN,2021,2
Neuroscience,IN,2022,2
Neuroscience,IN,2023,2
Neuroscience,IN,2024,2
Neuroscience,IT,2015,26
Neuroscience,IT,2016,27
Neuroscience,IT,2017,30
Neuroscience,IT,2018,29
Neuroscience,IT,2019,29
Neuroscience,IT,2020,30
Neuroscience,IT,2021,30
Neuroscience,IT,2022,31
Neuroscience,IT,2023,33
Neuroscience,IT,2024,33
Neuroscience,JP,2015,35
Neuroscience,JP,2016,35
Neuroscience,JP,2017,35
Neuroscience,JP,2018,35
Neuroscience,JP,2019,35
Neuroscience,JP,2020,34
Neuroscience,JP,2021,34
Neuroscience,JP,2022,33
Neuroscience,JP,2023,34
Neuroscience,JP,2024,31
Neuroscience,KE,2015,1
Neuroscience,KE,2016,1
Neuroscience,KE,2017,1
Neuroscience,KE,2018,1
Neuroscience,KE,2019,1
Neuroscience,KE,2020,1
Neuroscience,KE,2021,1
Neuroscience,KE,2022,1
Neuroscience,KE,2023,1
Neuroscience,KE,2024,1
Neuroscience,KR,2015,5
Neuroscience,KR,2016,5
Neuroscience,KR,2017,6
Neuroscience,KR,2018,6
Neuroscience,KR,2019,6
Neuroscience,KR,2020,4
Neuroscience,KR,2021,4
Neuroscience,KR,2022,4
Neuroscience,KR,2023,4
Neuroscience,KR,2024,4
Neuroscience,LT,2023,1
Neuroscience,LT,2024,1
Neuroscience,LU,2015,1
Neuroscience,LU,2016,1
Neuroscience,LU,2017,1
Neuroscience,LU,2018,1
Neuroscience,LU,2019,1
Neuroscience,LU,2020,1
Neuroscience,LU,2021,1
Neuroscience,LU,2022,1
Neuroscience,LU,2023,1
Neuroscience,LU,2024,1
Neuroscience,MX,2015,2
Neuroscience,MX,2016,2
Neuroscience,MX,2017,2
Neuroscience,MX,2018,2
Neuroscience,MX,2019,2
Neuroscience,MX,2020,2
Neuroscience,MX,2021,2
Neuroscience,MX,2022,2
Neuroscience,MX,2023,2
Neuroscience,MX,2024,2
Neuroscience,NL,2015,25
Neuroscience,NL,2016,26
Neuroscience,NL,2017,26
Neuroscience,NL,2018,28
Neuroscience,NL,2019,29
Neuroscience,NL,2020,29
Neuroscience,NL,2021,31
Neuroscience,NL,2022,31
Neuroscience,NL,2023,33
Neuroscience,NL,2024,33
Neuroscience,NO,2015,7
Neuroscience,NO,2016,8
Neuroscience,NO,2017,8
Neuroscience,NO,2018,8
Neuroscience,NO,2019,8
Neuroscience,NO,2020,8
Neuroscience,NO,2021,7
Neuroscience,NO,2022,7
Neuroscience,NO,2023,6
Neuroscience,NO,2024,7
Neuroscience,NZ,2015,2
Neuroscience,NZ,2016,2
Neuroscience,NZ,2017,2
Neuroscience,NZ,2018,2
Neuroscience,NZ,2019,2
Neuroscience,NZ,2020,2
Neuroscience,NZ,2021,2
Neuroscience,NZ,2022,2
Neuroscience,NZ,2023,2
Neuroscience,NZ,2024,2
Neuroscience,PL,2015,1
Neuroscience,PL,2016,1
Neuroscience,PL,2017,1
Neuroscience,PL,2018,1
Neuroscience,PL,2019,1
Neuroscience,PL,2020,1
Neuroscience,PL,2021,1
Neuroscience,PL,2022,1
Neuroscience,PL,2024,1
Neuroscience,PR,2015,1
Neuroscience,PR,2016,1
Neuroscience,PR,2017,1
Neuroscience,PR,2018,1
Neuroscience,PR,2019,1
Neuroscience,PR,2020,1
Neuroscience,PR,2021,1
Neuroscience,PR,2022,1
Neuroscience,PR,2023,1
Neuroscience,PR,2024,1
Neuroscience,PT,2021,1
Neuroscience,PT,2022,2
Neuroscience,PT,2023,2
Neuroscience,PT,2024,2
Neuroscience,RU,2015,4
Neuroscience,RU,2016,3
Neuroscience,RU,2017,3
Neuroscience,RU,2018,2
Neuroscience,RU,2019,2
Neuroscience,RU,2020,2
Neuroscience,RU,2021,2
Neuroscience,RU,2022,2
Neuroscience,RU,2023,2
Neuroscience,RU,2024,3
Neuroscience,SA,2015,1
Neuroscience,SA,2016,1
Neuroscience,SA,2017,2
Neuroscience,SA,2018,2
Neuroscience,SA,2019,2
Neuroscience,SA,2020,2
Neuroscience,SA,2021,2
Neuroscience,SA,2022,2
Neuroscience,SA,2023,2
Neuroscience,SA,2024,2
Neuroscience,SE,2015,33
Neuroscience,SE,2016,31
Neuroscience,SE,2017,30
Neuroscience,SE,2018,31
Neuroscience,SE,2019,32
Neuroscience,SE,2020,33
Neuroscience,SE,2021,32
Neuroscience,SE,2022,34
Neuroscience,SE,2023,32
Neuroscience,SE,2024,30
Neuroscience,SG,2019,1
Neuroscience,SG,2020,1
Neuroscience,SG,2021,1
Neuroscience,SG,2022,1
Neuroscience,SG,2023,2
Neuroscience,SG,2024,2
Neuroscience,SK,2015,2
Neuroscience,SK,2016,2
Neuroscience,SK,2017,2
Neuroscience,SK,2018,2
Neuroscience,SK,2019,2
Neuroscience,SK,2020,2
Neuroscience,SK,2021,2
Neuroscience,SK,2022,1
Neuroscience,TH,2015,1
Neuroscience,TH,2016,1
Neuroscience,TH,2017,1
Neuroscience,TH,2018,1
Neuroscience,TH,2019,1
Neuroscience,TH,2020,1
Neuroscience,TH,2021,1
Neuroscience,TH,2022,1
Neuroscience,TH,2023,1
Neuroscience,TH,2024,1
Neuroscience,TW,2017,1
Neuroscience,TW,2018,1
Neuroscience,TW,2019,1
Neuroscience,TW,2020,1
Neuroscience,TW,2021,5
Neuroscience,TW,2022,5
Neuroscience,TW,2023,4
Neuroscience,TW,2024,4
Neuroscience,TZ,2015,1
Neuroscience,TZ,2016,1
Neuroscience,TZ,2017,1
Neuroscience,TZ,2018,1
Neuroscience,TZ,2019,1
Neuroscience,TZ,2020,1
Neuroscience,TZ,2021,1
Neuroscience,TZ,2022,1
Neuroscience,TZ,2023,1
Neuroscience,TZ,2024,1
Neuroscience,UA,2015,1
Neuroscience,UA,2016,1
Neuroscience,UA,2017,1
Neuroscience,UA,2018,1
Neuroscience,UA,2019,1
Neuroscience,US,2015,636
Neuroscience,US,2016,636
Neuroscience,US,2017,634
Neuroscience,US,2018,629
Neuroscience,US,2019,629
Neuroscience,US,2020,621
Neuroscience,US,2021,621
Neuroscience,US,2022,615
Neuroscience,US,2023,613
Neuroscience,US,2024,608
Nursing,AE,2020,1
Nursing,AR,2015,1
Nursing,AR,2016,2
Nursing,AR,2017,3
Nursing,AR,2018,3
Nursing,AR,2019,3
Nursing,AR,2020,4
Nursing,AR,2021,4
Nursing,AR,2022,4
Nursing,AR,2023,5
Nursing,AR,2024,5
Nursing,AT,2015,3
Nursing,AT,2016,4
Nursing,AT,2017,4
Nursing,AT,2018,4
Nursing,AT,2019,4
Nursing,AT,2020,4
Nursing,AT,2021,5
Nursing,AT,2022,5
Nursing,AT,2023,4
Nursing,AT,2024,4
Nursing,AU,2015,50
Nursing,AU,2016,49
Nursing,AU,2017,49
Nursing,AU,2018,48
Nursing,AU,2019,49
Nursing,AU,2020,50
Nursing,AU,2021,53
Nursing,AU,2022,50
Nursing,AU,2023,48
Nursing,AU,2024,49
Nursing,BD,2015,10
Nursing,BD,2016,10
Nursing,BD,2017,10
Nursing,BD,2018,10
Nursing,BD,2019,10
Nursing,BD,2020,12
Nursing,BD,2021,12
Nursing,BD,2022,13
Nursing,BD,2023,13
Nursing,BD,2024,13
Nursing,BE,2015,20
Nursing,BE,2016,20
Nursing,BE,2017,19
Nursing,BE,2018,18
Nursing,BE,2019,18
Nursing,BE,2020,17
Nursing,BE,2021,16
Nursing,BE,2022,16
Nursing,BE,2023,16
Nursing,BE,2024,16
Nursing,BG,2015,3
Nursing,BG,2016,3
Nursing,BG,2017,3
Nursing,BG,2018,3
Nursing,BG,2019,3
Nursing,BG,2020,3
Nursing,BG,2021,3
Nursing,BG,2022,3
Nursing,BG,2023,3
Nursing,BG,2024,3
Nursing,BO,2015,1
Nursing,BO,2016,1
Nursing,BO,2017,1
Nursing,BO,2018,1
Nursing,BO,2019,1
Nursing,BO,2020,1
Nursing,BO,2021,1
Nursing,BO,2022,1
Nursing,BR,2015,1
Nursing,BR,2016,1
Nursing,BR,2017,3
Nursing,BR,2018,4
Nursing,BR,2019,4
Nursing,BR,2020,3
Nursing,BR,2021,3
Nursing,BR,2022,3
Nursing,BR,2023,4
Nursing,BR,2024,3
Nursing,CA,2015,66
Nursing,CA,2016,66
Nursing,CA,2017,64
Nursing,CA,2018,66
Nursing,CA,2019,68
Nursing,CA,2020,70
Nursing,CA,2021,72
Nursing,CA,2022,69
Nursing,CA,2023,69
Nursing,CA,2024,70
Nursing,CH,2015,27
Nursing,CH,2016,28
Nursing,CH,2017,28
Nursing,CH,2018,29
Nursing,CH,2019,30
Nursing,CH,2020,29
Nursing,CH,2021,31
Nursing,CH,2022,30
Nursing,CH,2023,29
Nursing,CH,2024,27
Nursing,CL,2015,3
Nursing,CL,2016,3
Nursing,CL,2017,4
Nursing,CL,2018,4
Nursing,CL,2019,4
Nursing,CL,2020,4
Nursing,CL,2021,4
Nursing,CL,2022,4
Nursing,CL,2023,4
Nursing,CL,2024,3
Nursing,CM,2015,1
Nursing,CM,2016,1
Nursing,CM,2017,1
Nursing,CM,2018,1
Nursing,CM,2019,1
Nursing,CN,2015,13
Nursing,CN,2016,15
Nursing,CN,2017,21
Nursing,CN,2018,23
Nursing,CN,2019,28
Nursing,CN,2020,42
Nursing,CN,2021,48
Nursing,CN,2022,57
Nursing,CN,2023,71
Nursing,CN,2024,88
Nursing,CNX,2015,14
Nursing,CNX,2016,15
Nursing,CNX,2017,21
Nursing,CNX,2018,24
Nursing,CNX,2019,29
Nursing,CNX,2020,43
Nursing,CNX,2021,49
Nursing,CNX,2022,59
Nursing,CNX,2023,73
Nursing,CNX,2024,90
Nursing,CR,2015,1
Nursing,CR,2016,1
Nursing,CR,2017,1
Nursing,CR,2018,1
Nursing,CR,2019,1
Nursing,CR,2020,1
Nursing,CR,2021,1
Nursing,CR,2022,1
Nursing,CR,2023,1
Nursing,CR,2024,1
Nursing,DE,2015,46
Nursing,DE,2016,47
Nursing,DE,2017,48
Nursing,DE,2018,50
Nursing,DE,2019,49
Nursing,DE,2020,49
Nursing,DE,2021,52
Nursing,DE,2022,50
Nursing,DE,2023,51
Nursing,DE,2024,49
Nursing,DK,2015,20
Nursing,DK,2016,21
Nursing,DK,2017,22
Nursing,DK,2018,22
Nursing,DK,2019,22
Nursing,DK,2020,21
Nursing,DK,2021,21
Nursing,DK,2022,20
Nursing,DK,2023,20
Nursing,DK,2024,19
Nursing,EC,2023,1
Nursing,EC,2024,1
Nursing,EG,2023,1
Nursing,EG,2024,2
Nursing,ES,2015,21
Nursing,ES,2016,22
Nursing,ES,2017,23
Nursing,ES,2018,24
Nursing,ES,2019,25
Nursing,ES,2020,27
Nursing,ES,2021,28
Nursing,ES,2022,30
Nursing,ES,2023,30
Nursing,ES,2024,30
Nursing,ET,2015,2
Nursing,ET,2016,2
Nursing,ET,2017,2
Nursing,ET,2018,2
Nursing,ET,2019,2
Nursing,ET,2020,2
Nursing,ET,2021,2
Nursing,ET,2022,3
Nursing,ET,2023,2
Nursing,ET,2024,2
Nursing,FI,2015,20
Nursing,FI,2016,21
Nursing,FI,2017,20
Nursing,FI,2018,19
Nursing,FI,2019,19
Nursing,FI,2020,19
Nursing,FI,2021,19
Nursing,FI,2022,19
Nursing,FI,2023,18
Nursing,FI,2024,17
Nursing,FR,2015,56
Nursing,FR,2016,54
Nursing,FR,2017,51
Nursing,FR,2018,52
Nursing,FR,2019,53
Nursing,FR,2020,52
Nursing,FR,2021,50
Nursing,FR,2022,51
Nursing,FR,2023,48
Nursing,FR,2024,46
Nursing,GB,2015,125
Nursing,GB,2016,126
Nursing,GB,2017,124
Nursing,GB,2018,126
Nursing,GB,2019,126
Nursing,GB,2020,125
Nursing,GB,2021,118
Nursing,GB,2022,118
Nursing,GB,2023,114
Nursing,GB,2024,110
Nursing,GH,2016,1
Nursing,GH,2017,1
Nursing,GH,2018,1
Nursing,GH,2019,1
Nursing,GH,2020,1
Nursing,GH,2021,1
Nursing,GH,2022,1
Nursing,GH,2023,1
Nursing,GH,2024,1
Nursing,GM,2015,2
Nursing,GM,2016,2
Nursing,GM,2017,2
Nursing,GM,2018,2
Nursing,GM,2019,2
Nursing,GM,2020,3
Nursing,GM,2021,3
Nursing,GM,2022,3
Nursing,GM,2023,3
Nursing,GM,2024,3
Nursing,GR,2015,1
Nursing,GR,2016,1
Nursing,GR,2017,1
Nursing,GR,2018,1
Nursing,GR,2019,1
Nursing,GR,2020,1
Nursing,GR,2021,2
Nursing,GR,2022,2
Nursing,GR,2023,2
Nursing,GR,2024,2
Nursing,GT,2015,7
Nursing,GT,2016,7
Nursing,GT,2017,7
Nursing,GT,2018,7
Nursing,GT,2019,7
Nursing,GT,2020,6
Nursing,GT,2021,5
Nursing,GT,2022,5
Nursing,GT,2023,5
Nursing,GT,2024,5
Nursing,HK,2015,2
Nursing,HK,2016,2
Nursing,HK,2017,3
Nursing,HK,2018,2
Nursing,HK,2019,1
Nursing,HK,2020,1
Nursing,HK,2021,1
Nursing,HK,2022,2
Nursing,HK,2023,2
Nursing,HK,2024,2
Nursing,HU,2015,1
Nursing,HU,2016,1
Nursing,HU,2017,1
Nursing,HU,2018,1
Nursing,HU,2019,1
Nursing,HU,2020,2
Nursing,HU,2021,2
Nursing,HU,2022,1
Nursing,HU,2023,3
Nursing,HU,2024,3
Nursing,ID,2015,1
Nursing,ID,2016,1
Nursing,ID,2017,1
Nursing,ID,2018,1
Nursing,ID,2019,1
Nursing,ID,2020,1
Nursing,ID,2021,1
Nursing,ID,2022,1
Nursing,ID,2023,1
Nursing,ID,2024,1
Nursing,IE,2015,4
Nursing,IE,2016,4
Nursing,IE,2017,4
Nursing,IE,2018,5
Nursing,IE,2019,6
Nursing,IE,2020,6
Nursing,IE,2021,8
Nursing,IE,2022,8
Nursing,IE,2023,8
Nursing,IE,2024,8
Nursing,IL,2015,4
Nursing,IL,2016,3
Nursing,IL,2017,3
Nursing,IL,2018,3
Nursing,IL,2019,3
Nursing,IL,2020,3
Nursing,IL,2021,4
Nursing,IL,2022,4
Nursing,IL,2023,4
Nursing,IL,2024,4
Nursing,IN,2015,23
Nursing,IN,2016,23
Nursing,IN,2017,21
Nursing,IN,2018,20
Nursing,IN,2019,19
Nursing,IN,2020,23
Nursing,IN,2021,25
Nursing,IN,2022,26
Nursing,IN,2023,25
Nursing,IN,2024,26
Nursing,IR,2023,1
Nursing,IR,2024,1
Nursing,IT,2015,33
Nursing,IT,2016,34
Nursing,IT,2017,34
Nursing,IT,2018,35
Nursing,IT,2019,36
Nursing,IT,2020,36
Nursing,IT,2021,38
Nursing,IT,2022,38
Nursing,IT,2023,41
Nursing,IT,2024,43
Nursing,JM,2015,6
Nursing,JM,2016,6
Nursing,JM,2017,6
Nursing,JM,2018,6
Nursing,JM,2019,7
Nursing,JM,2020,7
Nursing,JM,2021,6
Nursing,JM,2022,6
Nursing,JM,2023,6
Nursing,JM,2024,6
Nursing,JP,2015,61
Nursing,JP,2016,58
Nursing,JP,2017,57
Nursing,JP,2018,54
Nursing,JP,2019,52
Nursing,JP,2020,52
Nursing,JP,2021,50
Nursing,JP,2022,49
Nursing,JP,2023,45
Nursing,JP,2024,42
Nursing,KE,2015,2
Nursing,KE,2016,2
Nursing,KE,2017,2
Nursing,KE,2018,2
Nursing,KE,2019,2
Nursing,KE,2020,2
Nursing,KE,2021,2
Nursing,KE,2022,2
Nursing,KE,2023,2
Nursing,KE,2024,3
Nursing,KH,2015,1
Nursing,KR,2015,6
Nursing,KR,2016,8
Nursing,KR,2017,8
Nursing,KR,2018,9
Nursing,KR,2019,9
Nursing,KR,2020,11
Nursing,KR,2021,9
Nursing,KR,2022,9
Nursing,KR,2023,9
Nursing,KR,2024,8
Nursing,KW,2020,1
Nursing,KW,2021,1
Nursing,KW,2022,1
Nursing,KW,2023,1
Nursing,LA,2015,1
Nursing,LB,2015,1
Nursing,LB,2016,1
Nursing,LB,2017,1
Nursing,LB,2018,1
Nursing,LK,2024,1
Nursing,LT,2020,1
Nursing,LT,2021,1
Nursing,LT,2022,1
Nursing,LT,2023,1
Nursing,LT,2024,1
Nursing,MA,2015,15
Nursing,MA,2016,14
Nursing,MA,2017,14
Nursing,MA,2018,14
Nursing,MA,2019,14
Nursing,MA,2020,14
Nursing,MA,2021,14
Nursing,MA,2022,13
Nursing,MA,2023,12
Nursing,MA,2024,12
Nursing,MK,2015,1
Nursing,MK,2016,1
Nursing,MK,2017,1
Nursing,MK,2018,1
Nursing,MW,2015,1
Nursing,MW,2016,2
Nursing,MW,2017,2
Nursing,MW,2018,2
Nursing,MW,2019,3
Nursing,MW,2020,3
Nursing,MW,2021,3
Nursing,MW,2022,3
Nursing,MW,2023,3
Nursing,MW,2024,5
Nursing,MX,2015,6
Nursing,MX,2016,6
Nursing,MX,2017,8
Nursing,MX,2018,7
Nursing,MX,2019,7
Nursing,MX,2020,7
Nursing,MX,2021,9
Nursing,MX,2022,9
Nursing,MX,2023,11
Nursing,MX,2024,11
Nursing,MY,2015,1
Nursing,MY,2016,1
Nursing,MY,2017,1
Nursing,MY,2018,1
Nursing,MY,2019,1
Nursing,MY,2020,2
Nursing,MY,2021,3
Nursing,MY,2022,3
Nursing,MY,2023,3
Nursing,MY,2024,3
Nursing,NL,2015,20
Nursing,NL,2016,20
Nursing,NL,2017,19
Nursing,NL,2018,19
Nursing,NL,2019,19
Nursing,NL,2020,20
Nursing,NL,2021,21
Nursing,NL,2022,21
Nursing,NL,2023,20
Nursing,NL,2024,21
Nursing,NO,2015,5
Nursing,NO,2016,5
Nursing,NO,2017,5
Nursing,NO,2018,6
Nursing,NO,2019,8
Nursing,NO,2020,8
Nursing,NO,2021,8
Nursing,NO,2022,8
Nursing,NO,2023,8
Nursing,NO,2024,8
Nursing,NP,2015,1
Nursing,NP,2016,1
Nursing,NP,2017,1
Nursing,NP,2018,1
Nursing,NP,2019,1
Nursing,NP,2020,1
Nursing,NP,2021,1
Nursing,NP,2022,1
Nursing,NP,2023,1
Nursing,NP,2024,1
Nursing,NZ,2015,15
Nursing,NZ,2016,15
Nursing,NZ,2017,15
Nursing,NZ,2018,15
Nursing,NZ,2019,13
Nursing,NZ,2020,12
Nursing,NZ,2021,13
Nursing,NZ,2022,13
Nursing,NZ,2023,13
Nursing,NZ,2024,14
Nursing,PE,2015,3
Nursing,PE,2016,3
Nursing,PE,2017,3
Nursing,PE,2018,3
Nursing,PE,2019,3
Nursing,PE,2020,2
Nursing,PE,2021,2
Nursing,PE,2022,2
Nursing,PE,2023,2
Nursing,PE,2024,2
Nursing,PH,2015,1
Nursing,PH,2016,1
Nursing,PH,2017,1
Nursing,PH,2018,1
Nursing,PH,2019,1
Nursing,PH,2020,1
Nursing,PH,2021,1
Nursing,PH,2022,1
Nursing,PH,2023,1
Nursing,PH,2024,1
Nursing,PK,2015,2
Nursing,PK,2016,3
Nursing,PK,2017,5
Nursing,PK,2018,7
Nursing,PK,2019,7
Nursing,PK,2020,7
Nursing,PK,2021,9
Nursing,PK,2022,11
Nursing,PK,2023,11
Nursing,PK,2024,12
Nursing,PL,2015,6
Nursing,PL,2016,6
Nursing,PL,2017,6
Nursing,PL,2018,6
Nursing,PL,2019,6
Nursing,PL,2020,7
Nursing,PL,2021,8
Nursing,PL,2022,10
Nursing,PL,2023,10
Nursing,PL,2024,11
Nursing,PT,2015,1
Nursing,PT,2016,1
Nursing,PT,2017,1
Nursing,PT,2018,1
Nursing,PT,2019,1
Nursing,PT,2020,1
Nursing,PT,2021,2
Nursing,PT,2022,2
Nursing,PT,2023,3
Nursing,PT,2024,3
Nursing,QA,2018,1
Nursing,QA,2019,1
Nursing,QA,2020,1
Nursing,QA,2021,1
Nursing,QA,2022,1
Nursing,QA,2023,1
Nursing,QA,2024,1
Nursing,RU,2015,8
Nursing,RU,2016,8
Nursing,RU,2017,8
Nursing,RU,2018,8
Nursing,RU,2019,8
Nursing,RU,2020,9
Nursing,RU,2021,8
Nursing,RU,2022,9
Nursing,RU,2023,8
Nursing,RU,2024,8
Nursing,SA,2021,1
Nursing,SA,2022,1
Nursing,SA,2023,1
Nursing,SA,2024,2
Nursing,SE,2015,27
Nursing,SE,2016,27
Nursing,SE,2017,27
Nursing,SE,2018,25
Nursing,SE,2019,25
Nursing,SE,2020,23
Nursing,SE,2021,22
Nursing,SE,2022,21
Nursing,SE,2023,18
Nursing,SE,2024,18
Nursing,SG,2015,1
Nursing,SG,2016,1
Nursing,SG,2017,1
Nursing,SG,2018,1
Nursing,SG,2019,2
Nursing,SG,2020,2
Nursing,SG,2021,2
Nursing,SG,2022,2
Nursing,SG,2023,2
Nursing,SG,2024,2
Nursing,SI,2015,1
Nursing,SI,2016,1
Nursing,SI,2017,1
Nursing,SI,2018,1
Nursing,SI,2019,1
Nursing,SI,2020,1
Nursing,SI,2021,1
Nursing,SI,2022,1
Nursing,SI,2023,1
Nursing,SI,2024,1
Nursing,SK,2015,4
Nursing,SK,2016,3
Nursing,SK,2017,3
Nursing,SK,2018,3
Nursing,SK,2019,3
Nursing,SK,2020,3
Nursing,SK,2021,2
Nursing,SK,2022,2
Nursing,SK,2023,1
Nursing,SK,2024,1
Nursing,SN,2015,1
Nursing,SN,2016,1
Nursing,SN,2017,1
Nursing,SN,2018,1
Nursing,SN,2019,1
Nursing,SN,2020,1
Nursing,SN,2021,1
Nursing,SN,2022,1
Nursing,TH,2015,1
Nursing,TH,2016,1
Nursing,TH,2017,1
Nursing,TH,2018,1
Nursing,TH,2019,1
Nursing,TH,2020,1
Nursing,TH,2021,2
Nursing,TH,2022,1
Nursing,TN,2023,1
Nursing,TR,2016,1
Nursing,TR,2017,1
Nursing,TR,2018,1
Nursing,TR,2019,1
Nursing,TR,2020,2
Nursing,TR,2021,3
Nursing,TR,2022,2
Nursing,TR,2023,3
Nursing,TR,2024,3
Nursing,TT,2015,1
Nursing,TT,2016,1
Nursing,TT,2017,1
Nursing,TT,2018,1
Nursing,TT,2019,1
Nursing,TT,2020,1
Nursing,TW,2018,1
Nursing,TW,2019,1
Nursing,TW,2020,1
Nursing,TW,2021,1
Nursing,TW,2022,3
Nursing,TW,2023,3
Nursing,TW,2024,4
Nursing,UG,2015,1
Nursing,UG,2016,1
Nursing,UG,2017,1
Nursing,UG,2018,1
Nursing,UG,2019,1
Nursing,US,2015,504
Nursing,US,2016,501
Nursing,US,2017,500
Nursing,US,2018,496
Nursing,US,2019,493
Nursing,US,2020,477
Nursing,US,2021,464
Nursing,US,2022,452
Nursing,US,2023,439
Nursing,US,2024,429
Nursing,VE,2015,2
Nursing,VE,2016,2
Nursing,VE,2017,2
Nursing,VE,2018,2
Nursing,VE,2019,2
Nursing,VE,2020,2
Nursing,VE,2021,2
Nursing,VE,2022,2
Nursing,VE,2023,2
Nursing,VE,2024,2
Nursing,VN,2015,1
Nursing,VN,2016,1
Nursing,VN,2017,1
Nursing,VN,2018,1
Nursing,VN,2019,1
Nursing,VN,2020,1
Nursing,VN,2021,2
Nursing,VN,2022,2
Nursing,VN,2023,2
Nursing,VN,2024,2
Nursing,ZA,2015,7
Nursing,ZA,2016,7
Nursing,ZA,2017,6
Nursing,ZA,2018,6
Nursing,ZA,2019,6
Nursing,ZA,2020,7
Nursing,ZA,2021,8
Nursing,ZA,2022,8
Nursing,ZA,2023,7
Nursing,ZA,2024,7
Nursing,ZW,2015,1
Nursing,ZW,2016,1
Nursing,ZW,2017,2
Nursing,ZW,2018,2
Nursing,ZW,2019,2
Nursing,ZW,2020,2
Nursing,ZW,2021,2
Nursing,ZW,2022,2
Nursing,ZW,2023,2
Nursing,ZW,2024,2
"Pharmacology, Toxicology and Pharmaceutics",AE,2015,1
"Pharmacology, Toxicology and Pharmaceutics",AE,2016,1
"Pharmacology, Toxicology and Pharmaceutics",AE,2017,1
"Pharmacology, Toxicology and Pharmaceutics",AE,2018,1
"Pharmacology, Toxicology and Pharmaceutics",AE,2019,1
"Pharmacology, Toxicology and Pharmaceutics",AE,2020,1
"Pharmacology, Toxicology and Pharmaceutics",AE,2021,1
"Pharmacology, Toxicology and Pharmaceutics",AE,2022,3
"Pharmacology, Toxicology and Pharmaceutics",AE,2023,3
"Pharmacology, Toxicology and Pharmaceutics",AE,2024,4
"Pharmacology, Toxicology and Pharmaceutics",AR,2015,1
"Pharmacology, Toxicology and Pharmaceutics",AR,2016,1
"Pharmacology, Toxicology and Pharmaceutics",AR,2017,1
"Pharmacology, Toxicology and Pharmaceutics",AR,2018,1
"Pharmacology, Toxicology and Pharmaceutics",AR,2019,1
"Pharmacology, Toxicology and Pharmaceutics",AR,2020,1
"Pharmacology, Toxicology and Pharmaceutics",AR,2021,1
"Pharmacology, Toxicology and Pharmaceutics",AR,2022,2
"Pharmacology, Toxicology and Pharmaceutics",AR,2023,2
"Pharmacology, Toxicology and Pharmaceutics",AR,2024,2
"Pharmacology, Toxicology and Pharmaceutics",AT,2015,4
"Pharmacology, Toxicology and Pharmaceutics",AT,2016,3
"Pharmacology, Toxicology and Pharmaceutics",AT,2017,3
"Pharmacology, Toxicology and Pharmaceutics",AT,2018,3
"Pharmacology, Toxicology and Pharmaceutics",AT,2019,3
"Pharmacology, Toxicology and Pharmaceutics",AT,2020,3
"Pharmacology, Toxicology and Pharmaceutics",AT,2021,2
"Pharmacology, Toxicology and Pharmaceutics",AT,2022,2
"Pharmacology, Toxicology and Pharmaceutics",AT,2023,2
"Pharmacology, Toxicology and Pharmaceutics",AT,2024,2
"Pharmacology, Toxicology and Pharmaceutics",AU,2015,25
"Pharmacology, Toxicology and Pharmaceutics",AU,2016,24
"Pharmacology, Toxicology and Pharmaceutics",AU,2017,26
"Pharmacology, Toxicology and Pharmaceutics",AU,2018,26
"Pharmacology, Toxicology and Pharmaceutics",AU,2019,25
"Pharmacology, Toxicology and Pharmaceutics",AU,2020,25
"Pharmacology, Toxicology and Pharmaceutics",AU,2021,26
"Pharmacology, Toxicology and Pharmaceutics",AU,2022,25
"Pharmacology, Toxicology and Pharmaceutics",AU,2023,26
"Pharmacology, Toxicology and Pharmaceutics",AU,2024,25
"Pharmacology, Toxicology and Pharmaceutics",BE,2015,19
"Pharmacology, Toxicology and Pharmaceutics",BE,2016,20
"Pharmacology, Toxicology and Pharmaceutics",BE,2017,21
"Pharmacology, Toxicology and Pharmaceutics",BE,2018,22
"Pharmacology, Toxicology and Pharmaceutics",BE,2019,24
"Pharmacology, Toxicology and Pharmaceutics",BE,2020,24
"Pharmacology, Toxicology and Pharmaceutics",BE,2021,20
"Pharmacology, Toxicology and Pharmaceutics",BE,2022,19
"Pharmacology, Toxicology and Pharmaceutics",BE,2023,19
"Pharmacology, Toxicology and Pharmaceutics",BE,2024,19
"Pharmacology, Toxicology and Pharmaceutics",BG,2015,1
"Pharmacology, Toxicology and Pharmaceutics",BG,2016,1
"Pharmacology, Toxicology and Pharmaceutics",BG,2017,1
"Pharmacology, Toxicology and Pharmaceutics",BG,2018,1
"Pharmacology, Toxicology and Pharmaceutics",BG,2019,1
"Pharmacology, Toxicology and Pharmaceutics",BG,2020,1
"Pharmacology, Toxicology and Pharmaceutics",BG,2021,1
"Pharmacology, Toxicology and Pharmaceutics",BG,2022,1
"Pharmacology, Toxicology and Pharmaceutics",BG,2023,1
"Pharmacology, Toxicology and Pharmaceutics",BG,2024,1
"Pharmacology, Toxicology and Pharmaceutics",BR,2015,10
"Pharmacology, Toxicology and Pharmaceutics",BR,2016,11
"Pharmacology, Toxicology and Pharmaceutics",BR,2017,11
"Pharmacology, Toxicology and Pharmaceutics",BR,2018,11
"Pharmacology, Toxicology and Pharmaceutics",BR,2019,13
"Pharmacology, Toxicology and Pharmaceutics",BR,2020,15
"Pharmacology, Toxicology and Pharmaceutics",BR,2021,16
"Pharmacology, Toxicology and Pharmaceutics",BR,2022,20
"Pharmacology, Toxicology and Pharmaceutics",BR,2023,20
"Pharmacology, Toxicology and Pharmaceutics",BR,2024,20
"Pharmacology, Toxicology and Pharmaceutics",CA,2015,33
"Pharmacology, Toxicology and Pharmaceutics",CA,2016,30
"Pharmacology, Toxicology and Pharmaceutics",CA,2017,28
"Pharmacology, Toxicology and Pharmaceutics",CA,2018,28
"Pharmacology, Toxicology and Pharmaceutics",CA,2019,27
"Pharmacology, Toxicology and Pharmaceutics",CA,2020,27
"Pharmacology, Toxicology and Pharmaceutics",CA,2021,24
"Pharmacology, Toxicology and Pharmaceutics",CA,2022,23
"Pharmacology, Toxicology and Pharmaceutics",CA,2023,22
"Pharmacology, Toxicology and Pharmaceutics",CA,2024,20
"Pharmacology, Toxicology and Pharmaceutics",CH,2015,35
"Pharmacology, Toxicology and Pharmaceutics",CH,2016,35
"Pharmacology, Toxicology and Pharmaceutics",CH,2017,34
"Pharmacology, Toxicology and Pharmaceutics",CH,2018,32
"Pharmacology, Toxicology and Pharmaceutics",CH,2019,30
"Pharmacology, Toxicology and Pharmaceutics",CH,2020,28
"Pharmacology, Toxicology and Pharmaceutics",CH,2021,29
"Pharmacology, Toxicology and Pharmaceutics",CH,2022,28
"Pharmacology, Toxicology and Pharmaceutics",CH,2023,24
"Pharmacology, Toxicology and Pharmaceutics",CH,2024,22
"Pharmacology, Toxicology and Pharmaceutics",CL,2015,1
"Pharmacology, Toxicology and Pharmaceutics",CL,2016,1
"Pharmacology, Toxicology and Pharmaceutics",CL,2017,1
"Pharmacology, Toxicology and Pharmaceutics",CL,2018,1
"Pharmacology, Toxicology and Pharmaceutics",CL,2019,1
"Pharmacology, Toxicology and Pharmaceutics",CL,2020,1
"Pharmacology, Toxicology and Pharmaceutics",CL,2021,1
"Pharmacology, Toxicology and Pharmaceutics",CL,2022,1
"Pharmacology, Toxicology and Pharmaceutics",CL,2023,1
"Pharmacology, Toxicology and Pharmaceutics",CL,2024,1
"Pharmacology, Toxicology and Pharmaceutics",CN,2015,26
"Pharmacology, Toxicology and Pharmaceutics",CN,2016,32
"Pharmacology, Toxicology and Pharmaceutics",CN,2017,35
"Pharmacology, Toxicology and Pharmaceutics",CN,2018,41
"Pharmacology, Toxicology and Pharmaceutics",CN,2019,47
"Pharmacology, Toxicology and Pharmaceutics",CN,2020,53
"Pharmacology, Toxicology and Pharmaceutics",CN,2021,56
"Pharmacology, Toxicology and Pharmaceutics",CN,2022,64
"Pharmacology, Toxicology and Pharmaceutics",CN,2023,74
"Pharmacology, Toxicology and Pharmaceutics",CN,2024,84
"Pharmacology, Toxicology and Pharmaceutics",CNX,2015,36
"Pharmacology, Toxicology and Pharmaceutics",CNX,2016,42
"Pharmacology, Toxicology and Pharmaceutics",CNX,2017,47
"Pharmacology, Toxicology and Pharmaceutics",CNX,2018,54
"Pharmacology, Toxicology and Pharmaceutics",CNX,2019,62
"Pharmacology, Toxicology and Pharmaceutics",CNX,2020,68
"Pharmacology, Toxicology and Pharmaceutics",CNX,2021,72
"Pharmacology, Toxicology and Pharmaceutics",CNX,2022,80
"Pharmacology, Toxicology and Pharmaceutics",CNX,2023,90
"Pharmacology, Toxicology and Pharmaceutics",CNX,2024,100
"Pharmacology, Toxicology and Pharmaceutics",CZ,2015,8
"Pharmacology, Toxicology and Pharmaceutics",CZ,2016,10
"Pharmacology, Toxicology and Pharmaceutics",CZ,2017,10
"Pharmacology, Toxicology and Pharmaceutics",CZ,2018,10
"Pharmacology, Toxicology and Pharmaceutics",CZ,2019,10
"Pharmacology, Toxicology and Pharmaceutics",CZ,2020,10
"Pharmacology, Toxicology and Pharmaceutics",CZ,2021,8
"Pharmacology, Toxicology and Pharmaceutics",CZ,2022,7
"Pharmacology, Toxicology and Pharmaceutics",CZ,2023,8
"Pharmacology, Toxicology and Pharmaceutics",CZ,2024,8
"Pharmacology, Toxicology and Pharmaceutics",DE,2015,66
"Pharmacology, Toxicology and Pharmaceutics",DE,2016,65
"Pharmacology, Toxicology and Pharmaceutics",DE,2017,64
"Pharmacology, Toxicology and Pharmaceutics",DE,2018,63
"Pharmacology, Toxicology and Pharmaceutics",DE,2019,62
"Pharmacology, Toxicology and Pharmaceutics",DE,2020,58
"Pharmacology, Toxicology and Pharmaceutics",DE,2021,56
"Pharmacology, Toxicology and Pharmaceutics",DE,2022,57
"Pharmacology, Toxicology and Pharmaceutics",DE,2023,57
"Pharmacology, Toxicology and Pharmaceutics",DE,2024,55
"Pharmacology, Toxicology and Pharmaceutics",DK,2015,11
"Pharmacology, Toxicology and Pharmaceutics",DK,2016,11
"Pharmacology, Toxicology and Pharmaceutics",DK,2017,11
"Pharmacology, Toxicology and Pharmaceutics",DK,2018,11
"Pharmacology, Toxicology and Pharmaceutics",DK,2019,11
"Pharmacology, Toxicology and Pharmaceutics",DK,2020,13
"Pharmacology, Toxicology and Pharmaceutics",DK,2021,15
"Pharmacology, Toxicology and Pharmaceutics",DK,2022,15
"Pharmacology, Toxicology and Pharmaceutics",DK,2023,15
"Pharmacology, Toxicology and Pharmaceutics",DK,2024,14
"Pharmacology, Toxicology and Pharmaceutics",EG,2021,1
"Pharmacology, Toxicology and Pharmaceutics",EG,2022,2
"Pharmacology, Toxicology and Pharmaceutics",EG,2023,2
"Pharmacology, Toxicology and Pharmaceutics",EG,2024,3
"Pharmacology, Toxicology and Pharmaceutics",ES,2015,22
"Pharmacology, Toxicology and Pharmaceutics",ES,2016,25
"Pharmacology, Toxicology and Pharmaceutics",ES,2017,25
"Pharmacology, Toxicology and Pharmaceutics",ES,2018,25
"Pharmacology, Toxicology and Pharmaceutics",ES,2019,25
"Pharmacology, Toxicology and Pharmaceutics",ES,2020,26
"Pharmacology, Toxicology and Pharmaceutics",ES,2021,26
"Pharmacology, Toxicology and Pharmaceutics",ES,2022,25
"Pharmacology, Toxicology and Pharmaceutics",ES,2023,24
"Pharmacology, Toxicology and Pharmaceutics",ES,2024,24
"Pharmacology, Toxicology and Pharmaceutics",ET,2020,1
"Pharmacology, Toxicology and Pharmaceutics",ET,2021,1
"Pharmacology, Toxicology and Pharmaceutics",ET,2022,1
"Pharmacology, Toxicology and Pharmaceutics",ET,2023,1
"Pharmacology, Toxicology and Pharmaceutics",ET,2024,1
"Pharmacology, Toxicology and Pharmaceutics",FI,2015,16
"Pharmacology, Toxicology and Pharmaceutics",FI,2016,16
"Pharmacology, Toxicology and Pharmaceutics",FI,2017,16
"Pharmacology, Toxicology and Pharmaceutics",FI,2018,15
"Pharmacology, Toxicology and Pharmaceutics",FI,2019,15
"Pharmacology, Toxicology and Pharmaceutics",FI,2020,15
"Pharmacology, Toxicology and Pharmaceutics",FI,2021,13
"Pharmacology, Toxicology and Pharmaceutics",FI,2022,11
"Pharmacology, Toxicology and Pharmaceutics",FI,2023,11
"Pharmacology, Toxicology and Pharmaceutics",FI,2024,11
"Pharmacology, Toxicology and Pharmaceutics",FR,2015,59
"Pharmacology, Toxicology and Pharmaceutics",FR,2016,57
"Pharmacology, Toxicology and Pharmaceutics",FR,2017,59
"Pharmacology, Toxicology and Pharmaceutics",FR,2018,57
"Pharmacology, Toxicology and Pharmaceutics",FR,2019,57
"Pharmacology, Toxicology and Pharmaceutics",FR,2020,57
"Pharmacology, Toxicology and Pharmaceutics",FR,2021,54
"Pharmacology, Toxicology and Pharmaceutics",FR,2022,52
"Pharmacology, Toxicology and Pharmaceutics",FR,2023,49
"Pharmacology, Toxicology and Pharmaceutics",FR,2024,47
"Pharmacology, Toxicology and Pharmaceutics",GB,2015,144
"Pharmacology, Toxicology and Pharmaceutics",GB,2016,143
"Pharmacology, Toxicology and Pharmaceutics",GB,2017,139
"Pharmacology, Toxicology and Pharmaceutics",GB,2018,138
"Pharmacology, Toxicology and Pharmaceutics",GB,2019,137
"Pharmacology, Toxicology and Pharmaceutics",GB,2020,131
"Pharmacology, Toxicology and Pharmaceutics",GB,2021,124
"Pharmacology, Toxicology and Pharmaceutics",GB,2022,124
"Pharmacology, Toxicology and Pharmaceutics",GB,2023,119
"Pharmacology, Toxicology and Pharmaceutics",GB,2024,116
"Pharmacology, Toxicology and Pharmaceutics",GR,2015,5
"Pharmacology, Toxicology and Pharmaceutics",GR,2016,5
"Pharmacology, Toxicology and Pharmaceutics",GR,2017,6
"Pharmacology, Toxicology and Pharmaceutics",GR,2018,7
"Pharmacology, Toxicology and Pharmaceutics",GR,2019,7
"Pharmacology, Toxicology and Pharmaceutics",GR,2020,7
"Pharmacology, Toxicology and Pharmaceutics",GR,2021,6
"Pharmacology, Toxicology and Pharmaceutics",GR,2022,7
"Pharmacology, Toxicology and Pharmaceutics",GR,2023,8
"Pharmacology, Toxicology and Pharmaceutics",GR,2024,8
"Pharmacology, Toxicology and Pharmaceutics",HK,2015,1
"Pharmacology, Toxicology and Pharmaceutics",HK,2016,1
"Pharmacology, Toxicology and Pharmaceutics",HK,2017,2
"Pharmacology, Toxicology and Pharmaceutics",HK,2018,2
"Pharmacology, Toxicology and Pharmaceutics",HK,2019,3
"Pharmacology, Toxicology and Pharmaceutics",HK,2020,5
"Pharmacology, Toxicology and Pharmaceutics",HK,2021,5
"Pharmacology, Toxicology and Pharmaceutics",HK,2022,5
"Pharmacology, Toxicology and Pharmaceutics",HK,2023,5
"Pharmacology, Toxicology and Pharmaceutics",HK,2024,5
"Pharmacology, Toxicology and Pharmaceutics",HR,2015,1
"Pharmacology, Toxicology and Pharmaceutics",HR,2016,1
"Pharmacology, Toxicology and Pharmaceutics",HR,2017,1
"Pharmacology, Toxicology and Pharmaceutics",HR,2018,1
"Pharmacology, Toxicology and Pharmaceutics",HR,2019,1
"Pharmacology, Toxicology and Pharmaceutics",HR,2020,2
"Pharmacology, Toxicology and Pharmaceutics",HU,2015,2
"Pharmacology, Toxicology and Pharmaceutics",HU,2016,2
"Pharmacology, Toxicology and Pharmaceutics",HU,2017,1
"Pharmacology, Toxicology and Pharmaceutics",HU,2018,1
"Pharmacology, Toxicology and Pharmaceutics",HU,2019,1
"Pharmacology, Toxicology and Pharmaceutics",HU,2020,1
"Pharmacology, Toxicology and Pharmaceutics",HU,2021,2
"Pharmacology, Toxicology and Pharmaceutics",HU,2022,2
"Pharmacology, Toxicology and Pharmaceutics",HU,2023,2
"Pharmacology, Toxicology and Pharmaceutics",HU,2024,2
"Pharmacology, Toxicology and Pharmaceutics",IE,2015,3
"Pharmacology, Toxicology and Pharmaceutics",IE,2016,3
"Pharmacology, Toxicology and Pharmaceutics",IE,2017,2
"Pharmacology, Toxicology and Pharmaceutics",IE,2018,3
"Pharmacology, Toxicology and Pharmaceutics",IE,2019,3
"Pharmacology, Toxicology and Pharmaceutics",IE,2020,4
"Pharmacology, Toxicology and Pharmaceutics",IE,2021,5
"Pharmacology, Toxicology and Pharmaceutics",IE,2022,5
"Pharmacology, Toxicology and Pharmaceutics",IE,2023,5
"Pharmacology, Toxicology and Pharmaceutics",IE,2024,5
"Pharmacology, Toxicology and Pharmaceutics",IL,2015,10
"Pharmacology, Toxicology and Pharmaceutics",IL,2016,10
"Pharmacology, Toxicology and Pharmaceutics",IL,2017,10
"Pharmacology, Toxicology and Pharmaceutics",IL,2018,10
"Pharmacology, Toxicology and Pharmaceutics",IL,2019,10
"Pharmacology, Toxicology and Pharmaceutics",IL,2020,10
"Pharmacology, Toxicology and Pharmaceutics",IL,2021,10
"Pharmacology, Toxicology and Pharmaceutics",IL,2022,10
"Pharmacology, Toxicology and Pharmaceutics",IL,2023,9
"Pharmacology, Toxicology and Pharmaceutics",IL,2024,9
"Pharmacology, Toxicology and Pharmaceutics",IN,2015,46
"Pharmacology, Toxicology and Pharmaceutics",IN,2016,50
"Pharmacology, Toxicology and Pharmaceutics",IN,2017,54
"Pharmacology, Toxicology and Pharmaceutics",IN,2018,57
"Pharmacology, Toxicology and Pharmaceutics",IN,2019,58
"Pharmacology, Toxicology and Pharmaceutics",IN,2020,61
"Pharmacology, Toxicology and Pharmaceutics",IN,2021,69
"Pharmacology, Toxicology and Pharmaceutics",IN,2022,74
"Pharmacology, Toxicology and Pharmaceutics",IN,2023,85
"Pharmacology, Toxicology and Pharmaceutics",IN,2024,92
"Pharmacology, Toxicology and Pharmaceutics",IQ,2023,1
"Pharmacology, Toxicology and Pharmaceutics",IQ,2024,1
"Pharmacology, Toxicology and Pharmaceutics",IR,2015,3
"Pharmacology, Toxicology and Pharmaceutics",IR,2016,3
"Pharmacology, Toxicology and Pharmaceutics",IR,2017,4
"Pharmacology, Toxicology and Pharmaceutics",IR,2018,4
"Pharmacology, Toxicology and Pharmaceutics",IR,2019,5
"Pharmacology, Toxicology and Pharmaceutics",IR,2020,7
"Pharmacology, Toxicology and Pharmaceutics",IR,2021,7
"Pharmacology, Toxicology and Pharmaceutics",IR,2022,6
"Pharmacology, Toxicology and Pharmaceutics",IR,2023,9
"Pharmacology, Toxicology and Pharmaceutics",IR,2024,11
"Pharmacology, Toxicology and Pharmaceutics",IS,2015,2
"Pharmacology, Toxicology and Pharmaceutics",IS,2016,2
"Pharmacology, Toxicology and Pharmaceutics",IS,2017,2
"Pharmacology, Toxicology and Pharmaceutics",IS,2018,2
"Pharmacology, Toxicology and Pharmaceutics",IS,2019,2
"Pharmacology, Toxicology and Pharmaceutics",IS,2020,2
"Pharmacology, Toxicology and Pharmaceutics",IS,2021,2
"Pharmacology, Toxicology and Pharmaceutics",IS,2022,2
"Pharmacology, Toxicology and Pharmaceutics",IS,2023,2
"Pharmacology, Toxicology and Pharmaceutics",IS,2024,2
"Pharmacology, Toxicology and Pharmaceutics",IT,2015,43
"Pharmacology, Toxicology and Pharmaceutics",IT,2016,45
"Pharmacology, Toxicology and Pharmaceutics",IT,2017,46
"Pharmacology, Toxicology and Pharmaceutics",IT,2018,49
"Pharmacology, Toxicology and Pharmaceutics",IT,2019,49
"Pharmacology, Toxicology and Pharmaceutics",IT,2020,52
"Pharmacology, Toxicology and Pharmaceutics",IT,2021,56
"Pharmacology, Toxicology and Pharmaceutics",IT,2022,62
"Pharmacology, Toxicology and Pharmaceutics",IT,2023,62
"Pharmacology, Toxicology and Pharmaceutics",IT,2024,64
"Pharmacology, Toxicology and Pharmaceutics",JO,2024,1
"Pharmacology, Toxicology and Pharmaceutics",JP,2015,128
"Pharmacology, Toxicology and Pharmaceutics",JP,2016,122
"Pharmacology, Toxicology and Pharmaceutics",JP,2017,121
"Pharmacology, Toxicology and Pharmaceutics",JP,2018,118
"Pharmacology, Toxicology and Pharmaceutics",JP,2019,113
"Pharmacology, Toxicology and Pharmaceutics",JP,2020,110
"Pharmacology, Toxicology and Pharmaceutics",JP,2021,103
"Pharmacology, Toxicology and Pharmaceutics",JP,2022,97
"Pharmacology, Toxicology and Pharmaceutics",JP,2023,93
"Pharmacology, Toxicology and Pharmaceutics",JP,2024,87
"Pharmacology, Toxicology and Pharmaceutics",KE,2015,1
"Pharmacology, Toxicology and Pharmaceutics",KE,2016,1
"Pharmacology, Toxicology and Pharmaceutics",KE,2017,1
"Pharmacology, Toxicology and Pharmaceutics",KE,2018,1
"Pharmacology, Toxicology and Pharmaceutics",KE,2019,1
"Pharmacology, Toxicology and Pharmaceutics",KE,2020,1
"Pharmacology, Toxicology and Pharmaceutics",KE,2021,1
"Pharmacology, Toxicology and Pharmaceutics",KE,2022,1
"Pharmacology, Toxicology and Pharmaceutics",KE,2023,1
"Pharmacology, Toxicology and Pharmaceutics",KE,2024,1
"Pharmacology, Toxicology and Pharmaceutics",KR,2015,15
"Pharmacology, Toxicology and Pharmaceutics",KR,2016,14
"Pharmacology, Toxicology and Pharmaceutics",KR,2017,16
"Pharmacology, Toxicology and Pharmaceutics",KR,2018,19
"Pharmacology, Toxicology and Pharmaceutics",KR,2019,22
"Pharmacology, Toxicology and Pharmaceutics",KR,2020,22
"Pharmacology, Toxicology and Pharmaceutics",KR,2021,22
"Pharmacology, Toxicology and Pharmaceutics",KR,2022,21
"Pharmacology, Toxicology and Pharmaceutics",KR,2023,23
"Pharmacology, Toxicology and Pharmaceutics",KR,2024,24
"Pharmacology, Toxicology and Pharmaceutics",LB,2015,1
"Pharmacology, Toxicology and Pharmaceutics",LB,2016,1
"Pharmacology, Toxicology and Pharmaceutics",LB,2017,1
"Pharmacology, Toxicology and Pharmaceutics",LB,2018,1
"Pharmacology, Toxicology and Pharmaceutics",LB,2019,1
"Pharmacology, Toxicology and Pharmaceutics",LB,2020,1
"Pharmacology, Toxicology and Pharmaceutics",LB,2021,1
"Pharmacology, Toxicology and Pharmaceutics",LB,2022,1
"Pharmacology, Toxicology and Pharmaceutics",LB,2023,1
"Pharmacology, Toxicology and Pharmaceutics",LB,2024,1
"Pharmacology, Toxicology and Pharmaceutics",LK,2015,1
"Pharmacology, Toxicology and Pharmaceutics",LK,2016,1
"Pharmacology, Toxicology and Pharmaceutics",LK,2017,1
"Pharmacology, Toxicology and Pharmaceutics",LK,2018,1
"Pharmacology, Toxicology and Pharmaceutics",LY,2016,1
"Pharmacology, Toxicology and Pharmaceutics",LY,2017,1
"Pharmacology, Toxicology and Pharmaceutics",LY,2018,1
"Pharmacology, Toxicology and Pharmaceutics",LY,2019,1
"Pharmacology, Toxicology and Pharmaceutics",LY,2020,1
"Pharmacology, Toxicology and Pharmaceutics",LY,2021,1
"Pharmacology, Toxicology and Pharmaceutics",LY,2022,1
"Pharmacology, Toxicology and Pharmaceutics",LY,2023,1
"Pharmacology, Toxicology and Pharmaceutics",LY,2024,1
"Pharmacology, Toxicology and Pharmaceutics",MO,2019,1
"Pharmacology, Toxicology and Pharmaceutics",MO,2020,4
"Pharmacology, Toxicology and Pharmaceutics",MO,2021,5
"Pharmacology, Toxicology and Pharmaceutics",MO,2022,5
"Pharmacology, Toxicology and Pharmaceutics",MO,2023,6
"Pharmacology, Toxicology and Pharmaceutics",MO,2024,7
"Pharmacology, Toxicology and Pharmaceutics",MX,2015,2
"Pharmacology, Toxicology and Pharmaceutics",MX,2016,2
"Pharmacology, Toxicology and Pharmaceutics",MX,2017,2
"Pharmacology, Toxicology and Pharmaceutics",MX,2018,1
"Pharmacology, Toxicology and Pharmaceutics",MX,2019,1
"Pharmacology, Toxicology and Pharmaceutics",MX,2020,1
"Pharmacology, Toxicology and Pharmaceutics",MX,2021,1
"Pharmacology, Toxicology and Pharmaceutics",MX,2022,1
"Pharmacology, Toxicology and Pharmaceutics",MX,2023,1
"Pharmacology, Toxicology and Pharmaceutics",MX,2024,1
"Pharmacology, Toxicology and Pharmaceutics",MY,2015,2
"Pharmacology, Toxicology and Pharmaceutics",MY,2016,2
"Pharmacology, Toxicology and Pharmaceutics",MY,2017,2
"Pharmacology, Toxicology and Pharmaceutics",MY,2018,2
"Pharmacology, Toxicology and Pharmaceutics",MY,2019,3
"Pharmacology, Toxicology and Pharmaceutics",MY,2020,4
"Pharmacology, Toxicology and Pharmaceutics",MY,2021,3
"Pharmacology, Toxicology and Pharmaceutics",MY,2022,6
"Pharmacology, Toxicology and Pharmaceutics",MY,2023,9
"Pharmacology, Toxicology and Pharmaceutics",MY,2024,10
"Pharmacology, Toxicology and Pharmaceutics",MZ,2015,1
"Pharmacology, Toxicology and Pharmaceutics",MZ,2016,1
"Pharmacology, Toxicology and Pharmaceutics",NG,2015,2
"Pharmacology, Toxicology and Pharmaceutics",NG,2016,1
"Pharmacology, Toxicology and Pharmaceutics",NG,2017,1
"Pharmacology, Toxicology and Pharmaceutics",NG,2018,1
"Pharmacology, Toxicology and Pharmaceutics",NG,2019,1
"Pharmacology, Toxicology and Pharmaceutics",NG,2020,1
"Pharmacology, Toxicology and Pharmaceutics",NG,2021,1
"Pharmacology, Toxicology and Pharmaceutics",NG,2022,1
"Pharmacology, Toxicology and Pharmaceutics",NG,2023,1
"Pharmacology, Toxicology and Pharmaceutics",NG,2024,1
"Pharmacology, Toxicology and Pharmaceutics",NL,2015,25
"Pharmacology, Toxicology and Pharmaceutics",NL,2016,23
"Pharmacology, Toxicology and Pharmaceutics",NL,2017,21
"Pharmacology, Toxicology and Pharmaceutics",NL,2018,20
"Pharmacology, Toxicology and Pharmaceutics",NL,2019,19
"Pharmacology, Toxicology and Pharmaceutics",NL,2020,18
"Pharmacology, Toxicology and Pharmaceutics",NL,2021,18
"Pharmacology, Toxicology and Pharmaceutics",NL,2022,16
"Pharmacology, Toxicology and Pharmaceutics",NL,2023,14
"Pharmacology, Toxicology and Pharmaceutics",NL,2024,14
"Pharmacology, Toxicology and Pharmaceutics",NO,2015,4
"Pharmacology, Toxicology and Pharmaceutics",NO,2016,4
"Pharmacology, Toxicology and Pharmaceutics",NO,2017,4
"Pharmacology, Toxicology and Pharmaceutics",NO,2018,4
"Pharmacology, Toxicology and Pharmaceutics",NO,2019,4
"Pharmacology, Toxicology and Pharmaceutics",NO,2020,5
"Pharmacology, Toxicology and Pharmaceutics",NO,2021,6
"Pharmacology, Toxicology and Pharmaceutics",NO,2022,6
"Pharmacology, Toxicology and Pharmaceutics",NO,2023,5
"Pharmacology, Toxicology and Pharmaceutics",NO,2024,5
"Pharmacology, Toxicology and Pharmaceutics",NP,2020,1
"Pharmacology, Toxicology and Pharmaceutics",NP,2021,1
"Pharmacology, Toxicology and Pharmaceutics",NP,2022,1
"Pharmacology, Toxicology and Pharmaceutics",NZ,2015,6
"Pharmacology, Toxicology and Pharmaceutics",NZ,2016,6
"Pharmacology, Toxicology and Pharmaceutics",NZ,2017,6
"Pharmacology, Toxicology and Pharmaceutics",NZ,2018,6
"Pharmacology, Toxicology and Pharmaceutics",NZ,2019,6
"Pharmacology, Toxicology and Pharmaceutics",NZ,2020,6
"Pharmacology, Toxicology and Pharmaceutics",NZ,2021,7
"Pharmacology, Toxicology and Pharmaceutics",NZ,2022,8
"Pharmacology, Toxicology and Pharmaceutics",NZ,2023,9
"Pharmacology, Toxicology and Pharmaceutics",NZ,2024,10
"Pharmacology, Toxicology and Pharmaceutics",OM,2015,1
"Pharmacology, Toxicology and Pharmaceutics",OM,2016,1
"Pharmacology, Toxicology and Pharmaceutics",OM,2017,1
"Pharmacology, Toxicology and Pharmaceutics",OM,2018,1
"Pharmacology, Toxicology and Pharmaceutics",OM,2019,1
"Pharmacology, Toxicology and Pharmaceutics",OM,2020,1
"Pharmacology, Toxicology and Pharmaceutics",OM,2021,1
"Pharmacology, Toxicology and Pharmaceutics",OM,2022,1
"Pharmacology, Toxicology and Pharmaceutics",OM,2023,1
"Pharmacology, Toxicology and Pharmaceutics",OM,2024,1
"Pharmacology, Toxicology and Pharmaceutics",PK,2015,3
"Pharmacology, Toxicology and Pharmaceutics",PK,2016,4
"Pharmacology, Toxicology and Pharmaceutics",PK,2017,5
"Pharmacology, Toxicology and Pharmaceutics",PK,2018,5
"Pharmacology, Toxicology and Pharmaceutics",PK,2019,6
"Pharmacology, Toxicology and Pharmaceutics",PK,2020,5
"Pharmacology, Toxicology and Pharmaceutics",PK,2021,7
"Pharmacology, Toxicology and Pharmaceutics",PK,2022,6
"Pharmacology, Toxicology and Pharmaceutics",PK,2023,6
"Pharmacology, Toxicology and Pharmaceutics",PK,2024,8
"Pharmacology, Toxicology and Pharmaceutics",PL,2015,3
"Pharmacology, Toxicology and Pharmaceutics",PL,2016,3
"Pharmacology, Toxicology and Pharmaceutics",PL,2017,3
"Pharmacology, Toxicology and Pharmaceutics",PL,2018,3
"Pharmacology, Toxicology and Pharmaceutics",PL,2019,3
"Pharmacology, Toxicology and Pharmaceutics",PL,2020,2
"Pharmacology, Toxicology and Pharmaceutics",PL,2021,2
"Pharmacology, Toxicology and Pharmaceutics",PL,2022,2
"Pharmacology, Toxicology and Pharmaceutics",PL,2023,2
"Pharmacology, Toxicology and Pharmaceutics",PL,2024,2
"Pharmacology, Toxicology and Pharmaceutics",PT,2015,10
"Pharmacology, Toxicology and Pharmaceutics",PT,2016,11
"Pharmacology, Toxicology and Pharmaceutics",PT,2017,11
"Pharmacology, Toxicology and Pharmaceutics",PT,2018,11
"Pharmacology, Toxicology and Pharmaceutics",PT,2019,11
"Pharmacology, Toxicology and Pharmaceutics",PT,2020,13
"Pharmacology, Toxicology and Pharmaceutics",PT,2021,14
"Pharmacology, Toxicology and Pharmaceutics",PT,2022,17
"Pharmacology, Toxicology and Pharmaceutics",PT,2023,19
"Pharmacology, Toxicology and Pharmaceutics",PT,2024,20
"Pharmacology, Toxicology and Pharmaceutics",RU,2015,3
"Pharmacology, Toxicology and Pharmaceutics",RU,2016,3
"Pharmacology, Toxicology and Pharmaceutics",RU,2017,3
"Pharmacology, Toxicology and Pharmaceutics",RU,2018,3
"Pharmacology, Toxicology and Pharmaceutics",RU,2019,3
"Pharmacology, Toxicology and Pharmaceutics",RU,2020,2
"Pharmacology, Toxicology and Pharmaceutics",RU,2021,3
"Pharmacology, Toxicology and Pharmaceutics",RU,2022,3
"Pharmacology, Toxicology and Pharmaceutics",RU,2023,3
"Pharmacology, Toxicology and Pharmaceutics",RU,2024,3
"Pharmacology, Toxicology and Pharmaceutics",SA,2015,1
"Pharmacology, Toxicology and Pharmaceutics",SA,2016,2
"Pharmacology, Toxicology and Pharmaceutics",SA,2017,2
"Pharmacology, Toxicology and Pharmaceutics",SA,2018,2
"Pharmacology, Toxicology and Pharmaceutics",SA,2019,2
"Pharmacology, Toxicology and Pharmaceutics",SA,2020,2
"Pharmacology, Toxicology and Pharmaceutics",SA,2021,6
"Pharmacology, Toxicology and Pharmaceutics",SA,2022,6
"Pharmacology, Toxicology and Pharmaceutics",SA,2023,12
"Pharmacology, Toxicology and Pharmaceutics",SA,2024,16
"Pharmacology, Toxicology and Pharmaceutics",SE,2015,29
"Pharmacology, Toxicology and Pharmaceutics",SE,2016,29
"Pharmacology, Toxicology and Pharmaceutics",SE,2017,29
"Pharmacology, Toxicology and Pharmaceutics",SE,2018,29
"Pharmacology, Toxicology and Pharmaceutics",SE,2019,29
"Pharmacology, Toxicology and Pharmaceutics",SE,2020,27
"Pharmacology, Toxicology and Pharmaceutics",SE,2021,25
"Pharmacology, Toxicology and Pharmaceutics",SE,2022,25
"Pharmacology, Toxicology and Pharmaceutics",SE,2023,23
"Pharmacology, Toxicology and Pharmaceutics",SE,2024,22
"Pharmacology, Toxicology and Pharmaceutics",SG,2015,6
"Pharmacology, Toxicology and Pharmaceutics",SG,2016,6
"Pharmacology, Toxicology and Pharmaceutics",SG,2017,6
"Pharmacology, Toxicology and Pharmaceutics",SG,2018,7
"Pharmacology, Toxicology and Pharmaceutics",SG,2019,7
"Pharmacology, Toxicology and Pharmaceutics",SG,2020,8
"Pharmacology, Toxicology and Pharmaceutics",SG,2021,8
"Pharmacology, Toxicology and Pharmaceutics",SG,2022,9
"Pharmacology, Toxicology and Pharmaceutics",SG,2023,9
"Pharmacology, Toxicology and Pharmaceutics",SG,2024,10
"Pharmacology, Toxicology and Pharmaceutics",SI,2015,1
"Pharmacology, Toxicology and Pharmaceutics",SI,2016,1
"Pharmacology, Toxicology and Pharmaceutics",SI,2017,1
"Pharmacology, Toxicology and Pharmaceutics",SI,2018,1
"Pharmacology, Toxicology and Pharmaceutics",SI,2019,1
"Pharmacology, Toxicology and Pharmaceutics",SI,2020,1
"Pharmacology, Toxicology and Pharmaceutics",SI,2021,1
"Pharmacology, Toxicology and Pharmaceutics",SI,2022,1
"Pharmacology, Toxicology and Pharmaceutics",SI,2023,1
"Pharmacology, Toxicology and Pharmaceutics",SI,2024,1
"Pharmacology, Toxicology and Pharmaceutics",TH,2015,5
"Pharmacology, Toxicology and Pharmaceutics",TH,2016,6
"Pharmacology, Toxicology and Pharmaceutics",TH,2017,6
"Pharmacology, Toxicology and Pharmaceutics",TH,2018,8
"Pharmacology, Toxicology and Pharmaceutics",TH,2019,9
"Pharmacology, Toxicology and Pharmaceutics",TH,2020,9
"Pharmacology, Toxicology and Pharmaceutics",TH,2021,9
"Pharmacology, Toxicology and Pharmaceutics",TH,2022,11
"Pharmacology, Toxicology and Pharmaceutics",TH,2023,11
"Pharmacology, Toxicology and Pharmaceutics",TH,2024,10
"Pharmacology, Toxicology and Pharmaceutics",TR,2015,2
"Pharmacology, Toxicology and Pharmaceutics",TR,2016,2
"Pharmacology, Toxicology and Pharmaceutics",TR,2017,1
"Pharmacology, Toxicology and Pharmaceutics",TR,2018,1
"Pharmacology, Toxicology and Pharmaceutics",TR,2019,1
"Pharmacology, Toxicology and Pharmaceutics",TR,2020,1
"Pharmacology, Toxicology and Pharmaceutics",TR,2021,1
"Pharmacology, Toxicology and Pharmaceutics",TR,2022,1
"Pharmacology, Toxicology and Pharmaceutics",TR,2023,1
"Pharmacology, Toxicology and Pharmaceutics",TR,2024,1
"Pharmacology, Toxicology and Pharmaceutics",TW,2015,9
"Pharmacology, Toxicology and Pharmaceutics",TW,2016,9
"Pharmacology, Toxicology and Pharmaceutics",TW,2017,10
"Pharmacology, Toxicology and Pharmaceutics",TW,2018,11
"Pharmacology, Toxicology and Pharmaceutics",TW,2019,12
"Pharmacology, Toxicology and Pharmaceutics",TW,2020,11
"Pharmacology, Toxicology and Pharmaceutics",TW,2021,11
"Pharmacology, Toxicology and Pharmaceutics",TW,2022,11
"Pharmacology, Toxicology and Pharmaceutics",TW,2023,12
"Pharmacology, Toxicology and Pharmaceutics",TW,2024,12
"Pharmacology, Toxicology and Pharmaceutics",UA,2016,1
"Pharmacology, Toxicology and Pharmaceutics",UA,2017,1
"Pharmacology, Toxicology and Pharmaceutics",UA,2018,1
"Pharmacology, Toxicology and Pharmaceutics",UA,2019,1
"Pharmacology, Toxicology and Pharmaceutics",UA,2020,1
"Pharmacology, Toxicology and Pharmaceutics",UA,2021,1
"Pharmacology, Toxicology and Pharmaceutics",UA,2022,1
"Pharmacology, Toxicology and Pharmaceutics",UA,2023,1
"Pharmacology, Toxicology and Pharmaceutics",UA,2024,1
"Pharmacology, Toxicology and Pharmaceutics",US,2015,379
"Pharmacology, Toxicology and Pharmaceutics",US,2016,373
"Pharmacology, Toxicology and Pharmaceutics",US,2017,360
"Pharmacology, Toxicology and Pharmaceutics",US,2018,351
"Pharmacology, Toxicology and Pharmaceutics",US,2019,345
"Pharmacology, Toxicology and Pharmaceutics",US,2020,330
"Pharmacology, Toxicology and Pharmaceutics",US,2021,319
"Pharmacology, Toxicology and Pharmaceutics",US,2022,305
"Pharmacology, Toxicology and Pharmaceutics",US,2023,294
"Pharmacology, Toxicology and Pharmaceutics",US,2024,282
"Pharmacology, Toxicology and Pharmaceutics",ZA,2015,5
"Pharmacology, Toxicology and Pharmaceutics",ZA,2016,7
"Pharmacology, Toxicology and Pharmaceutics",ZA,2017,9
"Pharmacology, Toxicology and Pharmaceutics",ZA,2018,10
"Pharmacology, Toxicology and Pharmaceutics",ZA,2019,10
"Pharmacology, Toxicology and Pharmaceutics",ZA,2020,10
"Pharmacology, Toxicology and Pharmaceutics",ZA,2021,10
"Pharmacology, Toxicology and Pharmaceutics",ZA,2022,10
"Pharmacology, Toxicology and Pharmaceutics",ZA,2023,10
"Pharmacology, Toxicology and Pharmaceutics",ZA,2024,9
"Pharmacology, Toxicology and Pharmaceutics",ZW,2015,1
"Pharmacology, Toxicology and Pharmaceutics",ZW,2016,1
"Pharmacology, Toxicology and Pharmaceutics",ZW,2017,1
"Pharmacology, Toxicology and Pharmaceutics",ZW,2018,1
"Pharmacology, Toxicology and Pharmaceutics",ZW,2019,1
"Pharmacology, Toxicology and Pharmaceutics",ZW,2020,1
"Pharmacology, Toxicology and Pharmaceutics",ZW,2021,1
"Pharmacology, Toxicology and Pharmaceutics",ZW,2022,1
"Pharmacology, Toxicology and Pharmaceutics",ZW,2023,1
"Pharmacology, Toxicology and Pharmaceutics",ZW,2024,1
Physics and Astronomy,AT,2015,14
Physics and Astronomy,AT,2016,14
Physics and Astronomy,AT,2017,15
Physics and Astronomy,AT,2018,15
Physics and Astronomy,AT,2019,14
Physics and Astronomy,AT,2020,14
Physics and Astronomy,AT,2021,16
Physics and Astronomy,AT,2022,17
Physics and Astronomy,AT,2023,17
Physics and Astronomy,AT,2024,18
Physics and Astronomy,AU,2015,19
Physics and Astronomy,AU,2016,19
Physics and Astronomy,AU,2017,21
Physics and Astronomy,AU,2018,21
Physics and Astronomy,AU,2019,21
Physics and Astronomy,AU,2020,20
Physics and Astronomy,AU,2021,19
Physics and Astronomy,AU,2022,21
Physics and Astronomy,AU,2023,23
Physics and Astronomy,AU,2024,24
Physics and Astronomy,BE,2015,6
Physics and Astronomy,BE,2016,6
Physics and Astronomy,BE,2017,7
Physics and Astronomy,BE,2018,6
Physics and Astronomy,BE,2019,7
Physics and Astronomy,BE,2020,8
Physics and Astronomy,BE,2021,9
Physics and Astronomy,BE,2022,11
Physics and Astronomy,BE,2023,12
Physics and Astronomy,BE,2024,12
Physics and Astronomy,BI,2015,1
Physics and Astronomy,BI,2016,1
Physics and Astronomy,BI,2017,1
Physics and Astronomy,BI,2018,1
Physics and Astronomy,BR,2015,3
Physics and Astronomy,BR,2016,3
Physics and Astronomy,BR,2017,3
Physics and Astronomy,BR,2018,3
Physics and Astronomy,BR,2019,3
Physics and Astronomy,BR,2020,3
Physics and Astronomy,BR,2021,3
Physics and Astronomy,BR,2022,3
Physics and Astronomy,BR,2023,4
Physics and Astronomy,BR,2024,4
Physics and Astronomy,CA,2015,34
Physics and Astronomy,CA,2016,34
Physics and Astronomy,CA,2017,35
Physics and Astronomy,CA,2018,34
Physics and Astronomy,CA,2019,32
Physics and Astronomy,CA,2020,33
Physics and Astronomy,CA,2021,32
Physics and Astronomy,CA,2022,33
Physics and Astronomy,CA,2023,36
Physics and Astronomy,CA,2024,37
Physics and Astronomy,CH,2015,55
Physics and Astronomy,CH,2016,58
Physics and Astronomy,CH,2017,58
Physics and Astronomy,CH,2018,55
Physics and Astronomy,CH,2019,57
Physics and Astronomy,CH,2020,57
Physics and Astronomy,CH,2021,55
Physics and Astronomy,CH,2022,56
Physics and Astronomy,CH,2023,56
Physics and Astronomy,CH,2024,56
Physics and Astronomy,CL,2015,2
Physics and Astronomy,CL,2016,2
Physics and Astronomy,CL,2017,2
Physics and Astronomy,CL,2018,2
Physics and Astronomy,CL,2019,2
Physics and Astronomy,CL,2020,2
Physics and Astronomy,CL,2021,2
Physics and Astronomy,CL,2022,3
Physics and Astronomy,CL,2023,3
Physics and Astronomy,CL,2024,3
Physics and Astronomy,CN,2015,10
Physics and Astronomy,CN,2016,14
Physics and Astronomy,CN,2017,15
Physics and Astronomy,CN,2018,15
Physics and Astronomy,CN,2019,18
Physics and Astronomy,CN,2020,19
Physics and Astronomy,CN,2021,24
Physics and Astronomy,CN,2022,25
Physics and Astronomy,CN,2023,34
Physics and Astronomy,CN,2024,40
Physics and Astronomy,CNX,2015,14
Physics and Astronomy,CNX,2016,18
Physics and Astronomy,CNX,2017,19
Physics and Astronomy,CNX,2018,19
Physics and Astronomy,CNX,2019,22
Physics and Astronomy,CNX,2020,23
Physics and Astronomy,CNX,2021,28
Physics and Astronomy,CNX,2022,28
Physics and Astronomy,CNX,2023,37
Physics and Astronomy,CNX,2024,43
Physics and Astronomy,CZ,2015,2
Physics and Astronomy,CZ,2016,2
Physics and Astronomy,CZ,2017,2
Physics and Astronomy,CZ,2018,2
Physics and Astronomy,CZ,2019,2
Physics and Astronomy,CZ,2020,4
Physics and Astronomy,CZ,2021,4
Physics and Astronomy,CZ,2022,4
Physics and Astronomy,CZ,2023,5
Physics and Astronomy,CZ,2024,6
Physics and Astronomy,DE,2015,123
Physics and Astronomy,DE,2016,131
Physics and Astronomy,DE,2017,134
Physics and Astronomy,DE,2018,134
Physics and Astronomy,DE,2019,131
Physics and Astronomy,DE,2020,134
Physics and Astronomy,DE,2021,137
Physics and Astronomy,DE,2022,141
Physics and Astronomy,DE,2023,143
Physics and Astronomy,DE,2024,137
Physics and Astronomy,DK,2015,10
Physics and Astronomy,DK,2016,11
Physics and Astronomy,DK,2017,11
Physics and Astronomy,DK,2018,11
Physics and Astronomy,DK,2019,11
Physics and Astronomy,DK,2020,11
Physics and Astronomy,DK,2021,9
Physics and Astronomy,DK,2022,9
Physics and Astronomy,DK,2023,9
Physics and Astronomy,DK,2024,9
Physics and Astronomy,EE,2023,1
Physics and Astronomy,EE,2024,1
Physics and Astronomy,ES,2015,12
Physics and Astronomy,ES,2016,13
Physics and Astronomy,ES,2017,15
Physics and Astronomy,ES,2018,14
Physics and Astronomy,ES,2019,16
Physics and Astronomy,ES,2020,18
Physics and Astronomy,ES,2021,17
Physics and Astronomy,ES,2022,17
Physics and Astronomy,ES,2023,17
Physics and Astronomy,ES,2024,17
Physics and Astronomy,FI,2015,3
Physics and Astronomy,FI,2016,5
Physics and Astronomy,FI,2017,5
Physics and Astronomy,FI,2018,5
Physics and Astronomy,FI,2019,5
Physics and Astronomy,FI,2020,5
Physics and Astronomy,FI,2021,5
Physics and Astronomy,FI,2022,5
Physics and Astronomy,FI,2023,4
Physics and Astronomy,FI,2024,4
Physics and Astronomy,FR,2015,37
Physics and Astronomy,FR,2016,34
Physics and Astronomy,FR,2017,33
Physics and Astronomy,FR,2018,32
Physics and Astronomy,FR,2019,33
Physics and Astronomy,FR,2020,35
Physics and Astronomy,FR,2021,35
Physics and Astronomy,FR,2022,35
Physics and Astronomy,FR,2023,33
Physics and Astronomy,FR,2024,34
Physics and Astronomy,GB,2015,104
Physics and Astronomy,GB,2016,107
Physics and Astronomy,GB,2017,107
Physics and Astronomy,GB,2018,107
Physics and Astronomy,GB,2019,108
Physics and Astronomy,GB,2020,107
Physics and Astronomy,GB,2021,111
Physics and Astronomy,GB,2022,112
Physics and Astronomy,GB,2023,108
Physics and Astronomy,GB,2024,111
Physics and Astronomy,GE,2021,1
Physics and Astronomy,GE,2022,1
Physics and Astronomy,GE,2023,1
Physics and Astronomy,GE,2024,1
Physics and Astronomy,GR,2015,3
Physics and Astronomy,GR,2016,3
Physics and Astronomy,GR,2017,3
Physics and Astronomy,GR,2018,3
Physics and Astronomy,GR,2019,3
Physics and Astronomy,GR,2020,2
Physics and Astronomy,GR,2021,2
Physics and Astronomy,GR,2022,2
Physics and Astronomy,GR,2023,2
Physics and Astronomy,GR,2024,2
Physics and Astronomy,HK,2015,5
Physics and Astronomy,HK,2016,5
Physics and Astronomy,HK,2017,5
Physics and Astronomy,HK,2018,5
Physics and Astronomy,HK,2019,5
Physics and Astronomy,HK,2020,5
Physics and Astronomy,HK,2021,5
Physics and Astronomy,HK,2022,5
Physics and Astronomy,HK,2023,6
Physics and Astronomy,HK,2024,5
Physics and Astronomy,HU,2015,4
Physics and Astronomy,HU,2016,4
Physics and Astronomy,HU,2017,4
Physics and Astronomy,HU,2018,3
Physics and Astronomy,HU,2019,3
Physics and Astronomy,HU,2020,3
Physics and Astronomy,HU,2021,3
Physics and Astronomy,HU,2022,3
Physics and Astronomy,HU,2023,3
Physics and Astronomy,HU,2024,3
Physics and Astronomy,IE,2015,1
Physics and Astronomy,IE,2016,1
Physics and Astronomy,IE,2017,1
Physics and Astronomy,IE,2018,1
Physics and Astronomy,IE,2019,1
Physics and Astronomy,IE,2020,1
Physics and Astronomy,IE,2021,1
Physics and Astronomy,IE,2022,2
Physics and Astronomy,IE,2023,2
Physics and Astronomy,IE,2024,2
Physics and Astronomy,IL,2015,26
Physics and Astronomy,IL,2016,27
Physics and Astronomy,IL,2017,27
Physics and Astronomy,IL,2018,28
Physics and Astronomy,IL,2019,29
Physics and Astronomy,IL,2020,28
Physics and Astronomy,IL,2021,30
Physics and Astronomy,IL,2022,29
Physics and Astronomy,IL,2023,29
Physics and Astronomy,IL,2024,29
Physics and Astronomy,IN,2015,6
Physics and Astronomy,IN,2016,6
Physics and Astronomy,IN,2017,7
Physics and Astronomy,IN,2018,7
Physics and Astronomy,IN,2019,5
Physics and Astronomy,IN,2020,4
Physics and Astronomy,IN,2021,4
Physics and Astronomy,IN,2022,4
Physics and Astronomy,IN,2023,4
Physics and Astronomy,IN,2024,4
Physics and Astronomy,IS,2015,1
Physics and Astronomy,IS,2016,1
Physics and Astronomy,IS,2017,1
Physics and Astronomy,IS,2018,1
Physics and Astronomy,IS,2019,1
Physics and Astronomy,IS,2020,1
Physics and Astronomy,IS,2021,1
Physics and Astronomy,IS,2022,1
Physics and Astronomy,IS,2023,1
Physics and Astronomy,IS,2024,1
Physics and Astronomy,IT,2015,26
Physics and Astronomy,IT,2016,28
Physics and Astronomy,IT,2017,30
Physics and Astronomy,IT,2018,30
Physics and Astronomy,IT,2019,31
Physics and Astronomy,IT,2020,33
Physics and Astronomy,IT,2021,33
Physics and Astronomy,IT,2022,33
Physics and Astronomy,IT,2023,33
Physics and Astronomy,IT,2024,37
Physics and Astronomy,JP,2015,46
Physics and Astronomy,JP,2016,43
Physics and Astronomy,JP,2017,42
Physics and Astronomy,JP,2018,42
Physics and Astronomy,JP,2019,42
Physics and Astronomy,JP,2020,42
Physics and Astronomy,JP,2021,41
Physics and Astronomy,JP,2022,43
Physics and Astronomy,JP,2023,43
Physics and Astronomy,JP,2024,42
Physics and Astronomy,KR,2015,3
Physics and Astronomy,KR,2016,3
Physics and Astronomy,KR,2017,4
Physics and Astronomy,KR,2018,5
Physics and Astronomy,KR,2019,4
Physics and Astronomy,KR,2020,4
Physics and Astronomy,KR,2021,4
Physics and Astronomy,KR,2022,4
Physics and Astronomy,KR,2023,5
Physics and Astronomy,KR,2024,5
Physics and Astronomy,LU,2021,1
Physics and Astronomy,LU,2022,1
Physics and Astronomy,LU,2023,1
Physics and Astronomy,LU,2024,1
Physics and Astronomy,NL,2015,25
Physics and Astronomy,NL,2016,25
Physics and Astronomy,NL,2017,26
Physics and Astronomy,NL,2018,26
Physics and Astronomy,NL,2019,25
Physics and Astronomy,NL,2020,27
Physics and Astronomy,NL,2021,30
Physics and Astronomy,NL,2022,32
Physics and Astronomy,NL,2023,31
Physics and Astronomy,NL,2024,30
Physics and Astronomy,NO,2015,3
Physics and Astronomy,NO,2016,3
Physics and Astronomy,NO,2017,3
Physics and Astronomy,NO,2018,3
Physics and Astronomy,NO,2019,3
Physics and Astronomy,NO,2020,3
Physics and Astronomy,NO,2021,3
Physics and Astronomy,NO,2022,3
Physics and Astronomy,NO,2023,4
Physics and Astronomy,NO,2024,3
Physics and Astronomy,NZ,2015,2
Physics and Astronomy,NZ,2016,2
Physics and Astronomy,NZ,2017,2
Physics and Astronomy,NZ,2018,2
Physics and Astronomy,NZ,2019,2
Physics and Astronomy,NZ,2020,2
Physics and Astronomy,NZ,2021,2
Physics and Astronomy,NZ,2022,3
Physics and Astronomy,NZ,2023,3
Physics and Astronomy,NZ,2024,2
Physics and Astronomy,PK,2022,1
Physics and Astronomy,PK,2023,1
Physics and Astronomy,PK,2024,1
Physics and Astronomy,PL,2015,3
Physics and Astronomy,PL,2016,2
Physics and Astronomy,PL,2017,3
Physics and Astronomy,PL,2018,2
Physics and Astronomy,PL,2019,3
Physics and Astronomy,PL,2020,3
Physics and Astronomy,PL,2021,2
Physics and Astronomy,PL,2022,2
Physics and Astronomy,PL,2023,2
Physics and Astronomy,PL,2024,2
Physics and Astronomy,PT,2015,2
Physics and Astronomy,PT,2016,2
Physics and Astronomy,PT,2017,2
Physics and Astronomy,PT,2018,2
Physics and Astronomy,PT,2019,2
Physics and Astronomy,PT,2020,2
Physics and Astronomy,PT,2021,2
Physics and Astronomy,PT,2022,2
Physics and Astronomy,PT,2023,3
Physics and Astronomy,PT,2024,3
Physics and Astronomy,RO,2015,2
Physics and Astronomy,RO,2016,2
Physics and Astronomy,RO,2017,2
Physics and Astronomy,RO,2018,2
Physics and Astronomy,RO,2019,2
Physics and Astronomy,RO,2020,2
Physics and Astronomy,RO,2021,2
Physics and Astronomy,RO,2022,3
Physics and Astronomy,RO,2023,2
Physics and Astronomy,RO,2024,2
Physics and Astronomy,RU,2015,29
Physics and Astronomy,RU,2016,31
Physics and Astronomy,RU,2017,31
Physics and Astronomy,RU,2018,30
Physics and Astronomy,RU,2019,30
Physics and Astronomy,RU,2020,32
Physics and Astronomy,RU,2021,35
Physics and Astronomy,RU,2022,32
Physics and Astronomy,RU,2023,31
Physics and Astronomy,RU,2024,29
Physics and Astronomy,SA,2015,1
Physics and Astronomy,SA,2016,2
Physics and Astronomy,SA,2017,2
Physics and Astronomy,SA,2018,2
Physics and Astronomy,SA,2019,2
Physics and Astronomy,SA,2020,2
Physics and Astronomy,SA,2021,3
Physics and Astronomy,SA,2022,3
Physics and Astronomy,SA,2023,3
Physics and Astronomy,SA,2024,3
Physics and Astronomy,SE,2015,17
Physics and Astronomy,SE,2016,17
Physics and Astronomy,SE,2017,16
Physics and Astronomy,SE,2018,17
Physics and Astronomy,SE,2019,18
Physics and Astronomy,SE,2020,20
Physics and Astronomy,SE,2021,19
Physics and Astronomy,SE,2022,18
Physics and Astronomy,SE,2023,19
Physics and Astronomy,SE,2024,19
Physics and Astronomy,SG,2015,3
Physics and Astronomy,SG,2016,3
Physics and Astronomy,SG,2017,3
Physics and Astronomy,SG,2018,3
Physics and Astronomy,SG,2019,3
Physics and Astronomy,SG,2020,3
Physics and Astronomy,SG,2021,3
Physics and Astronomy,SG,2022,3
Physics and Astronomy,SG,2023,3
Physics and Astronomy,SG,2024,4
Physics and Astronomy,SK,2015,3
Physics and Astronomy,SK,2016,3
Physics and Astronomy,SK,2017,3
Physics and Astronomy,SK,2018,3
Physics and Astronomy,SK,2019,2
Physics and Astronomy,SK,2020,2
Physics and Astronomy,SK,2021,2
Physics and Astronomy,SK,2022,2
Physics and Astronomy,SK,2023,2
Physics and Astronomy,SK,2024,2
Physics and Astronomy,TR,2018,1
Physics and Astronomy,TR,2019,1
Physics and Astronomy,TR,2020,1
Physics and Astronomy,TR,2021,1
Physics and Astronomy,TR,2022,1
Physics and Astronomy,TR,2023,1
Physics and Astronomy,TR,2024,1
Physics and Astronomy,TW,2015,1
Physics and Astronomy,TW,2016,1
Physics and Astronomy,TW,2017,1
Physics and Astronomy,TW,2018,1
Physics and Astronomy,TW,2019,1
Physics and Astronomy,TW,2020,2
Physics and Astronomy,TW,2021,2
Physics and Astronomy,TW,2022,1
Physics and Astronomy,TW,2023,1
Physics and Astronomy,TW,2024,1
Physics and Astronomy,UA,2015,1
Physics and Astronomy,UA,2016,1
Physics and Astronomy,UA,2017,1
Physics and Astronomy,UA,2018,1
Physics and Astronomy,UA,2019,1
Physics and Astronomy,UA,2020,1
Physics and Astronomy,UA,2021,1
Physics and Astronomy,UA,2022,1
Physics and Astronomy,UA,2023,1
Physics and Astronomy,UA,2024,1
Physics and Astronomy,US,2015,697
Physics and Astronomy,US,2016,689
Physics and Astronomy,US,2017,682
Physics and Astronomy,US,2018,684
Physics and Astronomy,US,2019,679
Physics and Astronomy,US,2020,673
Physics and Astronomy,US,2021,671
Physics and Astronomy,US,2022,655
Physics and Astronomy,US,2023,652
Physics and Astronomy,US,2024,645
Physics and Astronomy,ZA,2015,2
Physics and Astronomy,ZA,2016,2
Physics and Astronomy,ZA,2017,2
Physics and Astronomy,ZA,2018,2
Physics and Astronomy,ZA,2019,2
Physics and Astronomy,ZA,2020,2
Physics and Astronomy,ZA,2021,3
Physics and Astronomy,ZA,2022,3
Physics and Astronomy,ZA,2023,4
Physics and Astronomy,ZA,2024,4
Psychology,AT,2015,2
Psychology,AT,2016,2
Psychology,AT,2017,2
Psychology,AT,2018,3
Psychology,AT,2019,3
Psychology,AT,2020,3
Psychology,AT,2021,3
Psychology,AT,2022,4
Psychology,AT,2023,5
Psychology,AT,2024,5
Psychology,AU,2015,34
Psychology,AU,2016,38
Psychology,AU,2017,37
Psychology,AU,2018,38
Psychology,AU,2019,43
Psychology,AU,2020,47
Psychology,AU,2021,50
Psychology,AU,2022,54
Psychology,AU,2023,56
Psychology,AU,2024,57
Psychology,BE,2015,1
Psychology,BE,2016,2
Psychology,BE,2017,2
Psychology,BE,2018,4
Psychology,BE,2019,5
Psychology,BE,2020,6
Psychology,BE,2021,7
Psychology,BE,2022,7
Psychology,BE,2023,7
Psychology,BE,2024,7
Psychology,BG,2015,1
Psychology,BG,2016,1
Psychology,BG,2017,1
Psychology,BG,2018,1
Psychology,BG,2019,1
Psychology,BG,2020,1
Psychology,BG,2021,1
Psychology,BG,2022,1
Psychology,BG,2023,1
Psychology,BG,2024,1
Psychology,BR,2019,1
Psychology,BR,2020,1
Psychology,BR,2021,1
Psychology,BR,2022,1
Psychology,BR,2023,1
Psychology,BR,2024,1
Psychology,CA,2015,75
Psychology,CA,2016,75
Psychology,CA,2017,75
Psychology,CA,2018,75
Psychology,CA,2019,73
Psychology,CA,2020,72
Psychology,CA,2021,72
Psychology,CA,2022,70
Psychology,CA,2023,69
Psychology,CA,2024,68
Psychology,CH,2015,10
Psychology,CH,2016,12
Psychology,CH,2017,12
Psychology,CH,2018,12
Psychology,CH,2019,11
Psychology,CH,2020,11
Psychology,CH,2021,11
Psychology,CH,2022,10
Psychology,CH,2023,12
Psychology,CH,2024,12
Psychology,CM,2015,2
Psychology,CM,2016,2
Psychology,CM,2017,2
Psychology,CM,2018,2
Psychology,CM,2019,2
Psychology,CM,2020,2
Psychology,CM,2021,2
Psychology,CM,2022,2
Psychology,CM,2023,2
Psychology,CM,2024,2
Psychology,CN,2015,1
Psychology,CN,2016,2
Psychology,CN,2017,2
Psychology,CN,2018,2
Psychology,CN,2019,2
Psychology,CN,2020,3
Psychology,CN,2021,3
Psychology,CN,2022,4
Psychology,CN,2023,4
Psychology,CN,2024,7
Psychology,CNX,2015,3
Psychology,CNX,2016,4
Psychology,CNX,2017,5
Psychology,CNX,2018,5
Psychology,CNX,2019,7
Psychology,CNX,2020,8
Psychology,CNX,2021,8
Psychology,CNX,2022,10
Psychology,CNX,2023,10
Psychology,CNX,2024,14
Psychology,CZ,2015,1
Psychology,CZ,2016,1
Psychology,CZ,2017,1
Psychology,CZ,2018,1
Psychology,CZ,2019,2
Psychology,CZ,2020,2
Psychology,CZ,2021,1
Psychology,CZ,2022,1
Psychology,CZ,2023,1
Psychology,CZ,2024,1
Psychology,DE,2015,36
Psychology,DE,2016,37
Psychology,DE,2017,40
Psychology,DE,2018,38
Psychology,DE,2019,37
Psychology,DE,2020,37
Psychology,DE,2021,37
Psychology,DE,2022,40
Psychology,DE,2023,45
Psychology,DE,2024,48
Psychology,DK,2015,4
Psychology,DK,2016,4
Psychology,DK,2017,4
Psychology,DK,2018,4
Psychology,DK,2019,4
Psychology,DK,2020,4
Psychology,DK,2021,5
Psychology,DK,2022,6
Psychology,DK,2023,7
Psychology,DK,2024,8
Psychology,ES,2015,1
Psychology,ES,2016,1
Psychology,ES,2017,2
Psychology,ES,2018,3
Psychology,ES,2019,3
Psychology,ES,2020,3
Psychology,ES,2021,3
Psychology,ES,2022,3
Psychology,ES,2023,3
Psychology,ES,2024,3
Psychology,FI,2015,1
Psychology,FI,2016,1
Psychology,FI,2017,1
Psychology,FI,2018,3
Psychology,FI,2019,4
Psychology,FI,2020,3
Psychology,FI,2021,4
Psychology,FI,2022,4
Psychology,FI,2023,4
Psychology,FI,2024,5
Psychology,FR,2015,13
Psychology,FR,2016,12
Psychology,FR,2017,13
Psychology,FR,2018,13
Psychology,FR,2019,12
Psychology,FR,2020,12
Psychology,FR,2021,12
Psychology,FR,2022,13
Psychology,FR,2023,13
Psychology,FR,2024,12
Psychology,GB,2015,126
Psychology,GB,2016,123
Psychology,GB,2017,132
Psychology,GB,2018,129
Psychology,GB,2019,133
Psychology,GB,2020,137
Psychology,GB,2021,138
Psychology,GB,2022,136
Psychology,GB,2023,143
Psychology,GB,2024,147
Psychology,GH,2015,1
Psychology,GH,2016,1
Psychology,GH,2017,1
Psychology,GH,2018,1
Psychology,GH,2019,1
Psychology,GH,2020,1
Psychology,GH,2021,1
Psychology,GH,2022,1
Psychology,GH,2023,1
Psychology,GH,2024,1
Psychology,HK,2015,2
Psychology,HK,2016,2
Psychology,HK,2017,2
Psychology,HK,2018,2
Psychology,HK,2019,3
Psychology,HK,2020,3
Psychology,HK,2021,3
Psychology,HK,2022,4
Psychology,HK,2023,4
Psychology,HK,2024,5
Psychology,HU,2018,1
Psychology,HU,2019,1
Psychology,IE,2015,1
Psychology,IE,2016,1
Psychology,IE,2017,1
Psychology,IE,2018,1
Psychology,IE,2019,1
Psychology,IE,2020,1
Psychology,IE,2021,1
Psychology,IE,2022,1
Psychology,IE,2023,1
Psychology,IE,2024,1
Psychology,IL,2015,5
Psychology,IL,2016,6
Psychology,IL,2017,5
Psychology,IL,2018,5
Psychology,IL,2019,5
Psychology,IL,2020,4
Psychology,IL,2021,4
Psychology,IL,2022,4
Psychology,IL,2023,4
Psychology,IL,2024,4
Psychology,IN,2015,1
Psychology,IN,2016,2
Psychology,IN,2017,2
Psychology,IN,2018,2
Psychology,IN,2019,2
Psychology,IN,2020,2
Psychology,IN,2021,2
Psychology,IN,2022,2
Psychology,IN,2023,2
Psychology,IN,2024,2
Psychology,IT,2015,7
Psychology,IT,2016,9
Psychology,IT,2017,8
Psychology,IT,2018,10
Psychology,IT,2019,10
Psychology,IT,2020,10
Psychology,IT,2021,10
Psychology,IT,2022,10
Psychology,IT,2023,11
Psychology,IT,2024,12
Psychology,JP,2015,6
Psychology,JP,2016,8
Psychology,JP,2017,8
Psychology,JP,2018,8
Psychology,JP,2019,7
Psychology,JP,2020,7
Psychology,JP,2021,7
Psychology,JP,2022,7
Psychology,JP,2023,7
Psychology,JP,2024,8
Psychology,KE,2015,1
Psychology,KE,2016,1
Psychology,KE,2017,1
Psychology,KE,2018,1
Psychology,KE,2019,1
Psychology,KE,2020,1
Psychology,KE,2021,1
Psychology,KE,2022,1
Psychology,KE,2023,1
Psychology,KE,2024,1
Psychology,KR,2015,1
Psychology,KR,2016,1
Psychology,KR,2017,1
Psychology,KR,2018,1
Psychology,KR,2019,1
Psychology,KR,2020,1
Psychology,KR,2021,1
Psychology,KR,2022,2
Psychology,KR,2023,2
Psychology,KR,2024,2
Psychology,MO,2022,1
Psychology,MO,2023,1
Psychology,MO,2024,2
Psychology,MW,2015,1
Psychology,MW,2016,1
Psychology,MW,2018,1
Psychology,MW,2019,1
Psychology,MX,2015,2
Psychology,MX,2016,1
Psychology,MX,2017,2
Psychology,MX,2018,2
Psychology,MX,2019,2
Psychology,MX,2020,2
Psychology,MX,2021,2
Psychology,MX,2022,2
Psychology,MX,2023,2
Psychology,MX,2024,2
Psychology,NG,2015,1
Psychology,NG,2016,1
Psychology,NG,2017,1
Psychology,NG,2018,1
Psychology,NG,2019,1
Psychology,NG,2020,1
Psychology,NG,2021,1
Psychology,NG,2022,1
Psychology,NG,2023,1
Psychology,NG,2024,1
Psychology,NL,2015,38
Psychology,NL,2016,40
Psychology,NL,2017,39
Psychology,NL,2018,43
Psychology,NL,2019,44
Psychology,NL,2020,47
Psychology,NL,2021,46
Psychology,NL,2022,49
Psychology,NL,2023,51
Psychology,NL,2024,51
Psychology,NO,2015,5
Psychology,NO,2016,5
Psychology,NO,2017,6
Psychology,NO,2018,7
Psychology,NO,2019,6
Psychology,NO,2020,7
Psychology,NO,2021,7
Psychology,NO,2022,7
Psychology,NO,2023,7
Psychology,NO,2024,10
Psychology,NZ,2015,7
Psychology,NZ,2016,7
Psychology,NZ,2017,7
Psychology,NZ,2018,7
Psychology,NZ,2019,7
Psychology,NZ,2020,6
Psychology,NZ,2021,6
Psychology,NZ,2022,6
Psychology,NZ,2023,6
Psychology,NZ,2024,6
Psychology,PK,2015,1
Psychology,PK,2016,2
Psychology,PK,2017,2
Psychology,PK,2018,2
Psychology,PK,2019,2
Psychology,PK,2020,2
Psychology,PK,2021,2
Psychology,PK,2022,2
Psychology,PK,2023,2
Psychology,PK,2024,2
Psychology,PL,2015,2
Psychology,PL,2016,2
Psychology,PL,2017,2
Psychology,PL,2018,2
Psychology,PL,2019,2
Psychology,PL,2020,2
Psychology,PL,2021,2
Psychology,PL,2022,1
Psychology,PL,2023,1
Psychology,PL,2024,1
Psychology,PR,2015,2
Psychology,PR,2016,2
Psychology,PR,2017,2
Psychology,PR,2018,2
Psychology,PR,2019,2
Psychology,PR,2020,2
Psychology,PR,2021,2
Psychology,PR,2022,2
Psychology,PR,2023,1
Psychology,PR,2024,1
Psychology,PT,2024,1
Psychology,RO,2015,1
Psychology,RO,2016,1
Psychology,RO,2017,1
Psychology,RO,2018,1
Psychology,RO,2019,1
Psychology,RO,2020,1
Psychology,RO,2021,1
Psychology,RO,2022,1
Psychology,RO,2023,1
Psychology,RO,2024,2
Psychology,RS,2015,1
Psychology,RS,2016,1
Psychology,RS,2017,1
Psychology,RS,2018,1
Psychology,RS,2019,1
Psychology,RS,2020,1
Psychology,RS,2021,1
Psychology,RS,2022,1
Psychology,RS,2023,1
Psychology,RS,2024,1
Psychology,RU,2015,3
Psychology,RU,2016,3
Psychology,RU,2017,3
Psychology,RU,2018,4
Psychology,RU,2019,4
Psychology,RU,2020,4
Psychology,RU,2021,5
Psychology,RU,2022,5
Psychology,RU,2023,5
Psychology,RU,2024,5
Psychology,SA,2016,1
Psychology,SA,2017,2
Psychology,SA,2018,2
Psychology,SA,2019,2
Psychology,SA,2020,2
Psychology,SA,2021,1
Psychology,SA,2022,1
Psychology,SA,2023,1
Psychology,SA,2024,1
Psychology,SE,2015,7
Psychology,SE,2016,6
Psychology,SE,2017,8
Psychology,SE,2018,8
Psychology,SE,2019,7
Psychology,SE,2020,8
Psychology,SE,2021,8
Psychology,SE,2022,8
Psychology,SE,2023,11
Psychology,SE,2024,11
Psychology,SG,2019,1
Psychology,SG,2020,1
Psychology,SG,2021,2
Psychology,SG,2022,3
Psychology,SG,2023,3
Psychology,SG,2024,3
Psychology,TW,2017,1
Psychology,TW,2018,1
Psychology,TW,2019,2
Psychology,TW,2020,2
Psychology,TW,2021,2
Psychology,TW,2022,3
Psychology,TW,2023,3
Psychology,TW,2024,4
Psychology,UG,2015,1
Psychology,UG,2016,1
Psychology,UG,2017,1
Psychology,UG,2018,1
Psychology,UG,2019,1
Psychology,UG,2020,1
Psychology,UG,2021,2
Psychology,UG,2022,2
Psychology,UG,2023,2
Psychology,UG,2024,2
Psychology,US,2015,771
Psychology,US,2016,761
Psychology,US,2017,753
Psychology,US,2018,747
Psychology,US,2019,741
Psychology,US,2020,737
Psychology,US,2021,731
Psychology,US,2022,720
Psychology,US,2023,712
Psychology,US,2024,703
Psychology,VN,2018,1
Psychology,VN,2021,1
Psychology,VN,2022,1
Psychology,VN,2023,1
Psychology,VN,2024,1
Psychology,ZA,2015,3
Psychology,ZA,2016,3
Psychology,ZA,2017,4
Psychology,ZA,2018,4
Psychology,ZA,2019,3
Psychology,ZA,2020,4
Psychology,ZA,2021,7
Psychology,ZA,2022,7
Psychology,ZA,2023,9
Psychology,ZA,2024,10
Social Sciences,AT,2015,5
Social Sciences,AT,2016,5
Social Sciences,AT,2017,4
Social Sciences,AT,2018,5
Social Sciences,AT,2019,5
Social Sciences,AT,2020,6
Social Sciences,AT,2021,7
Social Sciences,AT,2022,9
Social Sciences,AT,2023,9
Social Sciences,AT,2024,9
Social Sciences,AU,2015,46
Social Sciences,AU,2016,49
Social Sciences,AU,2017,52
Social Sciences,AU,2018,52
Social Sciences,AU,2019,53
Social Sciences,AU,2020,58
Social Sciences,AU,2021,60
Social Sciences,AU,2022,61
Social Sciences,AU,2023,57
Social Sciences,AU,2024,60
Social Sciences,BE,2015,4
Social Sciences,BE,2016,4
Social Sciences,BE,2017,6
Social Sciences,BE,2018,6
Social Sciences,BE,2019,6
Social Sciences,BE,2020,8
Social Sciences,BE,2021,8
Social Sciences,BE,2022,7
Social Sciences,BE,2023,7
Social Sciences,BE,2024,7
Social Sciences,BR,2018,1
Social Sciences,BR,2019,1
Social Sciences,BR,2020,2
Social Sciences,BR,2021,2
Social Sciences,BR,2022,2
Social Sciences,BR,2023,2
Social Sciences,BR,2024,3
Social Sciences,CA,2015,59
Social Sciences,CA,2016,59
Social Sciences,CA,2017,57
Social Sciences,CA,2018,56
Social Sciences,CA,2019,56
Social Sciences,CA,2020,56
Social Sciences,CA,2021,55
Social Sciences,CA,2022,57
Social Sciences,CA,2023,55
Social Sciences,CA,2024,54
Social Sciences,CH,2015,10
Social Sciences,CH,2016,11
Social Sciences,CH,2017,13
Social Sciences,CH,2018,15
Social Sciences,CH,2019,17
Social Sciences,CH,2020,17
Social Sciences,CH,2021,18
Social Sciences,CH,2022,20
Social Sciences,CH,2023,19
Social Sciences,CH,2024,18
Social Sciences,CL,2015,1
Social Sciences,CL,2016,1
Social Sciences,CL,2017,1
Social Sciences,CL,2018,1
Social Sciences,CL,2019,1
Social Sciences,CL,2020,1
Social Sciences,CL,2021,1
Social Sciences,CL,2022,1
Social Sciences,CL,2023,1
Social Sciences,CL,2024,1
Social Sciences,CM,2015,2
Social Sciences,CM,2016,2
Social Sciences,CM,2017,3
Social Sciences,CM,2018,3
Social Sciences,CM,2019,3
Social Sciences,CM,2020,2
Social Sciences,CM,2021,2
Social Sciences,CM,2022,2
Social Sciences,CM,2023,1
Social Sciences,CM,2024,1
Social Sciences,CN,2015,5
Social Sciences,CN,2016,10
Social Sciences,CN,2017,10
Social Sciences,CN,2018,15
Social Sciences,CN,2019,16
Social Sciences,CN,2020,18
Social Sciences,CN,2021,23
Social Sciences,CN,2022,25
Social Sciences,CN,2023,30
Social Sciences,CN,2024,33
Social Sciences,CNX,2015,11
Social Sciences,CNX,2016,16
Social Sciences,CNX,2017,18
Social Sciences,CNX,2018,24
Social Sciences,CNX,2019,26
Social Sciences,CNX,2020,31
Social Sciences,CNX,2021,38
Social Sciences,CNX,2022,39
Social Sciences,CNX,2023,44
Social Sciences,CNX,2024,49
Social Sciences,CU,2015,1
Social Sciences,CU,2016,1
Social Sciences,CU,2017,1
Social Sciences,CU,2018,1
Social Sciences,CU,2019,1
Social Sciences,CU,2020,1
Social Sciences,CU,2021,1
Social Sciences,CU,2022,1
Social Sciences,CU,2023,1
Social Sciences,CU,2024,1
Social Sciences,DE,2015,45
Social Sciences,DE,2016,41
Social Sciences,DE,2017,40
Social Sciences,DE,2018,43
Social Sciences,DE,2019,44
Social Sciences,DE,2020,42
Social Sciences,DE,2021,43
Social Sciences,DE,2022,44
Social Sciences,DE,2023,48
Social Sciences,DE,2024,52
Social Sciences,DK,2015,4
Social Sciences,DK,2016,5
Social Sciences,DK,2017,5
Social Sciences,DK,2018,6
Social Sciences,DK,2019,6
Social Sciences,DK,2020,5
Social Sciences,DK,2021,6
Social Sciences,DK,2022,6
Social Sciences,DK,2023,6
Social Sciences,DK,2024,6
Social Sciences,EG,2018,1
Social Sciences,EG,2019,1
Social Sciences,EG,2020,1
Social Sciences,EG,2021,1
Social Sciences,EG,2022,1
Social Sciences,EG,2023,1
Social Sciences,EG,2024,1
Social Sciences,ES,2015,1
Social Sciences,ES,2016,1
Social Sciences,ES,2017,1
Social Sciences,ES,2018,2
Social Sciences,ES,2019,3
Social Sciences,ES,2020,3
Social Sciences,ES,2021,3
Social Sciences,ES,2022,3
Social Sciences,ES,2023,3
Social Sciences,ES,2024,3
Social Sciences,FI,2015,5
Social Sciences,FI,2016,4
Social Sciences,FI,2017,4
Social Sciences,FI,2018,5
Social Sciences,FI,2019,6
Social Sciences,FI,2020,6
Social Sciences,FI,2021,6
Social Sciences,FI,2022,6
Social Sciences,FI,2023,6
Social Sciences,FI,2024,7
Social Sciences,FR,2015,9
Social Sciences,FR,2016,9
Social Sciences,FR,2017,8
Social Sciences,FR,2018,10
Social Sciences,FR,2019,10
Social Sciences,FR,2020,11
Social Sciences,FR,2021,11
Social Sciences,FR,2022,11
Social Sciences,FR,2023,13
Social Sciences,FR,2024,13
Social Sciences,GB,2015,157
Social Sciences,GB,2016,158
Social Sciences,GB,2017,167
Social Sciences,GB,2018,171
Social Sciences,GB,2019,169
Social Sciences,GB,2020,172
Social Sciences,GB,2021,171
Social Sciences,GB,2022,173
Social Sciences,GB,2023,172
Social Sciences,GB,2024,173
Social Sciences,GH,2015,1
Social Sciences,GH,2016,1
Social Sciences,GH,2017,1
Social Sciences,GH,2018,1
Social Sciences,GH,2019,1
Social Sciences,GH,2020,1
Social Sciences,GH,2021,1
Social Sciences,GH,2022,1
Social Sciences,GH,2023,1
Social Sciences,GH,2024,1
Social Sciences,HK,2015,7
Social Sciences,HK,2016,7
Social Sciences,HK,2017,9
Social Sciences,HK,2018,10
Social Sciences,HK,2019,11
Social Sciences,HK,2020,13
Social Sciences,HK,2021,16
Social Sciences,HK,2022,15
Social Sciences,HK,2023,15
Social Sciences,HK,2024,17
Social Sciences,HU,2015,2
Social Sciences,HU,2016,2
Social Sciences,HU,2017,1
Social Sciences,HU,2018,1
Social Sciences,HU,2019,1
Social Sciences,HU,2020,1
Social Sciences,HU,2021,1
Social Sciences,HU,2022,1
Social Sciences,HU,2023,3
Social Sciences,HU,2024,3
Social Sciences,ID,2021,1
Social Sciences,ID,2022,1
Social Sciences,ID,2023,1
Social Sciences,ID,2024,1
Social Sciences,IE,2015,3
Social Sciences,IE,2016,3
Social Sciences,IE,2017,2
Social Sciences,IE,2018,2
Social Sciences,IE,2019,3
Social Sciences,IE,2020,3
Social Sciences,IE,2021,2
Social Sciences,IE,2022,2
Social Sciences,IE,2023,3
Social Sciences,IE,2024,3
Social Sciences,IL,2015,6
Social Sciences,IL,2016,5
Social Sciences,IL,2017,4
Social Sciences,IL,2018,4
Social Sciences,IL,2019,4
Social Sciences,IL,2020,4
Social Sciences,IL,2021,4
Social Sciences,IL,2022,4
Social Sciences,IL,2023,3
Social Sciences,IL,2024,3
Social Sciences,IN,2015,4
Social Sciences,IN,2016,4
Social Sciences,IN,2017,4
Social Sciences,IN,2018,4
Social Sciences,IN,2019,4
Social Sciences,IN,2020,4
Social Sciences,IN,2021,5
Social Sciences,IN,2022,6
Social Sciences,IN,2023,6
Social Sciences,IN,2024,7
Social Sciences,IR,2015,1
Social Sciences,IR,2016,1
Social Sciences,IR,2017,1
Social Sciences,IR,2018,1
Social Sciences,IR,2019,1
Social Sciences,IR,2020,1
Social Sciences,IR,2021,1
Social Sciences,IR,2024,1
Social Sciences,IT,2015,10
Social Sciences,IT,2016,8
Social Sciences,IT,2017,7
Social Sciences,IT,2018,8
Social Sciences,IT,2019,8
Social Sciences,IT,2020,9
Social Sciences,IT,2021,10
Social Sciences,IT,2022,10
Social Sciences,IT,2023,9
Social Sciences,IT,2024,10
Social Sciences,JP,2015,2
Social Sciences,JP,2016,2
Social Sciences,JP,2017,2
Social Sciences,JP,2018,2
Social Sciences,JP,2019,2
Social Sciences,JP,2020,2
Social Sciences,JP,2021,2
Social Sciences,JP,2022,3
Social Sciences,JP,2023,3
Social Sciences,JP,2024,2
Social Sciences,KH,2023,1
Social Sciences,KH,2024,1
Social Sciences,KR,2015,1
Social Sciences,KR,2016,2
Social Sciences,KR,2017,3
Social Sciences,KR,2018,3
Social Sciences,KR,2019,3
Social Sciences,KR,2020,2
Social Sciences,KR,2021,2
Social Sciences,KR,2022,3
Social Sciences,KR,2023,4
Social Sciences,KR,2024,6
Social Sciences,LU,2015,1
Social Sciences,LU,2016,1
Social Sciences,LU,2017,1
Social Sciences,LU,2018,2
Social Sciences,LU,2019,2
Social Sciences,LU,2020,2
Social Sciences,LU,2021,2
Social Sciences,LU,2022,3
Social Sciences,LU,2023,3
Social Sciences,LU,2024,3
Social Sciences,MO,2018,1
Social Sciences,MO,2019,1
Social Sciences,MO,2020,1
Social Sciences,MO,2021,1
Social Sciences,MO,2022,2
Social Sciences,MO,2023,2
Social Sciences,MO,2024,2
Social Sciences,MX,2015,4
Social Sciences,MX,2016,4
Social Sciences,MX,2017,4
Social Sciences,MX,2018,4
Social Sciences,MX,2019,4
Social Sciences,MX,2020,4
Social Sciences,MX,2021,4
Social Sciences,MX,2022,5
Social Sciences,MX,2023,5
Social Sciences,MX,2024,5
Social Sciences,MY,2016,1
Social Sciences,MY,2017,1
Social Sciences,MY,2018,1
Social Sciences,MY,2019,1
Social Sciences,MY,2020,1
Social Sciences,MY,2021,1
Social Sciences,MY,2022,1
Social Sciences,NG,2015,1
Social Sciences,NG,2016,1
Social Sciences,NG,2017,1
Social Sciences,NG,2018,1
Social Sciences,NG,2019,1
Social Sciences,NG,2020,1
Social Sciences,NG,2021,1
Social Sciences,NG,2022,1
Social Sciences,NL,2015,24
Social Sciences,NL,2016,21
Social Sciences,NL,2017,24
Social Sciences,NL,2018,29
Social Sciences,NL,2019,31
Social Sciences,NL,2020,32
Social Sciences,NL,2021,37
Social Sciences,NL,2022,37
Social Sciences,NL,2023,38
Social Sciences,NL,2024,40
Social Sciences,NO,2015,9
Social Sciences,NO,2016,9
Social Sciences,NO,2017,8
Social Sciences,NO,2018,8
Social Sciences,NO,2019,9
Social Sciences,NO,2020,9
Social Sciences,NO,2021,10
Social Sciences,NO,2022,11
Social Sciences,NO,2023,11
Social Sciences,NO,2024,12
Social Sciences,NZ,2015,4
Social Sciences,NZ,2016,5
Social Sciences,NZ,2017,6
Social Sciences,NZ,2018,6
Social Sciences,NZ,2019,7
Social Sciences,NZ,2020,7
Social Sciences,NZ,2021,7
Social Sciences,NZ,2022,8
Social Sciences,NZ,2023,9
Social Sciences,NZ,2024,10
Social Sciences,PH,2015,2
Social Sciences,PH,2016,2
Social Sciences,PH,2017,2
Social Sciences,PH,2018,2
Social Sciences,PH,2019,2
Social Sciences,PH,2020,1
Social Sciences,PH,2021,1
Social Sciences,PH,2022,1
Social Sciences,PH,2023,1
Social Sciences,PH,2024,1
Social Sciences,PK,2015,1
Social Sciences,PK,2016,1
Social Sciences,PK,2017,1
Social Sciences,PK,2018,1
Social Sciences,PK,2019,1
Social Sciences,PK,2020,1
Social Sciences,PK,2021,1
Social Sciences,PK,2022,1
Social Sciences,PK,2023,2
Social Sciences,PK,2024,1
Social Sciences,PL,2015,1
Social Sciences,PL,2016,1
Social Sciences,PL,2019,1
Social Sciences,PL,2020,1
Social Sciences,PL,2021,1
Social Sciences,PL,2022,1
Social Sciences,PL,2023,1
Social Sciences,PL,2024,1
Social Sciences,PT,2015,1
Social Sciences,PT,2016,1
Social Sciences,PT,2017,1
Social Sciences,PT,2018,1
Social Sciences,PT,2019,1
Social Sciences,PT,2020,1
Social Sciences,PT,2021,2
Social Sciences,PT,2022,2
Social Sciences,PT,2023,2
Social Sciences,PT,2024,2
Social Sciences,QA,2015,2
Social Sciences,QA,2016,2
Social Sciences,QA,2017,2
Social Sciences,QA,2018,2
Social Sciences,QA,2019,2
Social Sciences,QA,2020,2
Social Sciences,QA,2021,2
Social Sciences,QA,2022,3
Social Sciences,QA,2023,3
Social Sciences,QA,2024,2
Social Sciences,RU,2015,3
Social Sciences,RU,2016,3
Social Sciences,RU,2017,2
Social Sciences,RU,2018,2
Social Sciences,RU,2019,3
Social Sciences,RU,2020,5
Social Sciences,RU,2021,5
Social Sciences,RU,2022,5
Social Sciences,RU,2023,6
Social Sciences,RU,2024,6
Social Sciences,SA,2015,2
Social Sciences,SA,2016,3
Social Sciences,SA,2017,3
Social Sciences,SA,2018,3
Social Sciences,SA,2019,3
Social Sciences,SA,2020,3
Social Sciences,SA,2021,3
Social Sciences,SA,2022,3
Social Sciences,SA,2023,2
Social Sciences,SA,2024,1
Social Sciences,SE,2015,11
Social Sciences,SE,2016,11
Social Sciences,SE,2017,11
Social Sciences,SE,2018,11
Social Sciences,SE,2019,10
Social Sciences,SE,2020,12
Social Sciences,SE,2021,12
Social Sciences,SE,2022,14
Social Sciences,SE,2023,12
Social Sciences,SE,2024,12
Social Sciences,SG,2015,5
Social Sciences,SG,2016,7
Social Sciences,SG,2017,7
Social Sciences,SG,2018,7
Social Sciences,SG,2019,6
Social Sciences,SG,2020,6
Social Sciences,SG,2021,8
Social Sciences,SG,2022,8
Social Sciences,SG,2023,8
Social Sciences,SG,2024,8
Social Sciences,SI,2015,6
Social Sciences,SI,2016,5
Social Sciences,SI,2017,5
Social Sciences,SI,2018,5
Social Sciences,SI,2019,5
Social Sciences,SI,2020,5
Social Sciences,SI,2021,5
Social Sciences,SI,2022,5
Social Sciences,SI,2023,5
Social Sciences,SI,2024,5
Social Sciences,SK,2015,1
Social Sciences,SK,2016,1
Social Sciences,SK,2017,1
Social Sciences,SK,2018,1
Social Sciences,SK,2019,1
Social Sciences,SK,2020,1
Social Sciences,SK,2021,1
Social Sciences,SK,2022,1
Social Sciences,SK,2023,1
Social Sciences,SK,2024,1
Social Sciences,SS,2015,2
Social Sciences,SS,2016,2
Social Sciences,SS,2017,2
Social Sciences,SS,2018,1
Social Sciences,SS,2019,2
Social Sciences,SS,2020,2
Social Sciences,SS,2021,2
Social Sciences,SS,2022,2
Social Sciences,SS,2023,2
Social Sciences,SS,2024,2
Social Sciences,TH,2015,1
Social Sciences,TH,2016,1
Social Sciences,TH,2017,1
Social Sciences,TH,2018,1
Social Sciences,TH,2019,1
Social Sciences,TH,2020,1
Social Sciences,TH,2021,1
Social Sciences,TH,2022,1
Social Sciences,TH,2023,1
Social Sciences,TH,2024,1
Social Sciences,TW,2020,1
Social Sciences,TW,2021,1
Social Sciences,TW,2022,1
Social Sciences,TW,2023,1
Social Sciences,TW,2024,1
Social Sciences,UA,2015,1
Social Sciences,UA,2016,1
Social Sciences,UA,2017,1
Social Sciences,UA,2018,1
Social Sciences,UA,2019,1
Social Sciences,UA,2020,1
Social Sciences,UA,2021,2
Social Sciences,UA,2022,2
Social Sciences,UA,2023,2
Social Sciences,UA,2024,2
Social Sciences,US,2015,771
Social Sciences,US,2016,764
Social Sciences,US,2017,747
Social Sciences,US,2018,731
Social Sciences,US,2019,732
Social Sciences,US,2020,719
Social Sciences,US,2021,707
Social Sciences,US,2022,698
Social Sciences,US,2023,692
Social Sciences,US,2024,680
Social Sciences,VN,2015,1
Social Sciences,VN,2016,1
Social Sciences,VN,2017,1
Social Sciences,VN,2018,1
Social Sciences,VN,2019,1
Social Sciences,VN,2020,1
Social Sciences,VN,2021,1
Social Sciences,VN,2022,1
Social Sciences,VN,2023,1
Social Sciences,VN,2024,1
Social Sciences,ZA,2015,4
Social Sciences,ZA,2016,4
Social Sciences,ZA,2017,6
Social Sciences,ZA,2018,6
Social Sciences,ZA,2019,6
Social Sciences,ZA,2020,7
Social Sciences,ZA,2021,8
Social Sciences,ZA,2022,10
Social Sciences,ZA,2023,10
Social Sciences,ZA,2024,11
Veterinary,AE,2015,7
Veterinary,AE,2016,6
Veterinary,AE,2017,6
Veterinary,AE,2018,6
Veterinary,AE,2019,6
Veterinary,AE,2020,5
Veterinary,AE,2021,5
Veterinary,AE,2022,5
Veterinary,AE,2023,5
Veterinary,AE,2024,5
Veterinary,AR,2015,9
Veterinary,AR,2016,9
Veterinary,AR,2017,9
Veterinary,AR,2018,9
Veterinary,AR,2019,9
Veterinary,AR,2020,10
Veterinary,AR,2021,10
Veterinary,AR,2022,10
Veterinary,AR,2023,10
Veterinary,AR,2024,10
Veterinary,AT,2015,10
Veterinary,AT,2016,11
Veterinary,AT,2017,11
Veterinary,AT,2018,11
Veterinary,AT,2019,11
Veterinary,AT,2020,12
Veterinary,AT,2021,12
Veterinary,AT,2022,12
Veterinary,AT,2023,12
Veterinary,AT,2024,12
Veterinary,AU,2015,76
Veterinary,AU,2016,76
Veterinary,AU,2017,76
Veterinary,AU,2018,72
Veterinary,AU,2019,72
Veterinary,AU,2020,69
Veterinary,AU,2021,68
Veterinary,AU,2022,69
Veterinary,AU,2023,70
Veterinary,AU,2024,73
Veterinary,BD,2023,1
Veterinary,BD,2024,1
Veterinary,BE,2015,29
Veterinary,BE,2016,29
Veterinary,BE,2017,28
Veterinary,BE,2018,28
Veterinary,BE,2019,27
Veterinary,BE,2020,28
Veterinary,BE,2021,29
Veterinary,BE,2022,29
Veterinary,BE,2023,27
Veterinary,BE,2024,29
Veterinary,BR,2015,9
Veterinary,BR,2016,10
Veterinary,BR,2017,10
Veterinary,BR,2018,15
Veterinary,BR,2019,15
Veterinary,BR,2020,16
Veterinary,BR,2021,16
Veterinary,BR,2022,16
Veterinary,BR,2023,18
Veterinary,BR,2024,17
Veterinary,BY,2020,1
Veterinary,BY,2021,1
Veterinary,BY,2022,1
Veterinary,BY,2023,1
Veterinary,BY,2024,1
Veterinary,CA,2015,65
Veterinary,CA,2016,64
Veterinary,CA,2017,65
Veterinary,CA,2018,64
Veterinary,CA,2019,63
Veterinary,CA,2020,66
Veterinary,CA,2021,65
Veterinary,CA,2022,68
Veterinary,CA,2023,68
Veterinary,CA,2024,71
Veterinary,CH,2015,28
Veterinary,CH,2016,27
Veterinary,CH,2017,26
Veterinary,CH,2018,28
Veterinary,CH,2019,28
Veterinary,CH,2020,31
Veterinary,CH,2021,32
Veterinary,CH,2022,31
Veterinary,CH,2023,32
Veterinary,CH,2024,36
Veterinary,CL,2015,2
Veterinary,CL,2016,2
Veterinary,CL,2017,2
Veterinary,CL,2018,2
Veterinary,CL,2019,2
Veterinary,CL,2020,2
Veterinary,CL,2021,2
Veterinary,CL,2022,2
Veterinary,CL,2023,2
Veterinary,CL,2024,2
Veterinary,CN,2015,3
Veterinary,CN,2016,3
Veterinary,CN,2017,3
Veterinary,CN,2018,4
Veterinary,CN,2019,4
Veterinary,CN,2020,6
Veterinary,CN,2021,7
Veterinary,CN,2022,8
Veterinary,CN,2023,10
Veterinary,CN,2024,13
Veterinary,CNX,2015,3
Veterinary,CNX,2016,3
Veterinary,CNX,2017,3
Veterinary,CNX,2018,4
Veterinary,CNX,2019,4
Veterinary,CNX,2020,6
Veterinary,CNX,2021,7
Veterinary,CNX,2022,8
Veterinary,CNX,2023,11
Veterinary,CNX,2024,14
Veterinary,CR,2015,3
Veterinary,CR,2016,3
Veterinary,CR,2017,3
Veterinary,CR,2018,3
Veterinary,CR,2019,3
Veterinary,CR,2020,3
Veterinary,CR,2021,4
Veterinary,CR,2022,4
Veterinary,CR,2023,4
Veterinary,CR,2024,4
Veterinary,CY,2015,3
Veterinary,CY,2016,2
Veterinary,CY,2017,2
Veterinary,CY,2018,2
Veterinary,CY,2019,2
Veterinary,CY,2020,2
Veterinary,CY,2021,2
Veterinary,CY,2022,2
Veterinary,CY,2023,2
Veterinary,CY,2024,2
Veterinary,CZ,2015,6
Veterinary,CZ,2016,6
Veterinary,CZ,2017,4
Veterinary,CZ,2018,4
Veterinary,CZ,2019,4
Veterinary,CZ,2020,5
Veterinary,CZ,2021,5
Veterinary,CZ,2022,6
Veterinary,CZ,2023,6
Veterinary,CZ,2024,6
Veterinary,DE,2015,49
Veterinary,DE,2016,48
Veterinary,DE,2017,52
Veterinary,DE,2018,54
Veterinary,DE,2019,57
Veterinary,DE,2020,57
Veterinary,DE,2021,59
Veterinary,DE,2022,61
Veterinary,DE,2023,61
Veterinary,DE,2024,61
Veterinary,DK,2015,28
Veterinary,DK,2016,30
Veterinary,DK,2017,33
Veterinary,DK,2018,32
Veterinary,DK,2019,31
Veterinary,DK,2020,32
Veterinary,DK,2021,32
Veterinary,DK,2022,33
Veterinary,DK,2023,32
Veterinary,DK,2024,30
Veterinary,EE,2022,1
Veterinary,EE,2023,2
Veterinary,EE,2024,2
Veterinary,ES,2015,23
Veterinary,ES,2016,23
Veterinary,ES,2017,25
Veterinary,ES,2018,26
Veterinary,ES,2019,26
Veterinary,ES,2020,26
Veterinary,ES,2021,25
Veterinary,ES,2022,26
Veterinary,ES,2023,27
Veterinary,ES,2024,29
Veterinary,FI,2015,4
Veterinary,FI,2016,5
Veterinary,FI,2017,6
Veterinary,FI,2018,6
Veterinary,FI,2019,6
Veterinary,FI,2020,6
Veterinary,FI,2021,6
Veterinary,FI,2022,6
Veterinary,FI,2023,6
Veterinary,FI,2024,7
Veterinary,FR,2015,57
Veterinary,FR,2016,56
Veterinary,FR,2017,55
Veterinary,FR,2018,55
Veterinary,FR,2019,54
Veterinary,FR,2020,51
Veterinary,FR,2021,52
Veterinary,FR,2022,52
Veterinary,FR,2023,52
Veterinary,FR,2024,50
Veterinary,GB,2015,245
Veterinary,GB,2016,246
Veterinary,GB,2017,245
Veterinary,GB,2018,242
Veterinary,GB,2019,243
Veterinary,GB,2020,240
Veterinary,GB,2021,239
Veterinary,GB,2022,231
Veterinary,GB,2023,225
Veterinary,GB,2024,225
Veterinary,GD,2022,1
Veterinary,GD,2023,1
Veterinary,GD,2024,1
Veterinary,GR,2015,4
Veterinary,GR,2016,3
Veterinary,GR,2017,3
Veterinary,GR,2018,3
Veterinary,GR,2019,4
Veterinary,GR,2020,4
Veterinary,GR,2021,4
Veterinary,GR,2022,5
Veterinary,GR,2023,6
Veterinary,GR,2024,6
Veterinary,HK,2023,1
Veterinary,HK,2024,1
Veterinary,HU,2015,6
Veterinary,HU,2016,6
Veterinary,HU,2017,6
Veterinary,HU,2018,6
Veterinary,HU,2019,6
Veterinary,HU,2020,6
Veterinary,HU,2021,6
Veterinary,HU,2022,5
Veterinary,HU,2023,4
Veterinary,HU,2024,4
Veterinary,IE,2015,15
Veterinary,IE,2016,13
Veterinary,IE,2017,12
Veterinary,IE,2018,13
Veterinary,IE,2019,13
Veterinary,IE,2020,13
Veterinary,IE,2021,14
Veterinary,IE,2022,15
Veterinary,IE,2023,14
Veterinary,IE,2024,13
Veterinary,IN,2015,4
Veterinary,IN,2016,4
Veterinary,IN,2017,6
Veterinary,IN,2018,6
Veterinary,IN,2019,6
Veterinary,IN,2020,5
Veterinary,IN,2021,5
Veterinary,IN,2022,6
Veterinary,IN,2023,6
Veterinary,IN,2024,6
Veterinary,IR,2020,2
Veterinary,IR,2021,2
Veterinary,IR,2022,2
Veterinary,IR,2023,2
Veterinary,IR,2024,2
Veterinary,IS,2015,1
Veterinary,IS,2016,1
Veterinary,IS,2017,1
Veterinary,IS,2018,1
Veterinary,IS,2019,1
Veterinary,IS,2020,1
Veterinary,IS,2021,1
Veterinary,IS,2022,1
Veterinary,IS,2023,1
Veterinary,IS,2024,1
Veterinary,IT,2015,16
Veterinary,IT,2016,17
Veterinary,IT,2017,17
Veterinary,IT,2018,19
Veterinary,IT,2019,19
Veterinary,IT,2020,21
Veterinary,IT,2021,22
Veterinary,IT,2022,23
Veterinary,IT,2023,25
Veterinary,IT,2024,28
Veterinary,JP,2015,12
Veterinary,JP,2016,12
Veterinary,JP,2017,13
Veterinary,JP,2018,13
Veterinary,JP,2019,12
Veterinary,JP,2020,12
Veterinary,JP,2021,12
Veterinary,JP,2022,11
Veterinary,JP,2023,11
Veterinary,JP,2024,11
Veterinary,KE,2015,4
Veterinary,KE,2016,2
Veterinary,KE,2017,2
Veterinary,KE,2018,2
Veterinary,KE,2019,2
Veterinary,KE,2020,1
Veterinary,KE,2021,1
Veterinary,KE,2022,1
Veterinary,KE,2023,1
Veterinary,KE,2024,1
Veterinary,KN,2015,2
Veterinary,KN,2016,2
Veterinary,KN,2017,2
Veterinary,KN,2018,2
Veterinary,KN,2019,2
Veterinary,KN,2020,2
Veterinary,KN,2021,2
Veterinary,KN,2022,2
Veterinary,KN,2023,2
Veterinary,KN,2024,2
Veterinary,KR,2015,1
Veterinary,KR,2016,1
Veterinary,KR,2017,2
Veterinary,KR,2018,2
Veterinary,KR,2019,2
Veterinary,KR,2020,2
Veterinary,KR,2021,2
Veterinary,KR,2022,2
Veterinary,KR,2023,2
Veterinary,KR,2024,2
Veterinary,KZ,2024,1
Veterinary,LK,2015,1
Veterinary,LK,2016,1
Veterinary,MA,2015,9
Veterinary,MA,2016,9
Veterinary,MA,2017,9
Veterinary,MA,2018,9
Veterinary,MA,2019,9
Veterinary,MA,2020,9
Veterinary,MA,2021,9
Veterinary,MA,2022,9
Veterinary,MA,2023,8
Veterinary,MA,2024,6
Veterinary,MK,2015,1
Veterinary,MK,2016,1
Veterinary,MK,2017,1
Veterinary,MK,2018,1
Veterinary,MK,2019,1
Veterinary,MK,2020,1
Veterinary,MK,2021,1
Veterinary,MK,2022,1
Veterinary,MK,2023,1
Veterinary,MK,2024,1
Veterinary,MX,2015,2
Veterinary,MX,2016,2
Veterinary,MX,2017,2
Veterinary,MX,2018,2
Veterinary,MX,2019,3
Veterinary,MX,2020,3
Veterinary,MX,2021,3
Veterinary,MX,2022,3
Veterinary,MX,2023,4
Veterinary,MX,2024,4
Veterinary,MY,2015,1
Veterinary,MY,2016,1
Veterinary,MY,2017,1
Veterinary,MY,2018,1
Veterinary,NL,2015,47
Veterinary,NL,2016,50
Veterinary,NL,2017,48
Veterinary,NL,2018,48
Veterinary,NL,2019,51
Veterinary,NL,2020,51
Veterinary,NL,2021,51
Veterinary,NL,2022,53
Veterinary,NL,2023,55
Veterinary,NL,2024,55
Veterinary,NO,2015,8
Veterinary,NO,2016,8
Veterinary,NO,2017,8
Veterinary,NO,2018,8
Veterinary,NO,2019,8
Veterinary,NO,2020,8
Veterinary,NO,2021,8
Veterinary,NO,2022,9
Veterinary,NO,2023,9
Veterinary,NO,2024,9
Veterinary,NZ,2015,30
Veterinary,NZ,2016,28
Veterinary,NZ,2017,28
Veterinary,NZ,2018,28
Veterinary,NZ,2019,28
Veterinary,NZ,2020,28
Veterinary,NZ,2021,27
Veterinary,NZ,2022,27
Veterinary,NZ,2023,25
Veterinary,NZ,2024,24
Veterinary,PE,2015,2
Veterinary,PE,2016,1
Veterinary,PE,2023,1
Veterinary,PE,2024,1
Veterinary,PK,2015,3
Veterinary,PK,2016,2
Veterinary,PK,2017,4
Veterinary,PK,2018,4
Veterinary,PK,2019,4
Veterinary,PK,2020,5
Veterinary,PK,2021,4
Veterinary,PK,2022,4
Veterinary,PK,2023,5
Veterinary,PK,2024,4
Veterinary,PL,2015,1
Veterinary,PL,2016,1
Veterinary,PL,2017,1
Veterinary,PL,2018,1
Veterinary,PL,2019,3
Veterinary,PL,2020,3
Veterinary,PL,2021,2
Veterinary,PL,2022,2
Veterinary,PL,2023,2
Veterinary,PL,2024,4
Veterinary,PR,2015,1
Veterinary,PR,2016,1
Veterinary,PR,2017,1
Veterinary,PR,2018,1
Veterinary,PR,2019,1
Veterinary,PR,2020,1
Veterinary,PR,2021,1
Veterinary,PR,2022,1
Veterinary,PR,2023,1
Veterinary,PR,2024,1
Veterinary,PT,2015,2
Veterinary,PT,2016,2
Veterinary,PT,2017,2
Veterinary,PT,2018,2
Veterinary,PT,2019,2
Veterinary,PT,2020,2
Veterinary,PT,2021,2
Veterinary,PT,2022,2
Veterinary,PT,2023,2
Veterinary,PT,2024,3
Veterinary,QA,2023,1
Veterinary,QA,2024,1
Veterinary,SE,2015,33
Veterinary,SE,2016,34
Veterinary,SE,2017,35
Veterinary,SE,2018,35
Veterinary,SE,2019,35
Veterinary,SE,2020,34
Veterinary,SE,2021,35
Veterinary,SE,2022,35
Veterinary,SE,2023,35
Veterinary,SE,2024,35
Veterinary,SG,2024,1
Veterinary,SK,2015,2
Veterinary,SK,2016,2
Veterinary,SK,2017,2
Veterinary,SK,2018,2
Veterinary,SK,2019,2
Veterinary,SK,2020,2
Veterinary,SK,2021,3
Veterinary,SK,2022,3
Veterinary,SK,2023,3
Veterinary,SK,2024,3
Veterinary,TH,2015,2
Veterinary,TH,2016,2
Veterinary,TH,2017,2
Veterinary,TH,2018,2
Veterinary,TH,2019,2
Veterinary,TH,2020,2
Veterinary,TH,2021,2
Veterinary,TH,2022,2
Veterinary,TH,2023,2
Veterinary,TH,2024,2
Veterinary,TZ,2015,5
Veterinary,TZ,2016,5
Veterinary,TZ,2017,4
Veterinary,TZ,2018,4
Veterinary,TZ,2019,4
Veterinary,TZ,2020,4
Veterinary,TZ,2021,4
Veterinary,TZ,2022,4
Veterinary,TZ,2023,4
Veterinary,TZ,2024,4
Veterinary,US,2015,440
Veterinary,US,2016,429
Veterinary,US,2017,422
Veterinary,US,2018,419
Veterinary,US,2019,411
Veterinary,US,2020,403
Veterinary,US,2021,396
Veterinary,US,2022,392
Veterinary,US,2023,381
Veterinary,US,2024,371
Veterinary,UY,2015,2
Veterinary,UY,2016,2
Veterinary,UY,2017,2
Veterinary,UY,2018,2
Veterinary,UY,2019,2
Veterinary,UY,2020,2
Veterinary,UY,2021,2
Veterinary,UY,2022,2
Veterinary,UY,2023,2
Veterinary,UY,2024,2
Veterinary,VE,2015,1
Veterinary,VE,2016,1
Veterinary,VN,2015,4
Veterinary,VN,2016,5
Veterinary,VN,2017,3
Veterinary,VN,2018,3
Veterinary,VN,2019,3
Veterinary,VN,2020,2
Veterinary,VN,2021,3
Veterinary,VN,2022,3
Veterinary,VN,2023,2
Veterinary,VN,2024,2
Veterinary,ZA,2015,5
Veterinary,ZA,2016,5
Veterinary,ZA,2017,5
Veterinary,ZA,2018,5
Veterinary,ZA,2019,6
Veterinary,ZA,2020,6
Veterinary,ZA,2021,6
Veterinary,ZA,2022,6
Veterinary,ZA,2023,7
Veterinary,ZA,2024,7
