"layer","x","y","fill","PANEL","group","align_padding","flipped_aes","ymin","ymax","xmin","xmax","colour","linewidth","linetype","alpha"
1,1899.875,0,"#377eb8","1",1,"TRUE","FALSE",0,0,1899.875,1899.875,"white",0.15,1,0.95
1,1900,1,"#377eb8","1",1,"FALSE","FALSE",0.285714285714286,1,1900,1900,"white",0.15,1,0.95
1,1900.125,1,"#377eb8","1",1,"FALSE","FALSE",0.275,1,1900.125,1900.125,"white",0.15,1,0.95
1,1900.875,1,"#377eb8","1",1,"FALSE","FALSE",0.210714285714286,1,1900.875,1900.875,"white",0.15,1,0.95
1,1901,1,"#377eb8","1",1,"FALSE","FALSE",0.2,1,1901,1901,"white",0.15,1,0.95
1,1901.125,1,"#377eb8","1",1,"FALSE","FALSE",0.2,1,1901.125,1901.125,"white",0.15,1,0.95
1,1901.875,1,"#377eb8","1",1,"FALSE","FALSE",0.2,1,1901.875,1901.875,"white",0.15,1,0.95
1,1902,1,"#377eb8","1",1,"FALSE","FALSE",0.2,1,1902,1902,"white",0.15,1,0.95
1,1902.125,1,"#377eb8","1",1,"FALSE","FALSE",0.2,1,1902.125,1902.125,"white",0.15,1,0.95
1,1902.875,1,"#377eb8","1",1,"FALSE","FALSE",0.2,1,1902.875,1902.875,"white",0.15,1,0.95
1,1903,1,"#377eb8","1",1,"FALSE","FALSE",0.2,1,1903,1903,"white",0.15,1,0.95
1,1903.125,1,"#377eb8","1",1,"FALSE","FALSE",0.2,1,1903.125,1903.125,"white",0.15,1,0.95
1,1903.875,1,"#377eb8","1",1,"FALSE","FALSE",0.2,1,1903.875,1903.875,"white",0.15,1,0.95
1,1904,1,"#377eb8","1",1,"FALSE","FALSE",0.2,1,1904,1904,"white",0.15,1,0.95
1,1904.125,1,"#377eb8","1",1,"FALSE","FALSE",0.2,1,1904.125,1904.125,"white",0.15,1,0.95
1,1904.875,1,"#377eb8","1",1,"FALSE","FALSE",0.2,1,1904.875,1904.875,"white",0.15,1,0.95
1,1905,1,"#377eb8","1",1,"FALSE","FALSE",0.2,1,1905,1905,"white",0.15,1,0.95
1,1905.125,1,"#377eb8","1",1,"FALSE","FALSE",0.2,1,1905.125,1905.125,"white",0.15,1,0.95
1,1905.875,1,"#377eb8","1",1,"FALSE","FALSE",0.2,1,1905.875,1905.875,"white",0.15,1,0.95
1,1906,1,"#377eb8","1",1,"FALSE","FALSE",0.2,1,1906,1906,"white",0.15,1,0.95
1,1906.125,1,"#377eb8","1",1,"FALSE","FALSE",0.2,1,1906.125,1906.125,"white",0.15,1,0.95
1,1906.875,1,"#377eb8","1",1,"FALSE","FALSE",0.2,1,1906.875,1906.875,"white",0.15,1,0.95
1,1907,1,"#377eb8","1",1,"FALSE","FALSE",0.2,1,1907,1907,"white",0.15,1,0.95
1,1907.125,1,"#377eb8","1",1,"FALSE","FALSE",0.2,1,1907.125,1907.125,"white",0.15,1,0.95
1,1907.875,1,"#377eb8","1",1,"FALSE","FALSE",0.2,1,1907.875,1907.875,"white",0.15,1,0.95
1,1908,1,"#377eb8","1",1,"FALSE","FALSE",0.2,1,1908,1908,"white",0.15,1,0.95
1,1908.125,1,"#377eb8","1",1,"FALSE","FALSE",0.2,1,1908.125,1908.125,"white",0.15,1,0.95
1,1908.875,1,"#377eb8","1",1,"FALSE","FALSE",0.2,1,1908.875,1908.875,"white",0.15,1,0.95
1,1909,1,"#377eb8","1",1,"FALSE","FALSE",0.2,1,1909,1909,"white",0.15,1,0.95
1,1909.125,1,"#377eb8","1",1,"FALSE","FALSE",0.2,1,1909.125,1909.125,"white",0.15,1,0.95
1,1909.875,1,"#377eb8","1",1,"FALSE","FALSE",0.2,1,1909.875,1909.875,"white",0.15,1,0.95
1,1910,1,"#377eb8","1",1,"FALSE","FALSE",0.2,1,1910,1910,"white",0.15,1,0.95
1,1910.125,1,"#377eb8","1",1,"FALSE","FALSE",0.2,1,1910.125,1910.125,"white",0.15,1,0.95
1,1910.875,1,"#377eb8","1",1,"FALSE","FALSE",0.2,1,1910.875,1910.875,"white",0.15,1,0.95
1,1911,1,"#377eb8","1",1,"FALSE","FALSE",0.2,1,1911,1911,"white",0.15,1,0.95
1,1911.125,1,"#377eb8","1",1,"FALSE","FALSE",0.2,1,1911.125,1911.125,"white",0.15,1,0.95
1,1911.875,1,"#377eb8","1",1,"FALSE","FALSE",0.2,1,1911.875,1911.875,"white",0.15,1,0.95
1,1912,1,"#377eb8","1",1,"FALSE","FALSE",0.2,1,1912,1912,"white",0.15,1,0.95
1,1912.125,1,"#377eb8","1",1,"FALSE","FALSE",0.2,1,1912.125,1912.125,"white",0.15,1,0.95
1,1912.875,1,"#377eb8","1",1,"FALSE","FALSE",0.2,1,1912.875,1912.875,"white",0.15,1,0.95
1,1913,1,"#377eb8","1",1,"FALSE","FALSE",0.2,1,1913,1913,"white",0.15,1,0.95
1,1913.125,1,"#377eb8","1",1,"FALSE","FALSE",0.2,1,1913.125,1913.125,"white",0.15,1,0.95
1,1913.875,1,"#377eb8","1",1,"FALSE","FALSE",0.2,1,1913.875,1913.875,"white",0.15,1,0.95
1,1914,1,"#377eb8","1",1,"FALSE","FALSE",0.2,1,1914,1914,"white",0.15,1,0.95
1,1914.125,1,"#377eb8","1",1,"FALSE","FALSE",0.2,1,1914.125,1914.125,"white",0.15,1,0.95
1,1914.875,1,"#377eb8","1",1,"FALSE","FALSE",0.2,1,1914.875,1914.875,"white",0.15,1,0.95
1,1915,1,"#377eb8","1",1,"FALSE","FALSE",0.2,1,1915,1915,"white",0.15,1,0.95
1,1915.125,1,"#377eb8","1",1,"FALSE","FALSE",0.2,1,1915.125,1915.125,"white",0.15,1,0.95
1,1915.875,1,"#377eb8","1",1,"FALSE","FALSE",0.2,1,1915.875,1915.875,"white",0.15,1,0.95
1,1916,1,"#377eb8","1",1,"FALSE","FALSE",0.2,1,1916,1916,"white",0.15,1,0.95
1,1916.125,1,"#377eb8","1",1,"FALSE","FALSE",0.209090909090909,1,1916.125,1916.125,"white",0.15,1,0.95
1,1916.875,1,"#377eb8","1",1,"FALSE","FALSE",0.263636363636364,1,1916.875,1916.875,"white",0.15,1,0.95
1,1917,1,"#377eb8","1",1,"FALSE","FALSE",0.272727272727273,1,1917,1917,"white",0.15,1,0.95
1,1917.125,1,"#377eb8","1",1,"FALSE","FALSE",0.272727272727273,1,1917.125,1917.125,"white",0.15,1,0.95
1,1917.875,1,"#377eb8","1",1,"FALSE","FALSE",0.272727272727273,1,1917.875,1917.875,"white",0.15,1,0.95
1,1918,1,"#377eb8","1",1,"FALSE","FALSE",0.272727272727273,1,1918,1918,"white",0.15,1,0.95
1,1918.125,1,"#377eb8","1",1,"FALSE","FALSE",0.272727272727273,1,1918.125,1918.125,"white",0.15,1,0.95
1,1918.875,1,"#377eb8","1",1,"FALSE","FALSE",0.272727272727273,1,1918.875,1918.875,"white",0.15,1,0.95
1,1919,1,"#377eb8","1",1,"FALSE","FALSE",0.272727272727273,1,1919,1919,"white",0.15,1,0.95
1,1919.125,1,"#377eb8","1",1,"FALSE","FALSE",0.272727272727273,1,1919.125,1919.125,"white",0.15,1,0.95
1,1919.875,1,"#377eb8","1",1,"FALSE","FALSE",0.272727272727273,1,1919.875,1919.875,"white",0.15,1,0.95
1,1920,1,"#377eb8","1",1,"FALSE","FALSE",0.272727272727273,1,1920,1920,"white",0.15,1,0.95
1,1920.125,1,"#377eb8","1",1,"FALSE","FALSE",0.272727272727273,1,1920.125,1920.125,"white",0.15,1,0.95
1,1920.875,1,"#377eb8","1",1,"FALSE","FALSE",0.272727272727273,1,1920.875,1920.875,"white",0.15,1,0.95
1,1921,1,"#377eb8","1",1,"FALSE","FALSE",0.272727272727273,1,1921,1921,"white",0.15,1,0.95
1,1921.125,1,"#377eb8","1",1,"FALSE","FALSE",0.272727272727273,1,1921.125,1921.125,"white",0.15,1,0.95
1,1921.875,1,"#377eb8","1",1,"FALSE","FALSE",0.272727272727273,1,1921.875,1921.875,"white",0.15,1,0.95
1,1922,1,"#377eb8","1",1,"FALSE","FALSE",0.272727272727273,1,1922,1922,"white",0.15,1,0.95
1,1922.125,1,"#377eb8","1",1,"FALSE","FALSE",0.272727272727273,1,1922.125,1922.125,"white",0.15,1,0.95
1,1922.875,1,"#377eb8","1",1,"FALSE","FALSE",0.272727272727273,1,1922.875,1922.875,"white",0.15,1,0.95
1,1923,1,"#377eb8","1",1,"FALSE","FALSE",0.272727272727273,1,1923,1923,"white",0.15,1,0.95
1,1923.125,1,"#377eb8","1",1,"FALSE","FALSE",0.272727272727273,1,1923.125,1923.125,"white",0.15,1,0.95
1,1923.875,1,"#377eb8","1",1,"FALSE","FALSE",0.272727272727273,1,1923.875,1923.875,"white",0.15,1,0.95
1,1924,1,"#377eb8","1",1,"FALSE","FALSE",0.272727272727273,1,1924,1924,"white",0.15,1,0.95
1,1924.125,1,"#377eb8","1",1,"FALSE","FALSE",0.28030303030303,1,1924.125,1924.125,"white",0.15,1,0.95
1,1924.875,1,"#377eb8","1",1,"FALSE","FALSE",0.325757575757576,1,1924.875,1924.875,"white",0.15,1,0.95
1,1925,1,"#377eb8","1",1,"FALSE","FALSE",0.333333333333333,1,1925,1925,"white",0.15,1,0.95
1,1925.125,1,"#377eb8","1",1,"FALSE","FALSE",0.333333333333333,1,1925.125,1925.125,"white",0.15,1,0.95
1,1925.875,1,"#377eb8","1",1,"FALSE","FALSE",0.333333333333333,1,1925.875,1925.875,"white",0.15,1,0.95
1,1926,1,"#377eb8","1",1,"FALSE","FALSE",0.333333333333333,1,1926,1926,"white",0.15,1,0.95
1,1926.125,1,"#377eb8","1",1,"FALSE","FALSE",0.333333333333333,1,1926.125,1926.125,"white",0.15,1,0.95
1,1926.875,1,"#377eb8","1",1,"FALSE","FALSE",0.333333333333333,1,1926.875,1926.875,"white",0.15,1,0.95
1,1927,1,"#377eb8","1",1,"FALSE","FALSE",0.333333333333333,1,1927,1927,"white",0.15,1,0.95
1,1927.125,1,"#377eb8","1",1,"FALSE","FALSE",0.333333333333333,1,1927.125,1927.125,"white",0.15,1,0.95
1,1927.875,1,"#377eb8","1",1,"FALSE","FALSE",0.333333333333333,1,1927.875,1927.875,"white",0.15,1,0.95
1,1928,1,"#377eb8","1",1,"FALSE","FALSE",0.333333333333333,1,1928,1928,"white",0.15,1,0.95
1,1928.125,1,"#377eb8","1",1,"FALSE","FALSE",0.33974358974359,1,1928.125,1928.125,"white",0.15,1,0.95
1,1928.875,1,"#377eb8","1",1,"FALSE","FALSE",0.378205128205128,1,1928.875,1928.875,"white",0.15,1,0.95
1,1929,1,"#377eb8","1",1,"FALSE","FALSE",0.384615384615385,1,1929,1929,"white",0.15,1,0.95
1,1929.125,1,"#377eb8","1",1,"FALSE","FALSE",0.384615384615385,1,1929.125,1929.125,"white",0.15,1,0.95
1,1929.875,1,"#377eb8","1",1,"FALSE","FALSE",0.384615384615385,1,1929.875,1929.875,"white",0.15,1,0.95
1,1930,1,"#377eb8","1",1,"FALSE","FALSE",0.384615384615385,1,1930,1930,"white",0.15,1,0.95
1,1930.125,1,"#377eb8","1",1,"FALSE","FALSE",0.384615384615385,1,1930.125,1930.125,"white",0.15,1,0.95
1,1930.875,1,"#377eb8","1",1,"FALSE","FALSE",0.384615384615385,1,1930.875,1930.875,"white",0.15,1,0.95
1,1931,1,"#377eb8","1",1,"FALSE","FALSE",0.384615384615385,1,1931,1931,"white",0.15,1,0.95
1,1931.125,1,"#377eb8","1",1,"FALSE","FALSE",0.384615384615385,1,1931.125,1931.125,"white",0.15,1,0.95
1,1931.875,1,"#377eb8","1",1,"FALSE","FALSE",0.384615384615385,1,1931.875,1931.875,"white",0.15,1,0.95
1,1932,1,"#377eb8","1",1,"FALSE","FALSE",0.384615384615385,1,1932,1932,"white",0.15,1,0.95
1,1932.125,1,"#377eb8","1",1,"FALSE","FALSE",0.384615384615385,1,1932.125,1932.125,"white",0.15,1,0.95
1,1932.875,1,"#377eb8","1",1,"FALSE","FALSE",0.384615384615385,1,1932.875,1932.875,"white",0.15,1,0.95
1,1933,1,"#377eb8","1",1,"FALSE","FALSE",0.384615384615385,1,1933,1933,"white",0.15,1,0.95
1,1933.125,1,"#377eb8","1",1,"FALSE","FALSE",0.384615384615385,1,1933.125,1933.125,"white",0.15,1,0.95
1,1933.875,1,"#377eb8","1",1,"FALSE","FALSE",0.384615384615385,1,1933.875,1933.875,"white",0.15,1,0.95
1,1934,1,"#377eb8","1",1,"FALSE","FALSE",0.384615384615385,1,1934,1934,"white",0.15,1,0.95
1,1934.125,1,"#377eb8","1",1,"FALSE","FALSE",0.384615384615385,1,1934.125,1934.125,"white",0.15,1,0.95
1,1934.875,1,"#377eb8","1",1,"FALSE","FALSE",0.384615384615385,1,1934.875,1934.875,"white",0.15,1,0.95
1,1935,1,"#377eb8","1",1,"FALSE","FALSE",0.384615384615385,1,1935,1935,"white",0.15,1,0.95
1,1935.125,1,"#377eb8","1",1,"FALSE","FALSE",0.381181318681319,1,1935.125,1935.125,"white",0.15,1,0.95
1,1935.875,1,"#377eb8","1",1,"FALSE","FALSE",0.360576923076923,1,1935.875,1935.875,"white",0.15,1,0.95
1,1936,1,"#377eb8","1",1,"FALSE","FALSE",0.357142857142857,1,1936,1936,"white",0.15,1,0.95
1,1936.125,1,"#377eb8","1",1,"FALSE","FALSE",0.357142857142857,1,1936.125,1936.125,"white",0.15,1,0.95
1,1936.875,1,"#377eb8","1",1,"FALSE","FALSE",0.357142857142857,1,1936.875,1936.875,"white",0.15,1,0.95
1,1937,1,"#377eb8","1",1,"FALSE","FALSE",0.357142857142857,1,1937,1937,"white",0.15,1,0.95
1,1937.125,1,"#377eb8","1",1,"FALSE","FALSE",0.357142857142857,1,1937.125,1937.125,"white",0.15,1,0.95
1,1937.875,1,"#377eb8","1",1,"FALSE","FALSE",0.357142857142857,1,1937.875,1937.875,"white",0.15,1,0.95
1,1938,1,"#377eb8","1",1,"FALSE","FALSE",0.357142857142857,1,1938,1938,"white",0.15,1,0.95
1,1938.125,1,"#377eb8","1",1,"FALSE","FALSE",0.357142857142857,1,1938.125,1938.125,"white",0.15,1,0.95
1,1938.875,1,"#377eb8","1",1,"FALSE","FALSE",0.357142857142857,1,1938.875,1938.875,"white",0.15,1,0.95
1,1939,1,"#377eb8","1",1,"FALSE","FALSE",0.357142857142857,1,1939,1939,"white",0.15,1,0.95
1,1939.125,1,"#377eb8","1",1,"FALSE","FALSE",0.357142857142857,1,1939.125,1939.125,"white",0.15,1,0.95
1,1939.875,1,"#377eb8","1",1,"FALSE","FALSE",0.357142857142857,1,1939.875,1939.875,"white",0.15,1,0.95
1,1940,1,"#377eb8","1",1,"FALSE","FALSE",0.357142857142857,1,1940,1940,"white",0.15,1,0.95
1,1940.125,1,"#377eb8","1",1,"FALSE","FALSE",0.357142857142857,1,1940.125,1940.125,"white",0.15,1,0.95
1,1940.875,1,"#377eb8","1",1,"FALSE","FALSE",0.357142857142857,1,1940.875,1940.875,"white",0.15,1,0.95
1,1941,1,"#377eb8","1",1,"FALSE","FALSE",0.357142857142857,1,1941,1941,"white",0.15,1,0.95
1,1941.125,1,"#377eb8","1",1,"FALSE","FALSE",0.357142857142857,1,1941.125,1941.125,"white",0.15,1,0.95
1,1941.875,1,"#377eb8","1",1,"FALSE","FALSE",0.357142857142857,1,1941.875,1941.875,"white",0.15,1,0.95
1,1942,1,"#377eb8","1",1,"FALSE","FALSE",0.357142857142857,1,1942,1942,"white",0.15,1,0.95
1,1942.125,1,"#377eb8","1",1,"FALSE","FALSE",0.357142857142857,1,1942.125,1942.125,"white",0.15,1,0.95
1,1942.875,1,"#377eb8","1",1,"FALSE","FALSE",0.357142857142857,1,1942.875,1942.875,"white",0.15,1,0.95
1,1943,1,"#377eb8","1",1,"FALSE","FALSE",0.357142857142857,1,1943,1943,"white",0.15,1,0.95
1,1943.125,1,"#377eb8","1",1,"FALSE","FALSE",0.357142857142857,1,1943.125,1943.125,"white",0.15,1,0.95
1,1943.875,1,"#377eb8","1",1,"FALSE","FALSE",0.357142857142857,1,1943.875,1943.875,"white",0.15,1,0.95
1,1944,1,"#377eb8","1",1,"FALSE","FALSE",0.357142857142857,1,1944,1944,"white",0.15,1,0.95
1,1944.125,1,"#377eb8","1",1,"FALSE","FALSE",0.357142857142857,1,1944.125,1944.125,"white",0.15,1,0.95
1,1944.875,1,"#377eb8","1",1,"FALSE","FALSE",0.357142857142857,1,1944.875,1944.875,"white",0.15,1,0.95
1,1945,1,"#377eb8","1",1,"FALSE","FALSE",0.357142857142857,1,1945,1945,"white",0.15,1,0.95
1,1945.125,1,"#377eb8","1",1,"FALSE","FALSE",0.3515625,1,1945.125,1945.125,"white",0.15,1,0.95
1,1945.875,1,"#377eb8","1",1,"FALSE","FALSE",0.318080357142857,1,1945.875,1945.875,"white",0.15,1,0.95
1,1946,1,"#377eb8","1",1,"FALSE","FALSE",0.3125,1,1946,1946,"white",0.15,1,0.95
1,1946.125,1,"#377eb8","1",1,"FALSE","FALSE",0.3125,1,1946.125,1946.125,"white",0.15,1,0.95
1,1946.875,1,"#377eb8","1",1,"FALSE","FALSE",0.3125,1,1946.875,1946.875,"white",0.15,1,0.95
1,1947,1,"#377eb8","1",1,"FALSE","FALSE",0.3125,1,1947,1947,"white",0.15,1,0.95
1,1947.125,1,"#377eb8","1",1,"FALSE","FALSE",0.3125,1,1947.125,1947.125,"white",0.15,1,0.95
1,1947.875,1,"#377eb8","1",1,"FALSE","FALSE",0.3125,1,1947.875,1947.875,"white",0.15,1,0.95
1,1948,1,"#377eb8","1",1,"FALSE","FALSE",0.3125,1,1948,1948,"white",0.15,1,0.95
1,1948.125,1,"#377eb8","1",1,"FALSE","FALSE",0.3125,1,1948.125,1948.125,"white",0.15,1,0.95
1,1948.875,1,"#377eb8","1",1,"FALSE","FALSE",0.3125,1,1948.875,1948.875,"white",0.15,1,0.95
1,1949,1,"#377eb8","1",1,"FALSE","FALSE",0.3125,1,1949,1949,"white",0.15,1,0.95
1,1949.125,1,"#377eb8","1",1,"FALSE","FALSE",0.3125,1,1949.125,1949.125,"white",0.15,1,0.95
1,1949.875,1,"#377eb8","1",1,"FALSE","FALSE",0.3125,1,1949.875,1949.875,"white",0.15,1,0.95
1,1950,1,"#377eb8","1",1,"FALSE","FALSE",0.3125,1,1950,1950,"white",0.15,1,0.95
1,1950.125,1,"#377eb8","1",1,"FALSE","FALSE",0.3125,1,1950.125,1950.125,"white",0.15,1,0.95
1,1950.875,1,"#377eb8","1",1,"FALSE","FALSE",0.3125,1,1950.875,1950.875,"white",0.15,1,0.95
1,1951,1,"#377eb8","1",1,"FALSE","FALSE",0.3125,1,1951,1951,"white",0.15,1,0.95
1,1951.125,1,"#377eb8","1",1,"FALSE","FALSE",0.310202205882353,1,1951.125,1951.125,"white",0.15,1,0.95
1,1951.875,1,"#377eb8","1",1,"FALSE","FALSE",0.296415441176471,1,1951.875,1951.875,"white",0.15,1,0.95
1,1952,1,"#377eb8","1",1,"FALSE","FALSE",0.294117647058824,1,1952,1952,"white",0.15,1,0.95
1,1952.125,1,"#377eb8","1",1,"FALSE","FALSE",0.294117647058824,1,1952.125,1952.125,"white",0.15,1,0.95
1,1952.875,1,"#377eb8","1",1,"FALSE","FALSE",0.294117647058824,1,1952.875,1952.875,"white",0.15,1,0.95
1,1953,1,"#377eb8","1",1,"FALSE","FALSE",0.294117647058824,1,1953,1953,"white",0.15,1,0.95
1,1953.125,1,"#377eb8","1",1,"FALSE","FALSE",0.294117647058824,1,1953.125,1953.125,"white",0.15,1,0.95
1,1953.875,1,"#377eb8","1",1,"FALSE","FALSE",0.294117647058824,1,1953.875,1953.875,"white",0.15,1,0.95
1,1954,1,"#377eb8","1",1,"FALSE","FALSE",0.294117647058824,1,1954,1954,"white",0.15,1,0.95
1,1954.125,1,"#377eb8","1",1,"FALSE","FALSE",0.294117647058824,1,1954.125,1954.125,"white",0.15,1,0.95
1,1954.875,1,"#377eb8","1",1,"FALSE","FALSE",0.294117647058824,1,1954.875,1954.875,"white",0.15,1,0.95
1,1955,1,"#377eb8","1",1,"FALSE","FALSE",0.294117647058824,1,1955,1955,"white",0.15,1,0.95
1,1955.125,1,"#377eb8","1",1,"FALSE","FALSE",0.294117647058824,1,1955.125,1955.125,"white",0.15,1,0.95
1,1955.875,1,"#377eb8","1",1,"FALSE","FALSE",0.294117647058824,1,1955.875,1955.875,"white",0.15,1,0.95
1,1956,1,"#377eb8","1",1,"FALSE","FALSE",0.294117647058824,1,1956,1956,"white",0.15,1,0.95
1,1956.125,1,"#377eb8","1",1,"FALSE","FALSE",0.299019607843137,1,1956.125,1956.125,"white",0.15,1,0.95
1,1956.875,1,"#377eb8","1",1,"FALSE","FALSE",0.32843137254902,1,1956.875,1956.875,"white",0.15,1,0.95
1,1957,1,"#377eb8","1",1,"FALSE","FALSE",0.333333333333333,1,1957,1957,"white",0.15,1,0.95
1,1957.125,1,"#377eb8","1",1,"FALSE","FALSE",0.333333333333333,1,1957.125,1957.125,"white",0.15,1,0.95
1,1957.875,1,"#377eb8","1",1,"FALSE","FALSE",0.333333333333333,1,1957.875,1957.875,"white",0.15,1,0.95
1,1958,1,"#377eb8","1",1,"FALSE","FALSE",0.333333333333333,1,1958,1958,"white",0.15,1,0.95
1,1958.125,1,"#377eb8","1",1,"FALSE","FALSE",0.331140350877193,1,1958.125,1958.125,"white",0.15,1,0.95
1,1958.875,1,"#377eb8","1",1,"FALSE","FALSE",0.317982456140351,1,1958.875,1958.875,"white",0.15,1,0.95
1,1959,1,"#377eb8","1",1,"FALSE","FALSE",0.315789473684211,1,1959,1959,"white",0.15,1,0.95
1,1959.125,1,"#377eb8","1",1,"FALSE","FALSE",0.313815789473684,1,1959.125,1959.125,"white",0.15,1,0.95
1,1959.875,1,"#377eb8","1",1,"FALSE","FALSE",0.301973684210526,1,1959.875,1959.875,"white",0.15,1,0.95
1,1960,1,"#377eb8","1",1,"FALSE","FALSE",0.3,1,1960,1960,"white",0.15,1,0.95
1,1960.125,1,"#377eb8","1",1,"FALSE","FALSE",0.298214285714286,1,1960.125,1960.125,"white",0.15,1,0.95
1,1960.875,1,"#377eb8","1",1,"FALSE","FALSE",0.2875,1,1960.875,1960.875,"white",0.15,1,0.95
1,1961,1,"#377eb8","1",1,"FALSE","FALSE",0.285714285714286,1,1961,1961,"white",0.15,1,0.95
1,1961.125,1,"#377eb8","1",1,"FALSE","FALSE",0.285714285714286,1,1961.125,1961.125,"white",0.15,1,0.95
1,1961.875,1,"#377eb8","1",1,"FALSE","FALSE",0.285714285714286,1,1961.875,1961.875,"white",0.15,1,0.95
1,1962,1,"#377eb8","1",1,"FALSE","FALSE",0.285714285714286,1,1962,1962,"white",0.15,1,0.95
1,1962.125,1,"#377eb8","1",1,"FALSE","FALSE",0.285714285714286,1,1962.125,1962.125,"white",0.15,1,0.95
1,1962.875,1,"#377eb8","1",1,"FALSE","FALSE",0.285714285714286,1,1962.875,1962.875,"white",0.15,1,0.95
1,1963,1,"#377eb8","1",1,"FALSE","FALSE",0.285714285714286,1,1963,1963,"white",0.15,1,0.95
1,1963.125,1,"#377eb8","1",1,"FALSE","FALSE",0.284090909090909,1,1963.125,1963.125,"white",0.15,1,0.95
1,1963.875,1,"#377eb8","1",1,"FALSE","FALSE",0.274350649350649,1,1963.875,1963.875,"white",0.15,1,0.95
1,1964,1,"#377eb8","1",1,"FALSE","FALSE",0.272727272727273,1,1964,1964,"white",0.15,1,0.95
1,1964.125,1,"#377eb8","1",1,"FALSE","FALSE",0.272727272727273,1,1964.125,1964.125,"white",0.15,1,0.95
1,1964.875,1,"#377eb8","1",1,"FALSE","FALSE",0.272727272727273,1,1964.875,1964.875,"white",0.15,1,0.95
1,1965,1,"#377eb8","1",1,"FALSE","FALSE",0.272727272727273,1,1965,1965,"white",0.15,1,0.95
1,1965.125,1,"#377eb8","1",1,"FALSE","FALSE",0.276679841897233,1,1965.125,1965.125,"white",0.15,1,0.95
1,1965.875,1,"#377eb8","1",1,"FALSE","FALSE",0.300395256916996,1,1965.875,1965.875,"white",0.15,1,0.95
1,1966,1,"#377eb8","1",1,"FALSE","FALSE",0.304347826086957,1,1966,1966,"white",0.15,1,0.95
1,1966.125,1,"#377eb8","1",1,"FALSE","FALSE",0.30276268115942,1,1966.125,1966.125,"white",0.15,1,0.95
1,1966.875,1,"#377eb8","1",1,"FALSE","FALSE",0.293251811594203,1,1966.875,1966.875,"white",0.15,1,0.95
1,1967,1,"#377eb8","1",1,"FALSE","FALSE",0.291666666666667,1,1967,1967,"white",0.15,1,0.95
1,1967.125,1,"#377eb8","1",1,"FALSE","FALSE",0.291666666666667,1,1967.125,1967.125,"white",0.15,1,0.95
1,1967.875,1,"#377eb8","1",1,"FALSE","FALSE",0.291666666666667,1,1967.875,1967.875,"white",0.15,1,0.95
1,1968,1,"#377eb8","1",1,"FALSE","FALSE",0.291666666666667,1,1968,1968,"white",0.15,1,0.95
1,1968.125,1,"#377eb8","1",1,"FALSE","FALSE",0.295208333333333,1,1968.125,1968.125,"white",0.15,1,0.95
1,1968.875,1,"#377eb8","1",1,"FALSE","FALSE",0.316458333333333,1,1968.875,1968.875,"white",0.15,1,0.95
1,1969,1,"#377eb8","1",1,"FALSE","FALSE",0.32,1,1969,1969,"white",0.15,1,0.95
1,1969.125,1,"#377eb8","1",1,"FALSE","FALSE",0.317037037037037,1,1969.125,1969.125,"white",0.15,1,0.95
1,1969.875,1,"#377eb8","1",1,"FALSE","FALSE",0.299259259259259,1,1969.875,1969.875,"white",0.15,1,0.95
1,1970,1,"#377eb8","1",1,"FALSE","FALSE",0.296296296296296,1,1970,1970,"white",0.15,1,0.95
1,1970.125,1,"#377eb8","1",1,"FALSE","FALSE",0.296296296296296,1,1970.125,1970.125,"white",0.15,1,0.95
1,1970.875,1,"#377eb8","1",1,"FALSE","FALSE",0.296296296296296,1,1970.875,1970.875,"white",0.15,1,0.95
1,1971,1,"#377eb8","1",1,"FALSE","FALSE",0.296296296296296,1,1971,1971,"white",0.15,1,0.95
1,1971.125,1,"#377eb8","1",1,"FALSE","FALSE",0.293742017879949,1,1971.125,1971.125,"white",0.15,1,0.95
1,1971.875,1,"#377eb8","1",1,"FALSE","FALSE",0.278416347381865,1,1971.875,1971.875,"white",0.15,1,0.95
1,1972,1,"#377eb8","1",1,"FALSE","FALSE",0.275862068965517,1,1972,1972,"white",0.15,1,0.95
1,1972.125,1,"#377eb8","1",1,"FALSE","FALSE",0.274712643678161,1,1972.125,1972.125,"white",0.15,1,0.95
1,1972.875,1,"#377eb8","1",1,"FALSE","FALSE",0.267816091954023,1,1972.875,1972.875,"white",0.15,1,0.95
1,1973,1,"#377eb8","1",1,"FALSE","FALSE",0.266666666666667,1,1973,1973,"white",0.15,1,0.95
1,1973.125,1,"#377eb8","1",1,"FALSE","FALSE",0.265591397849462,1,1973.125,1973.125,"white",0.15,1,0.95
1,1973.875,1,"#377eb8","1",1,"FALSE","FALSE",0.259139784946237,1,1973.875,1973.875,"white",0.15,1,0.95
1,1974,1,"#377eb8","1",1,"FALSE","FALSE",0.258064516129032,1,1974,1974,"white",0.15,1,0.95
1,1974.125,1,"#377eb8","1",1,"FALSE","FALSE",0.257056451612903,1,1974.125,1974.125,"white",0.15,1,0.95
1,1974.875,1,"#377eb8","1",1,"FALSE","FALSE",0.251008064516129,1,1974.875,1974.875,"white",0.15,1,0.95
1,1975,1,"#377eb8","1",1,"FALSE","FALSE",0.25,1,1975,1975,"white",0.15,1,0.95
1,1975.125,1,"#377eb8","1",1,"FALSE","FALSE",0.255514705882353,1,1975.125,1975.125,"white",0.15,1,0.95
1,1975.875,1,"#377eb8","1",1,"FALSE","FALSE",0.288602941176471,1,1975.875,1975.875,"white",0.15,1,0.95
1,1976,1,"#377eb8","1",1,"FALSE","FALSE",0.294117647058824,1,1976,1976,"white",0.15,1,0.95
1,1976.125,1,"#377eb8","1",1,"FALSE","FALSE",0.294117647058824,1,1976.125,1976.125,"white",0.15,1,0.95
1,1976.875,1,"#377eb8","1",1,"FALSE","FALSE",0.294117647058824,1,1976.875,1976.875,"white",0.15,1,0.95
1,1977,1,"#377eb8","1",1,"FALSE","FALSE",0.294117647058824,1,1977,1977,"white",0.15,1,0.95
1,1977.125,1,"#377eb8","1",1,"FALSE","FALSE",0.289404223227753,1,1977.125,1977.125,"white",0.15,1,0.95
1,1977.875,1,"#377eb8","1",1,"FALSE","FALSE",0.261123680241327,1,1977.875,1977.875,"white",0.15,1,0.95
1,1978,1,"#377eb8","1",1,"FALSE","FALSE",0.256410256410256,1,1978,1978,"white",0.15,1,0.95
1,1978.125,1,"#377eb8","1",1,"FALSE","FALSE",0.255608974358974,1,1978.125,1978.125,"white",0.15,1,0.95
1,1978.875,1,"#377eb8","1",1,"FALSE","FALSE",0.250801282051282,1,1978.875,1978.875,"white",0.15,1,0.95
1,1979,1,"#377eb8","1",1,"FALSE","FALSE",0.25,1,1979,1979,"white",0.15,1,0.95
1,1979.125,1,"#377eb8","1",1,"FALSE","FALSE",0.249237804878049,1,1979.125,1979.125,"white",0.15,1,0.95
1,1979.875,1,"#377eb8","1",1,"FALSE","FALSE",0.244664634146341,1,1979.875,1979.875,"white",0.15,1,0.95
1,1980,1,"#377eb8","1",1,"FALSE","FALSE",0.24390243902439,1,1980,1980,"white",0.15,1,0.95
1,1980.125,1,"#377eb8","1",1,"FALSE","FALSE",0.246152729384437,1,1980.125,1980.125,"white",0.15,1,0.95
1,1980.875,1,"#377eb8","1",1,"FALSE","FALSE",0.259654471544715,1,1980.875,1980.875,"white",0.15,1,0.95
1,1981,1,"#377eb8","1",1,"FALSE","FALSE",0.261904761904762,1,1981,1981,"white",0.15,1,0.95
1,1981.125,1,"#377eb8","1",1,"FALSE","FALSE",0.259722222222222,1,1981.125,1981.125,"white",0.15,1,0.95
1,1981.875,1,"#377eb8","1",1,"FALSE","FALSE",0.246626984126984,1,1981.875,1981.875,"white",0.15,1,0.95
1,1982,1,"#377eb8","1",1,"FALSE","FALSE",0.244444444444444,1,1982,1982,"white",0.15,1,0.95
1,1982.125,1,"#377eb8","1",1,"FALSE","FALSE",0.244444444444444,1,1982.125,1982.125,"white",0.15,1,0.95
1,1982.875,1,"#377eb8","1",1,"FALSE","FALSE",0.244444444444444,1,1982.875,1982.875,"white",0.15,1,0.95
1,1983,1,"#377eb8","1",1,"FALSE","FALSE",0.244444444444444,1,1983,1983,"white",0.15,1,0.95
1,1983.125,1,"#377eb8","1",1,"FALSE","FALSE",0.24580378250591,1,1983.125,1983.125,"white",0.15,1,0.95
1,1983.875,1,"#377eb8","1",1,"FALSE","FALSE",0.253959810874704,1,1983.875,1983.875,"white",0.15,1,0.95
1,1984,1,"#377eb8","1",1,"FALSE","FALSE",0.25531914893617,1,1984,1984,"white",0.15,1,0.95
1,1984.125,1,"#377eb8","1",1,"FALSE","FALSE",0.255904255319149,1,1984.125,1984.125,"white",0.15,1,0.95
1,1984.875,1,"#377eb8","1",1,"FALSE","FALSE",0.259414893617021,1,1984.875,1984.875,"white",0.15,1,0.95
1,1985,1,"#377eb8","1",1,"FALSE","FALSE",0.26,1,1985,1985,"white",0.15,1,0.95
1,1985.125,1,"#377eb8","1",1,"FALSE","FALSE",0.26,1,1985.125,1985.125,"white",0.15,1,0.95
1,1985.875,1,"#377eb8","1",1,"FALSE","FALSE",0.26,1,1985.875,1985.875,"white",0.15,1,0.95
1,1986,1,"#377eb8","1",1,"FALSE","FALSE",0.26,1,1986,1986,"white",0.15,1,0.95
1,1986.125,1,"#377eb8","1",1,"FALSE","FALSE",0.261153846153846,1,1986.125,1986.125,"white",0.15,1,0.95
1,1986.875,1,"#377eb8","1",1,"FALSE","FALSE",0.268076923076923,1,1986.875,1986.875,"white",0.15,1,0.95
1,1987,1,"#377eb8","1",1,"FALSE","FALSE",0.269230769230769,1,1987,1987,"white",0.15,1,0.95
1,1987.125,1,"#377eb8","1",1,"FALSE","FALSE",0.269230769230769,1,1987.125,1987.125,"white",0.15,1,0.95
1,1987.875,1,"#377eb8","1",1,"FALSE","FALSE",0.269230769230769,1,1987.875,1987.875,"white",0.15,1,0.95
1,1988,1,"#377eb8","1",1,"FALSE","FALSE",0.269230769230769,1,1988,1988,"white",0.15,1,0.95
1,1988.125,1,"#377eb8","1",1,"FALSE","FALSE",0.270299145299145,1,1988.125,1988.125,"white",0.15,1,0.95
1,1988.875,1,"#377eb8","1",1,"FALSE","FALSE",0.276709401709402,1,1988.875,1988.875,"white",0.15,1,0.95
1,1989,1,"#377eb8","1",1,"FALSE","FALSE",0.277777777777778,1,1989,1989,"white",0.15,1,0.95
1,1989.125,1,"#377eb8","1",1,"FALSE","FALSE",0.279693486590038,1,1989.125,1989.125,"white",0.15,1,0.95
1,1989.875,1,"#377eb8","1",1,"FALSE","FALSE",0.291187739463602,1,1989.875,1989.875,"white",0.15,1,0.95
1,1990,1,"#377eb8","1",1,"FALSE","FALSE",0.293103448275862,1,1990,1990,"white",0.15,1,0.95
1,1990.125,1,"#377eb8","1",1,"FALSE","FALSE",0.294601110461718,1,1990.125,1990.125,"white",0.15,1,0.95
1,1990.875,1,"#377eb8","1",1,"FALSE","FALSE",0.303587083576856,1,1990.875,1990.875,"white",0.15,1,0.95
1,1991,1,"#377eb8","1",1,"FALSE","FALSE",0.305084745762712,1,1991,1991,"white",0.15,1,0.95
1,1991.125,1,"#377eb8","1",1,"FALSE","FALSE",0.306532485875706,1,1991.125,1991.125,"white",0.15,1,0.95
1,1991.875,1,"#377eb8","1",1,"FALSE","FALSE",0.315218926553672,1,1991.875,1991.875,"white",0.15,1,0.95
1,1992,1,"#377eb8","1",1,"FALSE","FALSE",0.316666666666667,1,1992,1992,"white",0.15,1,0.95
1,1992.125,1,"#377eb8","1",1,"FALSE","FALSE",0.317405913978495,1,1992.125,1992.125,"white",0.15,1,0.95
1,1992.875,1,"#377eb8","1",1,"FALSE","FALSE",0.321841397849462,1,1992.875,1992.875,"white",0.15,1,0.95
1,1993,1,"#377eb8","1",1,"FALSE","FALSE",0.32258064516129,1,1993,1993,"white",0.15,1,0.95
1,1993.125,1,"#377eb8","1",1,"FALSE","FALSE",0.321940604198669,1,1993.125,1993.125,"white",0.15,1,0.95
1,1993.875,1,"#377eb8","1",1,"FALSE","FALSE",0.318100358422939,1,1993.875,1993.875,"white",0.15,1,0.95
1,1994,1,"#377eb8","1",1,"FALSE","FALSE",0.317460317460317,1,1994,1994,"white",0.15,1,0.95
1,1994.125,1,"#377eb8","1",1,"FALSE","FALSE",0.317460317460317,1,1994.125,1994.125,"white",0.15,1,0.95
1,1994.875,1,"#377eb8","1",1,"FALSE","FALSE",0.317460317460317,1,1994.875,1994.875,"white",0.15,1,0.95
1,1995,1,"#377eb8","1",1,"FALSE","FALSE",0.317460317460317,1,1995,1995,"white",0.15,1,0.95
1,1995.125,1,"#377eb8","1",1,"FALSE","FALSE",0.316840277777778,1,1995.125,1995.125,"white",0.15,1,0.95
1,1995.875,1,"#377eb8","1",1,"FALSE","FALSE",0.31312003968254,1,1995.875,1995.875,"white",0.15,1,0.95
1,1996,1,"#377eb8","1",1,"FALSE","FALSE",0.3125,1,1996,1996,"white",0.15,1,0.95
1,1996.125,1,"#377eb8","1",1,"FALSE","FALSE",0.3125,1,1996.125,1996.125,"white",0.15,1,0.95
1,1996.875,1,"#377eb8","1",1,"FALSE","FALSE",0.3125,1,1996.875,1996.875,"white",0.15,1,0.95
1,1997,1,"#377eb8","1",1,"FALSE","FALSE",0.3125,1,1997,1997,"white",0.15,1,0.95
1,1997.125,1,"#377eb8","1",1,"FALSE","FALSE",0.310202205882353,1,1997.125,1997.125,"white",0.15,1,0.95
1,1997.875,1,"#377eb8","1",1,"FALSE","FALSE",0.296415441176471,1,1997.875,1997.875,"white",0.15,1,0.95
1,1998,1,"#377eb8","1",1,"FALSE","FALSE",0.294117647058824,1,1998,1998,"white",0.15,1,0.95
1,1998.125,1,"#377eb8","1",1,"FALSE","FALSE",0.294117647058824,1,1998.125,1998.125,"white",0.15,1,0.95
1,1998.875,1,"#377eb8","1",1,"FALSE","FALSE",0.294117647058824,1,1998.875,1998.875,"white",0.15,1,0.95
1,1999,1,"#377eb8","1",1,"FALSE","FALSE",0.294117647058824,1,1999,1999,"white",0.15,1,0.95
1,1999.125,1,"#377eb8","1",1,"FALSE","FALSE",0.293067226890756,1,1999.125,1999.125,"white",0.15,1,0.95
1,1999.875,1,"#377eb8","1",1,"FALSE","FALSE",0.286764705882353,1,1999.875,1999.875,"white",0.15,1,0.95
1,2000,1,"#377eb8","1",1,"FALSE","FALSE",0.285714285714286,1,2000,2000,"white",0.15,1,0.95
1,2000.125,1,"#377eb8","1",1,"FALSE","FALSE",0.284722222222222,1,2000.125,2000.125,"white",0.15,1,0.95
1,2000.875,1,"#377eb8","1",1,"FALSE","FALSE",0.278769841269841,1,2000.875,2000.875,"white",0.15,1,0.95
1,2001,1,"#377eb8","1",1,"FALSE","FALSE",0.277777777777778,1,2001,2001,"white",0.15,1,0.95
1,2001.125,1,"#377eb8","1",1,"FALSE","FALSE",0.277777777777778,1,2001.125,2001.125,"white",0.15,1,0.95
1,2001.875,1,"#377eb8","1",1,"FALSE","FALSE",0.277777777777778,1,2001.875,2001.875,"white",0.15,1,0.95
1,2002,1,"#377eb8","1",1,"FALSE","FALSE",0.277777777777778,1,2002,2002,"white",0.15,1,0.95
1,2002.125,1,"#377eb8","1",1,"FALSE","FALSE",0.279014459665145,1,2002.125,2002.125,"white",0.15,1,0.95
1,2002.875,1,"#377eb8","1",1,"FALSE","FALSE",0.286434550989346,1,2002.875,2002.875,"white",0.15,1,0.95
1,2003,1,"#377eb8","1",1,"FALSE","FALSE",0.287671232876712,1,2003,2003,"white",0.15,1,0.95
1,2003.125,1,"#377eb8","1",1,"FALSE","FALSE",0.286968739023533,1,2003.125,2003.125,"white",0.15,1,0.95
1,2003.875,1,"#377eb8","1",1,"FALSE","FALSE",0.282753775904461,1,2003.875,2003.875,"white",0.15,1,0.95
1,2004,1,"#377eb8","1",1,"FALSE","FALSE",0.282051282051282,1,2004,2004,"white",0.15,1,0.95
1,2004.125,1,"#377eb8","1",1,"FALSE","FALSE",0.283187276858163,1,2004.125,2004.125,"white",0.15,1,0.95
1,2004.875,1,"#377eb8","1",1,"FALSE","FALSE",0.290003245699448,1,2004.875,2004.875,"white",0.15,1,0.95
1,2005,1,"#377eb8","1",1,"FALSE","FALSE",0.291139240506329,1,2005,2005,"white",0.15,1,0.95
1,2005.125,1,"#377eb8","1",1,"FALSE","FALSE",0.290684335443038,1,2005.125,2005.125,"white",0.15,1,0.95
1,2005.875,1,"#377eb8","1",1,"FALSE","FALSE",0.287954905063291,1,2005.875,2005.875,"white",0.15,1,0.95
1,2006,1,"#377eb8","1",1,"FALSE","FALSE",0.2875,1,2006,2006,"white",0.15,1,0.95
1,2006.125,1,"#377eb8","1",1,"FALSE","FALSE",0.2875,1,2006.125,2006.125,"white",0.15,1,0.95
1,2006.875,1,"#377eb8","1",1,"FALSE","FALSE",0.2875,1,2006.875,2006.875,"white",0.15,1,0.95
1,2007,1,"#377eb8","1",1,"FALSE","FALSE",0.2875,1,2007,2007,"white",0.15,1,0.95
1,2007.125,1,"#377eb8","1",1,"FALSE","FALSE",0.293229166666667,1,2007.125,2007.125,"white",0.15,1,0.95
1,2007.875,1,"#377eb8","1",1,"FALSE","FALSE",0.327604166666667,1,2007.875,2007.875,"white",0.15,1,0.95
1,2008,1,"#377eb8","1",1,"FALSE","FALSE",0.333333333333333,1,2008,2008,"white",0.15,1,0.95
1,2008.125,1,"#377eb8","1",1,"FALSE","FALSE",0.334249084249084,1,2008.125,2008.125,"white",0.15,1,0.95
1,2008.875,1,"#377eb8","1",1,"FALSE","FALSE",0.33974358974359,1,2008.875,2008.875,"white",0.15,1,0.95
1,2009,1,"#377eb8","1",1,"FALSE","FALSE",0.340659340659341,1,2009,2009,"white",0.15,1,0.95
1,2009.125,1,"#377eb8","1",1,"FALSE","FALSE",0.340659340659341,1,2009.125,2009.125,"white",0.15,1,0.95
1,2009.875,1,"#377eb8","1",1,"FALSE","FALSE",0.340659340659341,1,2009.875,2009.875,"white",0.15,1,0.95
1,2010,1,"#377eb8","1",1,"FALSE","FALSE",0.340659340659341,1,2010,2010,"white",0.15,1,0.95
1,2010.125,1,"#377eb8","1",1,"FALSE","FALSE",0.340196488294314,1,2010.125,2010.125,"white",0.15,1,0.95
1,2010.875,1,"#377eb8","1",1,"FALSE","FALSE",0.337419374104157,1,2010.875,2010.875,"white",0.15,1,0.95
1,2011,1,"#377eb8","1",1,"FALSE","FALSE",0.33695652173913,1,2011,2011,"white",0.15,1,0.95
1,2011.125,1,"#377eb8","1",1,"FALSE","FALSE",0.33695652173913,1,2011.125,2011.125,"white",0.15,1,0.95
1,2011.875,1,"#377eb8","1",1,"FALSE","FALSE",0.33695652173913,1,2011.875,2011.875,"white",0.15,1,0.95
1,2012,1,"#377eb8","1",1,"FALSE","FALSE",0.33695652173913,1,2012,2012,"white",0.15,1,0.95
1,2012.125,1,"#377eb8","1",1,"FALSE","FALSE",0.336942219679634,1,2012.125,2012.125,"white",0.15,1,0.95
1,2012.875,1,"#377eb8","1",1,"FALSE","FALSE",0.336856407322654,1,2012.875,2012.875,"white",0.15,1,0.95
1,2013,1,"#377eb8","1",1,"FALSE","FALSE",0.336842105263158,1,2013,2013,"white",0.15,1,0.95
1,2013.125,1,"#377eb8","1",1,"FALSE","FALSE",0.33640350877193,1,2013.125,2013.125,"white",0.15,1,0.95
1,2013.875,1,"#377eb8","1",1,"FALSE","FALSE",0.333771929824561,1,2013.875,2013.875,"white",0.15,1,0.95
1,2014,1,"#377eb8","1",1,"FALSE","FALSE",0.333333333333333,1,2014,2014,"white",0.15,1,0.95
1,2014.125,1,"#377eb8","1",1,"FALSE","FALSE",0.332903780068729,1,2014.125,2014.125,"white",0.15,1,0.95
1,2014.875,1,"#377eb8","1",1,"FALSE","FALSE",0.3303264604811,1,2014.875,2014.875,"white",0.15,1,0.95
1,2015,1,"#377eb8","1",1,"FALSE","FALSE",0.329896907216495,1,2015,2015,"white",0.15,1,0.95
1,2015.125,1,"#377eb8","1",1,"FALSE","FALSE",0.329896907216495,1,2015.125,2015.125,"white",0.15,1,0.95
1,2015.875,1,"#377eb8","1",1,"FALSE","FALSE",0.329896907216495,1,2015.875,2015.875,"white",0.15,1,0.95
1,2016,1,"#377eb8","1",1,"FALSE","FALSE",0.329896907216495,1,2016,2016,"white",0.15,1,0.95
1,2016.125,1,"#377eb8","1",1,"FALSE","FALSE",0.329896907216495,1,2016.125,2016.125,"white",0.15,1,0.95
1,2016.875,1,"#377eb8","1",1,"FALSE","FALSE",0.329896907216495,1,2016.875,2016.875,"white",0.15,1,0.95
1,2017,1,"#377eb8","1",1,"FALSE","FALSE",0.329896907216495,1,2017,2017,"white",0.15,1,0.95
1,2017.125,1,"#377eb8","1",1,"FALSE","FALSE",0.330751630549127,1,2017.125,2017.125,"white",0.15,1,0.95
1,2017.875,1,"#377eb8","1",1,"FALSE","FALSE",0.335879970544919,1,2017.875,2017.875,"white",0.15,1,0.95
1,2018,1,"#377eb8","1",1,"FALSE","FALSE",0.336734693877551,1,2018,2018,"white",0.15,1,0.95
1,2018.125,1,"#377eb8","1",1,"FALSE","FALSE",0.33757215007215,1,2018.125,2018.125,"white",0.15,1,0.95
1,2018.875,1,"#377eb8","1",1,"FALSE","FALSE",0.342596887239744,1,2018.875,2018.875,"white",0.15,1,0.95
1,2019,1,"#377eb8","1",1,"FALSE","FALSE",0.343434343434343,1,2019,2019,"white",0.15,1,0.95
1,2019.125,1,"#377eb8","1",1,"FALSE","FALSE",0.343434343434343,1,2019.125,2019.125,"white",0.15,1,0.95
1,2019.875,1,"#377eb8","1",1,"FALSE","FALSE",0.343434343434343,1,2019.875,2019.875,"white",0.15,1,0.95
1,2020,1,"#377eb8","1",1,"FALSE","FALSE",0.343434343434343,1,2020,2020,"white",0.15,1,0.95
1,2020.125,1,"#377eb8","1",1,"FALSE","FALSE",0.343434343434343,1,2020.125,2020.125,"white",0.15,1,0.95
1,2020.875,1,"#377eb8","1",1,"FALSE","FALSE",0.343434343434343,1,2020.875,2020.875,"white",0.15,1,0.95
1,2021,1,"#377eb8","1",1,"FALSE","FALSE",0.343434343434343,1,2021,2021,"white",0.15,1,0.95
1,2021.125,1,"#377eb8","1",1,"FALSE","FALSE",0.343434343434343,1,2021.125,2021.125,"white",0.15,1,0.95
1,2021.875,1,"#377eb8","1",1,"FALSE","FALSE",0.343434343434343,1,2021.875,2021.875,"white",0.15,1,0.95
1,2022,1,"#377eb8","1",1,"FALSE","FALSE",0.343434343434343,1,2022,2022,"white",0.15,1,0.95
1,2022.125,1,"#377eb8","1",1,"FALSE","FALSE",0.343434343434343,1,2022.125,2022.125,"white",0.15,1,0.95
1,2022.875,1,"#377eb8","1",1,"FALSE","FALSE",0.343434343434343,1,2022.875,2022.875,"white",0.15,1,0.95
1,2023,1,"#377eb8","1",1,"FALSE","FALSE",0.343434343434343,1,2023,2023,"white",0.15,1,0.95
1,2023.125,1,"#377eb8","1",1,"FALSE","FALSE",0.343434343434343,1,2023.125,2023.125,"white",0.15,1,0.95
1,2023.875,1,"#377eb8","1",1,"FALSE","FALSE",0.343434343434343,1,2023.875,2023.875,"white",0.15,1,0.95
1,2024,1,"#377eb8","1",1,"FALSE","FALSE",0.343434343434343,1,2024,2024,"white",0.15,1,0.95
1,2024.125,1,"#377eb8","1",1,"FALSE","FALSE",0.343434343434343,1,2024.125,2024.125,"white",0.15,1,0.95
1,2024.875,1,"#377eb8","1",1,"FALSE","FALSE",0.343434343434343,1,2024.875,2024.875,"white",0.15,1,0.95
1,2025,1,"#377eb8","1",1,"FALSE","FALSE",0.343434343434343,1,2025,2025,"white",0.15,1,0.95
1,2025.125,0,"#377eb8","1",1,"TRUE","FALSE",0,0,2025.125,2025.125,"white",0.15,1,0.95
1,1899.875,0,"#e41a1c","1",2,"TRUE","FALSE",0,0,1899.875,1899.875,"white",0.15,1,0.95
1,1900,0.285714285714286,"#e41a1c","1",2,"FALSE","FALSE",0.285714285714286,0.285714285714286,1900,1900,"white",0.15,1,0.95
1,1900.125,0.275,"#e41a1c","1",2,"FALSE","FALSE",0.275,0.275,1900.125,1900.125,"white",0.15,1,0.95
1,1900.875,0.210714285714286,"#e41a1c","1",2,"FALSE","FALSE",0.210714285714286,0.210714285714286,1900.875,1900.875,"white",0.15,1,0.95
1,1901,0.2,"#e41a1c","1",2,"FALSE","FALSE",0.2,0.2,1901,1901,"white",0.15,1,0.95
1,1901.125,0.2,"#e41a1c","1",2,"FALSE","FALSE",0.2,0.2,1901.125,1901.125,"white",0.15,1,0.95
1,1901.875,0.2,"#e41a1c","1",2,"FALSE","FALSE",0.2,0.2,1901.875,1901.875,"white",0.15,1,0.95
1,1902,0.2,"#e41a1c","1",2,"FALSE","FALSE",0.2,0.2,1902,1902,"white",0.15,1,0.95
1,1902.125,0.2,"#e41a1c","1",2,"FALSE","FALSE",0.2,0.2,1902.125,1902.125,"white",0.15,1,0.95
1,1902.875,0.2,"#e41a1c","1",2,"FALSE","FALSE",0.2,0.2,1902.875,1902.875,"white",0.15,1,0.95
1,1903,0.2,"#e41a1c","1",2,"FALSE","FALSE",0.2,0.2,1903,1903,"white",0.15,1,0.95
1,1903.125,0.2,"#e41a1c","1",2,"FALSE","FALSE",0.2,0.2,1903.125,1903.125,"white",0.15,1,0.95
1,1903.875,0.2,"#e41a1c","1",2,"FALSE","FALSE",0.2,0.2,1903.875,1903.875,"white",0.15,1,0.95
1,1904,0.2,"#e41a1c","1",2,"FALSE","FALSE",0.2,0.2,1904,1904,"white",0.15,1,0.95
1,1904.125,0.2,"#e41a1c","1",2,"FALSE","FALSE",0.2,0.2,1904.125,1904.125,"white",0.15,1,0.95
1,1904.875,0.2,"#e41a1c","1",2,"FALSE","FALSE",0.2,0.2,1904.875,1904.875,"white",0.15,1,0.95
1,1905,0.2,"#e41a1c","1",2,"FALSE","FALSE",0.2,0.2,1905,1905,"white",0.15,1,0.95
1,1905.125,0.2,"#e41a1c","1",2,"FALSE","FALSE",0.2,0.2,1905.125,1905.125,"white",0.15,1,0.95
1,1905.875,0.2,"#e41a1c","1",2,"FALSE","FALSE",0.2,0.2,1905.875,1905.875,"white",0.15,1,0.95
1,1906,0.2,"#e41a1c","1",2,"FALSE","FALSE",0.2,0.2,1906,1906,"white",0.15,1,0.95
1,1906.125,0.2,"#e41a1c","1",2,"FALSE","FALSE",0.2,0.2,1906.125,1906.125,"white",0.15,1,0.95
1,1906.875,0.2,"#e41a1c","1",2,"FALSE","FALSE",0.2,0.2,1906.875,1906.875,"white",0.15,1,0.95
1,1907,0.2,"#e41a1c","1",2,"FALSE","FALSE",0.2,0.2,1907,1907,"white",0.15,1,0.95
1,1907.125,0.2,"#e41a1c","1",2,"FALSE","FALSE",0.2,0.2,1907.125,1907.125,"white",0.15,1,0.95
1,1907.875,0.2,"#e41a1c","1",2,"FALSE","FALSE",0.2,0.2,1907.875,1907.875,"white",0.15,1,0.95
1,1908,0.2,"#e41a1c","1",2,"FALSE","FALSE",0.2,0.2,1908,1908,"white",0.15,1,0.95
1,1908.125,0.2,"#e41a1c","1",2,"FALSE","FALSE",0.2,0.2,1908.125,1908.125,"white",0.15,1,0.95
1,1908.875,0.2,"#e41a1c","1",2,"FALSE","FALSE",0.2,0.2,1908.875,1908.875,"white",0.15,1,0.95
1,1909,0.2,"#e41a1c","1",2,"FALSE","FALSE",0.2,0.2,1909,1909,"white",0.15,1,0.95
1,1909.125,0.2,"#e41a1c","1",2,"FALSE","FALSE",0.2,0.2,1909.125,1909.125,"white",0.15,1,0.95
1,1909.875,0.2,"#e41a1c","1",2,"FALSE","FALSE",0.2,0.2,1909.875,1909.875,"white",0.15,1,0.95
1,1910,0.2,"#e41a1c","1",2,"FALSE","FALSE",0.2,0.2,1910,1910,"white",0.15,1,0.95
1,1910.125,0.2,"#e41a1c","1",2,"FALSE","FALSE",0.2,0.2,1910.125,1910.125,"white",0.15,1,0.95
1,1910.875,0.2,"#e41a1c","1",2,"FALSE","FALSE",0.2,0.2,1910.875,1910.875,"white",0.15,1,0.95
1,1911,0.2,"#e41a1c","1",2,"FALSE","FALSE",0.2,0.2,1911,1911,"white",0.15,1,0.95
1,1911.125,0.2,"#e41a1c","1",2,"FALSE","FALSE",0.2,0.2,1911.125,1911.125,"white",0.15,1,0.95
1,1911.875,0.2,"#e41a1c","1",2,"FALSE","FALSE",0.2,0.2,1911.875,1911.875,"white",0.15,1,0.95
1,1912,0.2,"#e41a1c","1",2,"FALSE","FALSE",0.2,0.2,1912,1912,"white",0.15,1,0.95
1,1912.125,0.2,"#e41a1c","1",2,"FALSE","FALSE",0.2,0.2,1912.125,1912.125,"white",0.15,1,0.95
1,1912.875,0.2,"#e41a1c","1",2,"FALSE","FALSE",0.2,0.2,1912.875,1912.875,"white",0.15,1,0.95
1,1913,0.2,"#e41a1c","1",2,"FALSE","FALSE",0.2,0.2,1913,1913,"white",0.15,1,0.95
1,1913.125,0.2,"#e41a1c","1",2,"FALSE","FALSE",0.2,0.2,1913.125,1913.125,"white",0.15,1,0.95
1,1913.875,0.2,"#e41a1c","1",2,"FALSE","FALSE",0.2,0.2,1913.875,1913.875,"white",0.15,1,0.95
1,1914,0.2,"#e41a1c","1",2,"FALSE","FALSE",0.2,0.2,1914,1914,"white",0.15,1,0.95
1,1914.125,0.2,"#e41a1c","1",2,"FALSE","FALSE",0.2,0.2,1914.125,1914.125,"white",0.15,1,0.95
1,1914.875,0.2,"#e41a1c","1",2,"FALSE","FALSE",0.2,0.2,1914.875,1914.875,"white",0.15,1,0.95
1,1915,0.2,"#e41a1c","1",2,"FALSE","FALSE",0.2,0.2,1915,1915,"white",0.15,1,0.95
1,1915.125,0.2,"#e41a1c","1",2,"FALSE","FALSE",0.2,0.2,1915.125,1915.125,"white",0.15,1,0.95
1,1915.875,0.2,"#e41a1c","1",2,"FALSE","FALSE",0.2,0.2,1915.875,1915.875,"white",0.15,1,0.95
1,1916,0.2,"#e41a1c","1",2,"FALSE","FALSE",0.2,0.2,1916,1916,"white",0.15,1,0.95
1,1916.125,0.209090909090909,"#e41a1c","1",2,"FALSE","FALSE",0.209090909090909,0.209090909090909,1916.125,1916.125,"white",0.15,1,0.95
1,1916.875,0.263636363636364,"#e41a1c","1",2,"FALSE","FALSE",0.263636363636364,0.263636363636364,1916.875,1916.875,"white",0.15,1,0.95
1,1917,0.272727272727273,"#e41a1c","1",2,"FALSE","FALSE",0.272727272727273,0.272727272727273,1917,1917,"white",0.15,1,0.95
1,1917.125,0.272727272727273,"#e41a1c","1",2,"FALSE","FALSE",0.272727272727273,0.272727272727273,1917.125,1917.125,"white",0.15,1,0.95
1,1917.875,0.272727272727273,"#e41a1c","1",2,"FALSE","FALSE",0.272727272727273,0.272727272727273,1917.875,1917.875,"white",0.15,1,0.95
1,1918,0.272727272727273,"#e41a1c","1",2,"FALSE","FALSE",0.272727272727273,0.272727272727273,1918,1918,"white",0.15,1,0.95
1,1918.125,0.272727272727273,"#e41a1c","1",2,"FALSE","FALSE",0.272727272727273,0.272727272727273,1918.125,1918.125,"white",0.15,1,0.95
1,1918.875,0.272727272727273,"#e41a1c","1",2,"FALSE","FALSE",0.272727272727273,0.272727272727273,1918.875,1918.875,"white",0.15,1,0.95
1,1919,0.272727272727273,"#e41a1c","1",2,"FALSE","FALSE",0.272727272727273,0.272727272727273,1919,1919,"white",0.15,1,0.95
1,1919.125,0.272727272727273,"#e41a1c","1",2,"FALSE","FALSE",0.272727272727273,0.272727272727273,1919.125,1919.125,"white",0.15,1,0.95
1,1919.875,0.272727272727273,"#e41a1c","1",2,"FALSE","FALSE",0.272727272727273,0.272727272727273,1919.875,1919.875,"white",0.15,1,0.95
1,1920,0.272727272727273,"#e41a1c","1",2,"FALSE","FALSE",0.272727272727273,0.272727272727273,1920,1920,"white",0.15,1,0.95
1,1920.125,0.272727272727273,"#e41a1c","1",2,"FALSE","FALSE",0.272727272727273,0.272727272727273,1920.125,1920.125,"white",0.15,1,0.95
1,1920.875,0.272727272727273,"#e41a1c","1",2,"FALSE","FALSE",0.272727272727273,0.272727272727273,1920.875,1920.875,"white",0.15,1,0.95
1,1921,0.272727272727273,"#e41a1c","1",2,"FALSE","FALSE",0.272727272727273,0.272727272727273,1921,1921,"white",0.15,1,0.95
1,1921.125,0.272727272727273,"#e41a1c","1",2,"FALSE","FALSE",0.272727272727273,0.272727272727273,1921.125,1921.125,"white",0.15,1,0.95
1,1921.875,0.272727272727273,"#e41a1c","1",2,"FALSE","FALSE",0.272727272727273,0.272727272727273,1921.875,1921.875,"white",0.15,1,0.95
1,1922,0.272727272727273,"#e41a1c","1",2,"FALSE","FALSE",0.272727272727273,0.272727272727273,1922,1922,"white",0.15,1,0.95
1,1922.125,0.272727272727273,"#e41a1c","1",2,"FALSE","FALSE",0.272727272727273,0.272727272727273,1922.125,1922.125,"white",0.15,1,0.95
1,1922.875,0.272727272727273,"#e41a1c","1",2,"FALSE","FALSE",0.272727272727273,0.272727272727273,1922.875,1922.875,"white",0.15,1,0.95
1,1923,0.272727272727273,"#e41a1c","1",2,"FALSE","FALSE",0.272727272727273,0.272727272727273,1923,1923,"white",0.15,1,0.95
1,1923.125,0.272727272727273,"#e41a1c","1",2,"FALSE","FALSE",0.272727272727273,0.272727272727273,1923.125,1923.125,"white",0.15,1,0.95
1,1923.875,0.272727272727273,"#e41a1c","1",2,"FALSE","FALSE",0.272727272727273,0.272727272727273,1923.875,1923.875,"white",0.15,1,0.95
1,1924,0.272727272727273,"#e41a1c","1",2,"FALSE","FALSE",0.272727272727273,0.272727272727273,1924,1924,"white",0.15,1,0.95
1,1924.125,0.28030303030303,"#e41a1c","1",2,"FALSE","FALSE",0.28030303030303,0.28030303030303,1924.125,1924.125,"white",0.15,1,0.95
1,1924.875,0.325757575757576,"#e41a1c","1",2,"FALSE","FALSE",0.325757575757576,0.325757575757576,1924.875,1924.875,"white",0.15,1,0.95
1,1925,0.333333333333333,"#e41a1c","1",2,"FALSE","FALSE",0.333333333333333,0.333333333333333,1925,1925,"white",0.15,1,0.95
1,1925.125,0.333333333333333,"#e41a1c","1",2,"FALSE","FALSE",0.333333333333333,0.333333333333333,1925.125,1925.125,"white",0.15,1,0.95
1,1925.875,0.333333333333333,"#e41a1c","1",2,"FALSE","FALSE",0.333333333333333,0.333333333333333,1925.875,1925.875,"white",0.15,1,0.95
1,1926,0.333333333333333,"#e41a1c","1",2,"FALSE","FALSE",0.333333333333333,0.333333333333333,1926,1926,"white",0.15,1,0.95
1,1926.125,0.333333333333333,"#e41a1c","1",2,"FALSE","FALSE",0.333333333333333,0.333333333333333,1926.125,1926.125,"white",0.15,1,0.95
1,1926.875,0.333333333333333,"#e41a1c","1",2,"FALSE","FALSE",0.333333333333333,0.333333333333333,1926.875,1926.875,"white",0.15,1,0.95
1,1927,0.333333333333333,"#e41a1c","1",2,"FALSE","FALSE",0.333333333333333,0.333333333333333,1927,1927,"white",0.15,1,0.95
1,1927.125,0.333333333333333,"#e41a1c","1",2,"FALSE","FALSE",0.333333333333333,0.333333333333333,1927.125,1927.125,"white",0.15,1,0.95
1,1927.875,0.333333333333333,"#e41a1c","1",2,"FALSE","FALSE",0.333333333333333,0.333333333333333,1927.875,1927.875,"white",0.15,1,0.95
1,1928,0.333333333333333,"#e41a1c","1",2,"FALSE","FALSE",0.333333333333333,0.333333333333333,1928,1928,"white",0.15,1,0.95
1,1928.125,0.33974358974359,"#e41a1c","1",2,"FALSE","FALSE",0.33974358974359,0.33974358974359,1928.125,1928.125,"white",0.15,1,0.95
1,1928.875,0.378205128205128,"#e41a1c","1",2,"FALSE","FALSE",0.378205128205128,0.378205128205128,1928.875,1928.875,"white",0.15,1,0.95
1,1929,0.384615384615385,"#e41a1c","1",2,"FALSE","FALSE",0.384615384615385,0.384615384615385,1929,1929,"white",0.15,1,0.95
1,1929.125,0.384615384615385,"#e41a1c","1",2,"FALSE","FALSE",0.384615384615385,0.384615384615385,1929.125,1929.125,"white",0.15,1,0.95
1,1929.875,0.384615384615385,"#e41a1c","1",2,"FALSE","FALSE",0.384615384615385,0.384615384615385,1929.875,1929.875,"white",0.15,1,0.95
1,1930,0.384615384615385,"#e41a1c","1",2,"FALSE","FALSE",0.384615384615385,0.384615384615385,1930,1930,"white",0.15,1,0.95
1,1930.125,0.384615384615385,"#e41a1c","1",2,"FALSE","FALSE",0.384615384615385,0.384615384615385,1930.125,1930.125,"white",0.15,1,0.95
1,1930.875,0.384615384615385,"#e41a1c","1",2,"FALSE","FALSE",0.384615384615385,0.384615384615385,1930.875,1930.875,"white",0.15,1,0.95
1,1931,0.384615384615385,"#e41a1c","1",2,"FALSE","FALSE",0.384615384615385,0.384615384615385,1931,1931,"white",0.15,1,0.95
1,1931.125,0.384615384615385,"#e41a1c","1",2,"FALSE","FALSE",0.384615384615385,0.384615384615385,1931.125,1931.125,"white",0.15,1,0.95
1,1931.875,0.384615384615385,"#e41a1c","1",2,"FALSE","FALSE",0.384615384615385,0.384615384615385,1931.875,1931.875,"white",0.15,1,0.95
1,1932,0.384615384615385,"#e41a1c","1",2,"FALSE","FALSE",0.384615384615385,0.384615384615385,1932,1932,"white",0.15,1,0.95
1,1932.125,0.384615384615385,"#e41a1c","1",2,"FALSE","FALSE",0.384615384615385,0.384615384615385,1932.125,1932.125,"white",0.15,1,0.95
1,1932.875,0.384615384615385,"#e41a1c","1",2,"FALSE","FALSE",0.384615384615385,0.384615384615385,1932.875,1932.875,"white",0.15,1,0.95
1,1933,0.384615384615385,"#e41a1c","1",2,"FALSE","FALSE",0.384615384615385,0.384615384615385,1933,1933,"white",0.15,1,0.95
1,1933.125,0.384615384615385,"#e41a1c","1",2,"FALSE","FALSE",0.384615384615385,0.384615384615385,1933.125,1933.125,"white",0.15,1,0.95
1,1933.875,0.384615384615385,"#e41a1c","1",2,"FALSE","FALSE",0.384615384615385,0.384615384615385,1933.875,1933.875,"white",0.15,1,0.95
1,1934,0.384615384615385,"#e41a1c","1",2,"FALSE","FALSE",0.384615384615385,0.384615384615385,1934,1934,"white",0.15,1,0.95
1,1934.125,0.384615384615385,"#e41a1c","1",2,"FALSE","FALSE",0.384615384615385,0.384615384615385,1934.125,1934.125,"white",0.15,1,0.95
1,1934.875,0.384615384615385,"#e41a1c","1",2,"FALSE","FALSE",0.384615384615385,0.384615384615385,1934.875,1934.875,"white",0.15,1,0.95
1,1935,0.384615384615385,"#e41a1c","1",2,"FALSE","FALSE",0.384615384615385,0.384615384615385,1935,1935,"white",0.15,1,0.95
1,1935.125,0.381181318681319,"#e41a1c","1",2,"FALSE","FALSE",0.381181318681319,0.381181318681319,1935.125,1935.125,"white",0.15,1,0.95
1,1935.875,0.360576923076923,"#e41a1c","1",2,"FALSE","FALSE",0.360576923076923,0.360576923076923,1935.875,1935.875,"white",0.15,1,0.95
1,1936,0.357142857142857,"#e41a1c","1",2,"FALSE","FALSE",0.357142857142857,0.357142857142857,1936,1936,"white",0.15,1,0.95
1,1936.125,0.357142857142857,"#e41a1c","1",2,"FALSE","FALSE",0.357142857142857,0.357142857142857,1936.125,1936.125,"white",0.15,1,0.95
1,1936.875,0.357142857142857,"#e41a1c","1",2,"FALSE","FALSE",0.357142857142857,0.357142857142857,1936.875,1936.875,"white",0.15,1,0.95
1,1937,0.357142857142857,"#e41a1c","1",2,"FALSE","FALSE",0.357142857142857,0.357142857142857,1937,1937,"white",0.15,1,0.95
1,1937.125,0.357142857142857,"#e41a1c","1",2,"FALSE","FALSE",0.357142857142857,0.357142857142857,1937.125,1937.125,"white",0.15,1,0.95
1,1937.875,0.357142857142857,"#e41a1c","1",2,"FALSE","FALSE",0.357142857142857,0.357142857142857,1937.875,1937.875,"white",0.15,1,0.95
1,1938,0.357142857142857,"#e41a1c","1",2,"FALSE","FALSE",0.357142857142857,0.357142857142857,1938,1938,"white",0.15,1,0.95
1,1938.125,0.357142857142857,"#e41a1c","1",2,"FALSE","FALSE",0.357142857142857,0.357142857142857,1938.125,1938.125,"white",0.15,1,0.95
1,1938.875,0.357142857142857,"#e41a1c","1",2,"FALSE","FALSE",0.357142857142857,0.357142857142857,1938.875,1938.875,"white",0.15,1,0.95
1,1939,0.357142857142857,"#e41a1c","1",2,"FALSE","FALSE",0.357142857142857,0.357142857142857,1939,1939,"white",0.15,1,0.95
1,1939.125,0.357142857142857,"#e41a1c","1",2,"FALSE","FALSE",0.357142857142857,0.357142857142857,1939.125,1939.125,"white",0.15,1,0.95
1,1939.875,0.357142857142857,"#e41a1c","1",2,"FALSE","FALSE",0.357142857142857,0.357142857142857,1939.875,1939.875,"white",0.15,1,0.95
1,1940,0.357142857142857,"#e41a1c","1",2,"FALSE","FALSE",0.357142857142857,0.357142857142857,1940,1940,"white",0.15,1,0.95
1,1940.125,0.357142857142857,"#e41a1c","1",2,"FALSE","FALSE",0.357142857142857,0.357142857142857,1940.125,1940.125,"white",0.15,1,0.95
1,1940.875,0.357142857142857,"#e41a1c","1",2,"FALSE","FALSE",0.357142857142857,0.357142857142857,1940.875,1940.875,"white",0.15,1,0.95
1,1941,0.357142857142857,"#e41a1c","1",2,"FALSE","FALSE",0.357142857142857,0.357142857142857,1941,1941,"white",0.15,1,0.95
1,1941.125,0.357142857142857,"#e41a1c","1",2,"FALSE","FALSE",0.357142857142857,0.357142857142857,1941.125,1941.125,"white",0.15,1,0.95
1,1941.875,0.357142857142857,"#e41a1c","1",2,"FALSE","FALSE",0.357142857142857,0.357142857142857,1941.875,1941.875,"white",0.15,1,0.95
1,1942,0.357142857142857,"#e41a1c","1",2,"FALSE","FALSE",0.357142857142857,0.357142857142857,1942,1942,"white",0.15,1,0.95
1,1942.125,0.357142857142857,"#e41a1c","1",2,"FALSE","FALSE",0.357142857142857,0.357142857142857,1942.125,1942.125,"white",0.15,1,0.95
1,1942.875,0.357142857142857,"#e41a1c","1",2,"FALSE","FALSE",0.357142857142857,0.357142857142857,1942.875,1942.875,"white",0.15,1,0.95
1,1943,0.357142857142857,"#e41a1c","1",2,"FALSE","FALSE",0.357142857142857,0.357142857142857,1943,1943,"white",0.15,1,0.95
1,1943.125,0.357142857142857,"#e41a1c","1",2,"FALSE","FALSE",0.357142857142857,0.357142857142857,1943.125,1943.125,"white",0.15,1,0.95
1,1943.875,0.357142857142857,"#e41a1c","1",2,"FALSE","FALSE",0.357142857142857,0.357142857142857,1943.875,1943.875,"white",0.15,1,0.95
1,1944,0.357142857142857,"#e41a1c","1",2,"FALSE","FALSE",0.357142857142857,0.357142857142857,1944,1944,"white",0.15,1,0.95
1,1944.125,0.357142857142857,"#e41a1c","1",2,"FALSE","FALSE",0.357142857142857,0.357142857142857,1944.125,1944.125,"white",0.15,1,0.95
1,1944.875,0.357142857142857,"#e41a1c","1",2,"FALSE","FALSE",0.357142857142857,0.357142857142857,1944.875,1944.875,"white",0.15,1,0.95
1,1945,0.357142857142857,"#e41a1c","1",2,"FALSE","FALSE",0.357142857142857,0.357142857142857,1945,1945,"white",0.15,1,0.95
1,1945.125,0.3515625,"#e41a1c","1",2,"FALSE","FALSE",0.3515625,0.3515625,1945.125,1945.125,"white",0.15,1,0.95
1,1945.875,0.318080357142857,"#e41a1c","1",2,"FALSE","FALSE",0.318080357142857,0.318080357142857,1945.875,1945.875,"white",0.15,1,0.95
1,1946,0.3125,"#e41a1c","1",2,"FALSE","FALSE",0.3125,0.3125,1946,1946,"white",0.15,1,0.95
1,1946.125,0.3125,"#e41a1c","1",2,"FALSE","FALSE",0.3125,0.3125,1946.125,1946.125,"white",0.15,1,0.95
1,1946.875,0.3125,"#e41a1c","1",2,"FALSE","FALSE",0.3125,0.3125,1946.875,1946.875,"white",0.15,1,0.95
1,1947,0.3125,"#e41a1c","1",2,"FALSE","FALSE",0.3125,0.3125,1947,1947,"white",0.15,1,0.95
1,1947.125,0.3125,"#e41a1c","1",2,"FALSE","FALSE",0.3125,0.3125,1947.125,1947.125,"white",0.15,1,0.95
1,1947.875,0.3125,"#e41a1c","1",2,"FALSE","FALSE",0.3125,0.3125,1947.875,1947.875,"white",0.15,1,0.95
1,1948,0.3125,"#e41a1c","1",2,"FALSE","FALSE",0.3125,0.3125,1948,1948,"white",0.15,1,0.95
1,1948.125,0.3125,"#e41a1c","1",2,"FALSE","FALSE",0.3125,0.3125,1948.125,1948.125,"white",0.15,1,0.95
1,1948.875,0.3125,"#e41a1c","1",2,"FALSE","FALSE",0.3125,0.3125,1948.875,1948.875,"white",0.15,1,0.95
1,1949,0.3125,"#e41a1c","1",2,"FALSE","FALSE",0.3125,0.3125,1949,1949,"white",0.15,1,0.95
1,1949.125,0.3125,"#e41a1c","1",2,"FALSE","FALSE",0.3125,0.3125,1949.125,1949.125,"white",0.15,1,0.95
1,1949.875,0.3125,"#e41a1c","1",2,"FALSE","FALSE",0.3125,0.3125,1949.875,1949.875,"white",0.15,1,0.95
1,1950,0.3125,"#e41a1c","1",2,"FALSE","FALSE",0.3125,0.3125,1950,1950,"white",0.15,1,0.95
1,1950.125,0.3125,"#e41a1c","1",2,"FALSE","FALSE",0.3125,0.3125,1950.125,1950.125,"white",0.15,1,0.95
1,1950.875,0.3125,"#e41a1c","1",2,"FALSE","FALSE",0.3125,0.3125,1950.875,1950.875,"white",0.15,1,0.95
1,1951,0.3125,"#e41a1c","1",2,"FALSE","FALSE",0.3125,0.3125,1951,1951,"white",0.15,1,0.95
1,1951.125,0.310202205882353,"#e41a1c","1",2,"FALSE","FALSE",0.310202205882353,0.310202205882353,1951.125,1951.125,"white",0.15,1,0.95
1,1951.875,0.296415441176471,"#e41a1c","1",2,"FALSE","FALSE",0.296415441176471,0.296415441176471,1951.875,1951.875,"white",0.15,1,0.95
1,1952,0.294117647058824,"#e41a1c","1",2,"FALSE","FALSE",0.294117647058824,0.294117647058824,1952,1952,"white",0.15,1,0.95
1,1952.125,0.294117647058824,"#e41a1c","1",2,"FALSE","FALSE",0.294117647058824,0.294117647058824,1952.125,1952.125,"white",0.15,1,0.95
1,1952.875,0.294117647058824,"#e41a1c","1",2,"FALSE","FALSE",0.294117647058824,0.294117647058824,1952.875,1952.875,"white",0.15,1,0.95
1,1953,0.294117647058824,"#e41a1c","1",2,"FALSE","FALSE",0.294117647058824,0.294117647058824,1953,1953,"white",0.15,1,0.95
1,1953.125,0.294117647058824,"#e41a1c","1",2,"FALSE","FALSE",0.294117647058824,0.294117647058824,1953.125,1953.125,"white",0.15,1,0.95
1,1953.875,0.294117647058824,"#e41a1c","1",2,"FALSE","FALSE",0.294117647058824,0.294117647058824,1953.875,1953.875,"white",0.15,1,0.95
1,1954,0.294117647058824,"#e41a1c","1",2,"FALSE","FALSE",0.294117647058824,0.294117647058824,1954,1954,"white",0.15,1,0.95
1,1954.125,0.294117647058824,"#e41a1c","1",2,"FALSE","FALSE",0.294117647058824,0.294117647058824,1954.125,1954.125,"white",0.15,1,0.95
1,1954.875,0.294117647058824,"#e41a1c","1",2,"FALSE","FALSE",0.294117647058824,0.294117647058824,1954.875,1954.875,"white",0.15,1,0.95
1,1955,0.294117647058824,"#e41a1c","1",2,"FALSE","FALSE",0.294117647058824,0.294117647058824,1955,1955,"white",0.15,1,0.95
1,1955.125,0.294117647058824,"#e41a1c","1",2,"FALSE","FALSE",0.294117647058824,0.294117647058824,1955.125,1955.125,"white",0.15,1,0.95
1,1955.875,0.294117647058824,"#e41a1c","1",2,"FALSE","FALSE",0.294117647058824,0.294117647058824,1955.875,1955.875,"white",0.15,1,0.95
1,1956,0.294117647058824,"#e41a1c","1",2,"FALSE","FALSE",0.294117647058824,0.294117647058824,1956,1956,"white",0.15,1,0.95
1,1956.125,0.299019607843137,"#e41a1c","1",2,"FALSE","FALSE",0.299019607843137,0.299019607843137,1956.125,1956.125,"white",0.15,1,0.95
1,1956.875,0.32843137254902,"#e41a1c","1",2,"FALSE","FALSE",0.32843137254902,0.32843137254902,1956.875,1956.875,"white",0.15,1,0.95
1,1957,0.333333333333333,"#e41a1c","1",2,"FALSE","FALSE",0.333333333333333,0.333333333333333,1957,1957,"white",0.15,1,0.95
1,1957.125,0.333333333333333,"#e41a1c","1",2,"FALSE","FALSE",0.333333333333333,0.333333333333333,1957.125,1957.125,"white",0.15,1,0.95
1,1957.875,0.333333333333333,"#e41a1c","1",2,"FALSE","FALSE",0.333333333333333,0.333333333333333,1957.875,1957.875,"white",0.15,1,0.95
1,1958,0.333333333333333,"#e41a1c","1",2,"FALSE","FALSE",0.333333333333333,0.333333333333333,1958,1958,"white",0.15,1,0.95
1,1958.125,0.331140350877193,"#e41a1c","1",2,"FALSE","FALSE",0.331140350877193,0.331140350877193,1958.125,1958.125,"white",0.15,1,0.95
1,1958.875,0.317982456140351,"#e41a1c","1",2,"FALSE","FALSE",0.317982456140351,0.317982456140351,1958.875,1958.875,"white",0.15,1,0.95
1,1959,0.315789473684211,"#e41a1c","1",2,"FALSE","FALSE",0.315789473684211,0.315789473684211,1959,1959,"white",0.15,1,0.95
1,1959.125,0.313815789473684,"#e41a1c","1",2,"FALSE","FALSE",0.313815789473684,0.313815789473684,1959.125,1959.125,"white",0.15,1,0.95
1,1959.875,0.301973684210526,"#e41a1c","1",2,"FALSE","FALSE",0.301973684210526,0.301973684210526,1959.875,1959.875,"white",0.15,1,0.95
1,1960,0.3,"#e41a1c","1",2,"FALSE","FALSE",0.3,0.3,1960,1960,"white",0.15,1,0.95
1,1960.125,0.298214285714286,"#e41a1c","1",2,"FALSE","FALSE",0.298214285714286,0.298214285714286,1960.125,1960.125,"white",0.15,1,0.95
1,1960.875,0.2875,"#e41a1c","1",2,"FALSE","FALSE",0.2875,0.2875,1960.875,1960.875,"white",0.15,1,0.95
1,1961,0.285714285714286,"#e41a1c","1",2,"FALSE","FALSE",0.285714285714286,0.285714285714286,1961,1961,"white",0.15,1,0.95
1,1961.125,0.285714285714286,"#e41a1c","1",2,"FALSE","FALSE",0.285714285714286,0.285714285714286,1961.125,1961.125,"white",0.15,1,0.95
1,1961.875,0.285714285714286,"#e41a1c","1",2,"FALSE","FALSE",0.285714285714286,0.285714285714286,1961.875,1961.875,"white",0.15,1,0.95
1,1962,0.285714285714286,"#e41a1c","1",2,"FALSE","FALSE",0.285714285714286,0.285714285714286,1962,1962,"white",0.15,1,0.95
1,1962.125,0.285714285714286,"#e41a1c","1",2,"FALSE","FALSE",0.285714285714286,0.285714285714286,1962.125,1962.125,"white",0.15,1,0.95
1,1962.875,0.285714285714286,"#e41a1c","1",2,"FALSE","FALSE",0.285714285714286,0.285714285714286,1962.875,1962.875,"white",0.15,1,0.95
1,1963,0.285714285714286,"#e41a1c","1",2,"FALSE","FALSE",0.285714285714286,0.285714285714286,1963,1963,"white",0.15,1,0.95
1,1963.125,0.284090909090909,"#e41a1c","1",2,"FALSE","FALSE",0.284090909090909,0.284090909090909,1963.125,1963.125,"white",0.15,1,0.95
1,1963.875,0.274350649350649,"#e41a1c","1",2,"FALSE","FALSE",0.274350649350649,0.274350649350649,1963.875,1963.875,"white",0.15,1,0.95
1,1964,0.272727272727273,"#e41a1c","1",2,"FALSE","FALSE",0.272727272727273,0.272727272727273,1964,1964,"white",0.15,1,0.95
1,1964.125,0.272727272727273,"#e41a1c","1",2,"FALSE","FALSE",0.272727272727273,0.272727272727273,1964.125,1964.125,"white",0.15,1,0.95
1,1964.875,0.272727272727273,"#e41a1c","1",2,"FALSE","FALSE",0.272727272727273,0.272727272727273,1964.875,1964.875,"white",0.15,1,0.95
1,1965,0.272727272727273,"#e41a1c","1",2,"FALSE","FALSE",0.272727272727273,0.272727272727273,1965,1965,"white",0.15,1,0.95
1,1965.125,0.276679841897233,"#e41a1c","1",2,"FALSE","FALSE",0.276679841897233,0.276679841897233,1965.125,1965.125,"white",0.15,1,0.95
1,1965.875,0.300395256916996,"#e41a1c","1",2,"FALSE","FALSE",0.300395256916996,0.300395256916996,1965.875,1965.875,"white",0.15,1,0.95
1,1966,0.304347826086957,"#e41a1c","1",2,"FALSE","FALSE",0.304347826086957,0.304347826086957,1966,1966,"white",0.15,1,0.95
1,1966.125,0.30276268115942,"#e41a1c","1",2,"FALSE","FALSE",0.30276268115942,0.30276268115942,1966.125,1966.125,"white",0.15,1,0.95
1,1966.875,0.293251811594203,"#e41a1c","1",2,"FALSE","FALSE",0.293251811594203,0.293251811594203,1966.875,1966.875,"white",0.15,1,0.95
1,1967,0.291666666666667,"#e41a1c","1",2,"FALSE","FALSE",0.291666666666667,0.291666666666667,1967,1967,"white",0.15,1,0.95
1,1967.125,0.291666666666667,"#e41a1c","1",2,"FALSE","FALSE",0.291666666666667,0.291666666666667,1967.125,1967.125,"white",0.15,1,0.95
1,1967.875,0.291666666666667,"#e41a1c","1",2,"FALSE","FALSE",0.291666666666667,0.291666666666667,1967.875,1967.875,"white",0.15,1,0.95
1,1968,0.291666666666667,"#e41a1c","1",2,"FALSE","FALSE",0.291666666666667,0.291666666666667,1968,1968,"white",0.15,1,0.95
1,1968.125,0.295208333333333,"#e41a1c","1",2,"FALSE","FALSE",0.295208333333333,0.295208333333333,1968.125,1968.125,"white",0.15,1,0.95
1,1968.875,0.316458333333333,"#e41a1c","1",2,"FALSE","FALSE",0.316458333333333,0.316458333333333,1968.875,1968.875,"white",0.15,1,0.95
1,1969,0.32,"#e41a1c","1",2,"FALSE","FALSE",0.32,0.32,1969,1969,"white",0.15,1,0.95
1,1969.125,0.317037037037037,"#e41a1c","1",2,"FALSE","FALSE",0.317037037037037,0.317037037037037,1969.125,1969.125,"white",0.15,1,0.95
1,1969.875,0.299259259259259,"#e41a1c","1",2,"FALSE","FALSE",0.299259259259259,0.299259259259259,1969.875,1969.875,"white",0.15,1,0.95
1,1970,0.296296296296296,"#e41a1c","1",2,"FALSE","FALSE",0.296296296296296,0.296296296296296,1970,1970,"white",0.15,1,0.95
1,1970.125,0.296296296296296,"#e41a1c","1",2,"FALSE","FALSE",0.296296296296296,0.296296296296296,1970.125,1970.125,"white",0.15,1,0.95
1,1970.875,0.296296296296296,"#e41a1c","1",2,"FALSE","FALSE",0.296296296296296,0.296296296296296,1970.875,1970.875,"white",0.15,1,0.95
1,1971,0.296296296296296,"#e41a1c","1",2,"FALSE","FALSE",0.296296296296296,0.296296296296296,1971,1971,"white",0.15,1,0.95
1,1971.125,0.293742017879949,"#e41a1c","1",2,"FALSE","FALSE",0.293742017879949,0.293742017879949,1971.125,1971.125,"white",0.15,1,0.95
1,1971.875,0.278416347381865,"#e41a1c","1",2,"FALSE","FALSE",0.278416347381865,0.278416347381865,1971.875,1971.875,"white",0.15,1,0.95
1,1972,0.275862068965517,"#e41a1c","1",2,"FALSE","FALSE",0.275862068965517,0.275862068965517,1972,1972,"white",0.15,1,0.95
1,1972.125,0.274712643678161,"#e41a1c","1",2,"FALSE","FALSE",0.274712643678161,0.274712643678161,1972.125,1972.125,"white",0.15,1,0.95
1,1972.875,0.267816091954023,"#e41a1c","1",2,"FALSE","FALSE",0.267816091954023,0.267816091954023,1972.875,1972.875,"white",0.15,1,0.95
1,1973,0.266666666666667,"#e41a1c","1",2,"FALSE","FALSE",0.266666666666667,0.266666666666667,1973,1973,"white",0.15,1,0.95
1,1973.125,0.265591397849462,"#e41a1c","1",2,"FALSE","FALSE",0.265591397849462,0.265591397849462,1973.125,1973.125,"white",0.15,1,0.95
1,1973.875,0.259139784946237,"#e41a1c","1",2,"FALSE","FALSE",0.259139784946237,0.259139784946237,1973.875,1973.875,"white",0.15,1,0.95
1,1974,0.258064516129032,"#e41a1c","1",2,"FALSE","FALSE",0.258064516129032,0.258064516129032,1974,1974,"white",0.15,1,0.95
1,1974.125,0.257056451612903,"#e41a1c","1",2,"FALSE","FALSE",0.257056451612903,0.257056451612903,1974.125,1974.125,"white",0.15,1,0.95
1,1974.875,0.251008064516129,"#e41a1c","1",2,"FALSE","FALSE",0.251008064516129,0.251008064516129,1974.875,1974.875,"white",0.15,1,0.95
1,1975,0.25,"#e41a1c","1",2,"FALSE","FALSE",0.25,0.25,1975,1975,"white",0.15,1,0.95
1,1975.125,0.255514705882353,"#e41a1c","1",2,"FALSE","FALSE",0.255514705882353,0.255514705882353,1975.125,1975.125,"white",0.15,1,0.95
1,1975.875,0.288602941176471,"#e41a1c","1",2,"FALSE","FALSE",0.288602941176471,0.288602941176471,1975.875,1975.875,"white",0.15,1,0.95
1,1976,0.294117647058824,"#e41a1c","1",2,"FALSE","FALSE",0.294117647058824,0.294117647058824,1976,1976,"white",0.15,1,0.95
1,1976.125,0.294117647058824,"#e41a1c","1",2,"FALSE","FALSE",0.294117647058824,0.294117647058824,1976.125,1976.125,"white",0.15,1,0.95
1,1976.875,0.294117647058824,"#e41a1c","1",2,"FALSE","FALSE",0.294117647058824,0.294117647058824,1976.875,1976.875,"white",0.15,1,0.95
1,1977,0.294117647058824,"#e41a1c","1",2,"FALSE","FALSE",0.294117647058824,0.294117647058824,1977,1977,"white",0.15,1,0.95
1,1977.125,0.289404223227753,"#e41a1c","1",2,"FALSE","FALSE",0.289404223227753,0.289404223227753,1977.125,1977.125,"white",0.15,1,0.95
1,1977.875,0.261123680241327,"#e41a1c","1",2,"FALSE","FALSE",0.261123680241327,0.261123680241327,1977.875,1977.875,"white",0.15,1,0.95
1,1978,0.256410256410256,"#e41a1c","1",2,"FALSE","FALSE",0.256410256410256,0.256410256410256,1978,1978,"white",0.15,1,0.95
1,1978.125,0.255608974358974,"#e41a1c","1",2,"FALSE","FALSE",0.255608974358974,0.255608974358974,1978.125,1978.125,"white",0.15,1,0.95
1,1978.875,0.250801282051282,"#e41a1c","1",2,"FALSE","FALSE",0.250801282051282,0.250801282051282,1978.875,1978.875,"white",0.15,1,0.95
1,1979,0.25,"#e41a1c","1",2,"FALSE","FALSE",0.25,0.25,1979,1979,"white",0.15,1,0.95
1,1979.125,0.249237804878049,"#e41a1c","1",2,"FALSE","FALSE",0.249237804878049,0.249237804878049,1979.125,1979.125,"white",0.15,1,0.95
1,1979.875,0.244664634146341,"#e41a1c","1",2,"FALSE","FALSE",0.244664634146341,0.244664634146341,1979.875,1979.875,"white",0.15,1,0.95
1,1980,0.24390243902439,"#e41a1c","1",2,"FALSE","FALSE",0.24390243902439,0.24390243902439,1980,1980,"white",0.15,1,0.95
1,1980.125,0.246152729384437,"#e41a1c","1",2,"FALSE","FALSE",0.246152729384437,0.246152729384437,1980.125,1980.125,"white",0.15,1,0.95
1,1980.875,0.259654471544715,"#e41a1c","1",2,"FALSE","FALSE",0.259654471544715,0.259654471544715,1980.875,1980.875,"white",0.15,1,0.95
1,1981,0.261904761904762,"#e41a1c","1",2,"FALSE","FALSE",0.261904761904762,0.261904761904762,1981,1981,"white",0.15,1,0.95
1,1981.125,0.259722222222222,"#e41a1c","1",2,"FALSE","FALSE",0.259722222222222,0.259722222222222,1981.125,1981.125,"white",0.15,1,0.95
1,1981.875,0.246626984126984,"#e41a1c","1",2,"FALSE","FALSE",0.246626984126984,0.246626984126984,1981.875,1981.875,"white",0.15,1,0.95
1,1982,0.244444444444444,"#e41a1c","1",2,"FALSE","FALSE",0.244444444444444,0.244444444444444,1982,1982,"white",0.15,1,0.95
1,1982.125,0.244444444444444,"#e41a1c","1",2,"FALSE","FALSE",0.244444444444444,0.244444444444444,1982.125,1982.125,"white",0.15,1,0.95
1,1982.875,0.244444444444444,"#e41a1c","1",2,"FALSE","FALSE",0.244444444444444,0.244444444444444,1982.875,1982.875,"white",0.15,1,0.95
1,1983,0.244444444444444,"#e41a1c","1",2,"FALSE","FALSE",0.244444444444444,0.244444444444444,1983,1983,"white",0.15,1,0.95
1,1983.125,0.24580378250591,"#e41a1c","1",2,"FALSE","FALSE",0.24580378250591,0.24580378250591,1983.125,1983.125,"white",0.15,1,0.95
1,1983.875,0.253959810874704,"#e41a1c","1",2,"FALSE","FALSE",0.253959810874704,0.253959810874704,1983.875,1983.875,"white",0.15,1,0.95
1,1984,0.25531914893617,"#e41a1c","1",2,"FALSE","FALSE",0.25531914893617,0.25531914893617,1984,1984,"white",0.15,1,0.95
1,1984.125,0.255904255319149,"#e41a1c","1",2,"FALSE","FALSE",0.253404255319149,0.255904255319149,1984.125,1984.125,"white",0.15,1,0.95
1,1984.875,0.259414893617021,"#e41a1c","1",2,"FALSE","FALSE",0.241914893617021,0.259414893617021,1984.875,1984.875,"white",0.15,1,0.95
1,1985,0.26,"#e41a1c","1",2,"FALSE","FALSE",0.24,0.26,1985,1985,"white",0.15,1,0.95
1,1985.125,0.26,"#e41a1c","1",2,"FALSE","FALSE",0.24,0.26,1985.125,1985.125,"white",0.15,1,0.95
1,1985.875,0.26,"#e41a1c","1",2,"FALSE","FALSE",0.24,0.26,1985.875,1985.875,"white",0.15,1,0.95
1,1986,0.26,"#e41a1c","1",2,"FALSE","FALSE",0.24,0.26,1986,1986,"white",0.15,1,0.95
1,1986.125,0.261153846153846,"#e41a1c","1",2,"FALSE","FALSE",0.238846153846154,0.261153846153846,1986.125,1986.125,"white",0.15,1,0.95
1,1986.875,0.268076923076923,"#e41a1c","1",2,"FALSE","FALSE",0.231923076923077,0.268076923076923,1986.875,1986.875,"white",0.15,1,0.95
1,1987,0.269230769230769,"#e41a1c","1",2,"FALSE","FALSE",0.230769230769231,0.269230769230769,1987,1987,"white",0.15,1,0.95
1,1987.125,0.269230769230769,"#e41a1c","1",2,"FALSE","FALSE",0.230769230769231,0.269230769230769,1987.125,1987.125,"white",0.15,1,0.95
1,1987.875,0.269230769230769,"#e41a1c","1",2,"FALSE","FALSE",0.230769230769231,0.269230769230769,1987.875,1987.875,"white",0.15,1,0.95
1,1988,0.269230769230769,"#e41a1c","1",2,"FALSE","FALSE",0.230769230769231,0.269230769230769,1988,1988,"white",0.15,1,0.95
1,1988.125,0.270299145299145,"#e41a1c","1",2,"FALSE","FALSE",0.229700854700855,0.270299145299145,1988.125,1988.125,"white",0.15,1,0.95
1,1988.875,0.276709401709402,"#e41a1c","1",2,"FALSE","FALSE",0.223290598290598,0.276709401709402,1988.875,1988.875,"white",0.15,1,0.95
1,1989,0.277777777777778,"#e41a1c","1",2,"FALSE","FALSE",0.222222222222222,0.277777777777778,1989,1989,"white",0.15,1,0.95
1,1989.125,0.279693486590038,"#e41a1c","1",2,"FALSE","FALSE",0.222461685823755,0.279693486590038,1989.125,1989.125,"white",0.15,1,0.95
1,1989.875,0.291187739463602,"#e41a1c","1",2,"FALSE","FALSE",0.22389846743295,0.291187739463602,1989.875,1989.875,"white",0.15,1,0.95
1,1990,0.293103448275862,"#e41a1c","1",2,"FALSE","FALSE",0.224137931034483,0.293103448275862,1990,1990,"white",0.15,1,0.95
1,1990.125,0.294601110461718,"#e41a1c","1",2,"FALSE","FALSE",0.225781706604325,0.294601110461718,1990.125,1990.125,"white",0.15,1,0.95
1,1990.875,0.303587083576856,"#e41a1c","1",2,"FALSE","FALSE",0.235644360023378,0.303587083576856,1990.875,1990.875,"white",0.15,1,0.95
1,1991,0.305084745762712,"#e41a1c","1",2,"FALSE","FALSE",0.23728813559322,0.305084745762712,1991,1991,"white",0.15,1,0.95
1,1991.125,0.306532485875706,"#e41a1c","1",2,"FALSE","FALSE",0.236793785310735,0.306532485875706,1991.125,1991.125,"white",0.15,1,0.95
1,1991.875,0.315218926553672,"#e41a1c","1",2,"FALSE","FALSE",0.233827683615819,0.315218926553672,1991.875,1991.875,"white",0.15,1,0.95
1,1992,0.316666666666667,"#e41a1c","1",2,"FALSE","FALSE",0.233333333333333,0.316666666666667,1992,1992,"white",0.15,1,0.95
1,1992.125,0.317405913978495,"#e41a1c","1",2,"FALSE","FALSE",0.234408602150538,0.317405913978495,1992.125,1992.125,"white",0.15,1,0.95
1,1992.875,0.321841397849462,"#e41a1c","1",2,"FALSE","FALSE",0.240860215053763,0.321841397849462,1992.875,1992.875,"white",0.15,1,0.95
1,1993,0.32258064516129,"#e41a1c","1",2,"FALSE","FALSE",0.241935483870968,0.32258064516129,1993,1993,"white",0.15,1,0.95
1,1993.125,0.321940604198669,"#e41a1c","1",2,"FALSE","FALSE",0.241455453149002,0.321940604198669,1993.125,1993.125,"white",0.15,1,0.95
1,1993.875,0.318100358422939,"#e41a1c","1",2,"FALSE","FALSE",0.238575268817204,0.318100358422939,1993.875,1993.875,"white",0.15,1,0.95
1,1994,0.317460317460317,"#e41a1c","1",2,"FALSE","FALSE",0.238095238095238,0.317460317460317,1994,1994,"white",0.15,1,0.95
1,1994.125,0.317460317460317,"#e41a1c","1",2,"FALSE","FALSE",0.238095238095238,0.317460317460317,1994.125,1994.125,"white",0.15,1,0.95
1,1994.875,0.317460317460317,"#e41a1c","1",2,"FALSE","FALSE",0.238095238095238,0.317460317460317,1994.875,1994.875,"white",0.15,1,0.95
1,1995,0.317460317460317,"#e41a1c","1",2,"FALSE","FALSE",0.238095238095238,0.317460317460317,1995,1995,"white",0.15,1,0.95
1,1995.125,0.316840277777778,"#e41a1c","1",2,"FALSE","FALSE",0.237630208333333,0.316840277777778,1995.125,1995.125,"white",0.15,1,0.95
1,1995.875,0.31312003968254,"#e41a1c","1",2,"FALSE","FALSE",0.234840029761905,0.31312003968254,1995.875,1995.875,"white",0.15,1,0.95
1,1996,0.3125,"#e41a1c","1",2,"FALSE","FALSE",0.234375,0.3125,1996,1996,"white",0.15,1,0.95
1,1996.125,0.3125,"#e41a1c","1",2,"FALSE","FALSE",0.234375,0.3125,1996.125,1996.125,"white",0.15,1,0.95
1,1996.875,0.3125,"#e41a1c","1",2,"FALSE","FALSE",0.234375,0.3125,1996.875,1996.875,"white",0.15,1,0.95
1,1997,0.3125,"#e41a1c","1",2,"FALSE","FALSE",0.234375,0.3125,1997,1997,"white",0.15,1,0.95
1,1997.125,0.310202205882353,"#e41a1c","1",2,"FALSE","FALSE",0.232651654411765,0.310202205882353,1997.125,1997.125,"white",0.15,1,0.95
1,1997.875,0.296415441176471,"#e41a1c","1",2,"FALSE","FALSE",0.222311580882353,0.296415441176471,1997.875,1997.875,"white",0.15,1,0.95
1,1998,0.294117647058824,"#e41a1c","1",2,"FALSE","FALSE",0.220588235294118,0.294117647058824,1998,1998,"white",0.15,1,0.95
1,1998.125,0.294117647058824,"#e41a1c","1",2,"FALSE","FALSE",0.220588235294118,0.294117647058824,1998.125,1998.125,"white",0.15,1,0.95
1,1998.875,0.294117647058824,"#e41a1c","1",2,"FALSE","FALSE",0.220588235294118,0.294117647058824,1998.875,1998.875,"white",0.15,1,0.95
1,1999,0.294117647058824,"#e41a1c","1",2,"FALSE","FALSE",0.220588235294118,0.294117647058824,1999,1999,"white",0.15,1,0.95
1,1999.125,0.293067226890756,"#e41a1c","1",2,"FALSE","FALSE",0.219800420168067,0.293067226890756,1999.125,1999.125,"white",0.15,1,0.95
1,1999.875,0.286764705882353,"#e41a1c","1",2,"FALSE","FALSE",0.215073529411765,0.286764705882353,1999.875,1999.875,"white",0.15,1,0.95
1,2000,0.285714285714286,"#e41a1c","1",2,"FALSE","FALSE",0.214285714285714,0.285714285714286,2000,2000,"white",0.15,1,0.95
1,2000.125,0.284722222222222,"#e41a1c","1",2,"FALSE","FALSE",0.213541666666667,0.284722222222222,2000.125,2000.125,"white",0.15,1,0.95
1,2000.875,0.278769841269841,"#e41a1c","1",2,"FALSE","FALSE",0.209077380952381,0.278769841269841,2000.875,2000.875,"white",0.15,1,0.95
1,2001,0.277777777777778,"#e41a1c","1",2,"FALSE","FALSE",0.208333333333333,0.277777777777778,2001,2001,"white",0.15,1,0.95
1,2001.125,0.277777777777778,"#e41a1c","1",2,"FALSE","FALSE",0.208333333333333,0.277777777777778,2001.125,2001.125,"white",0.15,1,0.95
1,2001.875,0.277777777777778,"#e41a1c","1",2,"FALSE","FALSE",0.208333333333333,0.277777777777778,2001.875,2001.875,"white",0.15,1,0.95
1,2002,0.277777777777778,"#e41a1c","1",2,"FALSE","FALSE",0.208333333333333,0.277777777777778,2002,2002,"white",0.15,1,0.95
1,2002.125,0.279014459665145,"#e41a1c","1",2,"FALSE","FALSE",0.209688926940639,0.279014459665145,2002.125,2002.125,"white",0.15,1,0.95
1,2002.875,0.286434550989346,"#e41a1c","1",2,"FALSE","FALSE",0.217822488584475,0.286434550989346,2002.875,2002.875,"white",0.15,1,0.95
1,2003,0.287671232876712,"#e41a1c","1",2,"FALSE","FALSE",0.219178082191781,0.287671232876712,2003,2003,"white",0.15,1,0.95
1,2003.125,0.286968739023533,"#e41a1c","1",2,"FALSE","FALSE",0.219024411661398,0.286968739023533,2003.125,2003.125,"white",0.15,1,0.95
1,2003.875,0.282753775904461,"#e41a1c","1",2,"FALSE","FALSE",0.218102388479101,0.282753775904461,2003.875,2003.875,"white",0.15,1,0.95
1,2004,0.282051282051282,"#e41a1c","1",2,"FALSE","FALSE",0.217948717948718,0.282051282051282,2004,2004,"white",0.15,1,0.95
1,2004.125,0.283187276858163,"#e41a1c","1",2,"FALSE","FALSE",0.219186140863356,0.283187276858163,2004.125,2004.125,"white",0.15,1,0.95
1,2004.875,0.290003245699448,"#e41a1c","1",2,"FALSE","FALSE",0.226610678351185,0.290003245699448,2004.875,2004.875,"white",0.15,1,0.95
1,2005,0.291139240506329,"#e41a1c","1",2,"FALSE","FALSE",0.227848101265823,0.291139240506329,2005,2005,"white",0.15,1,0.95
1,2005.125,0.290684335443038,"#e41a1c","1",2,"FALSE","FALSE",0.227492088607595,0.290684335443038,2005.125,2005.125,"white",0.15,1,0.95
1,2005.875,0.287954905063291,"#e41a1c","1",2,"FALSE","FALSE",0.225356012658228,0.287954905063291,2005.875,2005.875,"white",0.15,1,0.95
1,2006,0.2875,"#e41a1c","1",2,"FALSE","FALSE",0.225,0.2875,2006,2006,"white",0.15,1,0.95
1,2006.125,0.2875,"#e41a1c","1",2,"FALSE","FALSE",0.225,0.2875,2006.125,2006.125,"white",0.15,1,0.95
1,2006.875,0.2875,"#e41a1c","1",2,"FALSE","FALSE",0.225,0.2875,2006.875,2006.875,"white",0.15,1,0.95
1,2007,0.2875,"#e41a1c","1",2,"FALSE","FALSE",0.225,0.2875,2007,2007,"white",0.15,1,0.95
1,2007.125,0.293229166666667,"#e41a1c","1",2,"FALSE","FALSE",0.223263888888889,0.293229166666667,2007.125,2007.125,"white",0.15,1,0.95
1,2007.875,0.327604166666667,"#e41a1c","1",2,"FALSE","FALSE",0.212847222222222,0.327604166666667,2007.875,2007.875,"white",0.15,1,0.95
1,2008,0.333333333333333,"#e41a1c","1",2,"FALSE","FALSE",0.211111111111111,0.333333333333333,2008,2008,"white",0.15,1,0.95
1,2008.125,0.334249084249084,"#e41a1c","1",2,"FALSE","FALSE",0.21219474969475,0.334249084249084,2008.125,2008.125,"white",0.15,1,0.95
1,2008.875,0.33974358974359,"#e41a1c","1",2,"FALSE","FALSE",0.218696581196581,0.33974358974359,2008.875,2008.875,"white",0.15,1,0.95
1,2009,0.340659340659341,"#e41a1c","1",2,"FALSE","FALSE",0.21978021978022,0.340659340659341,2009,2009,"white",0.15,1,0.95
1,2009.125,0.340659340659341,"#e41a1c","1",2,"FALSE","FALSE",0.21978021978022,0.340659340659341,2009.125,2009.125,"white",0.15,1,0.95
1,2009.875,0.340659340659341,"#e41a1c","1",2,"FALSE","FALSE",0.21978021978022,0.340659340659341,2009.875,2009.875,"white",0.15,1,0.95
1,2010,0.340659340659341,"#e41a1c","1",2,"FALSE","FALSE",0.21978021978022,0.340659340659341,2010,2010,"white",0.15,1,0.95
1,2010.125,0.340196488294314,"#e41a1c","1",2,"FALSE","FALSE",0.219481605351171,0.340196488294314,2010.125,2010.125,"white",0.15,1,0.95
1,2010.875,0.337419374104157,"#e41a1c","1",2,"FALSE","FALSE",0.217689918776875,0.337419374104157,2010.875,2010.875,"white",0.15,1,0.95
1,2011,0.33695652173913,"#e41a1c","1",2,"FALSE","FALSE",0.217391304347826,0.33695652173913,2011,2011,"white",0.15,1,0.95
1,2011.125,0.33695652173913,"#e41a1c","1",2,"FALSE","FALSE",0.217391304347826,0.33695652173913,2011.125,2011.125,"white",0.15,1,0.95
1,2011.875,0.33695652173913,"#e41a1c","1",2,"FALSE","FALSE",0.217391304347826,0.33695652173913,2011.875,2011.875,"white",0.15,1,0.95
1,2012,0.33695652173913,"#e41a1c","1",2,"FALSE","FALSE",0.217391304347826,0.33695652173913,2012,2012,"white",0.15,1,0.95
1,2012.125,0.336942219679634,"#e41a1c","1",2,"FALSE","FALSE",0.216533180778032,0.336942219679634,2012.125,2012.125,"white",0.15,1,0.95
1,2012.875,0.336856407322654,"#e41a1c","1",2,"FALSE","FALSE",0.211384439359268,0.336856407322654,2012.875,2012.875,"white",0.15,1,0.95
1,2013,0.336842105263158,"#e41a1c","1",2,"FALSE","FALSE",0.210526315789474,0.336842105263158,2013,2013,"white",0.15,1,0.95
1,2013.125,0.33640350877193,"#e41a1c","1",2,"FALSE","FALSE",0.210252192982456,0.33640350877193,2013.125,2013.125,"white",0.15,1,0.95
1,2013.875,0.333771929824561,"#e41a1c","1",2,"FALSE","FALSE",0.208607456140351,0.333771929824561,2013.875,2013.875,"white",0.15,1,0.95
1,2014,0.333333333333333,"#e41a1c","1",2,"FALSE","FALSE",0.208333333333333,0.333333333333333,2014,2014,"white",0.15,1,0.95
1,2014.125,0.332903780068729,"#e41a1c","1",2,"FALSE","FALSE",0.208064862542955,0.332903780068729,2014.125,2014.125,"white",0.15,1,0.95
1,2014.875,0.3303264604811,"#e41a1c","1",2,"FALSE","FALSE",0.206454037800687,0.3303264604811,2014.875,2014.875,"white",0.15,1,0.95
1,2015,0.329896907216495,"#e41a1c","1",2,"FALSE","FALSE",0.206185567010309,0.329896907216495,2015,2015,"white",0.15,1,0.95
1,2015.125,0.329896907216495,"#e41a1c","1",2,"FALSE","FALSE",0.206185567010309,0.329896907216495,2015.125,2015.125,"white",0.15,1,0.95
1,2015.875,0.329896907216495,"#e41a1c","1",2,"FALSE","FALSE",0.206185567010309,0.329896907216495,2015.875,2015.875,"white",0.15,1,0.95
1,2016,0.329896907216495,"#e41a1c","1",2,"FALSE","FALSE",0.206185567010309,0.329896907216495,2016,2016,"white",0.15,1,0.95
1,2016.125,0.329896907216495,"#e41a1c","1",2,"FALSE","FALSE",0.206185567010309,0.329896907216495,2016.125,2016.125,"white",0.15,1,0.95
1,2016.875,0.329896907216495,"#e41a1c","1",2,"FALSE","FALSE",0.206185567010309,0.329896907216495,2016.875,2016.875,"white",0.15,1,0.95
1,2017,0.329896907216495,"#e41a1c","1",2,"FALSE","FALSE",0.206185567010309,0.329896907216495,2017,2017,"white",0.15,1,0.95
1,2017.125,0.330751630549127,"#e41a1c","1",2,"FALSE","FALSE",0.207198085419735,0.330751630549127,2017.125,2017.125,"white",0.15,1,0.95
1,2017.875,0.335879970544919,"#e41a1c","1",2,"FALSE","FALSE",0.213273195876289,0.335879970544919,2017.875,2017.875,"white",0.15,1,0.95
1,2018,0.336734693877551,"#e41a1c","1",2,"FALSE","FALSE",0.214285714285714,0.336734693877551,2018,2018,"white",0.15,1,0.95
1,2018.125,0.33757215007215,"#e41a1c","1",2,"FALSE","FALSE",0.215277777777778,0.33757215007215,2018.125,2018.125,"white",0.15,1,0.95
1,2018.875,0.342596887239744,"#e41a1c","1",2,"FALSE","FALSE",0.221230158730159,0.342596887239744,2018.875,2018.875,"white",0.15,1,0.95
1,2019,0.343434343434343,"#e41a1c","1",2,"FALSE","FALSE",0.222222222222222,0.343434343434343,2019,2019,"white",0.15,1,0.95
1,2019.125,0.343434343434343,"#e41a1c","1",2,"FALSE","FALSE",0.222222222222222,0.343434343434343,2019.125,2019.125,"white",0.15,1,0.95
1,2019.875,0.343434343434343,"#e41a1c","1",2,"FALSE","FALSE",0.222222222222222,0.343434343434343,2019.875,2019.875,"white",0.15,1,0.95
1,2020,0.343434343434343,"#e41a1c","1",2,"FALSE","FALSE",0.222222222222222,0.343434343434343,2020,2020,"white",0.15,1,0.95
1,2020.125,0.343434343434343,"#e41a1c","1",2,"FALSE","FALSE",0.222222222222222,0.343434343434343,2020.125,2020.125,"white",0.15,1,0.95
1,2020.875,0.343434343434343,"#e41a1c","1",2,"FALSE","FALSE",0.222222222222222,0.343434343434343,2020.875,2020.875,"white",0.15,1,0.95
1,2021,0.343434343434343,"#e41a1c","1",2,"FALSE","FALSE",0.222222222222222,0.343434343434343,2021,2021,"white",0.15,1,0.95
1,2021.125,0.343434343434343,"#e41a1c","1",2,"FALSE","FALSE",0.222222222222222,0.343434343434343,2021.125,2021.125,"white",0.15,1,0.95
1,2021.875,0.343434343434343,"#e41a1c","1",2,"FALSE","FALSE",0.222222222222222,0.343434343434343,2021.875,2021.875,"white",0.15,1,0.95
1,2022,0.343434343434343,"#e41a1c","1",2,"FALSE","FALSE",0.222222222222222,0.343434343434343,2022,2022,"white",0.15,1,0.95
1,2022.125,0.343434343434343,"#e41a1c","1",2,"FALSE","FALSE",0.222222222222222,0.343434343434343,2022.125,2022.125,"white",0.15,1,0.95
1,2022.875,0.343434343434343,"#e41a1c","1",2,"FALSE","FALSE",0.222222222222222,0.343434343434343,2022.875,2022.875,"white",0.15,1,0.95
1,2023,0.343434343434343,"#e41a1c","1",2,"FALSE","FALSE",0.222222222222222,0.343434343434343,2023,2023,"white",0.15,1,0.95
1,2023.125,0.343434343434343,"#e41a1c","1",2,"FALSE","FALSE",0.222222222222222,0.343434343434343,2023.125,2023.125,"white",0.15,1,0.95
1,2023.875,0.343434343434343,"#e41a1c","1",2,"FALSE","FALSE",0.222222222222222,0.343434343434343,2023.875,2023.875,"white",0.15,1,0.95
1,2024,0.343434343434343,"#e41a1c","1",2,"FALSE","FALSE",0.222222222222222,0.343434343434343,2024,2024,"white",0.15,1,0.95
1,2024.125,0.343434343434343,"#e41a1c","1",2,"FALSE","FALSE",0.222222222222222,0.343434343434343,2024.125,2024.125,"white",0.15,1,0.95
1,2024.875,0.343434343434343,"#e41a1c","1",2,"FALSE","FALSE",0.222222222222222,0.343434343434343,2024.875,2024.875,"white",0.15,1,0.95
1,2025,0.343434343434343,"#e41a1c","1",2,"FALSE","FALSE",0.222222222222222,0.343434343434343,2025,2025,"white",0.15,1,0.95
1,2025.125,0,"#e41a1c","1",2,"TRUE","FALSE",0,0,2025.125,2025.125,"white",0.15,1,0.95
1,1899.875,0,"#4daf4a","1",3,"TRUE","FALSE",0,0,1899.875,1899.875,"white",0.15,1,0.95
1,1900,0.285714285714286,"#4daf4a","1",3,"FALSE","FALSE",0,0.285714285714286,1900,1900,"white",0.15,1,0.95
1,1900.125,0.275,"#4daf4a","1",3,"FALSE","FALSE",0,0.275,1900.125,1900.125,"white",0.15,1,0.95
1,1900.875,0.210714285714286,"#4daf4a","1",3,"FALSE","FALSE",0,0.210714285714286,1900.875,1900.875,"white",0.15,1,0.95
1,1901,0.2,"#4daf4a","1",3,"FALSE","FALSE",0,0.2,1901,1901,"white",0.15,1,0.95
1,1901.125,0.2,"#4daf4a","1",3,"FALSE","FALSE",0,0.2,1901.125,1901.125,"white",0.15,1,0.95
1,1901.875,0.2,"#4daf4a","1",3,"FALSE","FALSE",0,0.2,1901.875,1901.875,"white",0.15,1,0.95
1,1902,0.2,"#4daf4a","1",3,"FALSE","FALSE",0,0.2,1902,1902,"white",0.15,1,0.95
1,1902.125,0.2,"#4daf4a","1",3,"FALSE","FALSE",0,0.2,1902.125,1902.125,"white",0.15,1,0.95
1,1902.875,0.2,"#4daf4a","1",3,"FALSE","FALSE",0,0.2,1902.875,1902.875,"white",0.15,1,0.95
1,1903,0.2,"#4daf4a","1",3,"FALSE","FALSE",0,0.2,1903,1903,"white",0.15,1,0.95
1,1903.125,0.2,"#4daf4a","1",3,"FALSE","FALSE",0,0.2,1903.125,1903.125,"white",0.15,1,0.95
1,1903.875,0.2,"#4daf4a","1",3,"FALSE","FALSE",0,0.2,1903.875,1903.875,"white",0.15,1,0.95
1,1904,0.2,"#4daf4a","1",3,"FALSE","FALSE",0,0.2,1904,1904,"white",0.15,1,0.95
1,1904.125,0.2,"#4daf4a","1",3,"FALSE","FALSE",0,0.2,1904.125,1904.125,"white",0.15,1,0.95
1,1904.875,0.2,"#4daf4a","1",3,"FALSE","FALSE",0,0.2,1904.875,1904.875,"white",0.15,1,0.95
1,1905,0.2,"#4daf4a","1",3,"FALSE","FALSE",0,0.2,1905,1905,"white",0.15,1,0.95
1,1905.125,0.2,"#4daf4a","1",3,"FALSE","FALSE",0,0.2,1905.125,1905.125,"white",0.15,1,0.95
1,1905.875,0.2,"#4daf4a","1",3,"FALSE","FALSE",0,0.2,1905.875,1905.875,"white",0.15,1,0.95
1,1906,0.2,"#4daf4a","1",3,"FALSE","FALSE",0,0.2,1906,1906,"white",0.15,1,0.95
1,1906.125,0.2,"#4daf4a","1",3,"FALSE","FALSE",0,0.2,1906.125,1906.125,"white",0.15,1,0.95
1,1906.875,0.2,"#4daf4a","1",3,"FALSE","FALSE",0,0.2,1906.875,1906.875,"white",0.15,1,0.95
1,1907,0.2,"#4daf4a","1",3,"FALSE","FALSE",0,0.2,1907,1907,"white",0.15,1,0.95
1,1907.125,0.2,"#4daf4a","1",3,"FALSE","FALSE",0,0.2,1907.125,1907.125,"white",0.15,1,0.95
1,1907.875,0.2,"#4daf4a","1",3,"FALSE","FALSE",0,0.2,1907.875,1907.875,"white",0.15,1,0.95
1,1908,0.2,"#4daf4a","1",3,"FALSE","FALSE",0,0.2,1908,1908,"white",0.15,1,0.95
1,1908.125,0.2,"#4daf4a","1",3,"FALSE","FALSE",0,0.2,1908.125,1908.125,"white",0.15,1,0.95
1,1908.875,0.2,"#4daf4a","1",3,"FALSE","FALSE",0,0.2,1908.875,1908.875,"white",0.15,1,0.95
1,1909,0.2,"#4daf4a","1",3,"FALSE","FALSE",0,0.2,1909,1909,"white",0.15,1,0.95
1,1909.125,0.2,"#4daf4a","1",3,"FALSE","FALSE",0,0.2,1909.125,1909.125,"white",0.15,1,0.95
1,1909.875,0.2,"#4daf4a","1",3,"FALSE","FALSE",0,0.2,1909.875,1909.875,"white",0.15,1,0.95
1,1910,0.2,"#4daf4a","1",3,"FALSE","FALSE",0,0.2,1910,1910,"white",0.15,1,0.95
1,1910.125,0.2,"#4daf4a","1",3,"FALSE","FALSE",0,0.2,1910.125,1910.125,"white",0.15,1,0.95
1,1910.875,0.2,"#4daf4a","1",3,"FALSE","FALSE",0,0.2,1910.875,1910.875,"white",0.15,1,0.95
1,1911,0.2,"#4daf4a","1",3,"FALSE","FALSE",0,0.2,1911,1911,"white",0.15,1,0.95
1,1911.125,0.2,"#4daf4a","1",3,"FALSE","FALSE",0,0.2,1911.125,1911.125,"white",0.15,1,0.95
1,1911.875,0.2,"#4daf4a","1",3,"FALSE","FALSE",0,0.2,1911.875,1911.875,"white",0.15,1,0.95
1,1912,0.2,"#4daf4a","1",3,"FALSE","FALSE",0,0.2,1912,1912,"white",0.15,1,0.95
1,1912.125,0.2,"#4daf4a","1",3,"FALSE","FALSE",0,0.2,1912.125,1912.125,"white",0.15,1,0.95
1,1912.875,0.2,"#4daf4a","1",3,"FALSE","FALSE",0,0.2,1912.875,1912.875,"white",0.15,1,0.95
1,1913,0.2,"#4daf4a","1",3,"FALSE","FALSE",0,0.2,1913,1913,"white",0.15,1,0.95
1,1913.125,0.2,"#4daf4a","1",3,"FALSE","FALSE",0,0.2,1913.125,1913.125,"white",0.15,1,0.95
1,1913.875,0.2,"#4daf4a","1",3,"FALSE","FALSE",0,0.2,1913.875,1913.875,"white",0.15,1,0.95
1,1914,0.2,"#4daf4a","1",3,"FALSE","FALSE",0,0.2,1914,1914,"white",0.15,1,0.95
1,1914.125,0.2,"#4daf4a","1",3,"FALSE","FALSE",0,0.2,1914.125,1914.125,"white",0.15,1,0.95
1,1914.875,0.2,"#4daf4a","1",3,"FALSE","FALSE",0,0.2,1914.875,1914.875,"white",0.15,1,0.95
1,1915,0.2,"#4daf4a","1",3,"FALSE","FALSE",0,0.2,1915,1915,"white",0.15,1,0.95
1,1915.125,0.2,"#4daf4a","1",3,"FALSE","FALSE",0,0.2,1915.125,1915.125,"white",0.15,1,0.95
1,1915.875,0.2,"#4daf4a","1",3,"FALSE","FALSE",0,0.2,1915.875,1915.875,"white",0.15,1,0.95
1,1916,0.2,"#4daf4a","1",3,"FALSE","FALSE",0,0.2,1916,1916,"white",0.15,1,0.95
1,1916.125,0.209090909090909,"#4daf4a","1",3,"FALSE","FALSE",0,0.209090909090909,1916.125,1916.125,"white",0.15,1,0.95
1,1916.875,0.263636363636364,"#4daf4a","1",3,"FALSE","FALSE",0,0.263636363636364,1916.875,1916.875,"white",0.15,1,0.95
1,1917,0.272727272727273,"#4daf4a","1",3,"FALSE","FALSE",0,0.272727272727273,1917,1917,"white",0.15,1,0.95
1,1917.125,0.272727272727273,"#4daf4a","1",3,"FALSE","FALSE",0,0.272727272727273,1917.125,1917.125,"white",0.15,1,0.95
1,1917.875,0.272727272727273,"#4daf4a","1",3,"FALSE","FALSE",0,0.272727272727273,1917.875,1917.875,"white",0.15,1,0.95
1,1918,0.272727272727273,"#4daf4a","1",3,"FALSE","FALSE",0,0.272727272727273,1918,1918,"white",0.15,1,0.95
1,1918.125,0.272727272727273,"#4daf4a","1",3,"FALSE","FALSE",0,0.272727272727273,1918.125,1918.125,"white",0.15,1,0.95
1,1918.875,0.272727272727273,"#4daf4a","1",3,"FALSE","FALSE",0,0.272727272727273,1918.875,1918.875,"white",0.15,1,0.95
1,1919,0.272727272727273,"#4daf4a","1",3,"FALSE","FALSE",0,0.272727272727273,1919,1919,"white",0.15,1,0.95
1,1919.125,0.272727272727273,"#4daf4a","1",3,"FALSE","FALSE",0,0.272727272727273,1919.125,1919.125,"white",0.15,1,0.95
1,1919.875,0.272727272727273,"#4daf4a","1",3,"FALSE","FALSE",0,0.272727272727273,1919.875,1919.875,"white",0.15,1,0.95
1,1920,0.272727272727273,"#4daf4a","1",3,"FALSE","FALSE",0,0.272727272727273,1920,1920,"white",0.15,1,0.95
1,1920.125,0.272727272727273,"#4daf4a","1",3,"FALSE","FALSE",0,0.272727272727273,1920.125,1920.125,"white",0.15,1,0.95
1,1920.875,0.272727272727273,"#4daf4a","1",3,"FALSE","FALSE",0,0.272727272727273,1920.875,1920.875,"white",0.15,1,0.95
1,1921,0.272727272727273,"#4daf4a","1",3,"FALSE","FALSE",0,0.272727272727273,1921,1921,"white",0.15,1,0.95
1,1921.125,0.272727272727273,"#4daf4a","1",3,"FALSE","FALSE",0,0.272727272727273,1921.125,1921.125,"white",0.15,1,0.95
1,1921.875,0.272727272727273,"#4daf4a","1",3,"FALSE","FALSE",0,0.272727272727273,1921.875,1921.875,"white",0.15,1,0.95
1,1922,0.272727272727273,"#4daf4a","1",3,"FALSE","FALSE",0,0.272727272727273,1922,1922,"white",0.15,1,0.95
1,1922.125,0.272727272727273,"#4daf4a","1",3,"FALSE","FALSE",0,0.272727272727273,1922.125,1922.125,"white",0.15,1,0.95
1,1922.875,0.272727272727273,"#4daf4a","1",3,"FALSE","FALSE",0,0.272727272727273,1922.875,1922.875,"white",0.15,1,0.95
1,1923,0.272727272727273,"#4daf4a","1",3,"FALSE","FALSE",0,0.272727272727273,1923,1923,"white",0.15,1,0.95
1,1923.125,0.272727272727273,"#4daf4a","1",3,"FALSE","FALSE",0,0.272727272727273,1923.125,1923.125,"white",0.15,1,0.95
1,1923.875,0.272727272727273,"#4daf4a","1",3,"FALSE","FALSE",0,0.272727272727273,1923.875,1923.875,"white",0.15,1,0.95
1,1924,0.272727272727273,"#4daf4a","1",3,"FALSE","FALSE",0,0.272727272727273,1924,1924,"white",0.15,1,0.95
1,1924.125,0.28030303030303,"#4daf4a","1",3,"FALSE","FALSE",0,0.28030303030303,1924.125,1924.125,"white",0.15,1,0.95
1,1924.875,0.325757575757576,"#4daf4a","1",3,"FALSE","FALSE",0,0.325757575757576,1924.875,1924.875,"white",0.15,1,0.95
1,1925,0.333333333333333,"#4daf4a","1",3,"FALSE","FALSE",0,0.333333333333333,1925,1925,"white",0.15,1,0.95
1,1925.125,0.333333333333333,"#4daf4a","1",3,"FALSE","FALSE",0,0.333333333333333,1925.125,1925.125,"white",0.15,1,0.95
1,1925.875,0.333333333333333,"#4daf4a","1",3,"FALSE","FALSE",0,0.333333333333333,1925.875,1925.875,"white",0.15,1,0.95
1,1926,0.333333333333333,"#4daf4a","1",3,"FALSE","FALSE",0,0.333333333333333,1926,1926,"white",0.15,1,0.95
1,1926.125,0.333333333333333,"#4daf4a","1",3,"FALSE","FALSE",0,0.333333333333333,1926.125,1926.125,"white",0.15,1,0.95
1,1926.875,0.333333333333333,"#4daf4a","1",3,"FALSE","FALSE",0,0.333333333333333,1926.875,1926.875,"white",0.15,1,0.95
1,1927,0.333333333333333,"#4daf4a","1",3,"FALSE","FALSE",0,0.333333333333333,1927,1927,"white",0.15,1,0.95
1,1927.125,0.333333333333333,"#4daf4a","1",3,"FALSE","FALSE",0,0.333333333333333,1927.125,1927.125,"white",0.15,1,0.95
1,1927.875,0.333333333333333,"#4daf4a","1",3,"FALSE","FALSE",0,0.333333333333333,1927.875,1927.875,"white",0.15,1,0.95
1,1928,0.333333333333333,"#4daf4a","1",3,"FALSE","FALSE",0,0.333333333333333,1928,1928,"white",0.15,1,0.95
1,1928.125,0.33974358974359,"#4daf4a","1",3,"FALSE","FALSE",0.00961538461538462,0.33974358974359,1928.125,1928.125,"white",0.15,1,0.95
1,1928.875,0.378205128205128,"#4daf4a","1",3,"FALSE","FALSE",0.0673076923076923,0.378205128205128,1928.875,1928.875,"white",0.15,1,0.95
1,1929,0.384615384615385,"#4daf4a","1",3,"FALSE","FALSE",0.0769230769230769,0.384615384615385,1929,1929,"white",0.15,1,0.95
1,1929.125,0.384615384615385,"#4daf4a","1",3,"FALSE","FALSE",0.0769230769230769,0.384615384615385,1929.125,1929.125,"white",0.15,1,0.95
1,1929.875,0.384615384615385,"#4daf4a","1",3,"FALSE","FALSE",0.0769230769230769,0.384615384615385,1929.875,1929.875,"white",0.15,1,0.95
1,1930,0.384615384615385,"#4daf4a","1",3,"FALSE","FALSE",0.0769230769230769,0.384615384615385,1930,1930,"white",0.15,1,0.95
1,1930.125,0.384615384615385,"#4daf4a","1",3,"FALSE","FALSE",0.0769230769230769,0.384615384615385,1930.125,1930.125,"white",0.15,1,0.95
1,1930.875,0.384615384615385,"#4daf4a","1",3,"FALSE","FALSE",0.0769230769230769,0.384615384615385,1930.875,1930.875,"white",0.15,1,0.95
1,1931,0.384615384615385,"#4daf4a","1",3,"FALSE","FALSE",0.0769230769230769,0.384615384615385,1931,1931,"white",0.15,1,0.95
1,1931.125,0.384615384615385,"#4daf4a","1",3,"FALSE","FALSE",0.0769230769230769,0.384615384615385,1931.125,1931.125,"white",0.15,1,0.95
1,1931.875,0.384615384615385,"#4daf4a","1",3,"FALSE","FALSE",0.0769230769230769,0.384615384615385,1931.875,1931.875,"white",0.15,1,0.95
1,1932,0.384615384615385,"#4daf4a","1",3,"FALSE","FALSE",0.0769230769230769,0.384615384615385,1932,1932,"white",0.15,1,0.95
1,1932.125,0.384615384615385,"#4daf4a","1",3,"FALSE","FALSE",0.0769230769230769,0.384615384615385,1932.125,1932.125,"white",0.15,1,0.95
1,1932.875,0.384615384615385,"#4daf4a","1",3,"FALSE","FALSE",0.0769230769230769,0.384615384615385,1932.875,1932.875,"white",0.15,1,0.95
1,1933,0.384615384615385,"#4daf4a","1",3,"FALSE","FALSE",0.0769230769230769,0.384615384615385,1933,1933,"white",0.15,1,0.95
1,1933.125,0.384615384615385,"#4daf4a","1",3,"FALSE","FALSE",0.0769230769230769,0.384615384615385,1933.125,1933.125,"white",0.15,1,0.95
1,1933.875,0.384615384615385,"#4daf4a","1",3,"FALSE","FALSE",0.0769230769230769,0.384615384615385,1933.875,1933.875,"white",0.15,1,0.95
1,1934,0.384615384615385,"#4daf4a","1",3,"FALSE","FALSE",0.0769230769230769,0.384615384615385,1934,1934,"white",0.15,1,0.95
1,1934.125,0.384615384615385,"#4daf4a","1",3,"FALSE","FALSE",0.0769230769230769,0.384615384615385,1934.125,1934.125,"white",0.15,1,0.95
1,1934.875,0.384615384615385,"#4daf4a","1",3,"FALSE","FALSE",0.0769230769230769,0.384615384615385,1934.875,1934.875,"white",0.15,1,0.95
1,1935,0.384615384615385,"#4daf4a","1",3,"FALSE","FALSE",0.0769230769230769,0.384615384615385,1935,1935,"white",0.15,1,0.95
1,1935.125,0.381181318681319,"#4daf4a","1",3,"FALSE","FALSE",0.0762362637362637,0.381181318681319,1935.125,1935.125,"white",0.15,1,0.95
1,1935.875,0.360576923076923,"#4daf4a","1",3,"FALSE","FALSE",0.0721153846153846,0.360576923076923,1935.875,1935.875,"white",0.15,1,0.95
1,1936,0.357142857142857,"#4daf4a","1",3,"FALSE","FALSE",0.0714285714285714,0.357142857142857,1936,1936,"white",0.15,1,0.95
1,1936.125,0.357142857142857,"#4daf4a","1",3,"FALSE","FALSE",0.0714285714285714,0.357142857142857,1936.125,1936.125,"white",0.15,1,0.95
1,1936.875,0.357142857142857,"#4daf4a","1",3,"FALSE","FALSE",0.0714285714285714,0.357142857142857,1936.875,1936.875,"white",0.15,1,0.95
1,1937,0.357142857142857,"#4daf4a","1",3,"FALSE","FALSE",0.0714285714285714,0.357142857142857,1937,1937,"white",0.15,1,0.95
1,1937.125,0.357142857142857,"#4daf4a","1",3,"FALSE","FALSE",0.0714285714285714,0.357142857142857,1937.125,1937.125,"white",0.15,1,0.95
1,1937.875,0.357142857142857,"#4daf4a","1",3,"FALSE","FALSE",0.0714285714285714,0.357142857142857,1937.875,1937.875,"white",0.15,1,0.95
1,1938,0.357142857142857,"#4daf4a","1",3,"FALSE","FALSE",0.0714285714285714,0.357142857142857,1938,1938,"white",0.15,1,0.95
1,1938.125,0.357142857142857,"#4daf4a","1",3,"FALSE","FALSE",0.0714285714285714,0.357142857142857,1938.125,1938.125,"white",0.15,1,0.95
1,1938.875,0.357142857142857,"#4daf4a","1",3,"FALSE","FALSE",0.0714285714285714,0.357142857142857,1938.875,1938.875,"white",0.15,1,0.95
1,1939,0.357142857142857,"#4daf4a","1",3,"FALSE","FALSE",0.0714285714285714,0.357142857142857,1939,1939,"white",0.15,1,0.95
1,1939.125,0.357142857142857,"#4daf4a","1",3,"FALSE","FALSE",0.0714285714285714,0.357142857142857,1939.125,1939.125,"white",0.15,1,0.95
1,1939.875,0.357142857142857,"#4daf4a","1",3,"FALSE","FALSE",0.0714285714285714,0.357142857142857,1939.875,1939.875,"white",0.15,1,0.95
1,1940,0.357142857142857,"#4daf4a","1",3,"FALSE","FALSE",0.0714285714285714,0.357142857142857,1940,1940,"white",0.15,1,0.95
1,1940.125,0.357142857142857,"#4daf4a","1",3,"FALSE","FALSE",0.0714285714285714,0.357142857142857,1940.125,1940.125,"white",0.15,1,0.95
1,1940.875,0.357142857142857,"#4daf4a","1",3,"FALSE","FALSE",0.0714285714285714,0.357142857142857,1940.875,1940.875,"white",0.15,1,0.95
1,1941,0.357142857142857,"#4daf4a","1",3,"FALSE","FALSE",0.0714285714285714,0.357142857142857,1941,1941,"white",0.15,1,0.95
1,1941.125,0.357142857142857,"#4daf4a","1",3,"FALSE","FALSE",0.0714285714285714,0.357142857142857,1941.125,1941.125,"white",0.15,1,0.95
1,1941.875,0.357142857142857,"#4daf4a","1",3,"FALSE","FALSE",0.0714285714285714,0.357142857142857,1941.875,1941.875,"white",0.15,1,0.95
1,1942,0.357142857142857,"#4daf4a","1",3,"FALSE","FALSE",0.0714285714285714,0.357142857142857,1942,1942,"white",0.15,1,0.95
1,1942.125,0.357142857142857,"#4daf4a","1",3,"FALSE","FALSE",0.0714285714285714,0.357142857142857,1942.125,1942.125,"white",0.15,1,0.95
1,1942.875,0.357142857142857,"#4daf4a","1",3,"FALSE","FALSE",0.0714285714285714,0.357142857142857,1942.875,1942.875,"white",0.15,1,0.95
1,1943,0.357142857142857,"#4daf4a","1",3,"FALSE","FALSE",0.0714285714285714,0.357142857142857,1943,1943,"white",0.15,1,0.95
1,1943.125,0.357142857142857,"#4daf4a","1",3,"FALSE","FALSE",0.0714285714285714,0.357142857142857,1943.125,1943.125,"white",0.15,1,0.95
1,1943.875,0.357142857142857,"#4daf4a","1",3,"FALSE","FALSE",0.0714285714285714,0.357142857142857,1943.875,1943.875,"white",0.15,1,0.95
1,1944,0.357142857142857,"#4daf4a","1",3,"FALSE","FALSE",0.0714285714285714,0.357142857142857,1944,1944,"white",0.15,1,0.95
1,1944.125,0.357142857142857,"#4daf4a","1",3,"FALSE","FALSE",0.0714285714285714,0.357142857142857,1944.125,1944.125,"white",0.15,1,0.95
1,1944.875,0.357142857142857,"#4daf4a","1",3,"FALSE","FALSE",0.0714285714285714,0.357142857142857,1944.875,1944.875,"white",0.15,1,0.95
1,1945,0.357142857142857,"#4daf4a","1",3,"FALSE","FALSE",0.0714285714285714,0.357142857142857,1945,1945,"white",0.15,1,0.95
1,1945.125,0.3515625,"#4daf4a","1",3,"FALSE","FALSE",0.0703125,0.3515625,1945.125,1945.125,"white",0.15,1,0.95
1,1945.875,0.318080357142857,"#4daf4a","1",3,"FALSE","FALSE",0.0636160714285714,0.318080357142857,1945.875,1945.875,"white",0.15,1,0.95
1,1946,0.3125,"#4daf4a","1",3,"FALSE","FALSE",0.0625,0.3125,1946,1946,"white",0.15,1,0.95
1,1946.125,0.3125,"#4daf4a","1",3,"FALSE","FALSE",0.0625,0.3125,1946.125,1946.125,"white",0.15,1,0.95
1,1946.875,0.3125,"#4daf4a","1",3,"FALSE","FALSE",0.0625,0.3125,1946.875,1946.875,"white",0.15,1,0.95
1,1947,0.3125,"#4daf4a","1",3,"FALSE","FALSE",0.0625,0.3125,1947,1947,"white",0.15,1,0.95
1,1947.125,0.3125,"#4daf4a","1",3,"FALSE","FALSE",0.0625,0.3125,1947.125,1947.125,"white",0.15,1,0.95
1,1947.875,0.3125,"#4daf4a","1",3,"FALSE","FALSE",0.0625,0.3125,1947.875,1947.875,"white",0.15,1,0.95
1,1948,0.3125,"#4daf4a","1",3,"FALSE","FALSE",0.0625,0.3125,1948,1948,"white",0.15,1,0.95
1,1948.125,0.3125,"#4daf4a","1",3,"FALSE","FALSE",0.0625,0.3125,1948.125,1948.125,"white",0.15,1,0.95
1,1948.875,0.3125,"#4daf4a","1",3,"FALSE","FALSE",0.0625,0.3125,1948.875,1948.875,"white",0.15,1,0.95
1,1949,0.3125,"#4daf4a","1",3,"FALSE","FALSE",0.0625,0.3125,1949,1949,"white",0.15,1,0.95
1,1949.125,0.3125,"#4daf4a","1",3,"FALSE","FALSE",0.0625,0.3125,1949.125,1949.125,"white",0.15,1,0.95
1,1949.875,0.3125,"#4daf4a","1",3,"FALSE","FALSE",0.0625,0.3125,1949.875,1949.875,"white",0.15,1,0.95
1,1950,0.3125,"#4daf4a","1",3,"FALSE","FALSE",0.0625,0.3125,1950,1950,"white",0.15,1,0.95
1,1950.125,0.3125,"#4daf4a","1",3,"FALSE","FALSE",0.0625,0.3125,1950.125,1950.125,"white",0.15,1,0.95
1,1950.875,0.3125,"#4daf4a","1",3,"FALSE","FALSE",0.0625,0.3125,1950.875,1950.875,"white",0.15,1,0.95
1,1951,0.3125,"#4daf4a","1",3,"FALSE","FALSE",0.0625,0.3125,1951,1951,"white",0.15,1,0.95
1,1951.125,0.310202205882353,"#4daf4a","1",3,"FALSE","FALSE",0.0620404411764706,0.310202205882353,1951.125,1951.125,"white",0.15,1,0.95
1,1951.875,0.296415441176471,"#4daf4a","1",3,"FALSE","FALSE",0.0592830882352941,0.296415441176471,1951.875,1951.875,"white",0.15,1,0.95
1,1952,0.294117647058824,"#4daf4a","1",3,"FALSE","FALSE",0.0588235294117647,0.294117647058824,1952,1952,"white",0.15,1,0.95
1,1952.125,0.294117647058824,"#4daf4a","1",3,"FALSE","FALSE",0.0588235294117647,0.294117647058824,1952.125,1952.125,"white",0.15,1,0.95
1,1952.875,0.294117647058824,"#4daf4a","1",3,"FALSE","FALSE",0.0588235294117647,0.294117647058824,1952.875,1952.875,"white",0.15,1,0.95
1,1953,0.294117647058824,"#4daf4a","1",3,"FALSE","FALSE",0.0588235294117647,0.294117647058824,1953,1953,"white",0.15,1,0.95
1,1953.125,0.294117647058824,"#4daf4a","1",3,"FALSE","FALSE",0.0588235294117647,0.294117647058824,1953.125,1953.125,"white",0.15,1,0.95
1,1953.875,0.294117647058824,"#4daf4a","1",3,"FALSE","FALSE",0.0588235294117647,0.294117647058824,1953.875,1953.875,"white",0.15,1,0.95
1,1954,0.294117647058824,"#4daf4a","1",3,"FALSE","FALSE",0.0588235294117647,0.294117647058824,1954,1954,"white",0.15,1,0.95
1,1954.125,0.294117647058824,"#4daf4a","1",3,"FALSE","FALSE",0.0588235294117647,0.294117647058824,1954.125,1954.125,"white",0.15,1,0.95
1,1954.875,0.294117647058824,"#4daf4a","1",3,"FALSE","FALSE",0.0588235294117647,0.294117647058824,1954.875,1954.875,"white",0.15,1,0.95
1,1955,0.294117647058824,"#4daf4a","1",3,"FALSE","FALSE",0.0588235294117647,0.294117647058824,1955,1955,"white",0.15,1,0.95
1,1955.125,0.294117647058824,"#4daf4a","1",3,"FALSE","FALSE",0.0588235294117647,0.294117647058824,1955.125,1955.125,"white",0.15,1,0.95
1,1955.875,0.294117647058824,"#4daf4a","1",3,"FALSE","FALSE",0.0588235294117647,0.294117647058824,1955.875,1955.875,"white",0.15,1,0.95
1,1956,0.294117647058824,"#4daf4a","1",3,"FALSE","FALSE",0.0588235294117647,0.294117647058824,1956,1956,"white",0.15,1,0.95
1,1956.125,0.299019607843137,"#4daf4a","1",3,"FALSE","FALSE",0.0584150326797386,0.299019607843137,1956.125,1956.125,"white",0.15,1,0.95
1,1956.875,0.32843137254902,"#4daf4a","1",3,"FALSE","FALSE",0.0559640522875817,0.32843137254902,1956.875,1956.875,"white",0.15,1,0.95
1,1957,0.333333333333333,"#4daf4a","1",3,"FALSE","FALSE",0.0555555555555556,0.333333333333333,1957,1957,"white",0.15,1,0.95
1,1957.125,0.333333333333333,"#4daf4a","1",3,"FALSE","FALSE",0.0555555555555556,0.333333333333333,1957.125,1957.125,"white",0.15,1,0.95
1,1957.875,0.333333333333333,"#4daf4a","1",3,"FALSE","FALSE",0.0555555555555556,0.333333333333333,1957.875,1957.875,"white",0.15,1,0.95
1,1958,0.333333333333333,"#4daf4a","1",3,"FALSE","FALSE",0.0555555555555556,0.333333333333333,1958,1958,"white",0.15,1,0.95
1,1958.125,0.331140350877193,"#4daf4a","1",3,"FALSE","FALSE",0.0551900584795322,0.331140350877193,1958.125,1958.125,"white",0.15,1,0.95
1,1958.875,0.317982456140351,"#4daf4a","1",3,"FALSE","FALSE",0.0529970760233918,0.317982456140351,1958.875,1958.875,"white",0.15,1,0.95
1,1959,0.315789473684211,"#4daf4a","1",3,"FALSE","FALSE",0.0526315789473684,0.315789473684211,1959,1959,"white",0.15,1,0.95
1,1959.125,0.313815789473684,"#4daf4a","1",3,"FALSE","FALSE",0.0523026315789474,0.313815789473684,1959.125,1959.125,"white",0.15,1,0.95
1,1959.875,0.301973684210526,"#4daf4a","1",3,"FALSE","FALSE",0.0503289473684211,0.301973684210526,1959.875,1959.875,"white",0.15,1,0.95
1,1960,0.3,"#4daf4a","1",3,"FALSE","FALSE",0.05,0.3,1960,1960,"white",0.15,1,0.95
1,1960.125,0.298214285714286,"#4daf4a","1",3,"FALSE","FALSE",0.049702380952381,0.298214285714286,1960.125,1960.125,"white",0.15,1,0.95
1,1960.875,0.2875,"#4daf4a","1",3,"FALSE","FALSE",0.0479166666666667,0.2875,1960.875,1960.875,"white",0.15,1,0.95
1,1961,0.285714285714286,"#4daf4a","1",3,"FALSE","FALSE",0.0476190476190476,0.285714285714286,1961,1961,"white",0.15,1,0.95
1,1961.125,0.285714285714286,"#4daf4a","1",3,"FALSE","FALSE",0.0476190476190476,0.285714285714286,1961.125,1961.125,"white",0.15,1,0.95
1,1961.875,0.285714285714286,"#4daf4a","1",3,"FALSE","FALSE",0.0476190476190476,0.285714285714286,1961.875,1961.875,"white",0.15,1,0.95
1,1962,0.285714285714286,"#4daf4a","1",3,"FALSE","FALSE",0.0476190476190476,0.285714285714286,1962,1962,"white",0.15,1,0.95
1,1962.125,0.285714285714286,"#4daf4a","1",3,"FALSE","FALSE",0.0476190476190476,0.285714285714286,1962.125,1962.125,"white",0.15,1,0.95
1,1962.875,0.285714285714286,"#4daf4a","1",3,"FALSE","FALSE",0.0476190476190476,0.285714285714286,1962.875,1962.875,"white",0.15,1,0.95
1,1963,0.285714285714286,"#4daf4a","1",3,"FALSE","FALSE",0.0476190476190476,0.285714285714286,1963,1963,"white",0.15,1,0.95
1,1963.125,0.284090909090909,"#4daf4a","1",3,"FALSE","FALSE",0.0473484848484848,0.284090909090909,1963.125,1963.125,"white",0.15,1,0.95
1,1963.875,0.274350649350649,"#4daf4a","1",3,"FALSE","FALSE",0.0457251082251082,0.274350649350649,1963.875,1963.875,"white",0.15,1,0.95
1,1964,0.272727272727273,"#4daf4a","1",3,"FALSE","FALSE",0.0454545454545455,0.272727272727273,1964,1964,"white",0.15,1,0.95
1,1964.125,0.272727272727273,"#4daf4a","1",3,"FALSE","FALSE",0.0454545454545455,0.272727272727273,1964.125,1964.125,"white",0.15,1,0.95
1,1964.875,0.272727272727273,"#4daf4a","1",3,"FALSE","FALSE",0.0454545454545455,0.272727272727273,1964.875,1964.875,"white",0.15,1,0.95
1,1965,0.272727272727273,"#4daf4a","1",3,"FALSE","FALSE",0.0454545454545455,0.272727272727273,1965,1965,"white",0.15,1,0.95
1,1965.125,0.276679841897233,"#4daf4a","1",3,"FALSE","FALSE",0.0452075098814229,0.276679841897233,1965.125,1965.125,"white",0.15,1,0.95
1,1965.875,0.300395256916996,"#4daf4a","1",3,"FALSE","FALSE",0.0437252964426877,0.300395256916996,1965.875,1965.875,"white",0.15,1,0.95
1,1966,0.304347826086957,"#4daf4a","1",3,"FALSE","FALSE",0.0434782608695652,0.304347826086957,1966,1966,"white",0.15,1,0.95
1,1966.125,0.30276268115942,"#4daf4a","1",3,"FALSE","FALSE",0.0432518115942029,0.30276268115942,1966.125,1966.125,"white",0.15,1,0.95
1,1966.875,0.293251811594203,"#4daf4a","1",3,"FALSE","FALSE",0.041893115942029,0.293251811594203,1966.875,1966.875,"white",0.15,1,0.95
1,1967,0.291666666666667,"#4daf4a","1",3,"FALSE","FALSE",0.0416666666666667,0.291666666666667,1967,1967,"white",0.15,1,0.95
1,1967.125,0.291666666666667,"#4daf4a","1",3,"FALSE","FALSE",0.0416666666666667,0.291666666666667,1967.125,1967.125,"white",0.15,1,0.95
1,1967.875,0.291666666666667,"#4daf4a","1",3,"FALSE","FALSE",0.0416666666666667,0.291666666666667,1967.875,1967.875,"white",0.15,1,0.95
1,1968,0.291666666666667,"#4daf4a","1",3,"FALSE","FALSE",0.0416666666666667,0.291666666666667,1968,1968,"white",0.15,1,0.95
1,1968.125,0.295208333333333,"#4daf4a","1",3,"FALSE","FALSE",0.0464583333333333,0.295208333333333,1968.125,1968.125,"white",0.15,1,0.95
1,1968.875,0.316458333333333,"#4daf4a","1",3,"FALSE","FALSE",0.0752083333333333,0.316458333333333,1968.875,1968.875,"white",0.15,1,0.95
1,1969,0.32,"#4daf4a","1",3,"FALSE","FALSE",0.08,0.32,1969,1969,"white",0.15,1,0.95
1,1969.125,0.317037037037037,"#4daf4a","1",3,"FALSE","FALSE",0.0792592592592593,0.317037037037037,1969.125,1969.125,"white",0.15,1,0.95
1,1969.875,0.299259259259259,"#4daf4a","1",3,"FALSE","FALSE",0.0748148148148148,0.299259259259259,1969.875,1969.875,"white",0.15,1,0.95
1,1970,0.296296296296296,"#4daf4a","1",3,"FALSE","FALSE",0.0740740740740741,0.296296296296296,1970,1970,"white",0.15,1,0.95
1,1970.125,0.296296296296296,"#4daf4a","1",3,"FALSE","FALSE",0.0740740740740741,0.296296296296296,1970.125,1970.125,"white",0.15,1,0.95
1,1970.875,0.296296296296296,"#4daf4a","1",3,"FALSE","FALSE",0.0740740740740741,0.296296296296296,1970.875,1970.875,"white",0.15,1,0.95
1,1971,0.296296296296296,"#4daf4a","1",3,"FALSE","FALSE",0.0740740740740741,0.296296296296296,1971,1971,"white",0.15,1,0.95
1,1971.125,0.293742017879949,"#4daf4a","1",3,"FALSE","FALSE",0.0734355044699872,0.293742017879949,1971.125,1971.125,"white",0.15,1,0.95
1,1971.875,0.278416347381865,"#4daf4a","1",3,"FALSE","FALSE",0.0696040868454662,0.278416347381865,1971.875,1971.875,"white",0.15,1,0.95
1,1972,0.275862068965517,"#4daf4a","1",3,"FALSE","FALSE",0.0689655172413793,0.275862068965517,1972,1972,"white",0.15,1,0.95
1,1972.125,0.274712643678161,"#4daf4a","1",3,"FALSE","FALSE",0.0686781609195402,0.274712643678161,1972.125,1972.125,"white",0.15,1,0.95
1,1972.875,0.267816091954023,"#4daf4a","1",3,"FALSE","FALSE",0.0669540229885058,0.267816091954023,1972.875,1972.875,"white",0.15,1,0.95
1,1973,0.266666666666667,"#4daf4a","1",3,"FALSE","FALSE",0.0666666666666667,0.266666666666667,1973,1973,"white",0.15,1,0.95
1,1973.125,0.265591397849462,"#4daf4a","1",3,"FALSE","FALSE",0.0663978494623656,0.265591397849462,1973.125,1973.125,"white",0.15,1,0.95
1,1973.875,0.259139784946237,"#4daf4a","1",3,"FALSE","FALSE",0.0647849462365591,0.259139784946237,1973.875,1973.875,"white",0.15,1,0.95
1,1974,0.258064516129032,"#4daf4a","1",3,"FALSE","FALSE",0.0645161290322581,0.258064516129032,1974,1974,"white",0.15,1,0.95
1,1974.125,0.257056451612903,"#4daf4a","1",3,"FALSE","FALSE",0.0642641129032258,0.257056451612903,1974.125,1974.125,"white",0.15,1,0.95
1,1974.875,0.251008064516129,"#4daf4a","1",3,"FALSE","FALSE",0.0627520161290323,0.251008064516129,1974.875,1974.875,"white",0.15,1,0.95
1,1975,0.25,"#4daf4a","1",3,"FALSE","FALSE",0.0625,0.25,1975,1975,"white",0.15,1,0.95
1,1975.125,0.255514705882353,"#4daf4a","1",3,"FALSE","FALSE",0.0620404411764706,0.255514705882353,1975.125,1975.125,"white",0.15,1,0.95
1,1975.875,0.288602941176471,"#4daf4a","1",3,"FALSE","FALSE",0.0592830882352941,0.288602941176471,1975.875,1975.875,"white",0.15,1,0.95
1,1976,0.294117647058824,"#4daf4a","1",3,"FALSE","FALSE",0.0588235294117647,0.294117647058824,1976,1976,"white",0.15,1,0.95
1,1976.125,0.294117647058824,"#4daf4a","1",3,"FALSE","FALSE",0.0588235294117647,0.294117647058824,1976.125,1976.125,"white",0.15,1,0.95
1,1976.875,0.294117647058824,"#4daf4a","1",3,"FALSE","FALSE",0.0588235294117647,0.294117647058824,1976.875,1976.875,"white",0.15,1,0.95
1,1977,0.294117647058824,"#4daf4a","1",3,"FALSE","FALSE",0.0588235294117647,0.294117647058824,1977,1977,"white",0.15,1,0.95
1,1977.125,0.289404223227753,"#4daf4a","1",3,"FALSE","FALSE",0.0578808446455505,0.289404223227753,1977.125,1977.125,"white",0.15,1,0.95
1,1977.875,0.261123680241327,"#4daf4a","1",3,"FALSE","FALSE",0.0522247360482655,0.261123680241327,1977.875,1977.875,"white",0.15,1,0.95
1,1978,0.256410256410256,"#4daf4a","1",3,"FALSE","FALSE",0.0512820512820513,0.256410256410256,1978,1978,"white",0.15,1,0.95
1,1978.125,0.255608974358974,"#4daf4a","1",3,"FALSE","FALSE",0.0511217948717949,0.255608974358974,1978.125,1978.125,"white",0.15,1,0.95
1,1978.875,0.250801282051282,"#4daf4a","1",3,"FALSE","FALSE",0.0501602564102564,0.250801282051282,1978.875,1978.875,"white",0.15,1,0.95
1,1979,0.25,"#4daf4a","1",3,"FALSE","FALSE",0.05,0.25,1979,1979,"white",0.15,1,0.95
1,1979.125,0.249237804878049,"#4daf4a","1",3,"FALSE","FALSE",0.0498475609756098,0.249237804878049,1979.125,1979.125,"white",0.15,1,0.95
1,1979.875,0.244664634146341,"#4daf4a","1",3,"FALSE","FALSE",0.0489329268292683,0.244664634146341,1979.875,1979.875,"white",0.15,1,0.95
1,1980,0.24390243902439,"#4daf4a","1",3,"FALSE","FALSE",0.0487804878048781,0.24390243902439,1980,1980,"white",0.15,1,0.95
1,1980.125,0.246152729384437,"#4daf4a","1",3,"FALSE","FALSE",0.0516114982578397,0.246152729384437,1980.125,1980.125,"white",0.15,1,0.95
1,1980.875,0.259654471544715,"#4daf4a","1",3,"FALSE","FALSE",0.0685975609756097,0.259654471544715,1980.875,1980.875,"white",0.15,1,0.95
1,1981,0.261904761904762,"#4daf4a","1",3,"FALSE","FALSE",0.0714285714285714,0.261904761904762,1981,1981,"white",0.15,1,0.95
1,1981.125,0.259722222222222,"#4daf4a","1",3,"FALSE","FALSE",0.0708333333333333,0.259722222222222,1981.125,1981.125,"white",0.15,1,0.95
1,1981.875,0.246626984126984,"#4daf4a","1",3,"FALSE","FALSE",0.0672619047619048,0.246626984126984,1981.875,1981.875,"white",0.15,1,0.95
1,1982,0.244444444444444,"#4daf4a","1",3,"FALSE","FALSE",0.0666666666666667,0.244444444444444,1982,1982,"white",0.15,1,0.95
1,1982.125,0.244444444444444,"#4daf4a","1",3,"FALSE","FALSE",0.0666666666666667,0.244444444444444,1982.125,1982.125,"white",0.15,1,0.95
1,1982.875,0.244444444444444,"#4daf4a","1",3,"FALSE","FALSE",0.0666666666666667,0.244444444444444,1982.875,1982.875,"white",0.15,1,0.95
1,1983,0.244444444444444,"#4daf4a","1",3,"FALSE","FALSE",0.0666666666666667,0.244444444444444,1983,1983,"white",0.15,1,0.95
1,1983.125,0.24580378250591,"#4daf4a","1",3,"FALSE","FALSE",0.0663120567375887,0.24580378250591,1983.125,1983.125,"white",0.15,1,0.95
1,1983.875,0.253959810874704,"#4daf4a","1",3,"FALSE","FALSE",0.0641843971631206,0.253959810874704,1983.875,1983.875,"white",0.15,1,0.95
1,1984,0.25531914893617,"#4daf4a","1",3,"FALSE","FALSE",0.0638297872340425,0.25531914893617,1984,1984,"white",0.15,1,0.95
1,1984.125,0.253404255319149,"#4daf4a","1",3,"FALSE","FALSE",0.0633510638297872,0.253404255319149,1984.125,1984.125,"white",0.15,1,0.95
1,1984.875,0.241914893617021,"#4daf4a","1",3,"FALSE","FALSE",0.0604787234042553,0.241914893617021,1984.875,1984.875,"white",0.15,1,0.95
1,1985,0.24,"#4daf4a","1",3,"FALSE","FALSE",0.06,0.24,1985,1985,"white",0.15,1,0.95
1,1985.125,0.24,"#4daf4a","1",3,"FALSE","FALSE",0.06,0.24,1985.125,1985.125,"white",0.15,1,0.95
1,1985.875,0.24,"#4daf4a","1",3,"FALSE","FALSE",0.06,0.24,1985.875,1985.875,"white",0.15,1,0.95
1,1986,0.24,"#4daf4a","1",3,"FALSE","FALSE",0.06,0.24,1986,1986,"white",0.15,1,0.95
1,1986.125,0.238846153846154,"#4daf4a","1",3,"FALSE","FALSE",0.0597115384615385,0.238846153846154,1986.125,1986.125,"white",0.15,1,0.95
1,1986.875,0.231923076923077,"#4daf4a","1",3,"FALSE","FALSE",0.0579807692307692,0.231923076923077,1986.875,1986.875,"white",0.15,1,0.95
1,1987,0.230769230769231,"#4daf4a","1",3,"FALSE","FALSE",0.0576923076923077,0.230769230769231,1987,1987,"white",0.15,1,0.95
1,1987.125,0.230769230769231,"#4daf4a","1",3,"FALSE","FALSE",0.0576923076923077,0.230769230769231,1987.125,1987.125,"white",0.15,1,0.95
1,1987.875,0.230769230769231,"#4daf4a","1",3,"FALSE","FALSE",0.0576923076923077,0.230769230769231,1987.875,1987.875,"white",0.15,1,0.95
1,1988,0.230769230769231,"#4daf4a","1",3,"FALSE","FALSE",0.0576923076923077,0.230769230769231,1988,1988,"white",0.15,1,0.95
1,1988.125,0.229700854700855,"#4daf4a","1",3,"FALSE","FALSE",0.0574252136752137,0.229700854700855,1988.125,1988.125,"white",0.15,1,0.95
1,1988.875,0.223290598290598,"#4daf4a","1",3,"FALSE","FALSE",0.0558226495726496,0.223290598290598,1988.875,1988.875,"white",0.15,1,0.95
1,1989,0.222222222222222,"#4daf4a","1",3,"FALSE","FALSE",0.0555555555555556,0.222222222222222,1989,1989,"white",0.15,1,0.95
1,1989.125,0.222461685823755,"#4daf4a","1",3,"FALSE","FALSE",0.0572318007662835,0.222461685823755,1989.125,1989.125,"white",0.15,1,0.95
1,1989.875,0.22389846743295,"#4daf4a","1",3,"FALSE","FALSE",0.0672892720306513,0.22389846743295,1989.875,1989.875,"white",0.15,1,0.95
1,1990,0.224137931034483,"#4daf4a","1",3,"FALSE","FALSE",0.0689655172413793,0.224137931034483,1990,1990,"white",0.15,1,0.95
1,1990.125,0.225781706604325,"#4daf4a","1",3,"FALSE","FALSE",0.07093804792519,0.225781706604325,1990.125,1990.125,"white",0.15,1,0.95
1,1990.875,0.235644360023378,"#4daf4a","1",3,"FALSE","FALSE",0.0827732320280538,0.235644360023378,1990.875,1990.875,"white",0.15,1,0.95
1,1991,0.23728813559322,"#4daf4a","1",3,"FALSE","FALSE",0.0847457627118644,0.23728813559322,1991,1991,"white",0.15,1,0.95
1,1991.125,0.236793785310735,"#4daf4a","1",3,"FALSE","FALSE",0.084569209039548,0.236793785310735,1991.125,1991.125,"white",0.15,1,0.95
1,1991.875,0.233827683615819,"#4daf4a","1",3,"FALSE","FALSE",0.0835098870056497,0.233827683615819,1991.875,1991.875,"white",0.15,1,0.95
1,1992,0.233333333333333,"#4daf4a","1",3,"FALSE","FALSE",0.0833333333333333,0.233333333333333,1992,1992,"white",0.15,1,0.95
1,1992.125,0.234408602150538,"#4daf4a","1",3,"FALSE","FALSE",0.082997311827957,0.234408602150538,1992.125,1992.125,"white",0.15,1,0.95
1,1992.875,0.240860215053763,"#4daf4a","1",3,"FALSE","FALSE",0.0809811827956989,0.240860215053763,1992.875,1992.875,"white",0.15,1,0.95
1,1993,0.241935483870968,"#4daf4a","1",3,"FALSE","FALSE",0.0806451612903226,0.241935483870968,1993,1993,"white",0.15,1,0.95
1,1993.125,0.241455453149002,"#4daf4a","1",3,"FALSE","FALSE",0.0804851510496672,0.241455453149002,1993.125,1993.125,"white",0.15,1,0.95
1,1993.875,0.238575268817204,"#4daf4a","1",3,"FALSE","FALSE",0.0795250896057348,0.238575268817204,1993.875,1993.875,"white",0.15,1,0.95
1,1994,0.238095238095238,"#4daf4a","1",3,"FALSE","FALSE",0.0793650793650794,0.238095238095238,1994,1994,"white",0.15,1,0.95
1,1994.125,0.238095238095238,"#4daf4a","1",3,"FALSE","FALSE",0.0793650793650794,0.238095238095238,1994.125,1994.125,"white",0.15,1,0.95
1,1994.875,0.238095238095238,"#4daf4a","1",3,"FALSE","FALSE",0.0793650793650794,0.238095238095238,1994.875,1994.875,"white",0.15,1,0.95
1,1995,0.238095238095238,"#4daf4a","1",3,"FALSE","FALSE",0.0793650793650794,0.238095238095238,1995,1995,"white",0.15,1,0.95
1,1995.125,0.237630208333333,"#4daf4a","1",3,"FALSE","FALSE",0.0792100694444444,0.237630208333333,1995.125,1995.125,"white",0.15,1,0.95
1,1995.875,0.234840029761905,"#4daf4a","1",3,"FALSE","FALSE",0.0782800099206349,0.234840029761905,1995.875,1995.875,"white",0.15,1,0.95
1,1996,0.234375,"#4daf4a","1",3,"FALSE","FALSE",0.078125,0.234375,1996,1996,"white",0.15,1,0.95
1,1996.125,0.234375,"#4daf4a","1",3,"FALSE","FALSE",0.078125,0.234375,1996.125,1996.125,"white",0.15,1,0.95
1,1996.875,0.234375,"#4daf4a","1",3,"FALSE","FALSE",0.078125,0.234375,1996.875,1996.875,"white",0.15,1,0.95
1,1997,0.234375,"#4daf4a","1",3,"FALSE","FALSE",0.078125,0.234375,1997,1997,"white",0.15,1,0.95
1,1997.125,0.232651654411765,"#4daf4a","1",3,"FALSE","FALSE",0.0775505514705882,0.232651654411765,1997.125,1997.125,"white",0.15,1,0.95
1,1997.875,0.222311580882353,"#4daf4a","1",3,"FALSE","FALSE",0.0741038602941176,0.222311580882353,1997.875,1997.875,"white",0.15,1,0.95
1,1998,0.220588235294118,"#4daf4a","1",3,"FALSE","FALSE",0.0735294117647059,0.220588235294118,1998,1998,"white",0.15,1,0.95
1,1998.125,0.220588235294118,"#4daf4a","1",3,"FALSE","FALSE",0.0735294117647059,0.220588235294118,1998.125,1998.125,"white",0.15,1,0.95
1,1998.875,0.220588235294118,"#4daf4a","1",3,"FALSE","FALSE",0.0735294117647059,0.220588235294118,1998.875,1998.875,"white",0.15,1,0.95
1,1999,0.220588235294118,"#4daf4a","1",3,"FALSE","FALSE",0.0735294117647059,0.220588235294118,1999,1999,"white",0.15,1,0.95
1,1999.125,0.219800420168067,"#4daf4a","1",3,"FALSE","FALSE",0.0732668067226891,0.219800420168067,1999.125,1999.125,"white",0.15,1,0.95
1,1999.875,0.215073529411765,"#4daf4a","1",3,"FALSE","FALSE",0.0716911764705882,0.215073529411765,1999.875,1999.875,"white",0.15,1,0.95
1,2000,0.214285714285714,"#4daf4a","1",3,"FALSE","FALSE",0.0714285714285714,0.214285714285714,2000,2000,"white",0.15,1,0.95
1,2000.125,0.213541666666667,"#4daf4a","1",3,"FALSE","FALSE",0.0711805555555556,0.213541666666667,2000.125,2000.125,"white",0.15,1,0.95
1,2000.875,0.209077380952381,"#4daf4a","1",3,"FALSE","FALSE",0.0696924603174603,0.209077380952381,2000.875,2000.875,"white",0.15,1,0.95
1,2001,0.208333333333333,"#4daf4a","1",3,"FALSE","FALSE",0.0694444444444444,0.208333333333333,2001,2001,"white",0.15,1,0.95
1,2001.125,0.208333333333333,"#4daf4a","1",3,"FALSE","FALSE",0.0694444444444444,0.208333333333333,2001.125,2001.125,"white",0.15,1,0.95
1,2001.875,0.208333333333333,"#4daf4a","1",3,"FALSE","FALSE",0.0694444444444444,0.208333333333333,2001.875,2001.875,"white",0.15,1,0.95
1,2002,0.208333333333333,"#4daf4a","1",3,"FALSE","FALSE",0.0694444444444444,0.208333333333333,2002,2002,"white",0.15,1,0.95
1,2002.125,0.209688926940639,"#4daf4a","1",3,"FALSE","FALSE",0.0710378614916286,0.209688926940639,2002.125,2002.125,"white",0.15,1,0.95
1,2002.875,0.217822488584475,"#4daf4a","1",3,"FALSE","FALSE",0.0805983637747336,0.217822488584475,2002.875,2002.875,"white",0.15,1,0.95
1,2003,0.219178082191781,"#4daf4a","1",3,"FALSE","FALSE",0.0821917808219178,0.219178082191781,2003,2003,"white",0.15,1,0.95
1,2003.125,0.219024411661398,"#4daf4a","1",3,"FALSE","FALSE",0.0831357569371268,0.219024411661398,2003.125,2003.125,"white",0.15,1,0.95
1,2003.875,0.218102388479101,"#4daf4a","1",3,"FALSE","FALSE",0.0887996136283807,0.218102388479101,2003.875,2003.875,"white",0.15,1,0.95
1,2004,0.217948717948718,"#4daf4a","1",3,"FALSE","FALSE",0.0897435897435897,0.217948717948718,2004,2004,"white",0.15,1,0.95
1,2004.125,0.219186140863356,"#4daf4a","1",3,"FALSE","FALSE",0.0911838688737423,0.219186140863356,2004.125,2004.125,"white",0.15,1,0.95
1,2004.875,0.226610678351185,"#4daf4a","1",3,"FALSE","FALSE",0.0998255436546576,0.226610678351185,2004.875,2004.875,"white",0.15,1,0.95
1,2005,0.227848101265823,"#4daf4a","1",3,"FALSE","FALSE",0.10126582278481,0.227848101265823,2005,2005,"white",0.15,1,0.95
1,2005.125,0.227492088607595,"#4daf4a","1",3,"FALSE","FALSE",0.101107594936709,0.227492088607595,2005.125,2005.125,"white",0.15,1,0.95
1,2005.875,0.225356012658228,"#4daf4a","1",3,"FALSE","FALSE",0.100158227848101,0.225356012658228,2005.875,2005.875,"white",0.15,1,0.95
1,2006,0.225,"#4daf4a","1",3,"FALSE","FALSE",0.1,0.225,2006,2006,"white",0.15,1,0.95
1,2006.125,0.225,"#4daf4a","1",3,"FALSE","FALSE",0.1,0.225,2006.125,2006.125,"white",0.15,1,0.95
1,2006.875,0.225,"#4daf4a","1",3,"FALSE","FALSE",0.1,0.225,2006.875,2006.875,"white",0.15,1,0.95
1,2007,0.225,"#4daf4a","1",3,"FALSE","FALSE",0.1,0.225,2007,2007,"white",0.15,1,0.95
1,2007.125,0.223263888888889,"#4daf4a","1",3,"FALSE","FALSE",0.0986111111111111,0.223263888888889,2007.125,2007.125,"white",0.15,1,0.95
1,2007.875,0.212847222222222,"#4daf4a","1",3,"FALSE","FALSE",0.0902777777777778,0.212847222222222,2007.875,2007.875,"white",0.15,1,0.95
1,2008,0.211111111111111,"#4daf4a","1",3,"FALSE","FALSE",0.0888888888888889,0.211111111111111,2008,2008,"white",0.15,1,0.95
1,2008.125,0.21219474969475,"#4daf4a","1",3,"FALSE","FALSE",0.0901404151404151,0.21219474969475,2008.125,2008.125,"white",0.15,1,0.95
1,2008.875,0.218696581196581,"#4daf4a","1",3,"FALSE","FALSE",0.0976495726495727,0.218696581196581,2008.875,2008.875,"white",0.15,1,0.95
1,2009,0.21978021978022,"#4daf4a","1",3,"FALSE","FALSE",0.0989010989010989,0.21978021978022,2009,2009,"white",0.15,1,0.95
1,2009.125,0.21978021978022,"#4daf4a","1",3,"FALSE","FALSE",0.0989010989010989,0.21978021978022,2009.125,2009.125,"white",0.15,1,0.95
1,2009.875,0.21978021978022,"#4daf4a","1",3,"FALSE","FALSE",0.0989010989010989,0.21978021978022,2009.875,2009.875,"white",0.15,1,0.95
1,2010,0.21978021978022,"#4daf4a","1",3,"FALSE","FALSE",0.0989010989010989,0.21978021978022,2010,2010,"white",0.15,1,0.95
1,2010.125,0.219481605351171,"#4daf4a","1",3,"FALSE","FALSE",0.0987667224080268,0.219481605351171,2010.125,2010.125,"white",0.15,1,0.95
1,2010.875,0.217689918776875,"#4daf4a","1",3,"FALSE","FALSE",0.0979604634495939,0.217689918776875,2010.875,2010.875,"white",0.15,1,0.95
1,2011,0.217391304347826,"#4daf4a","1",3,"FALSE","FALSE",0.0978260869565217,0.217391304347826,2011,2011,"white",0.15,1,0.95
1,2011.125,0.217391304347826,"#4daf4a","1",3,"FALSE","FALSE",0.0978260869565217,0.217391304347826,2011.125,2011.125,"white",0.15,1,0.95
1,2011.875,0.217391304347826,"#4daf4a","1",3,"FALSE","FALSE",0.0978260869565217,0.217391304347826,2011.875,2011.875,"white",0.15,1,0.95
1,2012,0.217391304347826,"#4daf4a","1",3,"FALSE","FALSE",0.0978260869565217,0.217391304347826,2012,2012,"white",0.15,1,0.95
1,2012.125,0.216533180778032,"#4daf4a","1",3,"FALSE","FALSE",0.0974399313501144,0.216533180778032,2012.125,2012.125,"white",0.15,1,0.95
1,2012.875,0.211384439359268,"#4daf4a","1",3,"FALSE","FALSE",0.0951229977116705,0.211384439359268,2012.875,2012.875,"white",0.15,1,0.95
1,2013,0.210526315789474,"#4daf4a","1",3,"FALSE","FALSE",0.0947368421052632,0.210526315789474,2013,2013,"white",0.15,1,0.95
1,2013.125,0.210252192982456,"#4daf4a","1",3,"FALSE","FALSE",0.0946134868421053,0.210252192982456,2013.125,2013.125,"white",0.15,1,0.95
1,2013.875,0.208607456140351,"#4daf4a","1",3,"FALSE","FALSE",0.0938733552631579,0.208607456140351,2013.875,2013.875,"white",0.15,1,0.95
1,2014,0.208333333333333,"#4daf4a","1",3,"FALSE","FALSE",0.09375,0.208333333333333,2014,2014,"white",0.15,1,0.95
1,2014.125,0.208064862542955,"#4daf4a","1",3,"FALSE","FALSE",0.0936291881443299,0.208064862542955,2014.125,2014.125,"white",0.15,1,0.95
1,2014.875,0.206454037800687,"#4daf4a","1",3,"FALSE","FALSE",0.0929043170103093,0.206454037800687,2014.875,2014.875,"white",0.15,1,0.95
1,2015,0.206185567010309,"#4daf4a","1",3,"FALSE","FALSE",0.0927835051546392,0.206185567010309,2015,2015,"white",0.15,1,0.95
1,2015.125,0.206185567010309,"#4daf4a","1",3,"FALSE","FALSE",0.0927835051546392,0.206185567010309,2015.125,2015.125,"white",0.15,1,0.95
1,2015.875,0.206185567010309,"#4daf4a","1",3,"FALSE","FALSE",0.0927835051546392,0.206185567010309,2015.875,2015.875,"white",0.15,1,0.95
1,2016,0.206185567010309,"#4daf4a","1",3,"FALSE","FALSE",0.0927835051546392,0.206185567010309,2016,2016,"white",0.15,1,0.95
1,2016.125,0.206185567010309,"#4daf4a","1",3,"FALSE","FALSE",0.0927835051546392,0.206185567010309,2016.125,2016.125,"white",0.15,1,0.95
1,2016.875,0.206185567010309,"#4daf4a","1",3,"FALSE","FALSE",0.0927835051546392,0.206185567010309,2016.875,2016.875,"white",0.15,1,0.95
1,2017,0.206185567010309,"#4daf4a","1",3,"FALSE","FALSE",0.0927835051546392,0.206185567010309,2017,2017,"white",0.15,1,0.95
1,2017.125,0.207198085419735,"#4daf4a","1",3,"FALSE","FALSE",0.0939406690511256,0.207198085419735,2017.125,2017.125,"white",0.15,1,0.95
1,2017.875,0.213273195876289,"#4daf4a","1",3,"FALSE","FALSE",0.100883652430044,0.213273195876289,2017.875,2017.875,"white",0.15,1,0.95
1,2018,0.214285714285714,"#4daf4a","1",3,"FALSE","FALSE",0.102040816326531,0.214285714285714,2018,2018,"white",0.15,1,0.95
1,2018.125,0.215277777777778,"#4daf4a","1",3,"FALSE","FALSE",0.101911976911977,0.215277777777778,2018.125,2018.125,"white",0.15,1,0.95
1,2018.875,0.221230158730159,"#4daf4a","1",3,"FALSE","FALSE",0.101138940424655,0.221230158730159,2018.875,2018.875,"white",0.15,1,0.95
1,2019,0.222222222222222,"#4daf4a","1",3,"FALSE","FALSE",0.101010101010101,0.222222222222222,2019,2019,"white",0.15,1,0.95
1,2019.125,0.222222222222222,"#4daf4a","1",3,"FALSE","FALSE",0.101010101010101,0.222222222222222,2019.125,2019.125,"white",0.15,1,0.95
1,2019.875,0.222222222222222,"#4daf4a","1",3,"FALSE","FALSE",0.101010101010101,0.222222222222222,2019.875,2019.875,"white",0.15,1,0.95
1,2020,0.222222222222222,"#4daf4a","1",3,"FALSE","FALSE",0.101010101010101,0.222222222222222,2020,2020,"white",0.15,1,0.95
1,2020.125,0.222222222222222,"#4daf4a","1",3,"FALSE","FALSE",0.101010101010101,0.222222222222222,2020.125,2020.125,"white",0.15,1,0.95
1,2020.875,0.222222222222222,"#4daf4a","1",3,"FALSE","FALSE",0.101010101010101,0.222222222222222,2020.875,2020.875,"white",0.15,1,0.95
1,2021,0.222222222222222,"#4daf4a","1",3,"FALSE","FALSE",0.101010101010101,0.222222222222222,2021,2021,"white",0.15,1,0.95
1,2021.125,0.222222222222222,"#4daf4a","1",3,"FALSE","FALSE",0.101010101010101,0.222222222222222,2021.125,2021.125,"white",0.15,1,0.95
1,2021.875,0.222222222222222,"#4daf4a","1",3,"FALSE","FALSE",0.101010101010101,0.222222222222222,2021.875,2021.875,"white",0.15,1,0.95
1,2022,0.222222222222222,"#4daf4a","1",3,"FALSE","FALSE",0.101010101010101,0.222222222222222,2022,2022,"white",0.15,1,0.95
1,2022.125,0.222222222222222,"#4daf4a","1",3,"FALSE","FALSE",0.101010101010101,0.222222222222222,2022.125,2022.125,"white",0.15,1,0.95
1,2022.875,0.222222222222222,"#4daf4a","1",3,"FALSE","FALSE",0.101010101010101,0.222222222222222,2022.875,2022.875,"white",0.15,1,0.95
1,2023,0.222222222222222,"#4daf4a","1",3,"FALSE","FALSE",0.101010101010101,0.222222222222222,2023,2023,"white",0.15,1,0.95
1,2023.125,0.222222222222222,"#4daf4a","1",3,"FALSE","FALSE",0.101010101010101,0.222222222222222,2023.125,2023.125,"white",0.15,1,0.95
1,2023.875,0.222222222222222,"#4daf4a","1",3,"FALSE","FALSE",0.101010101010101,0.222222222222222,2023.875,2023.875,"white",0.15,1,0.95
1,2024,0.222222222222222,"#4daf4a","1",3,"FALSE","FALSE",0.101010101010101,0.222222222222222,2024,2024,"white",0.15,1,0.95
1,2024.125,0.222222222222222,"#4daf4a","1",3,"FALSE","FALSE",0.101010101010101,0.222222222222222,2024.125,2024.125,"white",0.15,1,0.95
1,2024.875,0.222222222222222,"#4daf4a","1",3,"FALSE","FALSE",0.101010101010101,0.222222222222222,2024.875,2024.875,"white",0.15,1,0.95
1,2025,0.222222222222222,"#4daf4a","1",3,"FALSE","FALSE",0.101010101010101,0.222222222222222,2025,2025,"white",0.15,1,0.95
1,2025.125,0,"#4daf4a","1",3,"TRUE","FALSE",0,0,2025.125,2025.125,"white",0.15,1,0.95
1,1899.875,0,"#ff7f00","1",4,"TRUE","FALSE",0,0,1899.875,1899.875,"white",0.15,1,0.95
1,1900,0,"#ff7f00","1",4,"FALSE","FALSE",0,0,1900,1900,"white",0.15,1,0.95
1,1900.125,0,"#ff7f00","1",4,"FALSE","FALSE",0,0,1900.125,1900.125,"white",0.15,1,0.95
1,1900.875,0,"#ff7f00","1",4,"FALSE","FALSE",0,0,1900.875,1900.875,"white",0.15,1,0.95
1,1901,0,"#ff7f00","1",4,"FALSE","FALSE",0,0,1901,1901,"white",0.15,1,0.95
1,1901.125,0,"#ff7f00","1",4,"FALSE","FALSE",0,0,1901.125,1901.125,"white",0.15,1,0.95
1,1901.875,0,"#ff7f00","1",4,"FALSE","FALSE",0,0,1901.875,1901.875,"white",0.15,1,0.95
1,1902,0,"#ff7f00","1",4,"FALSE","FALSE",0,0,1902,1902,"white",0.15,1,0.95
1,1902.125,0,"#ff7f00","1",4,"FALSE","FALSE",0,0,1902.125,1902.125,"white",0.15,1,0.95
1,1902.875,0,"#ff7f00","1",4,"FALSE","FALSE",0,0,1902.875,1902.875,"white",0.15,1,0.95
1,1903,0,"#ff7f00","1",4,"FALSE","FALSE",0,0,1903,1903,"white",0.15,1,0.95
1,1903.125,0,"#ff7f00","1",4,"FALSE","FALSE",0,0,1903.125,1903.125,"white",0.15,1,0.95
1,1903.875,0,"#ff7f00","1",4,"FALSE","FALSE",0,0,1903.875,1903.875,"white",0.15,1,0.95
1,1904,0,"#ff7f00","1",4,"FALSE","FALSE",0,0,1904,1904,"white",0.15,1,0.95
1,1904.125,0,"#ff7f00","1",4,"FALSE","FALSE",0,0,1904.125,1904.125,"white",0.15,1,0.95
1,1904.875,0,"#ff7f00","1",4,"FALSE","FALSE",0,0,1904.875,1904.875,"white",0.15,1,0.95
1,1905,0,"#ff7f00","1",4,"FALSE","FALSE",0,0,1905,1905,"white",0.15,1,0.95
1,1905.125,0,"#ff7f00","1",4,"FALSE","FALSE",0,0,1905.125,1905.125,"white",0.15,1,0.95
1,1905.875,0,"#ff7f00","1",4,"FALSE","FALSE",0,0,1905.875,1905.875,"white",0.15,1,0.95
1,1906,0,"#ff7f00","1",4,"FALSE","FALSE",0,0,1906,1906,"white",0.15,1,0.95
1,1906.125,0,"#ff7f00","1",4,"FALSE","FALSE",0,0,1906.125,1906.125,"white",0.15,1,0.95
1,1906.875,0,"#ff7f00","1",4,"FALSE","FALSE",0,0,1906.875,1906.875,"white",0.15,1,0.95
1,1907,0,"#ff7f00","1",4,"FALSE","FALSE",0,0,1907,1907,"white",0.15,1,0.95
1,1907.125,0,"#ff7f00","1",4,"FALSE","FALSE",0,0,1907.125,1907.125,"white",0.15,1,0.95
1,1907.875,0,"#ff7f00","1",4,"FALSE","FALSE",0,0,1907.875,1907.875,"white",0.15,1,0.95
1,1908,0,"#ff7f00","1",4,"FALSE","FALSE",0,0,1908,1908,"white",0.15,1,0.95
1,1908.125,0,"#ff7f00","1",4,"FALSE","FALSE",0,0,1908.125,1908.125,"white",0.15,1,0.95
1,1908.875,0,"#ff7f00","1",4,"FALSE","FALSE",0,0,1908.875,1908.875,"white",0.15,1,0.95
1,1909,0,"#ff7f00","1",4,"FALSE","FALSE",0,0,1909,1909,"white",0.15,1,0.95
1,1909.125,0,"#ff7f00","1",4,"FALSE","FALSE",0,0,1909.125,1909.125,"white",0.15,1,0.95
1,1909.875,0,"#ff7f00","1",4,"FALSE","FALSE",0,0,1909.875,1909.875,"white",0.15,1,0.95
1,1910,0,"#ff7f00","1",4,"FALSE","FALSE",0,0,1910,1910,"white",0.15,1,0.95
1,1910.125,0,"#ff7f00","1",4,"FALSE","FALSE",0,0,1910.125,1910.125,"white",0.15,1,0.95
1,1910.875,0,"#ff7f00","1",4,"FALSE","FALSE",0,0,1910.875,1910.875,"white",0.15,1,0.95
1,1911,0,"#ff7f00","1",4,"FALSE","FALSE",0,0,1911,1911,"white",0.15,1,0.95
1,1911.125,0,"#ff7f00","1",4,"FALSE","FALSE",0,0,1911.125,1911.125,"white",0.15,1,0.95
1,1911.875,0,"#ff7f00","1",4,"FALSE","FALSE",0,0,1911.875,1911.875,"white",0.15,1,0.95
1,1912,0,"#ff7f00","1",4,"FALSE","FALSE",0,0,1912,1912,"white",0.15,1,0.95
1,1912.125,0,"#ff7f00","1",4,"FALSE","FALSE",0,0,1912.125,1912.125,"white",0.15,1,0.95
1,1912.875,0,"#ff7f00","1",4,"FALSE","FALSE",0,0,1912.875,1912.875,"white",0.15,1,0.95
1,1913,0,"#ff7f00","1",4,"FALSE","FALSE",0,0,1913,1913,"white",0.15,1,0.95
1,1913.125,0,"#ff7f00","1",4,"FALSE","FALSE",0,0,1913.125,1913.125,"white",0.15,1,0.95
1,1913.875,0,"#ff7f00","1",4,"FALSE","FALSE",0,0,1913.875,1913.875,"white",0.15,1,0.95
1,1914,0,"#ff7f00","1",4,"FALSE","FALSE",0,0,1914,1914,"white",0.15,1,0.95
1,1914.125,0,"#ff7f00","1",4,"FALSE","FALSE",0,0,1914.125,1914.125,"white",0.15,1,0.95
1,1914.875,0,"#ff7f00","1",4,"FALSE","FALSE",0,0,1914.875,1914.875,"white",0.15,1,0.95
1,1915,0,"#ff7f00","1",4,"FALSE","FALSE",0,0,1915,1915,"white",0.15,1,0.95
1,1915.125,0,"#ff7f00","1",4,"FALSE","FALSE",0,0,1915.125,1915.125,"white",0.15,1,0.95
1,1915.875,0,"#ff7f00","1",4,"FALSE","FALSE",0,0,1915.875,1915.875,"white",0.15,1,0.95
1,1916,0,"#ff7f00","1",4,"FALSE","FALSE",0,0,1916,1916,"white",0.15,1,0.95
1,1916.125,0,"#ff7f00","1",4,"FALSE","FALSE",0,0,1916.125,1916.125,"white",0.15,1,0.95
1,1916.875,0,"#ff7f00","1",4,"FALSE","FALSE",0,0,1916.875,1916.875,"white",0.15,1,0.95
1,1917,0,"#ff7f00","1",4,"FALSE","FALSE",0,0,1917,1917,"white",0.15,1,0.95
1,1917.125,0,"#ff7f00","1",4,"FALSE","FALSE",0,0,1917.125,1917.125,"white",0.15,1,0.95
1,1917.875,0,"#ff7f00","1",4,"FALSE","FALSE",0,0,1917.875,1917.875,"white",0.15,1,0.95
1,1918,0,"#ff7f00","1",4,"FALSE","FALSE",0,0,1918,1918,"white",0.15,1,0.95
1,1918.125,0,"#ff7f00","1",4,"FALSE","FALSE",0,0,1918.125,1918.125,"white",0.15,1,0.95
1,1918.875,0,"#ff7f00","1",4,"FALSE","FALSE",0,0,1918.875,1918.875,"white",0.15,1,0.95
1,1919,0,"#ff7f00","1",4,"FALSE","FALSE",0,0,1919,1919,"white",0.15,1,0.95
1,1919.125,0,"#ff7f00","1",4,"FALSE","FALSE",0,0,1919.125,1919.125,"white",0.15,1,0.95
1,1919.875,0,"#ff7f00","1",4,"FALSE","FALSE",0,0,1919.875,1919.875,"white",0.15,1,0.95
1,1920,0,"#ff7f00","1",4,"FALSE","FALSE",0,0,1920,1920,"white",0.15,1,0.95
1,1920.125,0,"#ff7f00","1",4,"FALSE","FALSE",0,0,1920.125,1920.125,"white",0.15,1,0.95
1,1920.875,0,"#ff7f00","1",4,"FALSE","FALSE",0,0,1920.875,1920.875,"white",0.15,1,0.95
1,1921,0,"#ff7f00","1",4,"FALSE","FALSE",0,0,1921,1921,"white",0.15,1,0.95
1,1921.125,0,"#ff7f00","1",4,"FALSE","FALSE",0,0,1921.125,1921.125,"white",0.15,1,0.95
1,1921.875,0,"#ff7f00","1",4,"FALSE","FALSE",0,0,1921.875,1921.875,"white",0.15,1,0.95
1,1922,0,"#ff7f00","1",4,"FALSE","FALSE",0,0,1922,1922,"white",0.15,1,0.95
1,1922.125,0,"#ff7f00","1",4,"FALSE","FALSE",0,0,1922.125,1922.125,"white",0.15,1,0.95
1,1922.875,0,"#ff7f00","1",4,"FALSE","FALSE",0,0,1922.875,1922.875,"white",0.15,1,0.95
1,1923,0,"#ff7f00","1",4,"FALSE","FALSE",0,0,1923,1923,"white",0.15,1,0.95
1,1923.125,0,"#ff7f00","1",4,"FALSE","FALSE",0,0,1923.125,1923.125,"white",0.15,1,0.95
1,1923.875,0,"#ff7f00","1",4,"FALSE","FALSE",0,0,1923.875,1923.875,"white",0.15,1,0.95
1,1924,0,"#ff7f00","1",4,"FALSE","FALSE",0,0,1924,1924,"white",0.15,1,0.95
1,1924.125,0,"#ff7f00","1",4,"FALSE","FALSE",0,0,1924.125,1924.125,"white",0.15,1,0.95
1,1924.875,0,"#ff7f00","1",4,"FALSE","FALSE",0,0,1924.875,1924.875,"white",0.15,1,0.95
1,1925,0,"#ff7f00","1",4,"FALSE","FALSE",0,0,1925,1925,"white",0.15,1,0.95
1,1925.125,0,"#ff7f00","1",4,"FALSE","FALSE",0,0,1925.125,1925.125,"white",0.15,1,0.95
1,1925.875,0,"#ff7f00","1",4,"FALSE","FALSE",0,0,1925.875,1925.875,"white",0.15,1,0.95
1,1926,0,"#ff7f00","1",4,"FALSE","FALSE",0,0,1926,1926,"white",0.15,1,0.95
1,1926.125,0,"#ff7f00","1",4,"FALSE","FALSE",0,0,1926.125,1926.125,"white",0.15,1,0.95
1,1926.875,0,"#ff7f00","1",4,"FALSE","FALSE",0,0,1926.875,1926.875,"white",0.15,1,0.95
1,1927,0,"#ff7f00","1",4,"FALSE","FALSE",0,0,1927,1927,"white",0.15,1,0.95
1,1927.125,0,"#ff7f00","1",4,"FALSE","FALSE",0,0,1927.125,1927.125,"white",0.15,1,0.95
1,1927.875,0,"#ff7f00","1",4,"FALSE","FALSE",0,0,1927.875,1927.875,"white",0.15,1,0.95
1,1928,0,"#ff7f00","1",4,"FALSE","FALSE",0,0,1928,1928,"white",0.15,1,0.95
1,1928.125,0.00961538461538462,"#ff7f00","1",4,"FALSE","FALSE",0.00961538461538462,0.00961538461538462,1928.125,1928.125,"white",0.15,1,0.95
1,1928.875,0.0673076923076923,"#ff7f00","1",4,"FALSE","FALSE",0.0673076923076923,0.0673076923076923,1928.875,1928.875,"white",0.15,1,0.95
1,1929,0.0769230769230769,"#ff7f00","1",4,"FALSE","FALSE",0.0769230769230769,0.0769230769230769,1929,1929,"white",0.15,1,0.95
1,1929.125,0.0769230769230769,"#ff7f00","1",4,"FALSE","FALSE",0.0769230769230769,0.0769230769230769,1929.125,1929.125,"white",0.15,1,0.95
1,1929.875,0.0769230769230769,"#ff7f00","1",4,"FALSE","FALSE",0.0769230769230769,0.0769230769230769,1929.875,1929.875,"white",0.15,1,0.95
1,1930,0.0769230769230769,"#ff7f00","1",4,"FALSE","FALSE",0.0769230769230769,0.0769230769230769,1930,1930,"white",0.15,1,0.95
1,1930.125,0.0769230769230769,"#ff7f00","1",4,"FALSE","FALSE",0.0769230769230769,0.0769230769230769,1930.125,1930.125,"white",0.15,1,0.95
1,1930.875,0.0769230769230769,"#ff7f00","1",4,"FALSE","FALSE",0.0769230769230769,0.0769230769230769,1930.875,1930.875,"white",0.15,1,0.95
1,1931,0.0769230769230769,"#ff7f00","1",4,"FALSE","FALSE",0.0769230769230769,0.0769230769230769,1931,1931,"white",0.15,1,0.95
1,1931.125,0.0769230769230769,"#ff7f00","1",4,"FALSE","FALSE",0.0769230769230769,0.0769230769230769,1931.125,1931.125,"white",0.15,1,0.95
1,1931.875,0.0769230769230769,"#ff7f00","1",4,"FALSE","FALSE",0.0769230769230769,0.0769230769230769,1931.875,1931.875,"white",0.15,1,0.95
1,1932,0.0769230769230769,"#ff7f00","1",4,"FALSE","FALSE",0.0769230769230769,0.0769230769230769,1932,1932,"white",0.15,1,0.95
1,1932.125,0.0769230769230769,"#ff7f00","1",4,"FALSE","FALSE",0.0769230769230769,0.0769230769230769,1932.125,1932.125,"white",0.15,1,0.95
1,1932.875,0.0769230769230769,"#ff7f00","1",4,"FALSE","FALSE",0.0769230769230769,0.0769230769230769,1932.875,1932.875,"white",0.15,1,0.95
1,1933,0.0769230769230769,"#ff7f00","1",4,"FALSE","FALSE",0.0769230769230769,0.0769230769230769,1933,1933,"white",0.15,1,0.95
1,1933.125,0.0769230769230769,"#ff7f00","1",4,"FALSE","FALSE",0.0769230769230769,0.0769230769230769,1933.125,1933.125,"white",0.15,1,0.95
1,1933.875,0.0769230769230769,"#ff7f00","1",4,"FALSE","FALSE",0.0769230769230769,0.0769230769230769,1933.875,1933.875,"white",0.15,1,0.95
1,1934,0.0769230769230769,"#ff7f00","1",4,"FALSE","FALSE",0.0769230769230769,0.0769230769230769,1934,1934,"white",0.15,1,0.95
1,1934.125,0.0769230769230769,"#ff7f00","1",4,"FALSE","FALSE",0.0769230769230769,0.0769230769230769,1934.125,1934.125,"white",0.15,1,0.95
1,1934.875,0.0769230769230769,"#ff7f00","1",4,"FALSE","FALSE",0.0769230769230769,0.0769230769230769,1934.875,1934.875,"white",0.15,1,0.95
1,1935,0.0769230769230769,"#ff7f00","1",4,"FALSE","FALSE",0.0769230769230769,0.0769230769230769,1935,1935,"white",0.15,1,0.95
1,1935.125,0.0762362637362637,"#ff7f00","1",4,"FALSE","FALSE",0.0762362637362637,0.0762362637362637,1935.125,1935.125,"white",0.15,1,0.95
1,1935.875,0.0721153846153846,"#ff7f00","1",4,"FALSE","FALSE",0.0721153846153846,0.0721153846153846,1935.875,1935.875,"white",0.15,1,0.95
1,1936,0.0714285714285714,"#ff7f00","1",4,"FALSE","FALSE",0.0714285714285714,0.0714285714285714,1936,1936,"white",0.15,1,0.95
1,1936.125,0.0714285714285714,"#ff7f00","1",4,"FALSE","FALSE",0.0714285714285714,0.0714285714285714,1936.125,1936.125,"white",0.15,1,0.95
1,1936.875,0.0714285714285714,"#ff7f00","1",4,"FALSE","FALSE",0.0714285714285714,0.0714285714285714,1936.875,1936.875,"white",0.15,1,0.95
1,1937,0.0714285714285714,"#ff7f00","1",4,"FALSE","FALSE",0.0714285714285714,0.0714285714285714,1937,1937,"white",0.15,1,0.95
1,1937.125,0.0714285714285714,"#ff7f00","1",4,"FALSE","FALSE",0.0714285714285714,0.0714285714285714,1937.125,1937.125,"white",0.15,1,0.95
1,1937.875,0.0714285714285714,"#ff7f00","1",4,"FALSE","FALSE",0.0714285714285714,0.0714285714285714,1937.875,1937.875,"white",0.15,1,0.95
1,1938,0.0714285714285714,"#ff7f00","1",4,"FALSE","FALSE",0.0714285714285714,0.0714285714285714,1938,1938,"white",0.15,1,0.95
1,1938.125,0.0714285714285714,"#ff7f00","1",4,"FALSE","FALSE",0.0714285714285714,0.0714285714285714,1938.125,1938.125,"white",0.15,1,0.95
1,1938.875,0.0714285714285714,"#ff7f00","1",4,"FALSE","FALSE",0.0714285714285714,0.0714285714285714,1938.875,1938.875,"white",0.15,1,0.95
1,1939,0.0714285714285714,"#ff7f00","1",4,"FALSE","FALSE",0.0714285714285714,0.0714285714285714,1939,1939,"white",0.15,1,0.95
1,1939.125,0.0714285714285714,"#ff7f00","1",4,"FALSE","FALSE",0.0714285714285714,0.0714285714285714,1939.125,1939.125,"white",0.15,1,0.95
1,1939.875,0.0714285714285714,"#ff7f00","1",4,"FALSE","FALSE",0.0714285714285714,0.0714285714285714,1939.875,1939.875,"white",0.15,1,0.95
1,1940,0.0714285714285714,"#ff7f00","1",4,"FALSE","FALSE",0.0714285714285714,0.0714285714285714,1940,1940,"white",0.15,1,0.95
1,1940.125,0.0714285714285714,"#ff7f00","1",4,"FALSE","FALSE",0.0714285714285714,0.0714285714285714,1940.125,1940.125,"white",0.15,1,0.95
1,1940.875,0.0714285714285714,"#ff7f00","1",4,"FALSE","FALSE",0.0714285714285714,0.0714285714285714,1940.875,1940.875,"white",0.15,1,0.95
1,1941,0.0714285714285714,"#ff7f00","1",4,"FALSE","FALSE",0.0714285714285714,0.0714285714285714,1941,1941,"white",0.15,1,0.95
1,1941.125,0.0714285714285714,"#ff7f00","1",4,"FALSE","FALSE",0.0714285714285714,0.0714285714285714,1941.125,1941.125,"white",0.15,1,0.95
1,1941.875,0.0714285714285714,"#ff7f00","1",4,"FALSE","FALSE",0.0714285714285714,0.0714285714285714,1941.875,1941.875,"white",0.15,1,0.95
1,1942,0.0714285714285714,"#ff7f00","1",4,"FALSE","FALSE",0.0714285714285714,0.0714285714285714,1942,1942,"white",0.15,1,0.95
1,1942.125,0.0714285714285714,"#ff7f00","1",4,"FALSE","FALSE",0.0714285714285714,0.0714285714285714,1942.125,1942.125,"white",0.15,1,0.95
1,1942.875,0.0714285714285714,"#ff7f00","1",4,"FALSE","FALSE",0.0714285714285714,0.0714285714285714,1942.875,1942.875,"white",0.15,1,0.95
1,1943,0.0714285714285714,"#ff7f00","1",4,"FALSE","FALSE",0.0714285714285714,0.0714285714285714,1943,1943,"white",0.15,1,0.95
1,1943.125,0.0714285714285714,"#ff7f00","1",4,"FALSE","FALSE",0.0714285714285714,0.0714285714285714,1943.125,1943.125,"white",0.15,1,0.95
1,1943.875,0.0714285714285714,"#ff7f00","1",4,"FALSE","FALSE",0.0714285714285714,0.0714285714285714,1943.875,1943.875,"white",0.15,1,0.95
1,1944,0.0714285714285714,"#ff7f00","1",4,"FALSE","FALSE",0.0714285714285714,0.0714285714285714,1944,1944,"white",0.15,1,0.95
1,1944.125,0.0714285714285714,"#ff7f00","1",4,"FALSE","FALSE",0.0714285714285714,0.0714285714285714,1944.125,1944.125,"white",0.15,1,0.95
1,1944.875,0.0714285714285714,"#ff7f00","1",4,"FALSE","FALSE",0.0714285714285714,0.0714285714285714,1944.875,1944.875,"white",0.15,1,0.95
1,1945,0.0714285714285714,"#ff7f00","1",4,"FALSE","FALSE",0.0714285714285714,0.0714285714285714,1945,1945,"white",0.15,1,0.95
1,1945.125,0.0703125,"#ff7f00","1",4,"FALSE","FALSE",0.0703125,0.0703125,1945.125,1945.125,"white",0.15,1,0.95
1,1945.875,0.0636160714285714,"#ff7f00","1",4,"FALSE","FALSE",0.0636160714285714,0.0636160714285714,1945.875,1945.875,"white",0.15,1,0.95
1,1946,0.0625,"#ff7f00","1",4,"FALSE","FALSE",0.0625,0.0625,1946,1946,"white",0.15,1,0.95
1,1946.125,0.0625,"#ff7f00","1",4,"FALSE","FALSE",0.0625,0.0625,1946.125,1946.125,"white",0.15,1,0.95
1,1946.875,0.0625,"#ff7f00","1",4,"FALSE","FALSE",0.0625,0.0625,1946.875,1946.875,"white",0.15,1,0.95
1,1947,0.0625,"#ff7f00","1",4,"FALSE","FALSE",0.0625,0.0625,1947,1947,"white",0.15,1,0.95
1,1947.125,0.0625,"#ff7f00","1",4,"FALSE","FALSE",0.0625,0.0625,1947.125,1947.125,"white",0.15,1,0.95
1,1947.875,0.0625,"#ff7f00","1",4,"FALSE","FALSE",0.0625,0.0625,1947.875,1947.875,"white",0.15,1,0.95
1,1948,0.0625,"#ff7f00","1",4,"FALSE","FALSE",0.0625,0.0625,1948,1948,"white",0.15,1,0.95
1,1948.125,0.0625,"#ff7f00","1",4,"FALSE","FALSE",0.0625,0.0625,1948.125,1948.125,"white",0.15,1,0.95
1,1948.875,0.0625,"#ff7f00","1",4,"FALSE","FALSE",0.0625,0.0625,1948.875,1948.875,"white",0.15,1,0.95
1,1949,0.0625,"#ff7f00","1",4,"FALSE","FALSE",0.0625,0.0625,1949,1949,"white",0.15,1,0.95
1,1949.125,0.0625,"#ff7f00","1",4,"FALSE","FALSE",0.0625,0.0625,1949.125,1949.125,"white",0.15,1,0.95
1,1949.875,0.0625,"#ff7f00","1",4,"FALSE","FALSE",0.0625,0.0625,1949.875,1949.875,"white",0.15,1,0.95
1,1950,0.0625,"#ff7f00","1",4,"FALSE","FALSE",0.0625,0.0625,1950,1950,"white",0.15,1,0.95
1,1950.125,0.0625,"#ff7f00","1",4,"FALSE","FALSE",0.0625,0.0625,1950.125,1950.125,"white",0.15,1,0.95
1,1950.875,0.0625,"#ff7f00","1",4,"FALSE","FALSE",0.0625,0.0625,1950.875,1950.875,"white",0.15,1,0.95
1,1951,0.0625,"#ff7f00","1",4,"FALSE","FALSE",0.0625,0.0625,1951,1951,"white",0.15,1,0.95
1,1951.125,0.0620404411764706,"#ff7f00","1",4,"FALSE","FALSE",0.0620404411764706,0.0620404411764706,1951.125,1951.125,"white",0.15,1,0.95
1,1951.875,0.0592830882352941,"#ff7f00","1",4,"FALSE","FALSE",0.0592830882352941,0.0592830882352941,1951.875,1951.875,"white",0.15,1,0.95
1,1952,0.0588235294117647,"#ff7f00","1",4,"FALSE","FALSE",0.0588235294117647,0.0588235294117647,1952,1952,"white",0.15,1,0.95
1,1952.125,0.0588235294117647,"#ff7f00","1",4,"FALSE","FALSE",0.0588235294117647,0.0588235294117647,1952.125,1952.125,"white",0.15,1,0.95
1,1952.875,0.0588235294117647,"#ff7f00","1",4,"FALSE","FALSE",0.0588235294117647,0.0588235294117647,1952.875,1952.875,"white",0.15,1,0.95
1,1953,0.0588235294117647,"#ff7f00","1",4,"FALSE","FALSE",0.0588235294117647,0.0588235294117647,1953,1953,"white",0.15,1,0.95
1,1953.125,0.0588235294117647,"#ff7f00","1",4,"FALSE","FALSE",0.0588235294117647,0.0588235294117647,1953.125,1953.125,"white",0.15,1,0.95
1,1953.875,0.0588235294117647,"#ff7f00","1",4,"FALSE","FALSE",0.0588235294117647,0.0588235294117647,1953.875,1953.875,"white",0.15,1,0.95
1,1954,0.0588235294117647,"#ff7f00","1",4,"FALSE","FALSE",0.0588235294117647,0.0588235294117647,1954,1954,"white",0.15,1,0.95
1,1954.125,0.0588235294117647,"#ff7f00","1",4,"FALSE","FALSE",0.0588235294117647,0.0588235294117647,1954.125,1954.125,"white",0.15,1,0.95
1,1954.875,0.0588235294117647,"#ff7f00","1",4,"FALSE","FALSE",0.0588235294117647,0.0588235294117647,1954.875,1954.875,"white",0.15,1,0.95
1,1955,0.0588235294117647,"#ff7f00","1",4,"FALSE","FALSE",0.0588235294117647,0.0588235294117647,1955,1955,"white",0.15,1,0.95
1,1955.125,0.0588235294117647,"#ff7f00","1",4,"FALSE","FALSE",0.0588235294117647,0.0588235294117647,1955.125,1955.125,"white",0.15,1,0.95
1,1955.875,0.0588235294117647,"#ff7f00","1",4,"FALSE","FALSE",0.0588235294117647,0.0588235294117647,1955.875,1955.875,"white",0.15,1,0.95
1,1956,0.0588235294117647,"#ff7f00","1",4,"FALSE","FALSE",0.0588235294117647,0.0588235294117647,1956,1956,"white",0.15,1,0.95
1,1956.125,0.0584150326797386,"#ff7f00","1",4,"FALSE","FALSE",0.0584150326797386,0.0584150326797386,1956.125,1956.125,"white",0.15,1,0.95
1,1956.875,0.0559640522875817,"#ff7f00","1",4,"FALSE","FALSE",0.0559640522875817,0.0559640522875817,1956.875,1956.875,"white",0.15,1,0.95
1,1957,0.0555555555555556,"#ff7f00","1",4,"FALSE","FALSE",0.0555555555555556,0.0555555555555556,1957,1957,"white",0.15,1,0.95
1,1957.125,0.0555555555555556,"#ff7f00","1",4,"FALSE","FALSE",0.0555555555555556,0.0555555555555556,1957.125,1957.125,"white",0.15,1,0.95
1,1957.875,0.0555555555555556,"#ff7f00","1",4,"FALSE","FALSE",0.0555555555555556,0.0555555555555556,1957.875,1957.875,"white",0.15,1,0.95
1,1958,0.0555555555555556,"#ff7f00","1",4,"FALSE","FALSE",0.0555555555555556,0.0555555555555556,1958,1958,"white",0.15,1,0.95
1,1958.125,0.0551900584795322,"#ff7f00","1",4,"FALSE","FALSE",0.0551900584795322,0.0551900584795322,1958.125,1958.125,"white",0.15,1,0.95
1,1958.875,0.0529970760233918,"#ff7f00","1",4,"FALSE","FALSE",0.0529970760233918,0.0529970760233918,1958.875,1958.875,"white",0.15,1,0.95
1,1959,0.0526315789473684,"#ff7f00","1",4,"FALSE","FALSE",0.0526315789473684,0.0526315789473684,1959,1959,"white",0.15,1,0.95
1,1959.125,0.0523026315789474,"#ff7f00","1",4,"FALSE","FALSE",0.0523026315789474,0.0523026315789474,1959.125,1959.125,"white",0.15,1,0.95
1,1959.875,0.0503289473684211,"#ff7f00","1",4,"FALSE","FALSE",0.0503289473684211,0.0503289473684211,1959.875,1959.875,"white",0.15,1,0.95
1,1960,0.05,"#ff7f00","1",4,"FALSE","FALSE",0.05,0.05,1960,1960,"white",0.15,1,0.95
1,1960.125,0.049702380952381,"#ff7f00","1",4,"FALSE","FALSE",0.049702380952381,0.049702380952381,1960.125,1960.125,"white",0.15,1,0.95
1,1960.875,0.0479166666666667,"#ff7f00","1",4,"FALSE","FALSE",0.0479166666666667,0.0479166666666667,1960.875,1960.875,"white",0.15,1,0.95
1,1961,0.0476190476190476,"#ff7f00","1",4,"FALSE","FALSE",0.0476190476190476,0.0476190476190476,1961,1961,"white",0.15,1,0.95
1,1961.125,0.0476190476190476,"#ff7f00","1",4,"FALSE","FALSE",0.0476190476190476,0.0476190476190476,1961.125,1961.125,"white",0.15,1,0.95
1,1961.875,0.0476190476190476,"#ff7f00","1",4,"FALSE","FALSE",0.0476190476190476,0.0476190476190476,1961.875,1961.875,"white",0.15,1,0.95
1,1962,0.0476190476190476,"#ff7f00","1",4,"FALSE","FALSE",0.0476190476190476,0.0476190476190476,1962,1962,"white",0.15,1,0.95
1,1962.125,0.0476190476190476,"#ff7f00","1",4,"FALSE","FALSE",0.0476190476190476,0.0476190476190476,1962.125,1962.125,"white",0.15,1,0.95
1,1962.875,0.0476190476190476,"#ff7f00","1",4,"FALSE","FALSE",0.0476190476190476,0.0476190476190476,1962.875,1962.875,"white",0.15,1,0.95
1,1963,0.0476190476190476,"#ff7f00","1",4,"FALSE","FALSE",0.0476190476190476,0.0476190476190476,1963,1963,"white",0.15,1,0.95
1,1963.125,0.0473484848484848,"#ff7f00","1",4,"FALSE","FALSE",0.0473484848484848,0.0473484848484848,1963.125,1963.125,"white",0.15,1,0.95
1,1963.875,0.0457251082251082,"#ff7f00","1",4,"FALSE","FALSE",0.0457251082251082,0.0457251082251082,1963.875,1963.875,"white",0.15,1,0.95
1,1964,0.0454545454545455,"#ff7f00","1",4,"FALSE","FALSE",0.0454545454545455,0.0454545454545455,1964,1964,"white",0.15,1,0.95
1,1964.125,0.0454545454545455,"#ff7f00","1",4,"FALSE","FALSE",0.0454545454545455,0.0454545454545455,1964.125,1964.125,"white",0.15,1,0.95
1,1964.875,0.0454545454545455,"#ff7f00","1",4,"FALSE","FALSE",0.0454545454545455,0.0454545454545455,1964.875,1964.875,"white",0.15,1,0.95
1,1965,0.0454545454545455,"#ff7f00","1",4,"FALSE","FALSE",0.0454545454545455,0.0454545454545455,1965,1965,"white",0.15,1,0.95
1,1965.125,0.0452075098814229,"#ff7f00","1",4,"FALSE","FALSE",0.0452075098814229,0.0452075098814229,1965.125,1965.125,"white",0.15,1,0.95
1,1965.875,0.0437252964426877,"#ff7f00","1",4,"FALSE","FALSE",0.0437252964426877,0.0437252964426877,1965.875,1965.875,"white",0.15,1,0.95
1,1966,0.0434782608695652,"#ff7f00","1",4,"FALSE","FALSE",0.0434782608695652,0.0434782608695652,1966,1966,"white",0.15,1,0.95
1,1966.125,0.0432518115942029,"#ff7f00","1",4,"FALSE","FALSE",0.0432518115942029,0.0432518115942029,1966.125,1966.125,"white",0.15,1,0.95
1,1966.875,0.041893115942029,"#ff7f00","1",4,"FALSE","FALSE",0.041893115942029,0.041893115942029,1966.875,1966.875,"white",0.15,1,0.95
1,1967,0.0416666666666667,"#ff7f00","1",4,"FALSE","FALSE",0.0416666666666667,0.0416666666666667,1967,1967,"white",0.15,1,0.95
1,1967.125,0.0416666666666667,"#ff7f00","1",4,"FALSE","FALSE",0.0416666666666667,0.0416666666666667,1967.125,1967.125,"white",0.15,1,0.95
1,1967.875,0.0416666666666667,"#ff7f00","1",4,"FALSE","FALSE",0.0416666666666667,0.0416666666666667,1967.875,1967.875,"white",0.15,1,0.95
1,1968,0.0416666666666667,"#ff7f00","1",4,"FALSE","FALSE",0.0416666666666667,0.0416666666666667,1968,1968,"white",0.15,1,0.95
1,1968.125,0.0464583333333333,"#ff7f00","1",4,"FALSE","FALSE",0.0414583333333333,0.0464583333333333,1968.125,1968.125,"white",0.15,1,0.95
1,1968.875,0.0752083333333333,"#ff7f00","1",4,"FALSE","FALSE",0.0402083333333333,0.0752083333333333,1968.875,1968.875,"white",0.15,1,0.95
1,1969,0.08,"#ff7f00","1",4,"FALSE","FALSE",0.04,0.08,1969,1969,"white",0.15,1,0.95
1,1969.125,0.0792592592592593,"#ff7f00","1",4,"FALSE","FALSE",0.0396296296296296,0.0792592592592593,1969.125,1969.125,"white",0.15,1,0.95
1,1969.875,0.0748148148148148,"#ff7f00","1",4,"FALSE","FALSE",0.0374074074074074,0.0748148148148148,1969.875,1969.875,"white",0.15,1,0.95
1,1970,0.0740740740740741,"#ff7f00","1",4,"FALSE","FALSE",0.037037037037037,0.0740740740740741,1970,1970,"white",0.15,1,0.95
1,1970.125,0.0740740740740741,"#ff7f00","1",4,"FALSE","FALSE",0.037037037037037,0.0740740740740741,1970.125,1970.125,"white",0.15,1,0.95
1,1970.875,0.0740740740740741,"#ff7f00","1",4,"FALSE","FALSE",0.037037037037037,0.0740740740740741,1970.875,1970.875,"white",0.15,1,0.95
1,1971,0.0740740740740741,"#ff7f00","1",4,"FALSE","FALSE",0.037037037037037,0.0740740740740741,1971,1971,"white",0.15,1,0.95
1,1971.125,0.0734355044699872,"#ff7f00","1",4,"FALSE","FALSE",0.0367177522349936,0.0734355044699872,1971.125,1971.125,"white",0.15,1,0.95
1,1971.875,0.0696040868454662,"#ff7f00","1",4,"FALSE","FALSE",0.0348020434227331,0.0696040868454662,1971.875,1971.875,"white",0.15,1,0.95
1,1972,0.0689655172413793,"#ff7f00","1",4,"FALSE","FALSE",0.0344827586206897,0.0689655172413793,1972,1972,"white",0.15,1,0.95
1,1972.125,0.0686781609195402,"#ff7f00","1",4,"FALSE","FALSE",0.0343390804597701,0.0686781609195402,1972.125,1972.125,"white",0.15,1,0.95
1,1972.875,0.0669540229885058,"#ff7f00","1",4,"FALSE","FALSE",0.0334770114942529,0.0669540229885058,1972.875,1972.875,"white",0.15,1,0.95
1,1973,0.0666666666666667,"#ff7f00","1",4,"FALSE","FALSE",0.0333333333333333,0.0666666666666667,1973,1973,"white",0.15,1,0.95
1,1973.125,0.0663978494623656,"#ff7f00","1",4,"FALSE","FALSE",0.0331989247311828,0.0663978494623656,1973.125,1973.125,"white",0.15,1,0.95
1,1973.875,0.0647849462365591,"#ff7f00","1",4,"FALSE","FALSE",0.0323924731182796,0.0647849462365591,1973.875,1973.875,"white",0.15,1,0.95
1,1974,0.0645161290322581,"#ff7f00","1",4,"FALSE","FALSE",0.032258064516129,0.0645161290322581,1974,1974,"white",0.15,1,0.95
1,1974.125,0.0642641129032258,"#ff7f00","1",4,"FALSE","FALSE",0.0321320564516129,0.0642641129032258,1974.125,1974.125,"white",0.15,1,0.95
1,1974.875,0.0627520161290323,"#ff7f00","1",4,"FALSE","FALSE",0.0313760080645161,0.0627520161290323,1974.875,1974.875,"white",0.15,1,0.95
1,1975,0.0625,"#ff7f00","1",4,"FALSE","FALSE",0.03125,0.0625,1975,1975,"white",0.15,1,0.95
1,1975.125,0.0620404411764706,"#ff7f00","1",4,"FALSE","FALSE",0.0310202205882353,0.0620404411764706,1975.125,1975.125,"white",0.15,1,0.95
1,1975.875,0.0592830882352941,"#ff7f00","1",4,"FALSE","FALSE",0.0296415441176471,0.0592830882352941,1975.875,1975.875,"white",0.15,1,0.95
1,1976,0.0588235294117647,"#ff7f00","1",4,"FALSE","FALSE",0.0294117647058824,0.0588235294117647,1976,1976,"white",0.15,1,0.95
1,1976.125,0.0588235294117647,"#ff7f00","1",4,"FALSE","FALSE",0.0294117647058824,0.0588235294117647,1976.125,1976.125,"white",0.15,1,0.95
1,1976.875,0.0588235294117647,"#ff7f00","1",4,"FALSE","FALSE",0.0294117647058824,0.0588235294117647,1976.875,1976.875,"white",0.15,1,0.95
1,1977,0.0588235294117647,"#ff7f00","1",4,"FALSE","FALSE",0.0294117647058824,0.0588235294117647,1977,1977,"white",0.15,1,0.95
1,1977.125,0.0578808446455505,"#ff7f00","1",4,"FALSE","FALSE",0.0289404223227753,0.0578808446455505,1977.125,1977.125,"white",0.15,1,0.95
1,1977.875,0.0522247360482655,"#ff7f00","1",4,"FALSE","FALSE",0.0261123680241327,0.0522247360482655,1977.875,1977.875,"white",0.15,1,0.95
1,1978,0.0512820512820513,"#ff7f00","1",4,"FALSE","FALSE",0.0256410256410256,0.0512820512820513,1978,1978,"white",0.15,1,0.95
1,1978.125,0.0511217948717949,"#ff7f00","1",4,"FALSE","FALSE",0.0255608974358974,0.0511217948717949,1978.125,1978.125,"white",0.15,1,0.95
1,1978.875,0.0501602564102564,"#ff7f00","1",4,"FALSE","FALSE",0.0250801282051282,0.0501602564102564,1978.875,1978.875,"white",0.15,1,0.95
1,1979,0.05,"#ff7f00","1",4,"FALSE","FALSE",0.025,0.05,1979,1979,"white",0.15,1,0.95
1,1979.125,0.0498475609756098,"#ff7f00","1",4,"FALSE","FALSE",0.0249237804878049,0.0498475609756098,1979.125,1979.125,"white",0.15,1,0.95
1,1979.875,0.0489329268292683,"#ff7f00","1",4,"FALSE","FALSE",0.0244664634146341,0.0489329268292683,1979.875,1979.875,"white",0.15,1,0.95
1,1980,0.0487804878048781,"#ff7f00","1",4,"FALSE","FALSE",0.024390243902439,0.0487804878048781,1980,1980,"white",0.15,1,0.95
1,1980.125,0.0516114982578397,"#ff7f00","1",4,"FALSE","FALSE",0.0272938443670151,0.0516114982578397,1980.125,1980.125,"white",0.15,1,0.95
1,1980.875,0.0685975609756097,"#ff7f00","1",4,"FALSE","FALSE",0.0447154471544715,0.0685975609756097,1980.875,1980.875,"white",0.15,1,0.95
1,1981,0.0714285714285714,"#ff7f00","1",4,"FALSE","FALSE",0.0476190476190476,0.0714285714285714,1981,1981,"white",0.15,1,0.95
1,1981.125,0.0708333333333333,"#ff7f00","1",4,"FALSE","FALSE",0.0472222222222222,0.0708333333333333,1981.125,1981.125,"white",0.15,1,0.95
1,1981.875,0.0672619047619048,"#ff7f00","1",4,"FALSE","FALSE",0.0448412698412698,0.0672619047619048,1981.875,1981.875,"white",0.15,1,0.95
1,1982,0.0666666666666667,"#ff7f00","1",4,"FALSE","FALSE",0.0444444444444444,0.0666666666666667,1982,1982,"white",0.15,1,0.95
1,1982.125,0.0666666666666667,"#ff7f00","1",4,"FALSE","FALSE",0.0444444444444444,0.0666666666666667,1982.125,1982.125,"white",0.15,1,0.95
1,1982.875,0.0666666666666667,"#ff7f00","1",4,"FALSE","FALSE",0.0444444444444444,0.0666666666666667,1982.875,1982.875,"white",0.15,1,0.95
1,1983,0.0666666666666667,"#ff7f00","1",4,"FALSE","FALSE",0.0444444444444444,0.0666666666666667,1983,1983,"white",0.15,1,0.95
1,1983.125,0.0663120567375887,"#ff7f00","1",4,"FALSE","FALSE",0.0442080378250591,0.0663120567375887,1983.125,1983.125,"white",0.15,1,0.95
1,1983.875,0.0641843971631206,"#ff7f00","1",4,"FALSE","FALSE",0.042789598108747,0.0641843971631206,1983.875,1983.875,"white",0.15,1,0.95
1,1984,0.0638297872340425,"#ff7f00","1",4,"FALSE","FALSE",0.0425531914893617,0.0638297872340425,1984,1984,"white",0.15,1,0.95
1,1984.125,0.0633510638297872,"#ff7f00","1",4,"FALSE","FALSE",0.0422340425531915,0.0633510638297872,1984.125,1984.125,"white",0.15,1,0.95
1,1984.875,0.0604787234042553,"#ff7f00","1",4,"FALSE","FALSE",0.0403191489361702,0.0604787234042553,1984.875,1984.875,"white",0.15,1,0.95
1,1985,0.06,"#ff7f00","1",4,"FALSE","FALSE",0.04,0.06,1985,1985,"white",0.15,1,0.95
1,1985.125,0.06,"#ff7f00","1",4,"FALSE","FALSE",0.04,0.06,1985.125,1985.125,"white",0.15,1,0.95
1,1985.875,0.06,"#ff7f00","1",4,"FALSE","FALSE",0.04,0.06,1985.875,1985.875,"white",0.15,1,0.95
1,1986,0.06,"#ff7f00","1",4,"FALSE","FALSE",0.04,0.06,1986,1986,"white",0.15,1,0.95
1,1986.125,0.0597115384615385,"#ff7f00","1",4,"FALSE","FALSE",0.0398076923076923,0.0597115384615385,1986.125,1986.125,"white",0.15,1,0.95
1,1986.875,0.0579807692307692,"#ff7f00","1",4,"FALSE","FALSE",0.0386538461538462,0.0579807692307692,1986.875,1986.875,"white",0.15,1,0.95
1,1987,0.0576923076923077,"#ff7f00","1",4,"FALSE","FALSE",0.0384615384615385,0.0576923076923077,1987,1987,"white",0.15,1,0.95
1,1987.125,0.0576923076923077,"#ff7f00","1",4,"FALSE","FALSE",0.0384615384615385,0.0576923076923077,1987.125,1987.125,"white",0.15,1,0.95
1,1987.875,0.0576923076923077,"#ff7f00","1",4,"FALSE","FALSE",0.0384615384615385,0.0576923076923077,1987.875,1987.875,"white",0.15,1,0.95
1,1988,0.0576923076923077,"#ff7f00","1",4,"FALSE","FALSE",0.0384615384615385,0.0576923076923077,1988,1988,"white",0.15,1,0.95
1,1988.125,0.0574252136752137,"#ff7f00","1",4,"FALSE","FALSE",0.0382834757834758,0.0574252136752137,1988.125,1988.125,"white",0.15,1,0.95
1,1988.875,0.0558226495726496,"#ff7f00","1",4,"FALSE","FALSE",0.0372150997150997,0.0558226495726496,1988.875,1988.875,"white",0.15,1,0.95
1,1989,0.0555555555555556,"#ff7f00","1",4,"FALSE","FALSE",0.037037037037037,0.0555555555555556,1989,1989,"white",0.15,1,0.95
1,1989.125,0.0572318007662835,"#ff7f00","1",4,"FALSE","FALSE",0.0367177522349936,0.0572318007662835,1989.125,1989.125,"white",0.15,1,0.95
1,1989.875,0.0672892720306513,"#ff7f00","1",4,"FALSE","FALSE",0.0348020434227331,0.0672892720306513,1989.875,1989.875,"white",0.15,1,0.95
1,1990,0.0689655172413793,"#ff7f00","1",4,"FALSE","FALSE",0.0344827586206897,0.0689655172413793,1990,1990,"white",0.15,1,0.95
1,1990.125,0.07093804792519,"#ff7f00","1",4,"FALSE","FALSE",0.0365283459964933,0.07093804792519,1990.125,1990.125,"white",0.15,1,0.95
1,1990.875,0.0827732320280538,"#ff7f00","1",4,"FALSE","FALSE",0.048801870251315,0.0827732320280538,1990.875,1990.875,"white",0.15,1,0.95
1,1991,0.0847457627118644,"#ff7f00","1",4,"FALSE","FALSE",0.0508474576271186,0.0847457627118644,1991,1991,"white",0.15,1,0.95
1,1991.125,0.084569209039548,"#ff7f00","1",4,"FALSE","FALSE",0.0507415254237288,0.084569209039548,1991.125,1991.125,"white",0.15,1,0.95
1,1991.875,0.0835098870056497,"#ff7f00","1",4,"FALSE","FALSE",0.0501059322033898,0.0835098870056497,1991.875,1991.875,"white",0.15,1,0.95
1,1992,0.0833333333333333,"#ff7f00","1",4,"FALSE","FALSE",0.05,0.0833333333333333,1992,1992,"white",0.15,1,0.95
1,1992.125,0.082997311827957,"#ff7f00","1",4,"FALSE","FALSE",0.0497983870967742,0.082997311827957,1992.125,1992.125,"white",0.15,1,0.95
1,1992.875,0.0809811827956989,"#ff7f00","1",4,"FALSE","FALSE",0.0485887096774194,0.0809811827956989,1992.875,1992.875,"white",0.15,1,0.95
1,1993,0.0806451612903226,"#ff7f00","1",4,"FALSE","FALSE",0.0483870967741935,0.0806451612903226,1993,1993,"white",0.15,1,0.95
1,1993.125,0.0804851510496672,"#ff7f00","1",4,"FALSE","FALSE",0.0482910906298003,0.0804851510496672,1993.125,1993.125,"white",0.15,1,0.95
1,1993.875,0.0795250896057348,"#ff7f00","1",4,"FALSE","FALSE",0.0477150537634409,0.0795250896057348,1993.875,1993.875,"white",0.15,1,0.95
1,1994,0.0793650793650794,"#ff7f00","1",4,"FALSE","FALSE",0.0476190476190476,0.0793650793650794,1994,1994,"white",0.15,1,0.95
1,1994.125,0.0793650793650794,"#ff7f00","1",4,"FALSE","FALSE",0.0476190476190476,0.0793650793650794,1994.125,1994.125,"white",0.15,1,0.95
1,1994.875,0.0793650793650794,"#ff7f00","1",4,"FALSE","FALSE",0.0476190476190476,0.0793650793650794,1994.875,1994.875,"white",0.15,1,0.95
1,1995,0.0793650793650794,"#ff7f00","1",4,"FALSE","FALSE",0.0476190476190476,0.0793650793650794,1995,1995,"white",0.15,1,0.95
1,1995.125,0.0792100694444444,"#ff7f00","1",4,"FALSE","FALSE",0.0475260416666667,0.0792100694444444,1995.125,1995.125,"white",0.15,1,0.95
1,1995.875,0.0782800099206349,"#ff7f00","1",4,"FALSE","FALSE",0.046968005952381,0.0782800099206349,1995.875,1995.875,"white",0.15,1,0.95
1,1996,0.078125,"#ff7f00","1",4,"FALSE","FALSE",0.046875,0.078125,1996,1996,"white",0.15,1,0.95
1,1996.125,0.078125,"#ff7f00","1",4,"FALSE","FALSE",0.046875,0.078125,1996.125,1996.125,"white",0.15,1,0.95
1,1996.875,0.078125,"#ff7f00","1",4,"FALSE","FALSE",0.046875,0.078125,1996.875,1996.875,"white",0.15,1,0.95
1,1997,0.078125,"#ff7f00","1",4,"FALSE","FALSE",0.046875,0.078125,1997,1997,"white",0.15,1,0.95
1,1997.125,0.0775505514705882,"#ff7f00","1",4,"FALSE","FALSE",0.0465303308823529,0.0775505514705882,1997.125,1997.125,"white",0.15,1,0.95
1,1997.875,0.0741038602941176,"#ff7f00","1",4,"FALSE","FALSE",0.0444623161764706,0.0741038602941176,1997.875,1997.875,"white",0.15,1,0.95
1,1998,0.0735294117647059,"#ff7f00","1",4,"FALSE","FALSE",0.0441176470588235,0.0735294117647059,1998,1998,"white",0.15,1,0.95
1,1998.125,0.0735294117647059,"#ff7f00","1",4,"FALSE","FALSE",0.0441176470588235,0.0735294117647059,1998.125,1998.125,"white",0.15,1,0.95
1,1998.875,0.0735294117647059,"#ff7f00","1",4,"FALSE","FALSE",0.0441176470588235,0.0735294117647059,1998.875,1998.875,"white",0.15,1,0.95
1,1999,0.0735294117647059,"#ff7f00","1",4,"FALSE","FALSE",0.0441176470588235,0.0735294117647059,1999,1999,"white",0.15,1,0.95
1,1999.125,0.0732668067226891,"#ff7f00","1",4,"FALSE","FALSE",0.0439600840336134,0.0732668067226891,1999.125,1999.125,"white",0.15,1,0.95
1,1999.875,0.0716911764705882,"#ff7f00","1",4,"FALSE","FALSE",0.0430147058823529,0.0716911764705882,1999.875,1999.875,"white",0.15,1,0.95
1,2000,0.0714285714285714,"#ff7f00","1",4,"FALSE","FALSE",0.0428571428571429,0.0714285714285714,2000,2000,"white",0.15,1,0.95
1,2000.125,0.0711805555555556,"#ff7f00","1",4,"FALSE","FALSE",0.0427083333333333,0.0711805555555556,2000.125,2000.125,"white",0.15,1,0.95
1,2000.875,0.0696924603174603,"#ff7f00","1",4,"FALSE","FALSE",0.0418154761904762,0.0696924603174603,2000.875,2000.875,"white",0.15,1,0.95
1,2001,0.0694444444444444,"#ff7f00","1",4,"FALSE","FALSE",0.0416666666666667,0.0694444444444444,2001,2001,"white",0.15,1,0.95
1,2001.125,0.0694444444444444,"#ff7f00","1",4,"FALSE","FALSE",0.0416666666666667,0.0694444444444444,2001.125,2001.125,"white",0.15,1,0.95
1,2001.875,0.0694444444444444,"#ff7f00","1",4,"FALSE","FALSE",0.0416666666666667,0.0694444444444444,2001.875,2001.875,"white",0.15,1,0.95
1,2002,0.0694444444444444,"#ff7f00","1",4,"FALSE","FALSE",0.0416666666666667,0.0694444444444444,2002,2002,"white",0.15,1,0.95
1,2002.125,0.0710378614916286,"#ff7f00","1",4,"FALSE","FALSE",0.0415953196347032,0.0710378614916286,2002.125,2002.125,"white",0.15,1,0.95
1,2002.875,0.0805983637747336,"#ff7f00","1",4,"FALSE","FALSE",0.0411672374429224,0.0805983637747336,2002.875,2002.875,"white",0.15,1,0.95
1,2003,0.0821917808219178,"#ff7f00","1",4,"FALSE","FALSE",0.0410958904109589,0.0821917808219178,2003,2003,"white",0.15,1,0.95
1,2003.125,0.0831357569371268,"#ff7f00","1",4,"FALSE","FALSE",0.0407665964172814,0.0831357569371268,2003.125,2003.125,"white",0.15,1,0.95
1,2003.875,0.0887996136283807,"#ff7f00","1",4,"FALSE","FALSE",0.038790832455216,0.0887996136283807,2003.875,2003.875,"white",0.15,1,0.95
1,2004,0.0897435897435897,"#ff7f00","1",4,"FALSE","FALSE",0.0384615384615385,0.0897435897435897,2004,2004,"white",0.15,1,0.95
1,2004.125,0.0911838688737423,"#ff7f00","1",4,"FALSE","FALSE",0.0384006815968841,0.0911838688737423,2004.125,2004.125,"white",0.15,1,0.95
1,2004.875,0.0998255436546576,"#ff7f00","1",4,"FALSE","FALSE",0.0380355404089581,0.0998255436546576,2004.875,2004.875,"white",0.15,1,0.95
1,2005,0.10126582278481,"#ff7f00","1",4,"FALSE","FALSE",0.0379746835443038,0.10126582278481,2005,2005,"white",0.15,1,0.95
1,2005.125,0.101107594936709,"#ff7f00","1",4,"FALSE","FALSE",0.0379153481012658,0.101107594936709,2005.125,2005.125,"white",0.15,1,0.95
1,2005.875,0.100158227848101,"#ff7f00","1",4,"FALSE","FALSE",0.037559335443038,0.100158227848101,2005.875,2005.875,"white",0.15,1,0.95
1,2006,0.1,"#ff7f00","1",4,"FALSE","FALSE",0.0375,0.1,2006,2006,"white",0.15,1,0.95
1,2006.125,0.1,"#ff7f00","1",4,"FALSE","FALSE",0.0375,0.1,2006.125,2006.125,"white",0.15,1,0.95
1,2006.875,0.1,"#ff7f00","1",4,"FALSE","FALSE",0.0375,0.1,2006.875,2006.875,"white",0.15,1,0.95
1,2007,0.1,"#ff7f00","1",4,"FALSE","FALSE",0.0375,0.1,2007,2007,"white",0.15,1,0.95
1,2007.125,0.0986111111111111,"#ff7f00","1",4,"FALSE","FALSE",0.0369791666666667,0.0986111111111111,2007.125,2007.125,"white",0.15,1,0.95
1,2007.875,0.0902777777777778,"#ff7f00","1",4,"FALSE","FALSE",0.0338541666666667,0.0902777777777778,2007.875,2007.875,"white",0.15,1,0.95
1,2008,0.0888888888888889,"#ff7f00","1",4,"FALSE","FALSE",0.0333333333333333,0.0888888888888889,2008,2008,"white",0.15,1,0.95
1,2008.125,0.0901404151404151,"#ff7f00","1",4,"FALSE","FALSE",0.0332875457875458,0.0901404151404151,2008.125,2008.125,"white",0.15,1,0.95
1,2008.875,0.0976495726495727,"#ff7f00","1",4,"FALSE","FALSE",0.0330128205128205,0.0976495726495727,2008.875,2008.875,"white",0.15,1,0.95
1,2009,0.0989010989010989,"#ff7f00","1",4,"FALSE","FALSE",0.032967032967033,0.0989010989010989,2009,2009,"white",0.15,1,0.95
1,2009.125,0.0989010989010989,"#ff7f00","1",4,"FALSE","FALSE",0.032967032967033,0.0989010989010989,2009.125,2009.125,"white",0.15,1,0.95
1,2009.875,0.0989010989010989,"#ff7f00","1",4,"FALSE","FALSE",0.032967032967033,0.0989010989010989,2009.875,2009.875,"white",0.15,1,0.95
1,2010,0.0989010989010989,"#ff7f00","1",4,"FALSE","FALSE",0.032967032967033,0.0989010989010989,2010,2010,"white",0.15,1,0.95
1,2010.125,0.0987667224080268,"#ff7f00","1",4,"FALSE","FALSE",0.0329222408026756,0.0987667224080268,2010.125,2010.125,"white",0.15,1,0.95
1,2010.875,0.0979604634495939,"#ff7f00","1",4,"FALSE","FALSE",0.0326534878165313,0.0979604634495939,2010.875,2010.875,"white",0.15,1,0.95
1,2011,0.0978260869565217,"#ff7f00","1",4,"FALSE","FALSE",0.0326086956521739,0.0978260869565217,2011,2011,"white",0.15,1,0.95
1,2011.125,0.0978260869565217,"#ff7f00","1",4,"FALSE","FALSE",0.0326086956521739,0.0978260869565217,2011.125,2011.125,"white",0.15,1,0.95
1,2011.875,0.0978260869565217,"#ff7f00","1",4,"FALSE","FALSE",0.0326086956521739,0.0978260869565217,2011.875,2011.875,"white",0.15,1,0.95
1,2012,0.0978260869565217,"#ff7f00","1",4,"FALSE","FALSE",0.0326086956521739,0.0978260869565217,2012,2012,"white",0.15,1,0.95
1,2012.125,0.0974399313501144,"#ff7f00","1",4,"FALSE","FALSE",0.0324799771167048,0.0974399313501144,2012.125,2012.125,"white",0.15,1,0.95
1,2012.875,0.0951229977116705,"#ff7f00","1",4,"FALSE","FALSE",0.0317076659038902,0.0951229977116705,2012.875,2012.875,"white",0.15,1,0.95
1,2013,0.0947368421052632,"#ff7f00","1",4,"FALSE","FALSE",0.0315789473684211,0.0947368421052632,2013,2013,"white",0.15,1,0.95
1,2013.125,0.0946134868421053,"#ff7f00","1",4,"FALSE","FALSE",0.0315378289473684,0.0946134868421053,2013.125,2013.125,"white",0.15,1,0.95
1,2013.875,0.0938733552631579,"#ff7f00","1",4,"FALSE","FALSE",0.0312911184210526,0.0938733552631579,2013.875,2013.875,"white",0.15,1,0.95
1,2014,0.09375,"#ff7f00","1",4,"FALSE","FALSE",0.03125,0.09375,2014,2014,"white",0.15,1,0.95
1,2014.125,0.0936291881443299,"#ff7f00","1",4,"FALSE","FALSE",0.0312097293814433,0.0936291881443299,2014.125,2014.125,"white",0.15,1,0.95
1,2014.875,0.0929043170103093,"#ff7f00","1",4,"FALSE","FALSE",0.0309681056701031,0.0929043170103093,2014.875,2014.875,"white",0.15,1,0.95
1,2015,0.0927835051546392,"#ff7f00","1",4,"FALSE","FALSE",0.0309278350515464,0.0927835051546392,2015,2015,"white",0.15,1,0.95
1,2015.125,0.0927835051546392,"#ff7f00","1",4,"FALSE","FALSE",0.0309278350515464,0.0927835051546392,2015.125,2015.125,"white",0.15,1,0.95
1,2015.875,0.0927835051546392,"#ff7f00","1",4,"FALSE","FALSE",0.0309278350515464,0.0927835051546392,2015.875,2015.875,"white",0.15,1,0.95
1,2016,0.0927835051546392,"#ff7f00","1",4,"FALSE","FALSE",0.0309278350515464,0.0927835051546392,2016,2016,"white",0.15,1,0.95
1,2016.125,0.0927835051546392,"#ff7f00","1",4,"FALSE","FALSE",0.0309278350515464,0.0927835051546392,2016.125,2016.125,"white",0.15,1,0.95
1,2016.875,0.0927835051546392,"#ff7f00","1",4,"FALSE","FALSE",0.0309278350515464,0.0927835051546392,2016.875,2016.875,"white",0.15,1,0.95
1,2017,0.0927835051546392,"#ff7f00","1",4,"FALSE","FALSE",0.0309278350515464,0.0927835051546392,2017,2017,"white",0.15,1,0.95
1,2017.125,0.0939406690511256,"#ff7f00","1",4,"FALSE","FALSE",0.030888386282348,0.0939406690511256,2017.125,2017.125,"white",0.15,1,0.95
1,2017.875,0.100883652430044,"#ff7f00","1",4,"FALSE","FALSE",0.0306516936671576,0.100883652430044,2017.875,2017.875,"white",0.15,1,0.95
1,2018,0.102040816326531,"#ff7f00","1",4,"FALSE","FALSE",0.0306122448979592,0.102040816326531,2018,2018,"white",0.15,1,0.95
1,2018.125,0.101911976911977,"#ff7f00","1",4,"FALSE","FALSE",0.0305735930735931,0.101911976911977,2018.125,2018.125,"white",0.15,1,0.95
1,2018.875,0.101138940424655,"#ff7f00","1",4,"FALSE","FALSE",0.0303416821273964,0.101138940424655,2018.875,2018.875,"white",0.15,1,0.95
1,2019,0.101010101010101,"#ff7f00","1",4,"FALSE","FALSE",0.0303030303030303,0.101010101010101,2019,2019,"white",0.15,1,0.95
1,2019.125,0.101010101010101,"#ff7f00","1",4,"FALSE","FALSE",0.0303030303030303,0.101010101010101,2019.125,2019.125,"white",0.15,1,0.95
1,2019.875,0.101010101010101,"#ff7f00","1",4,"FALSE","FALSE",0.0303030303030303,0.101010101010101,2019.875,2019.875,"white",0.15,1,0.95
1,2020,0.101010101010101,"#ff7f00","1",4,"FALSE","FALSE",0.0303030303030303,0.101010101010101,2020,2020,"white",0.15,1,0.95
1,2020.125,0.101010101010101,"#ff7f00","1",4,"FALSE","FALSE",0.0303030303030303,0.101010101010101,2020.125,2020.125,"white",0.15,1,0.95
1,2020.875,0.101010101010101,"#ff7f00","1",4,"FALSE","FALSE",0.0303030303030303,0.101010101010101,2020.875,2020.875,"white",0.15,1,0.95
1,2021,0.101010101010101,"#ff7f00","1",4,"FALSE","FALSE",0.0303030303030303,0.101010101010101,2021,2021,"white",0.15,1,0.95
1,2021.125,0.101010101010101,"#ff7f00","1",4,"FALSE","FALSE",0.0303030303030303,0.101010101010101,2021.125,2021.125,"white",0.15,1,0.95
1,2021.875,0.101010101010101,"#ff7f00","1",4,"FALSE","FALSE",0.0303030303030303,0.101010101010101,2021.875,2021.875,"white",0.15,1,0.95
1,2022,0.101010101010101,"#ff7f00","1",4,"FALSE","FALSE",0.0303030303030303,0.101010101010101,2022,2022,"white",0.15,1,0.95
1,2022.125,0.101010101010101,"#ff7f00","1",4,"FALSE","FALSE",0.0303030303030303,0.101010101010101,2022.125,2022.125,"white",0.15,1,0.95
1,2022.875,0.101010101010101,"#ff7f00","1",4,"FALSE","FALSE",0.0303030303030303,0.101010101010101,2022.875,2022.875,"white",0.15,1,0.95
1,2023,0.101010101010101,"#ff7f00","1",4,"FALSE","FALSE",0.0303030303030303,0.101010101010101,2023,2023,"white",0.15,1,0.95
1,2023.125,0.101010101010101,"#ff7f00","1",4,"FALSE","FALSE",0.0303030303030303,0.101010101010101,2023.125,2023.125,"white",0.15,1,0.95
1,2023.875,0.101010101010101,"#ff7f00","1",4,"FALSE","FALSE",0.0303030303030303,0.101010101010101,2023.875,2023.875,"white",0.15,1,0.95
1,2024,0.101010101010101,"#ff7f00","1",4,"FALSE","FALSE",0.0303030303030303,0.101010101010101,2024,2024,"white",0.15,1,0.95
1,2024.125,0.101010101010101,"#ff7f00","1",4,"FALSE","FALSE",0.0303030303030303,0.101010101010101,2024.125,2024.125,"white",0.15,1,0.95
1,2024.875,0.101010101010101,"#ff7f00","1",4,"FALSE","FALSE",0.0303030303030303,0.101010101010101,2024.875,2024.875,"white",0.15,1,0.95
1,2025,0.101010101010101,"#ff7f00","1",4,"FALSE","FALSE",0.0303030303030303,0.101010101010101,2025,2025,"white",0.15,1,0.95
1,2025.125,0,"#ff7f00","1",4,"TRUE","FALSE",0,0,2025.125,2025.125,"white",0.15,1,0.95
1,1899.875,0,"#999999","1",5,"TRUE","FALSE",0,0,1899.875,1899.875,"white",0.15,1,0.95
1,1900,0,"#999999","1",5,"FALSE","FALSE",0,0,1900,1900,"white",0.15,1,0.95
1,1900.125,0,"#999999","1",5,"FALSE","FALSE",0,0,1900.125,1900.125,"white",0.15,1,0.95
1,1900.875,0,"#999999","1",5,"FALSE","FALSE",0,0,1900.875,1900.875,"white",0.15,1,0.95
1,1901,0,"#999999","1",5,"FALSE","FALSE",0,0,1901,1901,"white",0.15,1,0.95
1,1901.125,0,"#999999","1",5,"FALSE","FALSE",0,0,1901.125,1901.125,"white",0.15,1,0.95
1,1901.875,0,"#999999","1",5,"FALSE","FALSE",0,0,1901.875,1901.875,"white",0.15,1,0.95
1,1902,0,"#999999","1",5,"FALSE","FALSE",0,0,1902,1902,"white",0.15,1,0.95
1,1902.125,0,"#999999","1",5,"FALSE","FALSE",0,0,1902.125,1902.125,"white",0.15,1,0.95
1,1902.875,0,"#999999","1",5,"FALSE","FALSE",0,0,1902.875,1902.875,"white",0.15,1,0.95
1,1903,0,"#999999","1",5,"FALSE","FALSE",0,0,1903,1903,"white",0.15,1,0.95
1,1903.125,0,"#999999","1",5,"FALSE","FALSE",0,0,1903.125,1903.125,"white",0.15,1,0.95
1,1903.875,0,"#999999","1",5,"FALSE","FALSE",0,0,1903.875,1903.875,"white",0.15,1,0.95
1,1904,0,"#999999","1",5,"FALSE","FALSE",0,0,1904,1904,"white",0.15,1,0.95
1,1904.125,0,"#999999","1",5,"FALSE","FALSE",0,0,1904.125,1904.125,"white",0.15,1,0.95
1,1904.875,0,"#999999","1",5,"FALSE","FALSE",0,0,1904.875,1904.875,"white",0.15,1,0.95
1,1905,0,"#999999","1",5,"FALSE","FALSE",0,0,1905,1905,"white",0.15,1,0.95
1,1905.125,0,"#999999","1",5,"FALSE","FALSE",0,0,1905.125,1905.125,"white",0.15,1,0.95
1,1905.875,0,"#999999","1",5,"FALSE","FALSE",0,0,1905.875,1905.875,"white",0.15,1,0.95
1,1906,0,"#999999","1",5,"FALSE","FALSE",0,0,1906,1906,"white",0.15,1,0.95
1,1906.125,0,"#999999","1",5,"FALSE","FALSE",0,0,1906.125,1906.125,"white",0.15,1,0.95
1,1906.875,0,"#999999","1",5,"FALSE","FALSE",0,0,1906.875,1906.875,"white",0.15,1,0.95
1,1907,0,"#999999","1",5,"FALSE","FALSE",0,0,1907,1907,"white",0.15,1,0.95
1,1907.125,0,"#999999","1",5,"FALSE","FALSE",0,0,1907.125,1907.125,"white",0.15,1,0.95
1,1907.875,0,"#999999","1",5,"FALSE","FALSE",0,0,1907.875,1907.875,"white",0.15,1,0.95
1,1908,0,"#999999","1",5,"FALSE","FALSE",0,0,1908,1908,"white",0.15,1,0.95
1,1908.125,0,"#999999","1",5,"FALSE","FALSE",0,0,1908.125,1908.125,"white",0.15,1,0.95
1,1908.875,0,"#999999","1",5,"FALSE","FALSE",0,0,1908.875,1908.875,"white",0.15,1,0.95
1,1909,0,"#999999","1",5,"FALSE","FALSE",0,0,1909,1909,"white",0.15,1,0.95
1,1909.125,0,"#999999","1",5,"FALSE","FALSE",0,0,1909.125,1909.125,"white",0.15,1,0.95
1,1909.875,0,"#999999","1",5,"FALSE","FALSE",0,0,1909.875,1909.875,"white",0.15,1,0.95
1,1910,0,"#999999","1",5,"FALSE","FALSE",0,0,1910,1910,"white",0.15,1,0.95
1,1910.125,0,"#999999","1",5,"FALSE","FALSE",0,0,1910.125,1910.125,"white",0.15,1,0.95
1,1910.875,0,"#999999","1",5,"FALSE","FALSE",0,0,1910.875,1910.875,"white",0.15,1,0.95
1,1911,0,"#999999","1",5,"FALSE","FALSE",0,0,1911,1911,"white",0.15,1,0.95
1,1911.125,0,"#999999","1",5,"FALSE","FALSE",0,0,1911.125,1911.125,"white",0.15,1,0.95
1,1911.875,0,"#999999","1",5,"FALSE","FALSE",0,0,1911.875,1911.875,"white",0.15,1,0.95
1,1912,0,"#999999","1",5,"FALSE","FALSE",0,0,1912,1912,"white",0.15,1,0.95
1,1912.125,0,"#999999","1",5,"FALSE","FALSE",0,0,1912.125,1912.125,"white",0.15,1,0.95
1,1912.875,0,"#999999","1",5,"FALSE","FALSE",0,0,1912.875,1912.875,"white",0.15,1,0.95
1,1913,0,"#999999","1",5,"FALSE","FALSE",0,0,1913,1913,"white",0.15,1,0.95
1,1913.125,0,"#999999","1",5,"FALSE","FALSE",0,0,1913.125,1913.125,"white",0.15,1,0.95
1,1913.875,0,"#999999","1",5,"FALSE","FALSE",0,0,1913.875,1913.875,"white",0.15,1,0.95
1,1914,0,"#999999","1",5,"FALSE","FALSE",0,0,1914,1914,"white",0.15,1,0.95
1,1914.125,0,"#999999","1",5,"FALSE","FALSE",0,0,1914.125,1914.125,"white",0.15,1,0.95
1,1914.875,0,"#999999","1",5,"FALSE","FALSE",0,0,1914.875,1914.875,"white",0.15,1,0.95
1,1915,0,"#999999","1",5,"FALSE","FALSE",0,0,1915,1915,"white",0.15,1,0.95
1,1915.125,0,"#999999","1",5,"FALSE","FALSE",0,0,1915.125,1915.125,"white",0.15,1,0.95
1,1915.875,0,"#999999","1",5,"FALSE","FALSE",0,0,1915.875,1915.875,"white",0.15,1,0.95
1,1916,0,"#999999","1",5,"FALSE","FALSE",0,0,1916,1916,"white",0.15,1,0.95
1,1916.125,0,"#999999","1",5,"FALSE","FALSE",0,0,1916.125,1916.125,"white",0.15,1,0.95
1,1916.875,0,"#999999","1",5,"FALSE","FALSE",0,0,1916.875,1916.875,"white",0.15,1,0.95
1,1917,0,"#999999","1",5,"FALSE","FALSE",0,0,1917,1917,"white",0.15,1,0.95
1,1917.125,0,"#999999","1",5,"FALSE","FALSE",0,0,1917.125,1917.125,"white",0.15,1,0.95
1,1917.875,0,"#999999","1",5,"FALSE","FALSE",0,0,1917.875,1917.875,"white",0.15,1,0.95
1,1918,0,"#999999","1",5,"FALSE","FALSE",0,0,1918,1918,"white",0.15,1,0.95
1,1918.125,0,"#999999","1",5,"FALSE","FALSE",0,0,1918.125,1918.125,"white",0.15,1,0.95
1,1918.875,0,"#999999","1",5,"FALSE","FALSE",0,0,1918.875,1918.875,"white",0.15,1,0.95
1,1919,0,"#999999","1",5,"FALSE","FALSE",0,0,1919,1919,"white",0.15,1,0.95
1,1919.125,0,"#999999","1",5,"FALSE","FALSE",0,0,1919.125,1919.125,"white",0.15,1,0.95
1,1919.875,0,"#999999","1",5,"FALSE","FALSE",0,0,1919.875,1919.875,"white",0.15,1,0.95
1,1920,0,"#999999","1",5,"FALSE","FALSE",0,0,1920,1920,"white",0.15,1,0.95
1,1920.125,0,"#999999","1",5,"FALSE","FALSE",0,0,1920.125,1920.125,"white",0.15,1,0.95
1,1920.875,0,"#999999","1",5,"FALSE","FALSE",0,0,1920.875,1920.875,"white",0.15,1,0.95
1,1921,0,"#999999","1",5,"FALSE","FALSE",0,0,1921,1921,"white",0.15,1,0.95
1,1921.125,0,"#999999","1",5,"FALSE","FALSE",0,0,1921.125,1921.125,"white",0.15,1,0.95
1,1921.875,0,"#999999","1",5,"FALSE","FALSE",0,0,1921.875,1921.875,"white",0.15,1,0.95
1,1922,0,"#999999","1",5,"FALSE","FALSE",0,0,1922,1922,"white",0.15,1,0.95
1,1922.125,0,"#999999","1",5,"FALSE","FALSE",0,0,1922.125,1922.125,"white",0.15,1,0.95
1,1922.875,0,"#999999","1",5,"FALSE","FALSE",0,0,1922.875,1922.875,"white",0.15,1,0.95
1,1923,0,"#999999","1",5,"FALSE","FALSE",0,0,1923,1923,"white",0.15,1,0.95
1,1923.125,0,"#999999","1",5,"FALSE","FALSE",0,0,1923.125,1923.125,"white",0.15,1,0.95
1,1923.875,0,"#999999","1",5,"FALSE","FALSE",0,0,1923.875,1923.875,"white",0.15,1,0.95
1,1924,0,"#999999","1",5,"FALSE","FALSE",0,0,1924,1924,"white",0.15,1,0.95
1,1924.125,0,"#999999","1",5,"FALSE","FALSE",0,0,1924.125,1924.125,"white",0.15,1,0.95
1,1924.875,0,"#999999","1",5,"FALSE","FALSE",0,0,1924.875,1924.875,"white",0.15,1,0.95
1,1925,0,"#999999","1",5,"FALSE","FALSE",0,0,1925,1925,"white",0.15,1,0.95
1,1925.125,0,"#999999","1",5,"FALSE","FALSE",0,0,1925.125,1925.125,"white",0.15,1,0.95
1,1925.875,0,"#999999","1",5,"FALSE","FALSE",0,0,1925.875,1925.875,"white",0.15,1,0.95
1,1926,0,"#999999","1",5,"FALSE","FALSE",0,0,1926,1926,"white",0.15,1,0.95
1,1926.125,0,"#999999","1",5,"FALSE","FALSE",0,0,1926.125,1926.125,"white",0.15,1,0.95
1,1926.875,0,"#999999","1",5,"FALSE","FALSE",0,0,1926.875,1926.875,"white",0.15,1,0.95
1,1927,0,"#999999","1",5,"FALSE","FALSE",0,0,1927,1927,"white",0.15,1,0.95
1,1927.125,0,"#999999","1",5,"FALSE","FALSE",0,0,1927.125,1927.125,"white",0.15,1,0.95
1,1927.875,0,"#999999","1",5,"FALSE","FALSE",0,0,1927.875,1927.875,"white",0.15,1,0.95
1,1928,0,"#999999","1",5,"FALSE","FALSE",0,0,1928,1928,"white",0.15,1,0.95
1,1928.125,0.00961538461538462,"#999999","1",5,"FALSE","FALSE",0,0.00961538461538462,1928.125,1928.125,"white",0.15,1,0.95
1,1928.875,0.0673076923076923,"#999999","1",5,"FALSE","FALSE",0,0.0673076923076923,1928.875,1928.875,"white",0.15,1,0.95
1,1929,0.0769230769230769,"#999999","1",5,"FALSE","FALSE",0,0.0769230769230769,1929,1929,"white",0.15,1,0.95
1,1929.125,0.0769230769230769,"#999999","1",5,"FALSE","FALSE",0,0.0769230769230769,1929.125,1929.125,"white",0.15,1,0.95
1,1929.875,0.0769230769230769,"#999999","1",5,"FALSE","FALSE",0,0.0769230769230769,1929.875,1929.875,"white",0.15,1,0.95
1,1930,0.0769230769230769,"#999999","1",5,"FALSE","FALSE",0,0.0769230769230769,1930,1930,"white",0.15,1,0.95
1,1930.125,0.0769230769230769,"#999999","1",5,"FALSE","FALSE",0,0.0769230769230769,1930.125,1930.125,"white",0.15,1,0.95
1,1930.875,0.0769230769230769,"#999999","1",5,"FALSE","FALSE",0,0.0769230769230769,1930.875,1930.875,"white",0.15,1,0.95
1,1931,0.0769230769230769,"#999999","1",5,"FALSE","FALSE",0,0.0769230769230769,1931,1931,"white",0.15,1,0.95
1,1931.125,0.0769230769230769,"#999999","1",5,"FALSE","FALSE",0,0.0769230769230769,1931.125,1931.125,"white",0.15,1,0.95
1,1931.875,0.0769230769230769,"#999999","1",5,"FALSE","FALSE",0,0.0769230769230769,1931.875,1931.875,"white",0.15,1,0.95
1,1932,0.0769230769230769,"#999999","1",5,"FALSE","FALSE",0,0.0769230769230769,1932,1932,"white",0.15,1,0.95
1,1932.125,0.0769230769230769,"#999999","1",5,"FALSE","FALSE",0,0.0769230769230769,1932.125,1932.125,"white",0.15,1,0.95
1,1932.875,0.0769230769230769,"#999999","1",5,"FALSE","FALSE",0,0.0769230769230769,1932.875,1932.875,"white",0.15,1,0.95
1,1933,0.0769230769230769,"#999999","1",5,"FALSE","FALSE",0,0.0769230769230769,1933,1933,"white",0.15,1,0.95
1,1933.125,0.0769230769230769,"#999999","1",5,"FALSE","FALSE",0,0.0769230769230769,1933.125,1933.125,"white",0.15,1,0.95
1,1933.875,0.0769230769230769,"#999999","1",5,"FALSE","FALSE",0,0.0769230769230769,1933.875,1933.875,"white",0.15,1,0.95
1,1934,0.0769230769230769,"#999999","1",5,"FALSE","FALSE",0,0.0769230769230769,1934,1934,"white",0.15,1,0.95
1,1934.125,0.0769230769230769,"#999999","1",5,"FALSE","FALSE",0,0.0769230769230769,1934.125,1934.125,"white",0.15,1,0.95
1,1934.875,0.0769230769230769,"#999999","1",5,"FALSE","FALSE",0,0.0769230769230769,1934.875,1934.875,"white",0.15,1,0.95
1,1935,0.0769230769230769,"#999999","1",5,"FALSE","FALSE",0,0.0769230769230769,1935,1935,"white",0.15,1,0.95
1,1935.125,0.0762362637362637,"#999999","1",5,"FALSE","FALSE",0,0.0762362637362637,1935.125,1935.125,"white",0.15,1,0.95
1,1935.875,0.0721153846153846,"#999999","1",5,"FALSE","FALSE",0,0.0721153846153846,1935.875,1935.875,"white",0.15,1,0.95
1,1936,0.0714285714285714,"#999999","1",5,"FALSE","FALSE",0,0.0714285714285714,1936,1936,"white",0.15,1,0.95
1,1936.125,0.0714285714285714,"#999999","1",5,"FALSE","FALSE",0,0.0714285714285714,1936.125,1936.125,"white",0.15,1,0.95
1,1936.875,0.0714285714285714,"#999999","1",5,"FALSE","FALSE",0,0.0714285714285714,1936.875,1936.875,"white",0.15,1,0.95
1,1937,0.0714285714285714,"#999999","1",5,"FALSE","FALSE",0,0.0714285714285714,1937,1937,"white",0.15,1,0.95
1,1937.125,0.0714285714285714,"#999999","1",5,"FALSE","FALSE",0,0.0714285714285714,1937.125,1937.125,"white",0.15,1,0.95
1,1937.875,0.0714285714285714,"#999999","1",5,"FALSE","FALSE",0,0.0714285714285714,1937.875,1937.875,"white",0.15,1,0.95
1,1938,0.0714285714285714,"#999999","1",5,"FALSE","FALSE",0,0.0714285714285714,1938,1938,"white",0.15,1,0.95
1,1938.125,0.0714285714285714,"#999999","1",5,"FALSE","FALSE",0,0.0714285714285714,1938.125,1938.125,"white",0.15,1,0.95
1,1938.875,0.0714285714285714,"#999999","1",5,"FALSE","FALSE",0,0.0714285714285714,1938.875,1938.875,"white",0.15,1,0.95
1,1939,0.0714285714285714,"#999999","1",5,"FALSE","FALSE",0,0.0714285714285714,1939,1939,"white",0.15,1,0.95
1,1939.125,0.0714285714285714,"#999999","1",5,"FALSE","FALSE",0,0.0714285714285714,1939.125,1939.125,"white",0.15,1,0.95
1,1939.875,0.0714285714285714,"#999999","1",5,"FALSE","FALSE",0,0.0714285714285714,1939.875,1939.875,"white",0.15,1,0.95
1,1940,0.0714285714285714,"#999999","1",5,"FALSE","FALSE",0,0.0714285714285714,1940,1940,"white",0.15,1,0.95
1,1940.125,0.0714285714285714,"#999999","1",5,"FALSE","FALSE",0,0.0714285714285714,1940.125,1940.125,"white",0.15,1,0.95
1,1940.875,0.0714285714285714,"#999999","1",5,"FALSE","FALSE",0,0.0714285714285714,1940.875,1940.875,"white",0.15,1,0.95
1,1941,0.0714285714285714,"#999999","1",5,"FALSE","FALSE",0,0.0714285714285714,1941,1941,"white",0.15,1,0.95
1,1941.125,0.0714285714285714,"#999999","1",5,"FALSE","FALSE",0,0.0714285714285714,1941.125,1941.125,"white",0.15,1,0.95
1,1941.875,0.0714285714285714,"#999999","1",5,"FALSE","FALSE",0,0.0714285714285714,1941.875,1941.875,"white",0.15,1,0.95
1,1942,0.0714285714285714,"#999999","1",5,"FALSE","FALSE",0,0.0714285714285714,1942,1942,"white",0.15,1,0.95
1,1942.125,0.0714285714285714,"#999999","1",5,"FALSE","FALSE",0,0.0714285714285714,1942.125,1942.125,"white",0.15,1,0.95
1,1942.875,0.0714285714285714,"#999999","1",5,"FALSE","FALSE",0,0.0714285714285714,1942.875,1942.875,"white",0.15,1,0.95
1,1943,0.0714285714285714,"#999999","1",5,"FALSE","FALSE",0,0.0714285714285714,1943,1943,"white",0.15,1,0.95
1,1943.125,0.0714285714285714,"#999999","1",5,"FALSE","FALSE",0,0.0714285714285714,1943.125,1943.125,"white",0.15,1,0.95
1,1943.875,0.0714285714285714,"#999999","1",5,"FALSE","FALSE",0,0.0714285714285714,1943.875,1943.875,"white",0.15,1,0.95
1,1944,0.0714285714285714,"#999999","1",5,"FALSE","FALSE",0,0.0714285714285714,1944,1944,"white",0.15,1,0.95
1,1944.125,0.0714285714285714,"#999999","1",5,"FALSE","FALSE",0,0.0714285714285714,1944.125,1944.125,"white",0.15,1,0.95
1,1944.875,0.0714285714285714,"#999999","1",5,"FALSE","FALSE",0,0.0714285714285714,1944.875,1944.875,"white",0.15,1,0.95
1,1945,0.0714285714285714,"#999999","1",5,"FALSE","FALSE",0,0.0714285714285714,1945,1945,"white",0.15,1,0.95
1,1945.125,0.0703125,"#999999","1",5,"FALSE","FALSE",0,0.0703125,1945.125,1945.125,"white",0.15,1,0.95
1,1945.875,0.0636160714285714,"#999999","1",5,"FALSE","FALSE",0,0.0636160714285714,1945.875,1945.875,"white",0.15,1,0.95
1,1946,0.0625,"#999999","1",5,"FALSE","FALSE",0,0.0625,1946,1946,"white",0.15,1,0.95
1,1946.125,0.0625,"#999999","1",5,"FALSE","FALSE",0,0.0625,1946.125,1946.125,"white",0.15,1,0.95
1,1946.875,0.0625,"#999999","1",5,"FALSE","FALSE",0,0.0625,1946.875,1946.875,"white",0.15,1,0.95
1,1947,0.0625,"#999999","1",5,"FALSE","FALSE",0,0.0625,1947,1947,"white",0.15,1,0.95
1,1947.125,0.0625,"#999999","1",5,"FALSE","FALSE",0,0.0625,1947.125,1947.125,"white",0.15,1,0.95
1,1947.875,0.0625,"#999999","1",5,"FALSE","FALSE",0,0.0625,1947.875,1947.875,"white",0.15,1,0.95
1,1948,0.0625,"#999999","1",5,"FALSE","FALSE",0,0.0625,1948,1948,"white",0.15,1,0.95
1,1948.125,0.0625,"#999999","1",5,"FALSE","FALSE",0,0.0625,1948.125,1948.125,"white",0.15,1,0.95
1,1948.875,0.0625,"#999999","1",5,"FALSE","FALSE",0,0.0625,1948.875,1948.875,"white",0.15,1,0.95
1,1949,0.0625,"#999999","1",5,"FALSE","FALSE",0,0.0625,1949,1949,"white",0.15,1,0.95
1,1949.125,0.0625,"#999999","1",5,"FALSE","FALSE",0,0.0625,1949.125,1949.125,"white",0.15,1,0.95
1,1949.875,0.0625,"#999999","1",5,"FALSE","FALSE",0,0.0625,1949.875,1949.875,"white",0.15,1,0.95
1,1950,0.0625,"#999999","1",5,"FALSE","FALSE",0,0.0625,1950,1950,"white",0.15,1,0.95
1,1950.125,0.0625,"#999999","1",5,"FALSE","FALSE",0,0.0625,1950.125,1950.125,"white",0.15,1,0.95
1,1950.875,0.0625,"#999999","1",5,"FALSE","FALSE",0,0.0625,1950.875,1950.875,"white",0.15,1,0.95
1,1951,0.0625,"#999999","1",5,"FALSE","FALSE",0,0.0625,1951,1951,"white",0.15,1,0.95
1,1951.125,0.0620404411764706,"#999999","1",5,"FALSE","FALSE",0,0.0620404411764706,1951.125,1951.125,"white",0.15,1,0.95
1,1951.875,0.0592830882352941,"#999999","1",5,"FALSE","FALSE",0,0.0592830882352941,1951.875,1951.875,"white",0.15,1,0.95
1,1952,0.0588235294117647,"#999999","1",5,"FALSE","FALSE",0,0.0588235294117647,1952,1952,"white",0.15,1,0.95
1,1952.125,0.0588235294117647,"#999999","1",5,"FALSE","FALSE",0,0.0588235294117647,1952.125,1952.125,"white",0.15,1,0.95
1,1952.875,0.0588235294117647,"#999999","1",5,"FALSE","FALSE",0,0.0588235294117647,1952.875,1952.875,"white",0.15,1,0.95
1,1953,0.0588235294117647,"#999999","1",5,"FALSE","FALSE",0,0.0588235294117647,1953,1953,"white",0.15,1,0.95
1,1953.125,0.0588235294117647,"#999999","1",5,"FALSE","FALSE",0,0.0588235294117647,1953.125,1953.125,"white",0.15,1,0.95
1,1953.875,0.0588235294117647,"#999999","1",5,"FALSE","FALSE",0,0.0588235294117647,1953.875,1953.875,"white",0.15,1,0.95
1,1954,0.0588235294117647,"#999999","1",5,"FALSE","FALSE",0,0.0588235294117647,1954,1954,"white",0.15,1,0.95
1,1954.125,0.0588235294117647,"#999999","1",5,"FALSE","FALSE",0,0.0588235294117647,1954.125,1954.125,"white",0.15,1,0.95
1,1954.875,0.0588235294117647,"#999999","1",5,"FALSE","FALSE",0,0.0588235294117647,1954.875,1954.875,"white",0.15,1,0.95
1,1955,0.0588235294117647,"#999999","1",5,"FALSE","FALSE",0,0.0588235294117647,1955,1955,"white",0.15,1,0.95
1,1955.125,0.0588235294117647,"#999999","1",5,"FALSE","FALSE",0,0.0588235294117647,1955.125,1955.125,"white",0.15,1,0.95
1,1955.875,0.0588235294117647,"#999999","1",5,"FALSE","FALSE",0,0.0588235294117647,1955.875,1955.875,"white",0.15,1,0.95
1,1956,0.0588235294117647,"#999999","1",5,"FALSE","FALSE",0,0.0588235294117647,1956,1956,"white",0.15,1,0.95
1,1956.125,0.0584150326797386,"#999999","1",5,"FALSE","FALSE",0,0.0584150326797386,1956.125,1956.125,"white",0.15,1,0.95
1,1956.875,0.0559640522875817,"#999999","1",5,"FALSE","FALSE",0,0.0559640522875817,1956.875,1956.875,"white",0.15,1,0.95
1,1957,0.0555555555555556,"#999999","1",5,"FALSE","FALSE",0,0.0555555555555556,1957,1957,"white",0.15,1,0.95
1,1957.125,0.0555555555555556,"#999999","1",5,"FALSE","FALSE",0,0.0555555555555556,1957.125,1957.125,"white",0.15,1,0.95
1,1957.875,0.0555555555555556,"#999999","1",5,"FALSE","FALSE",0,0.0555555555555556,1957.875,1957.875,"white",0.15,1,0.95
1,1958,0.0555555555555556,"#999999","1",5,"FALSE","FALSE",0,0.0555555555555556,1958,1958,"white",0.15,1,0.95
1,1958.125,0.0551900584795322,"#999999","1",5,"FALSE","FALSE",0,0.0551900584795322,1958.125,1958.125,"white",0.15,1,0.95
1,1958.875,0.0529970760233918,"#999999","1",5,"FALSE","FALSE",0,0.0529970760233918,1958.875,1958.875,"white",0.15,1,0.95
1,1959,0.0526315789473684,"#999999","1",5,"FALSE","FALSE",0,0.0526315789473684,1959,1959,"white",0.15,1,0.95
1,1959.125,0.0523026315789474,"#999999","1",5,"FALSE","FALSE",0,0.0523026315789474,1959.125,1959.125,"white",0.15,1,0.95
1,1959.875,0.0503289473684211,"#999999","1",5,"FALSE","FALSE",0,0.0503289473684211,1959.875,1959.875,"white",0.15,1,0.95
1,1960,0.05,"#999999","1",5,"FALSE","FALSE",0,0.05,1960,1960,"white",0.15,1,0.95
1,1960.125,0.049702380952381,"#999999","1",5,"FALSE","FALSE",0,0.049702380952381,1960.125,1960.125,"white",0.15,1,0.95
1,1960.875,0.0479166666666667,"#999999","1",5,"FALSE","FALSE",0,0.0479166666666667,1960.875,1960.875,"white",0.15,1,0.95
1,1961,0.0476190476190476,"#999999","1",5,"FALSE","FALSE",0,0.0476190476190476,1961,1961,"white",0.15,1,0.95
1,1961.125,0.0476190476190476,"#999999","1",5,"FALSE","FALSE",0,0.0476190476190476,1961.125,1961.125,"white",0.15,1,0.95
1,1961.875,0.0476190476190476,"#999999","1",5,"FALSE","FALSE",0,0.0476190476190476,1961.875,1961.875,"white",0.15,1,0.95
1,1962,0.0476190476190476,"#999999","1",5,"FALSE","FALSE",0,0.0476190476190476,1962,1962,"white",0.15,1,0.95
1,1962.125,0.0476190476190476,"#999999","1",5,"FALSE","FALSE",0,0.0476190476190476,1962.125,1962.125,"white",0.15,1,0.95
1,1962.875,0.0476190476190476,"#999999","1",5,"FALSE","FALSE",0,0.0476190476190476,1962.875,1962.875,"white",0.15,1,0.95
1,1963,0.0476190476190476,"#999999","1",5,"FALSE","FALSE",0,0.0476190476190476,1963,1963,"white",0.15,1,0.95
1,1963.125,0.0473484848484848,"#999999","1",5,"FALSE","FALSE",0,0.0473484848484848,1963.125,1963.125,"white",0.15,1,0.95
1,1963.875,0.0457251082251082,"#999999","1",5,"FALSE","FALSE",0,0.0457251082251082,1963.875,1963.875,"white",0.15,1,0.95
1,1964,0.0454545454545455,"#999999","1",5,"FALSE","FALSE",0,0.0454545454545455,1964,1964,"white",0.15,1,0.95
1,1964.125,0.0454545454545455,"#999999","1",5,"FALSE","FALSE",0,0.0454545454545455,1964.125,1964.125,"white",0.15,1,0.95
1,1964.875,0.0454545454545455,"#999999","1",5,"FALSE","FALSE",0,0.0454545454545455,1964.875,1964.875,"white",0.15,1,0.95
1,1965,0.0454545454545455,"#999999","1",5,"FALSE","FALSE",0,0.0454545454545455,1965,1965,"white",0.15,1,0.95
1,1965.125,0.0452075098814229,"#999999","1",5,"FALSE","FALSE",0,0.0452075098814229,1965.125,1965.125,"white",0.15,1,0.95
1,1965.875,0.0437252964426877,"#999999","1",5,"FALSE","FALSE",0,0.0437252964426877,1965.875,1965.875,"white",0.15,1,0.95
1,1966,0.0434782608695652,"#999999","1",5,"FALSE","FALSE",0,0.0434782608695652,1966,1966,"white",0.15,1,0.95
1,1966.125,0.0432518115942029,"#999999","1",5,"FALSE","FALSE",0,0.0432518115942029,1966.125,1966.125,"white",0.15,1,0.95
1,1966.875,0.041893115942029,"#999999","1",5,"FALSE","FALSE",0,0.041893115942029,1966.875,1966.875,"white",0.15,1,0.95
1,1967,0.0416666666666667,"#999999","1",5,"FALSE","FALSE",0,0.0416666666666667,1967,1967,"white",0.15,1,0.95
1,1967.125,0.0416666666666667,"#999999","1",5,"FALSE","FALSE",0,0.0416666666666667,1967.125,1967.125,"white",0.15,1,0.95
1,1967.875,0.0416666666666667,"#999999","1",5,"FALSE","FALSE",0,0.0416666666666667,1967.875,1967.875,"white",0.15,1,0.95
1,1968,0.0416666666666667,"#999999","1",5,"FALSE","FALSE",0,0.0416666666666667,1968,1968,"white",0.15,1,0.95
1,1968.125,0.0414583333333333,"#999999","1",5,"FALSE","FALSE",0,0.0414583333333333,1968.125,1968.125,"white",0.15,1,0.95
1,1968.875,0.0402083333333333,"#999999","1",5,"FALSE","FALSE",0,0.0402083333333333,1968.875,1968.875,"white",0.15,1,0.95
1,1969,0.04,"#999999","1",5,"FALSE","FALSE",0,0.04,1969,1969,"white",0.15,1,0.95
1,1969.125,0.0396296296296296,"#999999","1",5,"FALSE","FALSE",0,0.0396296296296296,1969.125,1969.125,"white",0.15,1,0.95
1,1969.875,0.0374074074074074,"#999999","1",5,"FALSE","FALSE",0,0.0374074074074074,1969.875,1969.875,"white",0.15,1,0.95
1,1970,0.037037037037037,"#999999","1",5,"FALSE","FALSE",0,0.037037037037037,1970,1970,"white",0.15,1,0.95
1,1970.125,0.037037037037037,"#999999","1",5,"FALSE","FALSE",0,0.037037037037037,1970.125,1970.125,"white",0.15,1,0.95
1,1970.875,0.037037037037037,"#999999","1",5,"FALSE","FALSE",0,0.037037037037037,1970.875,1970.875,"white",0.15,1,0.95
1,1971,0.037037037037037,"#999999","1",5,"FALSE","FALSE",0,0.037037037037037,1971,1971,"white",0.15,1,0.95
1,1971.125,0.0367177522349936,"#999999","1",5,"FALSE","FALSE",0,0.0367177522349936,1971.125,1971.125,"white",0.15,1,0.95
1,1971.875,0.0348020434227331,"#999999","1",5,"FALSE","FALSE",0,0.0348020434227331,1971.875,1971.875,"white",0.15,1,0.95
1,1972,0.0344827586206897,"#999999","1",5,"FALSE","FALSE",0,0.0344827586206897,1972,1972,"white",0.15,1,0.95
1,1972.125,0.0343390804597701,"#999999","1",5,"FALSE","FALSE",0,0.0343390804597701,1972.125,1972.125,"white",0.15,1,0.95
1,1972.875,0.0334770114942529,"#999999","1",5,"FALSE","FALSE",0,0.0334770114942529,1972.875,1972.875,"white",0.15,1,0.95
1,1973,0.0333333333333333,"#999999","1",5,"FALSE","FALSE",0,0.0333333333333333,1973,1973,"white",0.15,1,0.95
1,1973.125,0.0331989247311828,"#999999","1",5,"FALSE","FALSE",0,0.0331989247311828,1973.125,1973.125,"white",0.15,1,0.95
1,1973.875,0.0323924731182796,"#999999","1",5,"FALSE","FALSE",0,0.0323924731182796,1973.875,1973.875,"white",0.15,1,0.95
1,1974,0.032258064516129,"#999999","1",5,"FALSE","FALSE",0,0.032258064516129,1974,1974,"white",0.15,1,0.95
1,1974.125,0.0321320564516129,"#999999","1",5,"FALSE","FALSE",0,0.0321320564516129,1974.125,1974.125,"white",0.15,1,0.95
1,1974.875,0.0313760080645161,"#999999","1",5,"FALSE","FALSE",0,0.0313760080645161,1974.875,1974.875,"white",0.15,1,0.95
1,1975,0.03125,"#999999","1",5,"FALSE","FALSE",0,0.03125,1975,1975,"white",0.15,1,0.95
1,1975.125,0.0310202205882353,"#999999","1",5,"FALSE","FALSE",0,0.0310202205882353,1975.125,1975.125,"white",0.15,1,0.95
1,1975.875,0.0296415441176471,"#999999","1",5,"FALSE","FALSE",0,0.0296415441176471,1975.875,1975.875,"white",0.15,1,0.95
1,1976,0.0294117647058824,"#999999","1",5,"FALSE","FALSE",0,0.0294117647058824,1976,1976,"white",0.15,1,0.95
1,1976.125,0.0294117647058824,"#999999","1",5,"FALSE","FALSE",0,0.0294117647058824,1976.125,1976.125,"white",0.15,1,0.95
1,1976.875,0.0294117647058824,"#999999","1",5,"FALSE","FALSE",0,0.0294117647058824,1976.875,1976.875,"white",0.15,1,0.95
1,1977,0.0294117647058824,"#999999","1",5,"FALSE","FALSE",0,0.0294117647058824,1977,1977,"white",0.15,1,0.95
1,1977.125,0.0289404223227753,"#999999","1",5,"FALSE","FALSE",0,0.0289404223227753,1977.125,1977.125,"white",0.15,1,0.95
1,1977.875,0.0261123680241327,"#999999","1",5,"FALSE","FALSE",0,0.0261123680241327,1977.875,1977.875,"white",0.15,1,0.95
1,1978,0.0256410256410256,"#999999","1",5,"FALSE","FALSE",0,0.0256410256410256,1978,1978,"white",0.15,1,0.95
1,1978.125,0.0255608974358974,"#999999","1",5,"FALSE","FALSE",0,0.0255608974358974,1978.125,1978.125,"white",0.15,1,0.95
1,1978.875,0.0250801282051282,"#999999","1",5,"FALSE","FALSE",0,0.0250801282051282,1978.875,1978.875,"white",0.15,1,0.95
1,1979,0.025,"#999999","1",5,"FALSE","FALSE",0,0.025,1979,1979,"white",0.15,1,0.95
1,1979.125,0.0249237804878049,"#999999","1",5,"FALSE","FALSE",0,0.0249237804878049,1979.125,1979.125,"white",0.15,1,0.95
1,1979.875,0.0244664634146341,"#999999","1",5,"FALSE","FALSE",0,0.0244664634146341,1979.875,1979.875,"white",0.15,1,0.95
1,1980,0.024390243902439,"#999999","1",5,"FALSE","FALSE",0,0.024390243902439,1980,1980,"white",0.15,1,0.95
1,1980.125,0.0272938443670151,"#999999","1",5,"FALSE","FALSE",0,0.0272938443670151,1980.125,1980.125,"white",0.15,1,0.95
1,1980.875,0.0447154471544715,"#999999","1",5,"FALSE","FALSE",0,0.0447154471544715,1980.875,1980.875,"white",0.15,1,0.95
1,1981,0.0476190476190476,"#999999","1",5,"FALSE","FALSE",0,0.0476190476190476,1981,1981,"white",0.15,1,0.95
1,1981.125,0.0472222222222222,"#999999","1",5,"FALSE","FALSE",0,0.0472222222222222,1981.125,1981.125,"white",0.15,1,0.95
1,1981.875,0.0448412698412698,"#999999","1",5,"FALSE","FALSE",0,0.0448412698412698,1981.875,1981.875,"white",0.15,1,0.95
1,1982,0.0444444444444444,"#999999","1",5,"FALSE","FALSE",0,0.0444444444444444,1982,1982,"white",0.15,1,0.95
1,1982.125,0.0444444444444444,"#999999","1",5,"FALSE","FALSE",0,0.0444444444444444,1982.125,1982.125,"white",0.15,1,0.95
1,1982.875,0.0444444444444444,"#999999","1",5,"FALSE","FALSE",0,0.0444444444444444,1982.875,1982.875,"white",0.15,1,0.95
1,1983,0.0444444444444444,"#999999","1",5,"FALSE","FALSE",0,0.0444444444444444,1983,1983,"white",0.15,1,0.95
1,1983.125,0.0442080378250591,"#999999","1",5,"FALSE","FALSE",0,0.0442080378250591,1983.125,1983.125,"white",0.15,1,0.95
1,1983.875,0.042789598108747,"#999999","1",5,"FALSE","FALSE",0,0.042789598108747,1983.875,1983.875,"white",0.15,1,0.95
1,1984,0.0425531914893617,"#999999","1",5,"FALSE","FALSE",0,0.0425531914893617,1984,1984,"white",0.15,1,0.95
1,1984.125,0.0422340425531915,"#999999","1",5,"FALSE","FALSE",0,0.0422340425531915,1984.125,1984.125,"white",0.15,1,0.95
1,1984.875,0.0403191489361702,"#999999","1",5,"FALSE","FALSE",0,0.0403191489361702,1984.875,1984.875,"white",0.15,1,0.95
1,1985,0.04,"#999999","1",5,"FALSE","FALSE",0,0.04,1985,1985,"white",0.15,1,0.95
1,1985.125,0.04,"#999999","1",5,"FALSE","FALSE",0,0.04,1985.125,1985.125,"white",0.15,1,0.95
1,1985.875,0.04,"#999999","1",5,"FALSE","FALSE",0,0.04,1985.875,1985.875,"white",0.15,1,0.95
1,1986,0.04,"#999999","1",5,"FALSE","FALSE",0,0.04,1986,1986,"white",0.15,1,0.95
1,1986.125,0.0398076923076923,"#999999","1",5,"FALSE","FALSE",0,0.0398076923076923,1986.125,1986.125,"white",0.15,1,0.95
1,1986.875,0.0386538461538462,"#999999","1",5,"FALSE","FALSE",0,0.0386538461538462,1986.875,1986.875,"white",0.15,1,0.95
1,1987,0.0384615384615385,"#999999","1",5,"FALSE","FALSE",0,0.0384615384615385,1987,1987,"white",0.15,1,0.95
1,1987.125,0.0384615384615385,"#999999","1",5,"FALSE","FALSE",0,0.0384615384615385,1987.125,1987.125,"white",0.15,1,0.95
1,1987.875,0.0384615384615385,"#999999","1",5,"FALSE","FALSE",0,0.0384615384615385,1987.875,1987.875,"white",0.15,1,0.95
1,1988,0.0384615384615385,"#999999","1",5,"FALSE","FALSE",0,0.0384615384615385,1988,1988,"white",0.15,1,0.95
1,1988.125,0.0382834757834758,"#999999","1",5,"FALSE","FALSE",0,0.0382834757834758,1988.125,1988.125,"white",0.15,1,0.95
1,1988.875,0.0372150997150997,"#999999","1",5,"FALSE","FALSE",0,0.0372150997150997,1988.875,1988.875,"white",0.15,1,0.95
1,1989,0.037037037037037,"#999999","1",5,"FALSE","FALSE",0,0.037037037037037,1989,1989,"white",0.15,1,0.95
1,1989.125,0.0367177522349936,"#999999","1",5,"FALSE","FALSE",0,0.0367177522349936,1989.125,1989.125,"white",0.15,1,0.95
1,1989.875,0.0348020434227331,"#999999","1",5,"FALSE","FALSE",0,0.0348020434227331,1989.875,1989.875,"white",0.15,1,0.95
1,1990,0.0344827586206897,"#999999","1",5,"FALSE","FALSE",0,0.0344827586206897,1990,1990,"white",0.15,1,0.95
1,1990.125,0.0365283459964933,"#999999","1",5,"FALSE","FALSE",0,0.0365283459964933,1990.125,1990.125,"white",0.15,1,0.95
1,1990.875,0.048801870251315,"#999999","1",5,"FALSE","FALSE",0,0.048801870251315,1990.875,1990.875,"white",0.15,1,0.95
1,1991,0.0508474576271186,"#999999","1",5,"FALSE","FALSE",0,0.0508474576271186,1991,1991,"white",0.15,1,0.95
1,1991.125,0.0507415254237288,"#999999","1",5,"FALSE","FALSE",0,0.0507415254237288,1991.125,1991.125,"white",0.15,1,0.95
1,1991.875,0.0501059322033898,"#999999","1",5,"FALSE","FALSE",0,0.0501059322033898,1991.875,1991.875,"white",0.15,1,0.95
1,1992,0.05,"#999999","1",5,"FALSE","FALSE",0,0.05,1992,1992,"white",0.15,1,0.95
1,1992.125,0.0497983870967742,"#999999","1",5,"FALSE","FALSE",0,0.0497983870967742,1992.125,1992.125,"white",0.15,1,0.95
1,1992.875,0.0485887096774194,"#999999","1",5,"FALSE","FALSE",0,0.0485887096774194,1992.875,1992.875,"white",0.15,1,0.95
1,1993,0.0483870967741935,"#999999","1",5,"FALSE","FALSE",0,0.0483870967741935,1993,1993,"white",0.15,1,0.95
1,1993.125,0.0482910906298003,"#999999","1",5,"FALSE","FALSE",0,0.0482910906298003,1993.125,1993.125,"white",0.15,1,0.95
1,1993.875,0.0477150537634409,"#999999","1",5,"FALSE","FALSE",0,0.0477150537634409,1993.875,1993.875,"white",0.15,1,0.95
1,1994,0.0476190476190476,"#999999","1",5,"FALSE","FALSE",0,0.0476190476190476,1994,1994,"white",0.15,1,0.95
1,1994.125,0.0476190476190476,"#999999","1",5,"FALSE","FALSE",0,0.0476190476190476,1994.125,1994.125,"white",0.15,1,0.95
1,1994.875,0.0476190476190476,"#999999","1",5,"FALSE","FALSE",0,0.0476190476190476,1994.875,1994.875,"white",0.15,1,0.95
1,1995,0.0476190476190476,"#999999","1",5,"FALSE","FALSE",0,0.0476190476190476,1995,1995,"white",0.15,1,0.95
1,1995.125,0.0475260416666667,"#999999","1",5,"FALSE","FALSE",0,0.0475260416666667,1995.125,1995.125,"white",0.15,1,0.95
1,1995.875,0.046968005952381,"#999999","1",5,"FALSE","FALSE",0,0.046968005952381,1995.875,1995.875,"white",0.15,1,0.95
1,1996,0.046875,"#999999","1",5,"FALSE","FALSE",0,0.046875,1996,1996,"white",0.15,1,0.95
1,1996.125,0.046875,"#999999","1",5,"FALSE","FALSE",0,0.046875,1996.125,1996.125,"white",0.15,1,0.95
1,1996.875,0.046875,"#999999","1",5,"FALSE","FALSE",0,0.046875,1996.875,1996.875,"white",0.15,1,0.95
1,1997,0.046875,"#999999","1",5,"FALSE","FALSE",0,0.046875,1997,1997,"white",0.15,1,0.95
1,1997.125,0.0465303308823529,"#999999","1",5,"FALSE","FALSE",0,0.0465303308823529,1997.125,1997.125,"white",0.15,1,0.95
1,1997.875,0.0444623161764706,"#999999","1",5,"FALSE","FALSE",0,0.0444623161764706,1997.875,1997.875,"white",0.15,1,0.95
1,1998,0.0441176470588235,"#999999","1",5,"FALSE","FALSE",0,0.0441176470588235,1998,1998,"white",0.15,1,0.95
1,1998.125,0.0441176470588235,"#999999","1",5,"FALSE","FALSE",0,0.0441176470588235,1998.125,1998.125,"white",0.15,1,0.95
1,1998.875,0.0441176470588235,"#999999","1",5,"FALSE","FALSE",0,0.0441176470588235,1998.875,1998.875,"white",0.15,1,0.95
1,1999,0.0441176470588235,"#999999","1",5,"FALSE","FALSE",0,0.0441176470588235,1999,1999,"white",0.15,1,0.95
1,1999.125,0.0439600840336134,"#999999","1",5,"FALSE","FALSE",0,0.0439600840336134,1999.125,1999.125,"white",0.15,1,0.95
1,1999.875,0.0430147058823529,"#999999","1",5,"FALSE","FALSE",0,0.0430147058823529,1999.875,1999.875,"white",0.15,1,0.95
1,2000,0.0428571428571429,"#999999","1",5,"FALSE","FALSE",0,0.0428571428571429,2000,2000,"white",0.15,1,0.95
1,2000.125,0.0427083333333333,"#999999","1",5,"FALSE","FALSE",0,0.0427083333333333,2000.125,2000.125,"white",0.15,1,0.95
1,2000.875,0.0418154761904762,"#999999","1",5,"FALSE","FALSE",0,0.0418154761904762,2000.875,2000.875,"white",0.15,1,0.95
1,2001,0.0416666666666667,"#999999","1",5,"FALSE","FALSE",0,0.0416666666666667,2001,2001,"white",0.15,1,0.95
1,2001.125,0.0416666666666667,"#999999","1",5,"FALSE","FALSE",0,0.0416666666666667,2001.125,2001.125,"white",0.15,1,0.95
1,2001.875,0.0416666666666667,"#999999","1",5,"FALSE","FALSE",0,0.0416666666666667,2001.875,2001.875,"white",0.15,1,0.95
1,2002,0.0416666666666667,"#999999","1",5,"FALSE","FALSE",0,0.0416666666666667,2002,2002,"white",0.15,1,0.95
1,2002.125,0.0415953196347032,"#999999","1",5,"FALSE","FALSE",0,0.0415953196347032,2002.125,2002.125,"white",0.15,1,0.95
1,2002.875,0.0411672374429224,"#999999","1",5,"FALSE","FALSE",0,0.0411672374429224,2002.875,2002.875,"white",0.15,1,0.95
1,2003,0.0410958904109589,"#999999","1",5,"FALSE","FALSE",0,0.0410958904109589,2003,2003,"white",0.15,1,0.95
1,2003.125,0.0407665964172814,"#999999","1",5,"FALSE","FALSE",0,0.0407665964172814,2003.125,2003.125,"white",0.15,1,0.95
1,2003.875,0.038790832455216,"#999999","1",5,"FALSE","FALSE",0,0.038790832455216,2003.875,2003.875,"white",0.15,1,0.95
1,2004,0.0384615384615385,"#999999","1",5,"FALSE","FALSE",0,0.0384615384615385,2004,2004,"white",0.15,1,0.95
1,2004.125,0.0384006815968841,"#999999","1",5,"FALSE","FALSE",0,0.0384006815968841,2004.125,2004.125,"white",0.15,1,0.95
1,2004.875,0.0380355404089581,"#999999","1",5,"FALSE","FALSE",0,0.0380355404089581,2004.875,2004.875,"white",0.15,1,0.95
1,2005,0.0379746835443038,"#999999","1",5,"FALSE","FALSE",0,0.0379746835443038,2005,2005,"white",0.15,1,0.95
1,2005.125,0.0379153481012658,"#999999","1",5,"FALSE","FALSE",0,0.0379153481012658,2005.125,2005.125,"white",0.15,1,0.95
1,2005.875,0.037559335443038,"#999999","1",5,"FALSE","FALSE",0,0.037559335443038,2005.875,2005.875,"white",0.15,1,0.95
1,2006,0.0375,"#999999","1",5,"FALSE","FALSE",0,0.0375,2006,2006,"white",0.15,1,0.95
1,2006.125,0.0375,"#999999","1",5,"FALSE","FALSE",0,0.0375,2006.125,2006.125,"white",0.15,1,0.95
1,2006.875,0.0375,"#999999","1",5,"FALSE","FALSE",0,0.0375,2006.875,2006.875,"white",0.15,1,0.95
1,2007,0.0375,"#999999","1",5,"FALSE","FALSE",0,0.0375,2007,2007,"white",0.15,1,0.95
1,2007.125,0.0369791666666667,"#999999","1",5,"FALSE","FALSE",0,0.0369791666666667,2007.125,2007.125,"white",0.15,1,0.95
1,2007.875,0.0338541666666667,"#999999","1",5,"FALSE","FALSE",0,0.0338541666666667,2007.875,2007.875,"white",0.15,1,0.95
1,2008,0.0333333333333333,"#999999","1",5,"FALSE","FALSE",0,0.0333333333333333,2008,2008,"white",0.15,1,0.95
1,2008.125,0.0332875457875458,"#999999","1",5,"FALSE","FALSE",0,0.0332875457875458,2008.125,2008.125,"white",0.15,1,0.95
1,2008.875,0.0330128205128205,"#999999","1",5,"FALSE","FALSE",0,0.0330128205128205,2008.875,2008.875,"white",0.15,1,0.95
1,2009,0.032967032967033,"#999999","1",5,"FALSE","FALSE",0,0.032967032967033,2009,2009,"white",0.15,1,0.95
1,2009.125,0.032967032967033,"#999999","1",5,"FALSE","FALSE",0,0.032967032967033,2009.125,2009.125,"white",0.15,1,0.95
1,2009.875,0.032967032967033,"#999999","1",5,"FALSE","FALSE",0,0.032967032967033,2009.875,2009.875,"white",0.15,1,0.95
1,2010,0.032967032967033,"#999999","1",5,"FALSE","FALSE",0,0.032967032967033,2010,2010,"white",0.15,1,0.95
1,2010.125,0.0329222408026756,"#999999","1",5,"FALSE","FALSE",0,0.0329222408026756,2010.125,2010.125,"white",0.15,1,0.95
1,2010.875,0.0326534878165313,"#999999","1",5,"FALSE","FALSE",0,0.0326534878165313,2010.875,2010.875,"white",0.15,1,0.95
1,2011,0.0326086956521739,"#999999","1",5,"FALSE","FALSE",0,0.0326086956521739,2011,2011,"white",0.15,1,0.95
1,2011.125,0.0326086956521739,"#999999","1",5,"FALSE","FALSE",0,0.0326086956521739,2011.125,2011.125,"white",0.15,1,0.95
1,2011.875,0.0326086956521739,"#999999","1",5,"FALSE","FALSE",0,0.0326086956521739,2011.875,2011.875,"white",0.15,1,0.95
1,2012,0.0326086956521739,"#999999","1",5,"FALSE","FALSE",0,0.0326086956521739,2012,2012,"white",0.15,1,0.95
1,2012.125,0.0324799771167048,"#999999","1",5,"FALSE","FALSE",0,0.0324799771167048,2012.125,2012.125,"white",0.15,1,0.95
1,2012.875,0.0317076659038902,"#999999","1",5,"FALSE","FALSE",0,0.0317076659038902,2012.875,2012.875,"white",0.15,1,0.95
1,2013,0.0315789473684211,"#999999","1",5,"FALSE","FALSE",0,0.0315789473684211,2013,2013,"white",0.15,1,0.95
1,2013.125,0.0315378289473684,"#999999","1",5,"FALSE","FALSE",0,0.0315378289473684,2013.125,2013.125,"white",0.15,1,0.95
1,2013.875,0.0312911184210526,"#999999","1",5,"FALSE","FALSE",0,0.0312911184210526,2013.875,2013.875,"white",0.15,1,0.95
1,2014,0.03125,"#999999","1",5,"FALSE","FALSE",0,0.03125,2014,2014,"white",0.15,1,0.95
1,2014.125,0.0312097293814433,"#999999","1",5,"FALSE","FALSE",0,0.0312097293814433,2014.125,2014.125,"white",0.15,1,0.95
1,2014.875,0.0309681056701031,"#999999","1",5,"FALSE","FALSE",0,0.0309681056701031,2014.875,2014.875,"white",0.15,1,0.95
1,2015,0.0309278350515464,"#999999","1",5,"FALSE","FALSE",0,0.0309278350515464,2015,2015,"white",0.15,1,0.95
1,2015.125,0.0309278350515464,"#999999","1",5,"FALSE","FALSE",0,0.0309278350515464,2015.125,2015.125,"white",0.15,1,0.95
1,2015.875,0.0309278350515464,"#999999","1",5,"FALSE","FALSE",0,0.0309278350515464,2015.875,2015.875,"white",0.15,1,0.95
1,2016,0.0309278350515464,"#999999","1",5,"FALSE","FALSE",0,0.0309278350515464,2016,2016,"white",0.15,1,0.95
1,2016.125,0.0309278350515464,"#999999","1",5,"FALSE","FALSE",0,0.0309278350515464,2016.125,2016.125,"white",0.15,1,0.95
1,2016.875,0.0309278350515464,"#999999","1",5,"FALSE","FALSE",0,0.0309278350515464,2016.875,2016.875,"white",0.15,1,0.95
1,2017,0.0309278350515464,"#999999","1",5,"FALSE","FALSE",0,0.0309278350515464,2017,2017,"white",0.15,1,0.95
1,2017.125,0.030888386282348,"#999999","1",5,"FALSE","FALSE",0,0.030888386282348,2017.125,2017.125,"white",0.15,1,0.95
1,2017.875,0.0306516936671576,"#999999","1",5,"FALSE","FALSE",0,0.0306516936671576,2017.875,2017.875,"white",0.15,1,0.95
1,2018,0.0306122448979592,"#999999","1",5,"FALSE","FALSE",0,0.0306122448979592,2018,2018,"white",0.15,1,0.95
1,2018.125,0.0305735930735931,"#999999","1",5,"FALSE","FALSE",0,0.0305735930735931,2018.125,2018.125,"white",0.15,1,0.95
1,2018.875,0.0303416821273964,"#999999","1",5,"FALSE","FALSE",0,0.0303416821273964,2018.875,2018.875,"white",0.15,1,0.95
1,2019,0.0303030303030303,"#999999","1",5,"FALSE","FALSE",0,0.0303030303030303,2019,2019,"white",0.15,1,0.95
1,2019.125,0.0303030303030303,"#999999","1",5,"FALSE","FALSE",0,0.0303030303030303,2019.125,2019.125,"white",0.15,1,0.95
1,2019.875,0.0303030303030303,"#999999","1",5,"FALSE","FALSE",0,0.0303030303030303,2019.875,2019.875,"white",0.15,1,0.95
1,2020,0.0303030303030303,"#999999","1",5,"FALSE","FALSE",0,0.0303030303030303,2020,2020,"white",0.15,1,0.95
1,2020.125,0.0303030303030303,"#999999","1",5,"FALSE","FALSE",0,0.0303030303030303,2020.125,2020.125,"white",0.15,1,0.95
1,2020.875,0.0303030303030303,"#999999","1",5,"FALSE","FALSE",0,0.0303030303030303,2020.875,2020.875,"white",0.15,1,0.95
1,2021,0.0303030303030303,"#999999","1",5,"FALSE","FALSE",0,0.0303030303030303,2021,2021,"white",0.15,1,0.95
1,2021.125,0.0303030303030303,"#999999","1",5,"FALSE","FALSE",0,0.0303030303030303,2021.125,2021.125,"white",0.15,1,0.95
1,2021.875,0.0303030303030303,"#999999","1",5,"FALSE","FALSE",0,0.0303030303030303,2021.875,2021.875,"white",0.15,1,0.95
1,2022,0.0303030303030303,"#999999","1",5,"FALSE","FALSE",0,0.0303030303030303,2022,2022,"white",0.15,1,0.95
1,2022.125,0.0303030303030303,"#999999","1",5,"FALSE","FALSE",0,0.0303030303030303,2022.125,2022.125,"white",0.15,1,0.95
1,2022.875,0.0303030303030303,"#999999","1",5,"FALSE","FALSE",0,0.0303030303030303,2022.875,2022.875,"white",0.15,1,0.95
1,2023,0.0303030303030303,"#999999","1",5,"FALSE","FALSE",0,0.0303030303030303,2023,2023,"white",0.15,1,0.95
1,2023.125,0.0303030303030303,"#999999","1",5,"FALSE","FALSE",0,0.0303030303030303,2023.125,2023.125,"white",0.15,1,0.95
1,2023.875,0.0303030303030303,"#999999","1",5,"FALSE","FALSE",0,0.0303030303030303,2023.875,2023.875,"white",0.15,1,0.95
1,2024,0.0303030303030303,"#999999","1",5,"FALSE","FALSE",0,0.0303030303030303,2024,2024,"white",0.15,1,0.95
1,2024.125,0.0303030303030303,"#999999","1",5,"FALSE","FALSE",0,0.0303030303030303,2024.125,2024.125,"white",0.15,1,0.95
1,2024.875,0.0303030303030303,"#999999","1",5,"FALSE","FALSE",0,0.0303030303030303,2024.875,2024.875,"white",0.15,1,0.95
1,2025,0.0303030303030303,"#999999","1",5,"FALSE","FALSE",0,0.0303030303030303,2025,2025,"white",0.15,1,0.95
1,2025.125,0,"#999999","1",5,"TRUE","FALSE",0,0,2025.125,2025.125,"white",0.15,1,0.95
