field,country,year,n_authors
Agricultural and Biological Sciences,AE,2015,1
Agricultural and Biological Sciences,AE,2016,1
Agricultural and Biological Sciences,AE,2021,1
Agricultural and Biological Sciences,AE,2022,1
Agricultural and Biological Sciences,AE,2023,1
Agricultural and Biological Sciences,AE,2024,1
Agricultural and Biological Sciences,AM,2015,1
Agricultural and Biological Sciences,AR,2015,5
Agricultural and Biological Sciences,AR,2016,5
Agricultural and Biological Sciences,AR,2017,5
Agricultural and Biological Sciences,AR,2018,5
Agricultural and Biological Sciences,AR,2019,6
Agricultural and Biological Sciences,AR,2020,6
Agricultural and Biological Sciences,AR,2021,6
Agricultural and Biological Sciences,AR,2022,6
Agricultural and Biological Sciences,AR,2023,6
Agricultural and Biological Sciences,AR,2024,6
Agricultural and Biological Sciences,AT,2015,18
Agricultural and Biological Sciences,AT,2016,18
Agricultural and Biological Sciences,AT,2017,17
Agricultural and Biological Sciences,AT,2018,17
Agricultural and Biological Sciences,AT,2019,17
Agricultural and Biological Sciences,AT,2020,19
Agricultural and Biological Sciences,AT,2021,20
Agricultural and Biological Sciences,AT,2022,21
Agricultural and Biological Sciences,AT,2023,21
Agricultural and Biological Sciences,AT,2024,23
Agricultural and Biological Sciences,AU,2015,148
Agricultural and Biological Sciences,AU,2016,151
Agricultural and Biological Sciences,AU,2017,149
Agricultural and Biological Sciences,AU,2018,149
Agricultural and Biological Sciences,AU,2019,150
Agricultural and Biological Sciences,AU,2020,153
Agricultural and Biological Sciences,AU,2021,155
Agricultural and Biological Sciences,AU,2022,152
Agricultural and Biological Sciences,AU,2023,143
Agricultural and Biological Sciences,AU,2024,139
Agricultural and Biological Sciences,AZ,2023,1
Agricultural and Biological Sciences,AZ,2024,1
Agricultural and Biological Sciences,BD,2021,1
Agricultural and Biological Sciences,BD,2022,1
Agricultural and Biological Sciences,BD,2023,2
Agricultural and Biological Sciences,BD,2024,2
Agricultural and Biological Sciences,BE,2015,51
Agricultural and Biological Sciences,BE,2016,53
Agricultural and Biological Sciences,BE,2017,54
Agricultural and Biological Sciences,BE,2018,56
Agricultural and Biological Sciences,BE,2019,56
Agricultural and Biological Sciences,BE,2020,60
Agricultural and Biological Sciences,BE,2021,60
Agricultural and Biological Sciences,BE,2022,62
Agricultural and Biological Sciences,BE,2023,63
Agricultural and Biological Sciences,BE,2024,65
Agricultural and Biological Sciences,BG,2015,1
Agricultural and Biological Sciences,BG,2016,2
Agricultural and Biological Sciences,BG,2017,2
Agricultural and Biological Sciences,BG,2018,2
Agricultural and Biological Sciences,BG,2019,3
Agricultural and Biological Sciences,BG,2020,4
Agricultural and Biological Sciences,BG,2021,5
Agricultural and Biological Sciences,BG,2022,6
Agricultural and Biological Sciences,BG,2023,6
Agricultural and Biological Sciences,BG,2024,6
Agricultural and Biological Sciences,BO,2023,1
Agricultural and Biological Sciences,BO,2024,1
Agricultural and Biological Sciences,BR,2015,7
Agricultural and Biological Sciences,BR,2016,7
Agricultural and Biological Sciences,BR,2017,8
Agricultural and Biological Sciences,BR,2018,9
Agricultural and Biological Sciences,BR,2019,11
Agricultural and Biological Sciences,BR,2020,15
Agricultural and Biological Sciences,BR,2021,16
Agricultural and Biological Sciences,BR,2022,19
Agricultural and Biological Sciences,BR,2023,20
Agricultural and Biological Sciences,BR,2024,20
Agricultural and Biological Sciences,BY,2015,1
Agricultural and Biological Sciences,BY,2016,1
Agricultural and Biological Sciences,BY,2017,2
Agricultural and Biological Sciences,BY,2018,2
Agricultural and Biological Sciences,BY,2019,2
Agricultural and Biological Sciences,BY,2020,1
Agricultural and Biological Sciences,BY,2021,1
Agricultural and Biological Sciences,BY,2022,1
Agricultural and Biological Sciences,BY,2023,1
Agricultural and Biological Sciences,BY,2024,1
Agricultural and Biological Sciences,CA,2015,117
Agricultural and Biological Sciences,CA,2016,116
Agricultural and Biological Sciences,CA,2017,110
Agricultural and Biological Sciences,CA,2018,105
Agricultural and Biological Sciences,CA,2019,103
Agricultural and Biological Sciences,CA,2020,102
Agricultural and Biological Sciences,CA,2021,97
Agricultural and Biological Sciences,CA,2022,97
Agricultural and Biological Sciences,CA,2023,95
Agricultural and Biological Sciences,CA,2024,92
Agricultural and Biological Sciences,CH,2015,52
Agricultural and Biological Sciences,CH,2016,55
Agricultural and Biological Sciences,CH,2017,52
Agricultural and Biological Sciences,CH,2018,52
Agricultural and Biological Sciences,CH,2019,50
Agricultural and Biological Sciences,CH,2020,54
Agricultural and Biological Sciences,CH,2021,53
Agricultural and Biological Sciences,CH,2022,56
Agricultural and Biological Sciences,CH,2023,55
Agricultural and Biological Sciences,CH,2024,59
Agricultural and Biological Sciences,CI,2015,1
Agricultural and Biological Sciences,CI,2016,1
Agricultural and Biological Sciences,CI,2017,1
Agricultural and Biological Sciences,CI,2018,1
Agricultural and Biological Sciences,CI,2019,1
Agricultural and Biological Sciences,CI,2020,1
Agricultural and Biological Sciences,CI,2021,1
Agricultural and Biological Sciences,CL,2015,1
Agricultural and Biological Sciences,CL,2016,1
Agricultural and Biological Sciences,CL,2017,1
Agricultural and Biological Sciences,CL,2018,1
Agricultural and Biological Sciences,CL,2019,1
Agricultural and Biological Sciences,CL,2020,1
Agricultural and Biological Sciences,CL,2021,1
Agricultural and Biological Sciences,CL,2022,1
Agricultural and Biological Sciences,CL,2023,2
Agricultural and Biological Sciences,CL,2024,2
Agricultural and Biological Sciences,CM,2024,1
Agricultural and Biological Sciences,CN,2015,37
Agricultural and Biological Sciences,CN,2016,42
Agricultural and Biological Sciences,CN,2017,51
Agricultural and Biological Sciences,CN,2018,62
Agricultural and Biological Sciences,CN,2019,72
Agricultural and Biological Sciences,CN,2020,86
Agricultural and Biological Sciences,CN,2021,103
Agricultural and Biological Sciences,CN,2022,125
Agricultural and Biological Sciences,CN,2023,152
Agricultural and Biological Sciences,CN,2024,184
Agricultural and Biological Sciences,CNX,2015,43
Agricultural and Biological Sciences,CNX,2016,48
Agricultural and Biological Sciences,CNX,2017,57
Agricultural and Biological Sciences,CNX,2018,69
Agricultural and Biological Sciences,CNX,2019,78
Agricultural and Biological Sciences,CNX,2020,93
Agricultural and Biological Sciences,CNX,2021,110
Agricultural and Biological Sciences,CNX,2022,132
Agricultural and Biological Sciences,CNX,2023,158
Agricultural and Biological Sciences,CNX,2024,192
Agricultural and Biological Sciences,CO,2015,2
Agricultural and Biological Sciences,CO,2016,2
Agricultural and Biological Sciences,CO,2017,2
Agricultural and Biological Sciences,CO,2018,2
Agricultural and Biological Sciences,CO,2019,2
Agricultural and Biological Sciences,CO,2020,2
Agricultural and Biological Sciences,CO,2021,4
Agricultural and Biological Sciences,CO,2022,4
Agricultural and Biological Sciences,CO,2023,4
Agricultural and Biological Sciences,CO,2024,4
Agricultural and Biological Sciences,CR,2015,1
Agricultural and Biological Sciences,CR,2016,1
Agricultural and Biological Sciences,CR,2017,1
Agricultural and Biological Sciences,CR,2018,1
Agricultural and Biological Sciences,CR,2019,1
Agricultural and Biological Sciences,CR,2020,1
Agricultural and Biological Sciences,CR,2021,1
Agricultural and Biological Sciences,CR,2022,1
Agricultural and Biological Sciences,CR,2023,1
Agricultural and Biological Sciences,CR,2024,1
Agricultural and Biological Sciences,CU,2020,1
Agricultural and Biological Sciences,CU,2021,1
Agricultural and Biological Sciences,CY,2019,1
Agricultural and Biological Sciences,CY,2020,1
Agricultural and Biological Sciences,CY,2021,1
Agricultural and Biological Sciences,CY,2022,1
Agricultural and Biological Sciences,CY,2023,1
Agricultural and Biological Sciences,CY,2024,1
Agricultural and Biological Sciences,CZ,2015,21
Agricultural and Biological Sciences,CZ,2016,21
Agricultural and Biological Sciences,CZ,2017,23
Agricultural and Biological Sciences,CZ,2018,23
Agricultural and Biological Sciences,CZ,2019,23
Agricultural and Biological Sciences,CZ,2020,23
Agricultural and Biological Sciences,CZ,2021,21
Agricultural and Biological Sciences,CZ,2022,21
Agricultural and Biological Sciences,CZ,2023,21
Agricultural and Biological Sciences,CZ,2024,23
Agricultural and Biological Sciences,DE,2015,162
Agricultural and Biological Sciences,DE,2016,165
Agricultural and Biological Sciences,DE,2017,167
Agricultural and Biological Sciences,DE,2018,167
Agricultural and Biological Sciences,DE,2019,170
Agricultural and Biological Sciences,DE,2020,173
Agricultural and Biological Sciences,DE,2021,173
Agricultural and Biological Sciences,DE,2022,176
Agricultural and Biological Sciences,DE,2023,174
Agricultural and Biological Sciences,DE,2024,173
Agricultural and Biological Sciences,DK,2015,19
Agricultural and Biological Sciences,DK,2016,19
Agricultural and Biological Sciences,DK,2017,18
Agricultural and Biological Sciences,DK,2018,18
Agricultural and Biological Sciences,DK,2019,19
Agricultural and Biological Sciences,DK,2020,19
Agricultural and Biological Sciences,DK,2021,22
Agricultural and Biological Sciences,DK,2022,23
Agricultural and Biological Sciences,DK,2023,25
Agricultural and Biological Sciences,DK,2024,26
Agricultural and Biological Sciences,EC,2022,1
Agricultural and Biological Sciences,EC,2023,2
Agricultural and Biological Sciences,EC,2024,2
Agricultural and Biological Sciences,EE,2015,1
Agricultural and Biological Sciences,EE,2016,1
Agricultural and Biological Sciences,EE,2017,1
Agricultural and Biological Sciences,EE,2018,2
Agricultural and Biological Sciences,EE,2019,3
Agricultural and Biological Sciences,EE,2020,3
Agricultural and Biological Sciences,EE,2021,3
Agricultural and Biological Sciences,EE,2022,4
Agricultural and Biological Sciences,EE,2023,4
Agricultural and Biological Sciences,EE,2024,4
Agricultural and Biological Sciences,EG,2023,2
Agricultural and Biological Sciences,EG,2024,4
Agricultural and Biological Sciences,ES,2015,44
Agricultural and Biological Sciences,ES,2016,47
Agricultural and Biological Sciences,ES,2017,52
Agricultural and Biological Sciences,ES,2018,59
Agricultural and Biological Sciences,ES,2019,62
Agricultural and Biological Sciences,ES,2020,65
Agricultural and Biological Sciences,ES,2021,70
Agricultural and Biological Sciences,ES,2022,70
Agricultural and Biological Sciences,ES,2023,69
Agricultural and Biological Sciences,ES,2024,65
Agricultural and Biological Sciences,ET,2015,1
Agricultural and Biological Sciences,ET,2016,1
Agricultural and Biological Sciences,ET,2017,1
Agricultural and Biological Sciences,ET,2018,1
Agricultural and Biological Sciences,ET,2019,1
Agricultural and Biological Sciences,ET,2020,1
Agricultural and Biological Sciences,ET,2021,1
Agricultural and Biological Sciences,ET,2022,1
Agricultural and Biological Sciences,ET,2023,1
Agricultural and Biological Sciences,ET,2024,1
Agricultural and Biological Sciences,FI,2015,9
Agricultural and Biological Sciences,FI,2016,10
Agricultural and Biological Sciences,FI,2017,10
Agricultural and Biological Sciences,FI,2018,11
Agricultural and Biological Sciences,FI,2019,10
Agricultural and Biological Sciences,FI,2020,10
Agricultural and Biological Sciences,FI,2021,10
Agricultural and Biological Sciences,FI,2022,10
Agricultural and Biological Sciences,FI,2023,10
Agricultural and Biological Sciences,FI,2024,10
Agricultural and Biological Sciences,FR,2015,72
Agricultural and Biological Sciences,FR,2016,70
Agricultural and Biological Sciences,FR,2017,71
Agricultural and Biological Sciences,FR,2018,69
Agricultural and Biological Sciences,FR,2019,65
Agricultural and Biological Sciences,FR,2020,67
Agricultural and Biological Sciences,FR,2021,67
Agricultural and Biological Sciences,FR,2022,64
Agricultural and Biological Sciences,FR,2023,63
Agricultural and Biological Sciences,FR,2024,62
Agricultural and Biological Sciences,GB,2015,375
Agricultural and Biological Sciences,GB,2016,372
Agricultural and Biological Sciences,GB,2017,366
Agricultural and Biological Sciences,GB,2018,362
Agricultural and Biological Sciences,GB,2019,363
Agricultural and Biological Sciences,GB,2020,345
Agricultural and Biological Sciences,GB,2021,329
Agricultural and Biological Sciences,GB,2022,318
Agricultural and Biological Sciences,GB,2023,304
Agricultural and Biological Sciences,GB,2024,289
Agricultural and Biological Sciences,GE,2020,1
Agricultural and Biological Sciences,GE,2021,1
Agricultural and Biological Sciences,GE,2022,1
Agricultural and Biological Sciences,GE,2023,1
Agricultural and Biological Sciences,GE,2024,1
Agricultural and Biological Sciences,GH,2015,2
Agricultural and Biological Sciences,GH,2016,2
Agricultural and Biological Sciences,GH,2017,1
Agricultural and Biological Sciences,GH,2018,1
Agricultural and Biological Sciences,GH,2019,1
Agricultural and Biological Sciences,GH,2020,1
Agricultural and Biological Sciences,GH,2021,1
Agricultural and Biological Sciences,GH,2022,1
Agricultural and Biological Sciences,GH,2023,1
Agricultural and Biological Sciences,GH,2024,1
Agricultural and Biological Sciences,GR,2015,3
Agricultural and Biological Sciences,GR,2016,3
Agricultural and Biological Sciences,GR,2017,3
Agricultural and Biological Sciences,GR,2018,3
Agricultural and Biological Sciences,GR,2019,3
Agricultural and Biological Sciences,GR,2020,3
Agricultural and Biological Sciences,GR,2021,4
Agricultural and Biological Sciences,GR,2022,5
Agricultural and Biological Sciences,GR,2023,5
Agricultural and Biological Sciences,GR,2024,5
Agricultural and Biological Sciences,GW,2015,1
Agricultural and Biological Sciences,GW,2017,1
Agricultural and Biological Sciences,HK,2015,2
Agricultural and Biological Sciences,HK,2016,2
Agricultural and Biological Sciences,HK,2017,2
Agricultural and Biological Sciences,HK,2018,3
Agricultural and Biological Sciences,HK,2019,3
Agricultural and Biological Sciences,HK,2020,3
Agricultural and Biological Sciences,HK,2021,5
Agricultural and Biological Sciences,HK,2022,5
Agricultural and Biological Sciences,HK,2023,6
Agricultural and Biological Sciences,HK,2024,6
Agricultural and Biological Sciences,HR,2015,1
Agricultural and Biological Sciences,HR,2021,1
Agricultural and Biological Sciences,HR,2022,1
Agricultural and Biological Sciences,HR,2023,1
Agricultural and Biological Sciences,HR,2024,1
Agricultural and Biological Sciences,HU,2015,16
Agricultural and Biological Sciences,HU,2016,14
Agricultural and Biological Sciences,HU,2017,12
Agricultural and Biological Sciences,HU,2018,12
Agricultural and Biological Sciences,HU,2019,11
Agricultural and Biological Sciences,HU,2020,11
Agricultural and Biological Sciences,HU,2021,9
Agricultural and Biological Sciences,HU,2022,9
Agricultural and Biological Sciences,HU,2023,9
Agricultural and Biological Sciences,HU,2024,10
Agricultural and Biological Sciences,ID,2021,1
Agricultural and Biological Sciences,ID,2022,1
Agricultural and Biological Sciences,ID,2023,1
Agricultural and Biological Sciences,ID,2024,1
Agricultural and Biological Sciences,IE,2015,21
Agricultural and Biological Sciences,IE,2016,22
Agricultural and Biological Sciences,IE,2017,20
Agricultural and Biological Sciences,IE,2018,19
Agricultural and Biological Sciences,IE,2019,20
Agricultural and Biological Sciences,IE,2020,19
Agricultural and Biological Sciences,IE,2021,18
Agricultural and Biological Sciences,IE,2022,18
Agricultural and Biological Sciences,IE,2023,18
Agricultural and Biological Sciences,IE,2024,20
Agricultural and Biological Sciences,IL,2015,23
Agricultural and Biological Sciences,IL,2016,22
Agricultural and Biological Sciences,IL,2017,22
Agricultural and Biological Sciences,IL,2018,22
Agricultural and Biological Sciences,IL,2019,20
Agricultural and Biological Sciences,IL,2020,19
Agricultural and Biological Sciences,IL,2021,18
Agricultural and Biological Sciences,IL,2022,18
Agricultural and Biological Sciences,IL,2023,14
Agricultural and Biological Sciences,IL,2024,12
Agricultural and Biological Sciences,IN,2015,13
Agricultural and Biological Sciences,IN,2016,15
Agricultural and Biological Sciences,IN,2017,17
Agricultural and Biological Sciences,IN,2018,19
Agricultural and Biological Sciences,IN,2019,22
Agricultural and Biological Sciences,IN,2020,26
Agricultural and Biological Sciences,IN,2021,31
Agricultural and Biological Sciences,IN,2022,35
Agricultural and Biological Sciences,IN,2023,39
Agricultural and Biological Sciences,IN,2024,45
Agricultural and Biological Sciences,IQ,2024,1
Agricultural and Biological Sciences,IR,2020,1
Agricultural and Biological Sciences,IR,2021,1
Agricultural and Biological Sciences,IR,2022,2
Agricultural and Biological Sciences,IR,2023,3
Agricultural and Biological Sciences,IR,2024,4
Agricultural and Biological Sciences,IS,2015,1
Agricultural and Biological Sciences,IS,2016,1
Agricultural and Biological Sciences,IS,2017,1
Agricultural and Biological Sciences,IS,2018,1
Agricultural and Biological Sciences,IS,2019,1
Agricultural and Biological Sciences,IS,2020,1
Agricultural and Biological Sciences,IS,2021,1
Agricultural and Biological Sciences,IS,2022,1
Agricultural and Biological Sciences,IS,2023,1
Agricultural and Biological Sciences,IS,2024,1
Agricultural and Biological Sciences,IT,2015,30
Agricultural and Biological Sciences,IT,2016,30
Agricultural and Biological Sciences,IT,2017,29
Agricultural and Biological Sciences,IT,2018,31
Agricultural and Biological Sciences,IT,2019,36
Agricultural and Biological Sciences,IT,2020,39
Agricultural and Biological Sciences,IT,2021,42
Agricultural and Biological Sciences,IT,2022,41
Agricultural and Biological Sciences,IT,2023,40
Agricultural and Biological Sciences,IT,2024,41
Agricultural and Biological Sciences,JP,2015,94
Agricultural and Biological Sciences,JP,2016,93
Agricultural and Biological Sciences,JP,2017,91
Agricultural and Biological Sciences,JP,2018,90
Agricultural and Biological Sciences,JP,2019,87
Agricultural and Biological Sciences,JP,2020,87
Agricultural and Biological Sciences,JP,2021,82
Agricultural and Biological Sciences,JP,2022,80
Agricultural and Biological Sciences,JP,2023,76
Agricultural and Biological Sciences,JP,2024,73
Agricultural and Biological Sciences,KE,2015,4
Agricultural and Biological Sciences,KE,2016,4
Agricultural and Biological Sciences,KE,2017,4
Agricultural and Biological Sciences,KE,2018,4
Agricultural and Biological Sciences,KE,2019,4
Agricultural and Biological Sciences,KE,2020,5
Agricultural and Biological Sciences,KE,2021,7
Agricultural and Biological Sciences,KE,2022,7
Agricultural and Biological Sciences,KE,2023,6
Agricultural and Biological Sciences,KE,2024,7
Agricultural and Biological Sciences,KH,2015,1
Agricultural and Biological Sciences,KH,2016,1
Agricultural and Biological Sciences,KH,2017,1
Agricultural and Biological Sciences,KH,2018,1
Agricultural and Biological Sciences,KH,2019,1
Agricultural and Biological Sciences,KR,2015,13
Agricultural and Biological Sciences,KR,2016,13
Agricultural and Biological Sciences,KR,2017,11
Agricultural and Biological Sciences,KR,2018,13
Agricultural and Biological Sciences,KR,2019,13
Agricultural and Biological Sciences,KR,2020,14
Agricultural and Biological Sciences,KR,2021,15
Agricultural and Biological Sciences,KR,2022,17
Agricultural and Biological Sciences,KR,2023,18
Agricultural and Biological Sciences,KR,2024,20
Agricultural and Biological Sciences,LB,2021,1
Agricultural and Biological Sciences,LB,2022,1
Agricultural and Biological Sciences,LB,2023,1
Agricultural and Biological Sciences,LB,2024,1
Agricultural and Biological Sciences,LK,2015,2
Agricultural and Biological Sciences,LK,2016,2
Agricultural and Biological Sciences,LK,2017,2
Agricultural and Biological Sciences,LK,2018,2
Agricultural and Biological Sciences,LK,2019,2
Agricultural and Biological Sciences,LK,2020,2
Agricultural and Biological Sciences,LK,2021,2
Agricultural and Biological Sciences,LK,2022,2
Agricultural and Biological Sciences,LK,2023,2
Agricultural and Biological Sciences,LK,2024,2
Agricultural and Biological Sciences,LV,2019,1
Agricultural and Biological Sciences,LV,2020,1
Agricultural and Biological Sciences,LV,2021,1
Agricultural and Biological Sciences,LV,2023,1
Agricultural and Biological Sciences,LV,2024,1
Agricultural and Biological Sciences,MA,2015,9
Agricultural and Biological Sciences,MA,2016,8
Agricultural and Biological Sciences,MA,2017,9
Agricultural and Biological Sciences,MA,2018,11
Agricultural and Biological Sciences,MA,2019,11
Agricultural and Biological Sciences,MA,2020,10
Agricultural and Biological Sciences,MA,2021,9
Agricultural and Biological Sciences,MA,2022,8
Agricultural and Biological Sciences,MA,2023,7
Agricultural and Biological Sciences,MA,2024,6
Agricultural and Biological Sciences,ML,2015,1
Agricultural and Biological Sciences,ML,2016,1
Agricultural and Biological Sciences,ML,2017,1
Agricultural and Biological Sciences,ML,2018,3
Agricultural and Biological Sciences,ML,2019,3
Agricultural and Biological Sciences,ML,2020,3
Agricultural and Biological Sciences,ML,2021,3
Agricultural and Biological Sciences,ML,2022,3
Agricultural and Biological Sciences,ML,2023,3
Agricultural and Biological Sciences,ML,2024,2
Agricultural and Biological Sciences,MU,2024,1
Agricultural and Biological Sciences,MX,2015,13
Agricultural and Biological Sciences,MX,2016,13
Agricultural and Biological Sciences,MX,2017,13
Agricultural and Biological Sciences,MX,2018,13
Agricultural and Biological Sciences,MX,2019,13
Agricultural and Biological Sciences,MX,2020,16
Agricultural and Biological Sciences,MX,2021,18
Agricultural and Biological Sciences,MX,2022,17
Agricultural and Biological Sciences,MX,2023,16
Agricultural and Biological Sciences,MX,2024,15
Agricultural and Biological Sciences,MY,2015,1
Agricultural and Biological Sciences,MY,2016,1
Agricultural and Biological Sciences,MY,2017,1
Agricultural and Biological Sciences,MY,2018,1
Agricultural and Biological Sciences,MY,2019,1
Agricultural and Biological Sciences,MY,2020,2
Agricultural and Biological Sciences,MY,2021,2
Agricultural and Biological Sciences,MY,2022,3
Agricultural and Biological Sciences,MY,2023,3
Agricultural and Biological Sciences,MY,2024,4
Agricultural and Biological Sciences,NG,2018,1
Agricultural and Biological Sciences,NG,2019,1
Agricultural and Biological Sciences,NG,2020,2
Agricultural and Biological Sciences,NG,2021,2
Agricultural and Biological Sciences,NG,2022,2
Agricultural and Biological Sciences,NG,2023,2
Agricultural and Biological Sciences,NG,2024,2
Agricultural and Biological Sciences,NL,2015,77
Agricultural and Biological Sciences,NL,2016,81
Agricultural and Biological Sciences,NL,2017,82
Agricultural and Biological Sciences,NL,2018,84
Agricultural and Biological Sciences,NL,2019,85
Agricultural and Biological Sciences,NL,2020,82
Agricultural and Biological Sciences,NL,2021,82
Agricultural and Biological Sciences,NL,2022,83
Agricultural and Biological Sciences,NL,2023,85
Agricultural and Biological Sciences,NL,2024,83
Agricultural and Biological Sciences,NO,2015,12
Agricultural and Biological Sciences,NO,2016,11
Agricultural and Biological Sciences,NO,2017,10
Agricultural and Biological Sciences,NO,2018,11
Agricultural and Biological Sciences,NO,2019,11
Agricultural and Biological Sciences,NO,2020,12
Agricultural and Biological Sciences,NO,2021,12
Agricultural and Biological Sciences,NO,2022,12
Agricultural and Biological Sciences,NO,2023,11
Agricultural and Biological Sciences,NO,2024,11
Agricultural and Biological Sciences,NZ,2015,21
Agricultural and Biological Sciences,NZ,2016,21
Agricultural and Biological Sciences,NZ,2017,21
Agricultural and Biological Sciences,NZ,2018,22
Agricultural and Biological Sciences,NZ,2019,22
Agricultural and Biological Sciences,NZ,2020,22
Agricultural and Biological Sciences,NZ,2021,23
Agricultural and Biological Sciences,NZ,2022,23
Agricultural and Biological Sciences,NZ,2023,21
Agricultural and Biological Sciences,NZ,2024,22
Agricultural and Biological Sciences,OM,2018,1
Agricultural and Biological Sciences,OM,2019,1
Agricultural and Biological Sciences,OM,2020,1
Agricultural and Biological Sciences,OM,2021,1
Agricultural and Biological Sciences,OM,2022,2
Agricultural and Biological Sciences,OM,2023,2
Agricultural and Biological Sciences,OM,2024,2
Agricultural and Biological Sciences,PA,2015,9
Agricultural and Biological Sciences,PA,2016,8
Agricultural and Biological Sciences,PA,2017,8
Agricultural and Biological Sciences,PA,2018,8
Agricultural and Biological Sciences,PA,2019,8
Agricultural and Biological Sciences,PA,2020,7
Agricultural and Biological Sciences,PA,2021,8
Agricultural and Biological Sciences,PA,2022,7
Agricultural and Biological Sciences,PA,2023,6
Agricultural and Biological Sciences,PA,2024,6
Agricultural and Biological Sciences,PE,2015,2
Agricultural and Biological Sciences,PE,2016,2
Agricultural and Biological Sciences,PE,2017,2
Agricultural and Biological Sciences,PE,2018,2
Agricultural and Biological Sciences,PE,2019,2
Agricultural and Biological Sciences,PE,2020,2
Agricultural and Biological Sciences,PE,2021,2
Agricultural and Biological Sciences,PE,2022,2
Agricultural and Biological Sciences,PE,2023,2
Agricultural and Biological Sciences,PE,2024,2
Agricultural and Biological Sciences,PH,2015,11
Agricultural and Biological Sciences,PH,2016,11
Agricultural and Biological Sciences,PH,2017,11
Agricultural and Biological Sciences,PH,2018,12
Agricultural and Biological Sciences,PH,2019,11
Agricultural and Biological Sciences,PH,2020,12
Agricultural and Biological Sciences,PH,2021,12
Agricultural and Biological Sciences,PH,2022,12
Agricultural and Biological Sciences,PH,2023,12
Agricultural and Biological Sciences,PH,2024,12
Agricultural and Biological Sciences,PK,2015,3
Agricultural and Biological Sciences,PK,2016,3
Agricultural and Biological Sciences,PK,2017,5
Agricultural and Biological Sciences,PK,2018,6
Agricultural and Biological Sciences,PK,2019,6
Agricultural and Biological Sciences,PK,2020,7
Agricultural and Biological Sciences,PK,2021,8
Agricultural and Biological Sciences,PK,2022,12
Agricultural and Biological Sciences,PK,2023,14
Agricultural and Biological Sciences,PK,2024,15
Agricultural and Biological Sciences,PL,2015,3
Agricultural and Biological Sciences,PL,2016,2
Agricultural and Biological Sciences,PL,2017,2
Agricultural and Biological Sciences,PL,2018,2
Agricultural and Biological Sciences,PL,2019,2
Agricultural and Biological Sciences,PL,2020,2
Agricultural and Biological Sciences,PL,2021,2
Agricultural and Biological Sciences,PL,2022,3
Agricultural and Biological Sciences,PL,2023,4
Agricultural and Biological Sciences,PL,2024,3
Agricultural and Biological Sciences,PT,2015,5
Agricultural and Biological Sciences,PT,2016,5
Agricultural and Biological Sciences,PT,2017,6
Agricultural and Biological Sciences,PT,2018,7
Agricultural and Biological Sciences,PT,2019,8
Agricultural and Biological Sciences,PT,2020,10
Agricultural and Biological Sciences,PT,2021,12
Agricultural and Biological Sciences,PT,2022,12
Agricultural and Biological Sciences,PT,2023,12
Agricultural and Biological Sciences,PT,2024,13
Agricultural and Biological Sciences,RS,2021,1
Agricultural and Biological Sciences,RS,2022,1
Agricultural and Biological Sciences,RS,2023,1
Agricultural and Biological Sciences,RS,2024,1
Agricultural and Biological Sciences,RU,2015,8
Agricultural and Biological Sciences,RU,2016,10
Agricultural and Biological Sciences,RU,2017,11
Agricultural and Biological Sciences,RU,2018,11
Agricultural and Biological Sciences,RU,2019,14
Agricultural and Biological Sciences,RU,2020,12
Agricultural and Biological Sciences,RU,2021,12
Agricultural and Biological Sciences,RU,2022,11
Agricultural and Biological Sciences,RU,2023,11
Agricultural and Biological Sciences,RU,2024,11
Agricultural and Biological Sciences,SA,2015,11
Agricultural and Biological Sciences,SA,2016,14
Agricultural and Biological Sciences,SA,2017,19
Agricultural and Biological Sciences,SA,2018,19
Agricultural and Biological Sciences,SA,2019,19
Agricultural and Biological Sciences,SA,2020,19
Agricultural and Biological Sciences,SA,2021,20
Agricultural and Biological Sciences,SA,2022,24
Agricultural and Biological Sciences,SA,2023,27
Agricultural and Biological Sciences,SA,2024,28
Agricultural and Biological Sciences,SE,2015,34
Agricultural and Biological Sciences,SE,2016,35
Agricultural and Biological Sciences,SE,2017,35
Agricultural and Biological Sciences,SE,2018,37
Agricultural and Biological Sciences,SE,2019,38
Agricultural and Biological Sciences,SE,2020,38
Agricultural and Biological Sciences,SE,2021,34
Agricultural and Biological Sciences,SE,2022,36
Agricultural and Biological Sciences,SE,2023,35
Agricultural and Biological Sciences,SE,2024,34
Agricultural and Biological Sciences,SG,2015,3
Agricultural and Biological Sciences,SG,2016,4
Agricultural and Biological Sciences,SG,2017,4
Agricultural and Biological Sciences,SG,2018,4
Agricultural and Biological Sciences,SG,2019,4
Agricultural and Biological Sciences,SG,2020,5
Agricultural and Biological Sciences,SG,2021,5
Agricultural and Biological Sciences,SG,2022,5
Agricultural and Biological Sciences,SG,2023,6
Agricultural and Biological Sciences,SG,2024,6
Agricultural and Biological Sciences,SK,2015,2
Agricultural and Biological Sciences,SK,2016,1
Agricultural and Biological Sciences,SK,2017,2
Agricultural and Biological Sciences,SK,2018,2
Agricultural and Biological Sciences,SK,2019,2
Agricultural and Biological Sciences,SK,2020,2
Agricultural and Biological Sciences,SK,2021,1
Agricultural and Biological Sciences,SK,2022,1
Agricultural and Biological Sciences,SK,2023,2
Agricultural and Biological Sciences,SK,2024,2
Agricultural and Biological Sciences,SL,2015,1
Agricultural and Biological Sciences,SL,2016,1
Agricultural and Biological Sciences,SL,2017,1
Agricultural and Biological Sciences,SL,2018,1
Agricultural and Biological Sciences,SL,2019,1
Agricultural and Biological Sciences,SL,2020,1
Agricultural and Biological Sciences,SL,2021,1
Agricultural and Biological Sciences,SL,2022,1
Agricultural and Biological Sciences,SL,2023,2
Agricultural and Biological Sciences,SL,2024,2
Agricultural and Biological Sciences,SY,2015,1
Agricultural and Biological Sciences,SY,2016,1
Agricultural and Biological Sciences,SY,2017,1
Agricultural and Biological Sciences,SY,2018,1
Agricultural and Biological Sciences,SY,2019,1
Agricultural and Biological Sciences,SY,2020,1
Agricultural and Biological Sciences,SY,2021,1
Agricultural and Biological Sciences,SY,2022,1
Agricultural and Biological Sciences,SY,2023,1
Agricultural and Biological Sciences,SY,2024,1
Agricultural and Biological Sciences,TH,2015,1
Agricultural and Biological Sciences,TH,2016,1
Agricultural and Biological Sciences,TH,2017,2
Agricultural and Biological Sciences,TH,2018,2
Agricultural and Biological Sciences,TH,2019,2
Agricultural and Biological Sciences,TH,2020,2
Agricultural and Biological Sciences,TH,2021,2
Agricultural and Biological Sciences,TH,2022,2
Agricultural and Biological Sciences,TH,2023,2
Agricultural and Biological Sciences,TH,2024,3
Agricultural and Biological Sciences,TJ,2019,1
Agricultural and Biological Sciences,TJ,2020,1
Agricultural and Biological Sciences,TJ,2021,1
Agricultural and Biological Sciences,TJ,2022,1
Agricultural and Biological Sciences,TJ,2023,1
Agricultural and Biological Sciences,TJ,2024,1
Agricultural and Biological Sciences,TN,2019,1
Agricultural and Biological Sciences,TN,2020,1
Agricultural and Biological Sciences,TN,2021,1
Agricultural and Biological Sciences,TN,2022,1
Agricultural and Biological Sciences,TN,2023,1
Agricultural and Biological Sciences,TN,2024,1
Agricultural and Biological Sciences,TR,2015,2
Agricultural and Biological Sciences,TR,2016,2
Agricultural and Biological Sciences,TR,2017,3
Agricultural and Biological Sciences,TR,2018,3
Agricultural and Biological Sciences,TR,2019,3
Agricultural and Biological Sciences,TR,2020,3
Agricultural and Biological Sciences,TR,2021,3
Agricultural and Biological Sciences,TR,2022,3
Agricultural and Biological Sciences,TR,2023,5
Agricultural and Biological Sciences,TR,2024,6
Agricultural and Biological Sciences,TW,2015,4
Agricultural and Biological Sciences,TW,2016,4
Agricultural and Biological Sciences,TW,2017,4
Agricultural and Biological Sciences,TW,2018,4
Agricultural and Biological Sciences,TW,2019,3
Agricultural and Biological Sciences,TW,2020,4
Agricultural and Biological Sciences,TW,2021,5
Agricultural and Biological Sciences,TW,2022,5
Agricultural and Biological Sciences,TW,2023,4
Agricultural and Biological Sciences,TW,2024,5
Agricultural and Biological Sciences,TZ,2015,2
Agricultural and Biological Sciences,TZ,2016,2
Agricultural and Biological Sciences,TZ,2017,2
Agricultural and Biological Sciences,TZ,2018,1
Agricultural and Biological Sciences,TZ,2019,1
Agricultural and Biological Sciences,TZ,2020,1
Agricultural and Biological Sciences,TZ,2021,1
Agricultural and Biological Sciences,TZ,2022,1
Agricultural and Biological Sciences,TZ,2023,1
Agricultural and Biological Sciences,TZ,2024,1
Agricultural and Biological Sciences,UA,2016,1
Agricultural and Biological Sciences,UA,2017,1
Agricultural and Biological Sciences,UA,2018,1
Agricultural and Biological Sciences,UA,2019,1
Agricultural and Biological Sciences,UA,2020,1
Agricultural and Biological Sciences,UA,2021,1
Agricultural and Biological Sciences,UA,2022,1
Agricultural and Biological Sciences,UA,2023,1
Agricultural and Biological Sciences,UA,2024,1
Agricultural and Biological Sciences,US,2015,928
Agricultural and Biological Sciences,US,2016,910
Agricultural and Biological Sciences,US,2017,891
Agricultural and Biological Sciences,US,2018,868
Agricultural and Biological Sciences,US,2019,853
Agricultural and Biological Sciences,US,2020,824
Agricultural and Biological Sciences,US,2021,799
Agricultural and Biological Sciences,US,2022,768
Agricultural and Biological Sciences,US,2023,742
Agricultural and Biological Sciences,US,2024,725
Agricultural and Biological Sciences,UY,2020,1
Agricultural and Biological Sciences,UY,2021,1
Agricultural and Biological Sciences,UY,2022,1
Agricultural and Biological Sciences,UY,2023,1
Agricultural and Biological Sciences,UY,2024,1
Agricultural and Biological Sciences,VE,2023,1
Agricultural and Biological Sciences,VE,2024,1
Agricultural and Biological Sciences,VN,2015,7
Agricultural and Biological Sciences,VN,2016,7
Agricultural and Biological Sciences,VN,2017,5
Agricultural and Biological Sciences,VN,2018,6
Agricultural and Biological Sciences,VN,2019,6
Agricultural and Biological Sciences,VN,2020,6
Agricultural and Biological Sciences,VN,2021,6
Agricultural and Biological Sciences,VN,2022,5
Agricultural and Biological Sciences,VN,2023,4
Agricultural and Biological Sciences,VN,2024,5
Agricultural and Biological Sciences,ZA,2015,14
Agricultural and Biological Sciences,ZA,2016,14
Agricultural and Biological Sciences,ZA,2017,15
Agricultural and Biological Sciences,ZA,2018,14
Agricultural and Biological Sciences,ZA,2019,14
Agricultural and Biological Sciences,ZA,2020,17
Agricultural and Biological Sciences,ZA,2021,17
Agricultural and Biological Sciences,ZA,2022,19
Agricultural and Biological Sciences,ZA,2023,22
Agricultural and Biological Sciences,ZA,2024,22
Agricultural and Biological Sciences,ZW,2015,1
Agricultural and Biological Sciences,ZW,2016,1
Agricultural and Biological Sciences,ZW,2017,1
Agricultural and Biological Sciences,ZW,2018,1
Agricultural and Biological Sciences,ZW,2019,1
Agricultural and Biological Sciences,ZW,2020,1
Agricultural and Biological Sciences,ZW,2021,1
Agricultural and Biological Sciences,ZW,2022,1
Agricultural and Biological Sciences,ZW,2023,1
Agricultural and Biological Sciences,ZW,2024,1
Arts and Humanities,AE,2015,1
Arts and Humanities,AE,2016,1
Arts and Humanities,AE,2017,1
Arts and Humanities,AE,2018,1
Arts and Humanities,AE,2019,1
Arts and Humanities,AE,2020,1
Arts and Humanities,AE,2021,1
Arts and Humanities,AE,2022,1
Arts and Humanities,AE,2023,1
Arts and Humanities,AE,2024,1
Arts and Humanities,AT,2015,4
Arts and Humanities,AT,2016,4
Arts and Humanities,AT,2017,4
Arts and Humanities,AT,2018,3
Arts and Humanities,AT,2019,3
Arts and Humanities,AT,2020,3
Arts and Humanities,AT,2021,4
Arts and Humanities,AT,2022,4
Arts and Humanities,AT,2023,5
Arts and Humanities,AT,2024,6
Arts and Humanities,AU,2015,38
Arts and Humanities,AU,2016,40
Arts and Humanities,AU,2017,41
Arts and Humanities,AU,2018,40
Arts and Humanities,AU,2019,40
Arts and Humanities,AU,2020,44
Arts and Humanities,AU,2021,45
Arts and Humanities,AU,2022,45
Arts and Humanities,AU,2023,49
Arts and Humanities,AU,2024,50
Arts and Humanities,BE,2015,9
Arts and Humanities,BE,2016,10
Arts and Humanities,BE,2017,10
Arts and Humanities,BE,2018,10
Arts and Humanities,BE,2019,10
Arts and Humanities,BE,2020,10
Arts and Humanities,BE,2021,10
Arts and Humanities,BE,2022,10
Arts and Humanities,BE,2023,10
Arts and Humanities,BE,2024,10
Arts and Humanities,BG,2015,1
Arts and Humanities,BG,2016,1
Arts and Humanities,BG,2017,1
Arts and Humanities,BG,2018,1
Arts and Humanities,BG,2019,1
Arts and Humanities,BG,2020,1
Arts and Humanities,BG,2021,1
Arts and Humanities,BG,2022,1
Arts and Humanities,BG,2023,1
Arts and Humanities,BG,2024,1
Arts and Humanities,BR,2020,1
Arts and Humanities,BR,2021,1
Arts and Humanities,BR,2022,1
Arts and Humanities,BR,2023,1
Arts and Humanities,BR,2024,1
Arts and Humanities,CA,2015,52
Arts and Humanities,CA,2016,49
Arts and Humanities,CA,2017,49
Arts and Humanities,CA,2018,49
Arts and Humanities,CA,2019,47
Arts and Humanities,CA,2020,51
Arts and Humanities,CA,2021,49
Arts and Humanities,CA,2022,49
Arts and Humanities,CA,2023,49
Arts and Humanities,CA,2024,51
Arts and Humanities,CH,2015,6
Arts and Humanities,CH,2016,7
Arts and Humanities,CH,2017,8
Arts and Humanities,CH,2018,8
Arts and Humanities,CH,2019,9
Arts and Humanities,CH,2020,9
Arts and Humanities,CH,2021,9
Arts and Humanities,CH,2022,9
Arts and Humanities,CH,2023,10
Arts and Humanities,CH,2024,10
Arts and Humanities,CN,2015,4
Arts and Humanities,CN,2016,4
Arts and Humanities,CN,2017,4
Arts and Humanities,CN,2018,4
Arts and Humanities,CN,2019,4
Arts and Humanities,CN,2020,4
Arts and Humanities,CN,2021,4
Arts and Humanities,CN,2022,4
Arts and Humanities,CN,2023,5
Arts and Humanities,CN,2024,6
Arts and Humanities,CNX,2015,11
Arts and Humanities,CNX,2016,11
Arts and Humanities,CNX,2017,11
Arts and Humanities,CNX,2018,12
Arts and Humanities,CNX,2019,12
Arts and Humanities,CNX,2020,12
Arts and Humanities,CNX,2021,12
Arts and Humanities,CNX,2022,13
Arts and Humanities,CNX,2023,13
Arts and Humanities,CNX,2024,15
Arts and Humanities,CR,2015,1
Arts and Humanities,CR,2016,1
Arts and Humanities,CR,2017,1
Arts and Humanities,CR,2018,1
Arts and Humanities,CR,2019,1
Arts and Humanities,CR,2020,1
Arts and Humanities,CR,2021,1
Arts and Humanities,CR,2022,1
Arts and Humanities,CR,2023,1
Arts and Humanities,CR,2024,1
Arts and Humanities,CZ,2015,1
Arts and Humanities,CZ,2016,1
Arts and Humanities,CZ,2017,1
Arts and Humanities,CZ,2018,1
Arts and Humanities,CZ,2019,1
Arts and Humanities,CZ,2020,1
Arts and Humanities,CZ,2021,1
Arts and Humanities,CZ,2022,1
Arts and Humanities,CZ,2023,1
Arts and Humanities,CZ,2024,2
Arts and Humanities,DE,2015,40
Arts and Humanities,DE,2016,43
Arts and Humanities,DE,2017,45
Arts and Humanities,DE,2018,47
Arts and Humanities,DE,2019,44
Arts and Humanities,DE,2020,42
Arts and Humanities,DE,2021,42
Arts and Humanities,DE,2022,41
Arts and Humanities,DE,2023,38
Arts and Humanities,DE,2024,39
Arts and Humanities,DK,2015,4
Arts and Humanities,DK,2016,5
Arts and Humanities,DK,2017,6
Arts and Humanities,DK,2018,7
Arts and Humanities,DK,2019,7
Arts and Humanities,DK,2020,7
Arts and Humanities,DK,2021,7
Arts and Humanities,DK,2022,7
Arts and Humanities,DK,2023,7
Arts and Humanities,DK,2024,7
Arts and Humanities,ES,2015,9
Arts and Humanities,ES,2016,9
Arts and Humanities,ES,2017,9
Arts and Humanities,ES,2018,10
Arts and Humanities,ES,2019,11
Arts and Humanities,ES,2020,13
Arts and Humanities,ES,2021,14
Arts and Humanities,ES,2022,15
Arts and Humanities,ES,2023,16
Arts and Humanities,ES,2024,17
Arts and Humanities,FI,2015,3
Arts and Humanities,FI,2016,4
Arts and Humanities,FI,2017,4
Arts and Humanities,FI,2018,3
Arts and Humanities,FI,2019,3
Arts and Humanities,FI,2020,4
Arts and Humanities,FI,2021,4
Arts and Humanities,FI,2022,5
Arts and Humanities,FI,2023,5
Arts and Humanities,FI,2024,6
Arts and Humanities,FR,2015,11
Arts and Humanities,FR,2016,12
Arts and Humanities,FR,2017,12
Arts and Humanities,FR,2018,15
Arts and Humanities,FR,2019,14
Arts and Humanities,FR,2020,13
Arts and Humanities,FR,2021,12
Arts and Humanities,FR,2022,14
Arts and Humanities,FR,2023,15
Arts and Humanities,FR,2024,16
Arts and Humanities,GB,2015,174
Arts and Humanities,GB,2016,175
Arts and Humanities,GB,2017,184
Arts and Humanities,GB,2018,184
Arts and Humanities,GB,2019,189
Arts and Humanities,GB,2020,192
Arts and Humanities,GB,2021,191
Arts and Humanities,GB,2022,186
Arts and Humanities,GB,2023,184
Arts and Humanities,GB,2024,178
Arts and Humanities,GH,2015,1
Arts and Humanities,GR,2016,1
Arts and Humanities,GR,2017,1
Arts and Humanities,GR,2018,1
Arts and Humanities,GR,2019,1
Arts and Humanities,GR,2020,1
Arts and Humanities,GR,2021,1
Arts and Humanities,GR,2022,1
Arts and Humanities,GR,2023,1
Arts and Humanities,GR,2024,1
Arts and Humanities,HK,2015,7
Arts and Humanities,HK,2016,7
Arts and Humanities,HK,2017,7
Arts and Humanities,HK,2018,8
Arts and Humanities,HK,2019,8
Arts and Humanities,HK,2020,8
Arts and Humanities,HK,2021,8
Arts and Humanities,HK,2022,9
Arts and Humanities,HK,2023,8
Arts and Humanities,HK,2024,10
Arts and Humanities,HU,2015,2
Arts and Humanities,HU,2016,1
Arts and Humanities,HU,2017,2
Arts and Humanities,HU,2018,1
Arts and Humanities,HU,2019,2
Arts and Humanities,HU,2020,2
Arts and Humanities,HU,2021,3
Arts and Humanities,HU,2022,4
Arts and Humanities,HU,2023,4
Arts and Humanities,HU,2024,4
Arts and Humanities,IE,2015,3
Arts and Humanities,IE,2016,3
Arts and Humanities,IE,2017,3
Arts and Humanities,IE,2018,3
Arts and Humanities,IE,2019,4
Arts and Humanities,IE,2020,4
Arts and Humanities,IE,2021,4
Arts and Humanities,IE,2022,4
Arts and Humanities,IE,2023,4
Arts and Humanities,IE,2024,4
Arts and Humanities,IL,2015,6
Arts and Humanities,IL,2016,7
Arts and Humanities,IL,2017,8
Arts and Humanities,IL,2018,9
Arts and Humanities,IL,2019,8
Arts and Humanities,IL,2020,6
Arts and Humanities,IL,2021,6
Arts and Humanities,IL,2022,6
Arts and Humanities,IL,2023,7
Arts and Humanities,IL,2024,6
Arts and Humanities,IN,2015,3
Arts and Humanities,IN,2016,3
Arts and Humanities,IN,2017,3
Arts and Humanities,IN,2018,2
Arts and Humanities,IN,2019,4
Arts and Humanities,IN,2020,3
Arts and Humanities,IN,2021,3
Arts and Humanities,IN,2022,4
Arts and Humanities,IN,2023,4
Arts and Humanities,IN,2024,4
Arts and Humanities,IR,2024,1
Arts and Humanities,IT,2015,11
Arts and Humanities,IT,2016,11
Arts and Humanities,IT,2017,9
Arts and Humanities,IT,2018,9
Arts and Humanities,IT,2019,9
Arts and Humanities,IT,2020,10
Arts and Humanities,IT,2021,11
Arts and Humanities,IT,2022,12
Arts and Humanities,IT,2023,14
Arts and Humanities,IT,2024,15
Arts and Humanities,JP,2015,2
Arts and Humanities,JP,2016,2
Arts and Humanities,JP,2017,2
Arts and Humanities,JP,2018,2
Arts and Humanities,JP,2019,2
Arts and Humanities,JP,2020,2
Arts and Humanities,JP,2021,2
Arts and Humanities,JP,2022,2
Arts and Humanities,JP,2023,2
Arts and Humanities,JP,2024,2
Arts and Humanities,KR,2016,1
Arts and Humanities,KR,2017,1
Arts and Humanities,KR,2018,1
Arts and Humanities,KR,2019,1
Arts and Humanities,KR,2020,1
Arts and Humanities,KR,2021,1
Arts and Humanities,KR,2022,1
Arts and Humanities,KR,2023,1
Arts and Humanities,KR,2024,1
Arts and Humanities,LU,2015,1
Arts and Humanities,LU,2016,1
Arts and Humanities,LU,2017,1
Arts and Humanities,LU,2018,2
Arts and Humanities,LU,2019,2
Arts and Humanities,LU,2020,2
Arts and Humanities,LU,2021,2
Arts and Humanities,LU,2022,2
Arts and Humanities,LU,2023,2
Arts and Humanities,LU,2024,2
Arts and Humanities,MT,2018,1
Arts and Humanities,MT,2019,1
Arts and Humanities,MT,2020,1
Arts and Humanities,MT,2021,1
Arts and Humanities,MT,2022,1
Arts and Humanities,MT,2023,1
Arts and Humanities,MT,2024,1
Arts and Humanities,MX,2015,7
Arts and Humanities,MX,2016,7
Arts and Humanities,MX,2017,9
Arts and Humanities,MX,2018,9
Arts and Humanities,MX,2019,8
Arts and Humanities,MX,2020,8
Arts and Humanities,MX,2021,7
Arts and Humanities,MX,2022,6
Arts and Humanities,MX,2023,6
Arts and Humanities,MX,2024,6
Arts and Humanities,NL,2015,17
Arts and Humanities,NL,2016,21
Arts and Humanities,NL,2017,21
Arts and Humanities,NL,2018,20
Arts and Humanities,NL,2019,21
Arts and Humanities,NL,2020,22
Arts and Humanities,NL,2021,21
Arts and Humanities,NL,2022,21
Arts and Humanities,NL,2023,22
Arts and Humanities,NL,2024,22
Arts and Humanities,NO,2015,3
Arts and Humanities,NO,2016,3
Arts and Humanities,NO,2017,3
Arts and Humanities,NO,2018,3
Arts and Humanities,NO,2019,4
Arts and Humanities,NO,2020,4
Arts and Humanities,NO,2021,4
Arts and Humanities,NO,2022,4
Arts and Humanities,NO,2023,6
Arts and Humanities,NO,2024,6
Arts and Humanities,NZ,2015,9
Arts and Humanities,NZ,2016,11
Arts and Humanities,NZ,2017,11
Arts and Humanities,NZ,2018,11
Arts and Humanities,NZ,2019,11
Arts and Humanities,NZ,2020,12
Arts and Humanities,NZ,2021,13
Arts and Humanities,NZ,2022,13
Arts and Humanities,NZ,2023,14
Arts and Humanities,NZ,2024,13
Arts and Humanities,PL,2015,1
Arts and Humanities,PL,2016,1
Arts and Humanities,PL,2017,1
Arts and Humanities,PL,2018,1
Arts and Humanities,PL,2019,1
Arts and Humanities,PL,2020,1
Arts and Humanities,PL,2021,1
Arts and Humanities,PL,2022,1
Arts and Humanities,PL,2023,1
Arts and Humanities,PL,2024,1
Arts and Humanities,PT,2015,1
Arts and Humanities,PT,2016,2
Arts and Humanities,PT,2017,2
Arts and Humanities,PT,2018,2
Arts and Humanities,PT,2019,2
Arts and Humanities,PT,2020,3
Arts and Humanities,PT,2021,3
Arts and Humanities,PT,2022,3
Arts and Humanities,PT,2023,3
Arts and Humanities,PT,2024,3
Arts and Humanities,RU,2015,1
Arts and Humanities,RU,2016,1
Arts and Humanities,RU,2017,1
Arts and Humanities,RU,2018,1
Arts and Humanities,RU,2019,1
Arts and Humanities,RU,2020,2
Arts and Humanities,RU,2021,2
Arts and Humanities,RU,2022,2
Arts and Humanities,RU,2023,2
Arts and Humanities,RU,2024,2
Arts and Humanities,SE,2015,5
Arts and Humanities,SE,2016,6
Arts and Humanities,SE,2017,6
Arts and Humanities,SE,2018,6
Arts and Humanities,SE,2019,7
Arts and Humanities,SE,2020,9
Arts and Humanities,SE,2021,9
Arts and Humanities,SE,2022,9
Arts and Humanities,SE,2023,9
Arts and Humanities,SE,2024,9
Arts and Humanities,SG,2015,1
Arts and Humanities,SG,2016,1
Arts and Humanities,SG,2017,1
Arts and Humanities,SG,2018,1
Arts and Humanities,SG,2019,1
Arts and Humanities,SG,2020,1
Arts and Humanities,SG,2021,1
Arts and Humanities,SG,2022,2
Arts and Humanities,SG,2023,3
Arts and Humanities,SG,2024,4
Arts and Humanities,SI,2019,2
Arts and Humanities,SI,2020,1
Arts and Humanities,SI,2021,2
Arts and Humanities,SI,2022,2
Arts and Humanities,SI,2023,2
Arts and Humanities,SI,2024,2
Arts and Humanities,SS,2015,1
Arts and Humanities,SS,2016,1
Arts and Humanities,SS,2017,1
Arts and Humanities,SS,2018,1
Arts and Humanities,SS,2019,1
Arts and Humanities,SS,2020,1
Arts and Humanities,SS,2021,1
Arts and Humanities,TR,2015,1
Arts and Humanities,TR,2016,1
Arts and Humanities,TR,2017,1
Arts and Humanities,TR,2018,1
Arts and Humanities,TR,2019,1
Arts and Humanities,TR,2020,1
Arts and Humanities,TR,2021,1
Arts and Humanities,TR,2022,1
Arts and Humanities,TR,2023,1
Arts and Humanities,TR,2024,1
Arts and Humanities,TW,2023,1
Arts and Humanities,TW,2024,1
Arts and Humanities,US,2015,508
Arts and Humanities,US,2016,504
Arts and Humanities,US,2017,497
Arts and Humanities,US,2018,493
Arts and Humanities,US,2019,482
Arts and Humanities,US,2020,478
Arts and Humanities,US,2021,472
Arts and Humanities,US,2022,471
Arts and Humanities,US,2023,467
Arts and Humanities,US,2024,460
Arts and Humanities,ZA,2015,2
Arts and Humanities,ZA,2016,2
Arts and Humanities,ZA,2017,2
Arts and Humanities,ZA,2018,2
Arts and Humanities,ZA,2019,2
Arts and Humanities,ZA,2020,2
Arts and Humanities,ZA,2021,2
Arts and Humanities,ZA,2022,2
Arts and Humanities,ZA,2023,2
Arts and Humanities,ZA,2024,2
"Biochemistry, Genetics and Molecular Biology",AE,2015,1
"Biochemistry, Genetics and Molecular Biology",AE,2016,1
"Biochemistry, Genetics and Molecular Biology",AE,2017,1
"Biochemistry, Genetics and Molecular Biology",AE,2018,1
"Biochemistry, Genetics and Molecular Biology",AE,2019,1
"Biochemistry, Genetics and Molecular Biology",AE,2020,1
"Biochemistry, Genetics and Molecular Biology",AE,2021,1
"Biochemistry, Genetics and Molecular Biology",AE,2022,1
"Biochemistry, Genetics and Molecular Biology",AE,2023,1
"Biochemistry, Genetics and Molecular Biology",AE,2024,1
"Biochemistry, Genetics and Molecular Biology",AR,2015,1
"Biochemistry, Genetics and Molecular Biology",AR,2016,1
"Biochemistry, Genetics and Molecular Biology",AR,2017,1
"Biochemistry, Genetics and Molecular Biology",AR,2018,1
"Biochemistry, Genetics and Molecular Biology",AR,2019,2
"Biochemistry, Genetics and Molecular Biology",AR,2020,1
"Biochemistry, Genetics and Molecular Biology",AR,2021,1
"Biochemistry, Genetics and Molecular Biology",AR,2022,1
"Biochemistry, Genetics and Molecular Biology",AR,2023,1
"Biochemistry, Genetics and Molecular Biology",AR,2024,1
"Biochemistry, Genetics and Molecular Biology",AT,2015,9
"Biochemistry, Genetics and Molecular Biology",AT,2016,8
"Biochemistry, Genetics and Molecular Biology",AT,2017,8
"Biochemistry, Genetics and Molecular Biology",AT,2018,8
"Biochemistry, Genetics and Molecular Biology",AT,2019,8
"Biochemistry, Genetics and Molecular Biology",AT,2020,9
"Biochemistry, Genetics and Molecular Biology",AT,2021,9
"Biochemistry, Genetics and Molecular Biology",AT,2022,10
"Biochemistry, Genetics and Molecular Biology",AT,2023,11
"Biochemistry, Genetics and Molecular Biology",AT,2024,12
"Biochemistry, Genetics and Molecular Biology",AU,2015,30
"Biochemistry, Genetics and Molecular Biology",AU,2016,33
"Biochemistry, Genetics and Molecular Biology",AU,2017,35
"Biochemistry, Genetics and Molecular Biology",AU,2018,35
"Biochemistry, Genetics and Molecular Biology",AU,2019,36
"Biochemistry, Genetics and Molecular Biology",AU,2020,38
"Biochemistry, Genetics and Molecular Biology",AU,2021,45
"Biochemistry, Genetics and Molecular Biology",AU,2022,50
"Biochemistry, Genetics and Molecular Biology",AU,2023,52
"Biochemistry, Genetics and Molecular Biology",AU,2024,54
"Biochemistry, Genetics and Molecular Biology",BE,2015,19
"Biochemistry, Genetics and Molecular Biology",BE,2016,21
"Biochemistry, Genetics and Molecular Biology",BE,2017,21
"Biochemistry, Genetics and Molecular Biology",BE,2018,20
"Biochemistry, Genetics and Molecular Biology",BE,2019,21
"Biochemistry, Genetics and Molecular Biology",BE,2020,21
"Biochemistry, Genetics and Molecular Biology",BE,2021,20
"Biochemistry, Genetics and Molecular Biology",BE,2022,23
"Biochemistry, Genetics and Molecular Biology",BE,2023,23
"Biochemistry, Genetics and Molecular Biology",BE,2024,25
"Biochemistry, Genetics and Molecular Biology",BN,2015,1
"Biochemistry, Genetics and Molecular Biology",BN,2016,1
"Biochemistry, Genetics and Molecular Biology",BN,2017,1
"Biochemistry, Genetics and Molecular Biology",BN,2018,1
"Biochemistry, Genetics and Molecular Biology",BN,2019,1
"Biochemistry, Genetics and Molecular Biology",BN,2020,1
"Biochemistry, Genetics and Molecular Biology",BR,2015,2
"Biochemistry, Genetics and Molecular Biology",BR,2016,3
"Biochemistry, Genetics and Molecular Biology",BR,2017,2
"Biochemistry, Genetics and Molecular Biology",BR,2018,1
"Biochemistry, Genetics and Molecular Biology",BR,2019,1
"Biochemistry, Genetics and Molecular Biology",BR,2020,2
"Biochemistry, Genetics and Molecular Biology",BR,2021,2
"Biochemistry, Genetics and Molecular Biology",BR,2022,2
"Biochemistry, Genetics and Molecular Biology",BR,2023,2
"Biochemistry, Genetics and Molecular Biology",BR,2024,2
"Biochemistry, Genetics and Molecular Biology",CA,2015,59
"Biochemistry, Genetics and Molecular Biology",CA,2016,60
"Biochemistry, Genetics and Molecular Biology",CA,2017,60
"Biochemistry, Genetics and Molecular Biology",CA,2018,62
"Biochemistry, Genetics and Molecular Biology",CA,2019,63
"Biochemistry, Genetics and Molecular Biology",CA,2020,62
"Biochemistry, Genetics and Molecular Biology",CA,2021,63
"Biochemistry, Genetics and Molecular Biology",CA,2022,63
"Biochemistry, Genetics and Molecular Biology",CA,2023,62
"Biochemistry, Genetics and Molecular Biology",CA,2024,59
"Biochemistry, Genetics and Molecular Biology",CH,2015,55
"Biochemistry, Genetics and Molecular Biology",CH,2016,52
"Biochemistry, Genetics and Molecular Biology",CH,2017,53
"Biochemistry, Genetics and Molecular Biology",CH,2018,51
"Biochemistry, Genetics and Molecular Biology",CH,2019,50
"Biochemistry, Genetics and Molecular Biology",CH,2020,50
"Biochemistry, Genetics and Molecular Biology",CH,2021,51
"Biochemistry, Genetics and Molecular Biology",CH,2022,51
"Biochemistry, Genetics and Molecular Biology",CH,2023,46
"Biochemistry, Genetics and Molecular Biology",CH,2024,48
"Biochemistry, Genetics and Molecular Biology",CN,2015,18
"Biochemistry, Genetics and Molecular Biology",CN,2016,21
"Biochemistry, Genetics and Molecular Biology",CN,2017,23
"Biochemistry, Genetics and Molecular Biology",CN,2018,25
"Biochemistry, Genetics and Molecular Biology",CN,2019,33
"Biochemistry, Genetics and Molecular Biology",CN,2020,35
"Biochemistry, Genetics and Molecular Biology",CN,2021,40
"Biochemistry, Genetics and Molecular Biology",CN,2022,43
"Biochemistry, Genetics and Molecular Biology",CN,2023,51
"Biochemistry, Genetics and Molecular Biology",CN,2024,65
"Biochemistry, Genetics and Molecular Biology",CNX,2015,22
"Biochemistry, Genetics and Molecular Biology",CNX,2016,25
"Biochemistry, Genetics and Molecular Biology",CNX,2017,28
"Biochemistry, Genetics and Molecular Biology",CNX,2018,30
"Biochemistry, Genetics and Molecular Biology",CNX,2019,39
"Biochemistry, Genetics and Molecular Biology",CNX,2020,42
"Biochemistry, Genetics and Molecular Biology",CNX,2021,47
"Biochemistry, Genetics and Molecular Biology",CNX,2022,50
"Biochemistry, Genetics and Molecular Biology",CNX,2023,59
"Biochemistry, Genetics and Molecular Biology",CNX,2024,75
"Biochemistry, Genetics and Molecular Biology",CO,2021,1
"Biochemistry, Genetics and Molecular Biology",CO,2022,1
"Biochemistry, Genetics and Molecular Biology",CO,2023,1
"Biochemistry, Genetics and Molecular Biology",CO,2024,1
"Biochemistry, Genetics and Molecular Biology",CZ,2015,2
"Biochemistry, Genetics and Molecular Biology",CZ,2016,2
"Biochemistry, Genetics and Molecular Biology",CZ,2017,2
"Biochemistry, Genetics and Molecular Biology",CZ,2018,2
"Biochemistry, Genetics and Molecular Biology",CZ,2019,2
"Biochemistry, Genetics and Molecular Biology",CZ,2020,4
"Biochemistry, Genetics and Molecular Biology",CZ,2021,4
"Biochemistry, Genetics and Molecular Biology",CZ,2022,5
"Biochemistry, Genetics and Molecular Biology",CZ,2023,5
"Biochemistry, Genetics and Molecular Biology",CZ,2024,5
"Biochemistry, Genetics and Molecular Biology",DE,2015,143
"Biochemistry, Genetics and Molecular Biology",DE,2016,138
"Biochemistry, Genetics and Molecular Biology",DE,2017,140
"Biochemistry, Genetics and Molecular Biology",DE,2018,138
"Biochemistry, Genetics and Molecular Biology",DE,2019,138
"Biochemistry, Genetics and Molecular Biology",DE,2020,141
"Biochemistry, Genetics and Molecular Biology",DE,2021,144
"Biochemistry, Genetics and Molecular Biology",DE,2022,148
"Biochemistry, Genetics and Molecular Biology",DE,2023,144
"Biochemistry, Genetics and Molecular Biology",DE,2024,145
"Biochemistry, Genetics and Molecular Biology",DK,2015,16
"Biochemistry, Genetics and Molecular Biology",DK,2016,19
"Biochemistry, Genetics and Molecular Biology",DK,2017,19
"Biochemistry, Genetics and Molecular Biology",DK,2018,18
"Biochemistry, Genetics and Molecular Biology",DK,2019,20
"Biochemistry, Genetics and Molecular Biology",DK,2020,22
"Biochemistry, Genetics and Molecular Biology",DK,2021,24
"Biochemistry, Genetics and Molecular Biology",DK,2022,25
"Biochemistry, Genetics and Molecular Biology",DK,2023,25
"Biochemistry, Genetics and Molecular Biology",DK,2024,28
"Biochemistry, Genetics and Molecular Biology",ES,2015,10
"Biochemistry, Genetics and Molecular Biology",ES,2016,13
"Biochemistry, Genetics and Molecular Biology",ES,2017,14
"Biochemistry, Genetics and Molecular Biology",ES,2018,15
"Biochemistry, Genetics and Molecular Biology",ES,2019,14
"Biochemistry, Genetics and Molecular Biology",ES,2020,15
"Biochemistry, Genetics and Molecular Biology",ES,2021,16
"Biochemistry, Genetics and Molecular Biology",ES,2022,18
"Biochemistry, Genetics and Molecular Biology",ES,2023,20
"Biochemistry, Genetics and Molecular Biology",ES,2024,22
"Biochemistry, Genetics and Molecular Biology",FI,2015,11
"Biochemistry, Genetics and Molecular Biology",FI,2016,11
"Biochemistry, Genetics and Molecular Biology",FI,2017,10
"Biochemistry, Genetics and Molecular Biology",FI,2018,11
"Biochemistry, Genetics and Molecular Biology",FI,2019,12
"Biochemistry, Genetics and Molecular Biology",FI,2020,12
"Biochemistry, Genetics and Molecular Biology",FI,2021,12
"Biochemistry, Genetics and Molecular Biology",FI,2022,12
"Biochemistry, Genetics and Molecular Biology",FI,2023,12
"Biochemistry, Genetics and Molecular Biology",FI,2024,12
"Biochemistry, Genetics and Molecular Biology",FR,2015,55
"Biochemistry, Genetics and Molecular Biology",FR,2016,56
"Biochemistry, Genetics and Molecular Biology",FR,2017,57
"Biochemistry, Genetics and Molecular Biology",FR,2018,60
"Biochemistry, Genetics and Molecular Biology",FR,2019,60
"Biochemistry, Genetics and Molecular Biology",FR,2020,57
"Biochemistry, Genetics and Molecular Biology",FR,2021,57
"Biochemistry, Genetics and Molecular Biology",FR,2022,52
"Biochemistry, Genetics and Molecular Biology",FR,2023,54
"Biochemistry, Genetics and Molecular Biology",FR,2024,49
"Biochemistry, Genetics and Molecular Biology",GB,2015,211
"Biochemistry, Genetics and Molecular Biology",GB,2016,212
"Biochemistry, Genetics and Molecular Biology",GB,2017,212
"Biochemistry, Genetics and Molecular Biology",GB,2018,208
"Biochemistry, Genetics and Molecular Biology",GB,2019,212
"Biochemistry, Genetics and Molecular Biology",GB,2020,208
"Biochemistry, Genetics and Molecular Biology",GB,2021,206
"Biochemistry, Genetics and Molecular Biology",GB,2022,202
"Biochemistry, Genetics and Molecular Biology",GB,2023,204
"Biochemistry, Genetics and Molecular Biology",GB,2024,198
"Biochemistry, Genetics and Molecular Biology",GR,2015,1
"Biochemistry, Genetics and Molecular Biology",GR,2016,1
"Biochemistry, Genetics and Molecular Biology",GR,2017,1
"Biochemistry, Genetics and Molecular Biology",GR,2018,1
"Biochemistry, Genetics and Molecular Biology",GR,2019,2
"Biochemistry, Genetics and Molecular Biology",GR,2020,2
"Biochemistry, Genetics and Molecular Biology",GR,2021,1
"Biochemistry, Genetics and Molecular Biology",GR,2022,1
"Biochemistry, Genetics and Molecular Biology",GR,2023,2
"Biochemistry, Genetics and Molecular Biology",GR,2024,2
"Biochemistry, Genetics and Molecular Biology",HK,2015,1
"Biochemistry, Genetics and Molecular Biology",HK,2016,1
"Biochemistry, Genetics and Molecular Biology",HK,2017,2
"Biochemistry, Genetics and Molecular Biology",HK,2018,2
"Biochemistry, Genetics and Molecular Biology",HK,2019,2
"Biochemistry, Genetics and Molecular Biology",HK,2020,2
"Biochemistry, Genetics and Molecular Biology",HK,2021,3
"Biochemistry, Genetics and Molecular Biology",HK,2022,4
"Biochemistry, Genetics and Molecular Biology",HK,2023,8
"Biochemistry, Genetics and Molecular Biology",HK,2024,9
"Biochemistry, Genetics and Molecular Biology",HR,2017,1
"Biochemistry, Genetics and Molecular Biology",HR,2018,1
"Biochemistry, Genetics and Molecular Biology",HR,2019,1
"Biochemistry, Genetics and Molecular Biology",HR,2020,2
"Biochemistry, Genetics and Molecular Biology",HR,2021,2
"Biochemistry, Genetics and Molecular Biology",HR,2022,2
"Biochemistry, Genetics and Molecular Biology",HR,2023,2
"Biochemistry, Genetics and Molecular Biology",HR,2024,2
"Biochemistry, Genetics and Molecular Biology",HU,2015,2
"Biochemistry, Genetics and Molecular Biology",HU,2016,2
"Biochemistry, Genetics and Molecular Biology",HU,2017,2
"Biochemistry, Genetics and Molecular Biology",HU,2018,2
"Biochemistry, Genetics and Molecular Biology",HU,2019,2
"Biochemistry, Genetics and Molecular Biology",HU,2020,2
"Biochemistry, Genetics and Molecular Biology",HU,2021,2
"Biochemistry, Genetics and Molecular Biology",HU,2022,2
"Biochemistry, Genetics and Molecular Biology",HU,2023,1
"Biochemistry, Genetics and Molecular Biology",HU,2024,2
"Biochemistry, Genetics and Molecular Biology",IE,2015,5
"Biochemistry, Genetics and Molecular Biology",IE,2016,5
"Biochemistry, Genetics and Molecular Biology",IE,2017,6
"Biochemistry, Genetics and Molecular Biology",IE,2018,8
"Biochemistry, Genetics and Molecular Biology",IE,2019,8
"Biochemistry, Genetics and Molecular Biology",IE,2020,8
"Biochemistry, Genetics and Molecular Biology",IE,2021,9
"Biochemistry, Genetics and Molecular Biology",IE,2022,10
"Biochemistry, Genetics and Molecular Biology",IE,2023,11
"Biochemistry, Genetics and Molecular Biology",IE,2024,12
"Biochemistry, Genetics and Molecular Biology",IL,2015,25
"Biochemistry, Genetics and Molecular Biology",IL,2016,25
"Biochemistry, Genetics and Molecular Biology",IL,2017,25
"Biochemistry, Genetics and Molecular Biology",IL,2018,23
"Biochemistry, Genetics and Molecular Biology",IL,2019,19
"Biochemistry, Genetics and Molecular Biology",IL,2020,18
"Biochemistry, Genetics and Molecular Biology",IL,2021,20
"Biochemistry, Genetics and Molecular Biology",IL,2022,20
"Biochemistry, Genetics and Molecular Biology",IL,2023,19
"Biochemistry, Genetics and Molecular Biology",IL,2024,18
"Biochemistry, Genetics and Molecular Biology",IN,2015,4
"Biochemistry, Genetics and Molecular Biology",IN,2016,2
"Biochemistry, Genetics and Molecular Biology",IN,2017,3
"Biochemistry, Genetics and Molecular Biology",IN,2018,3
"Biochemistry, Genetics and Molecular Biology",IN,2019,4
"Biochemistry, Genetics and Molecular Biology",IN,2020,4
"Biochemistry, Genetics and Molecular Biology",IN,2021,3
"Biochemistry, Genetics and Molecular Biology",IN,2022,4
"Biochemistry, Genetics and Molecular Biology",IN,2023,4
"Biochemistry, Genetics and Molecular Biology",IN,2024,5
"Biochemistry, Genetics and Molecular Biology",IR,2021,1
"Biochemistry, Genetics and Molecular Biology",IR,2022,1
"Biochemistry, Genetics and Molecular Biology",IR,2023,1
"Biochemistry, Genetics and Molecular Biology",IR,2024,1
"Biochemistry, Genetics and Molecular Biology",IT,2015,34
"Biochemistry, Genetics and Molecular Biology",IT,2016,34
"Biochemistry, Genetics and Molecular Biology",IT,2017,32
"Biochemistry, Genetics and Molecular Biology",IT,2018,32
"Biochemistry, Genetics and Molecular Biology",IT,2019,31
"Biochemistry, Genetics and Molecular Biology",IT,2020,31
"Biochemistry, Genetics and Molecular Biology",IT,2021,29
"Biochemistry, Genetics and Molecular Biology",IT,2022,31
"Biochemistry, Genetics and Molecular Biology",IT,2023,31
"Biochemistry, Genetics and Molecular Biology",IT,2024,30
"Biochemistry, Genetics and Molecular Biology",JP,2015,85
"Biochemistry, Genetics and Molecular Biology",JP,2016,83
"Biochemistry, Genetics and Molecular Biology",JP,2017,80
"Biochemistry, Genetics and Molecular Biology",JP,2018,79
"Biochemistry, Genetics and Molecular Biology",JP,2019,78
"Biochemistry, Genetics and Molecular Biology",JP,2020,73
"Biochemistry, Genetics and Molecular Biology",JP,2021,70
"Biochemistry, Genetics and Molecular Biology",JP,2022,69
"Biochemistry, Genetics and Molecular Biology",JP,2023,69
"Biochemistry, Genetics and Molecular Biology",JP,2024,68
"Biochemistry, Genetics and Molecular Biology",KR,2015,3
"Biochemistry, Genetics and Molecular Biology",KR,2016,4
"Biochemistry, Genetics and Molecular Biology",KR,2017,6
"Biochemistry, Genetics and Molecular Biology",KR,2018,7
"Biochemistry, Genetics and Molecular Biology",KR,2019,8
"Biochemistry, Genetics and Molecular Biology",KR,2020,8
"Biochemistry, Genetics and Molecular Biology",KR,2021,10
"Biochemistry, Genetics and Molecular Biology",KR,2022,10
"Biochemistry, Genetics and Molecular Biology",KR,2023,12
"Biochemistry, Genetics and Molecular Biology",KR,2024,11
"Biochemistry, Genetics and Molecular Biology",MA,2023,1
"Biochemistry, Genetics and Molecular Biology",MA,2024,1
"Biochemistry, Genetics and Molecular Biology",MC,2017,1
"Biochemistry, Genetics and Molecular Biology",MC,2018,1
"Biochemistry, Genetics and Molecular Biology",MC,2019,1
"Biochemistry, Genetics and Molecular Biology",MC,2020,1
"Biochemistry, Genetics and Molecular Biology",MC,2021,1
"Biochemistry, Genetics and Molecular Biology",MC,2022,1
"Biochemistry, Genetics and Molecular Biology",MC,2023,1
"Biochemistry, Genetics and Molecular Biology",MC,2024,1
"Biochemistry, Genetics and Molecular Biology",MO,2017,1
"Biochemistry, Genetics and Molecular Biology",MO,2018,1
"Biochemistry, Genetics and Molecular Biology",MO,2019,1
"Biochemistry, Genetics and Molecular Biology",MO,2020,1
"Biochemistry, Genetics and Molecular Biology",MO,2021,1
"Biochemistry, Genetics and Molecular Biology",MO,2022,1
"Biochemistry, Genetics and Molecular Biology",MO,2023,1
"Biochemistry, Genetics and Molecular Biology",MO,2024,1
"Biochemistry, Genetics and Molecular Biology",MY,2015,1
"Biochemistry, Genetics and Molecular Biology",MY,2016,1
"Biochemistry, Genetics and Molecular Biology",MY,2017,1
"Biochemistry, Genetics and Molecular Biology",MY,2018,1
"Biochemistry, Genetics and Molecular Biology",MY,2019,1
"Biochemistry, Genetics and Molecular Biology",MY,2020,1
"Biochemistry, Genetics and Molecular Biology",MY,2021,1
"Biochemistry, Genetics and Molecular Biology",MY,2022,1
"Biochemistry, Genetics and Molecular Biology",MY,2023,1
"Biochemistry, Genetics and Molecular Biology",MY,2024,1
"Biochemistry, Genetics and Molecular Biology",NL,2015,40
"Biochemistry, Genetics and Molecular Biology",NL,2016,42
"Biochemistry, Genetics and Molecular Biology",NL,2017,44
"Biochemistry, Genetics and Molecular Biology",NL,2018,44
"Biochemistry, Genetics and Molecular Biology",NL,2019,43
"Biochemistry, Genetics and Molecular Biology",NL,2020,42
"Biochemistry, Genetics and Molecular Biology",NL,2021,41
"Biochemistry, Genetics and Molecular Biology",NL,2022,41
"Biochemistry, Genetics and Molecular Biology",NL,2023,41
"Biochemistry, Genetics and Molecular Biology",NL,2024,40
"Biochemistry, Genetics and Molecular Biology",NO,2015,6
"Biochemistry, Genetics and Molecular Biology",NO,2016,7
"Biochemistry, Genetics and Molecular Biology",NO,2017,7
"Biochemistry, Genetics and Molecular Biology",NO,2018,7
"Biochemistry, Genetics and Molecular Biology",NO,2019,8
"Biochemistry, Genetics and Molecular Biology",NO,2020,8
"Biochemistry, Genetics and Molecular Biology",NO,2021,9
"Biochemistry, Genetics and Molecular Biology",NO,2022,8
"Biochemistry, Genetics and Molecular Biology",NO,2023,8
"Biochemistry, Genetics and Molecular Biology",NO,2024,9
"Biochemistry, Genetics and Molecular Biology",NZ,2015,6
"Biochemistry, Genetics and Molecular Biology",NZ,2016,5
"Biochemistry, Genetics and Molecular Biology",NZ,2017,5
"Biochemistry, Genetics and Molecular Biology",NZ,2018,5
"Biochemistry, Genetics and Molecular Biology",NZ,2019,5
"Biochemistry, Genetics and Molecular Biology",NZ,2020,6
"Biochemistry, Genetics and Molecular Biology",NZ,2021,6
"Biochemistry, Genetics and Molecular Biology",NZ,2022,6
"Biochemistry, Genetics and Molecular Biology",NZ,2023,6
"Biochemistry, Genetics and Molecular Biology",NZ,2024,6
"Biochemistry, Genetics and Molecular Biology",PH,2015,1
"Biochemistry, Genetics and Molecular Biology",PH,2016,1
"Biochemistry, Genetics and Molecular Biology",PH,2017,1
"Biochemistry, Genetics and Molecular Biology",PH,2018,1
"Biochemistry, Genetics and Molecular Biology",PH,2019,1
"Biochemistry, Genetics and Molecular Biology",PH,2020,1
"Biochemistry, Genetics and Molecular Biology",PH,2021,1
"Biochemistry, Genetics and Molecular Biology",PH,2022,1
"Biochemistry, Genetics and Molecular Biology",PH,2023,1
"Biochemistry, Genetics and Molecular Biology",PH,2024,1
"Biochemistry, Genetics and Molecular Biology",PL,2015,7
"Biochemistry, Genetics and Molecular Biology",PL,2016,8
"Biochemistry, Genetics and Molecular Biology",PL,2017,7
"Biochemistry, Genetics and Molecular Biology",PL,2018,7
"Biochemistry, Genetics and Molecular Biology",PL,2019,7
"Biochemistry, Genetics and Molecular Biology",PL,2020,6
"Biochemistry, Genetics and Molecular Biology",PL,2021,6
"Biochemistry, Genetics and Molecular Biology",PL,2022,6
"Biochemistry, Genetics and Molecular Biology",PL,2023,4
"Biochemistry, Genetics and Molecular Biology",PL,2024,4
"Biochemistry, Genetics and Molecular Biology",PR,2023,1
"Biochemistry, Genetics and Molecular Biology",PR,2024,1
"Biochemistry, Genetics and Molecular Biology",PT,2015,1
"Biochemistry, Genetics and Molecular Biology",PT,2016,2
"Biochemistry, Genetics and Molecular Biology",PT,2017,2
"Biochemistry, Genetics and Molecular Biology",PT,2018,2
"Biochemistry, Genetics and Molecular Biology",PT,2019,2
"Biochemistry, Genetics and Molecular Biology",PT,2020,3
"Biochemistry, Genetics and Molecular Biology",PT,2021,3
"Biochemistry, Genetics and Molecular Biology",PT,2022,3
"Biochemistry, Genetics and Molecular Biology",PT,2023,3
"Biochemistry, Genetics and Molecular Biology",PT,2024,2
"Biochemistry, Genetics and Molecular Biology",RU,2015,9
"Biochemistry, Genetics and Molecular Biology",RU,2016,8
"Biochemistry, Genetics and Molecular Biology",RU,2017,7
"Biochemistry, Genetics and Molecular Biology",RU,2018,8
"Biochemistry, Genetics and Molecular Biology",RU,2019,8
"Biochemistry, Genetics and Molecular Biology",RU,2020,11
"Biochemistry, Genetics and Molecular Biology",RU,2021,12
"Biochemistry, Genetics and Molecular Biology",RU,2022,12
"Biochemistry, Genetics and Molecular Biology",RU,2023,12
"Biochemistry, Genetics and Molecular Biology",RU,2024,14
"Biochemistry, Genetics and Molecular Biology",SA,2015,2
"Biochemistry, Genetics and Molecular Biology",SA,2016,7
"Biochemistry, Genetics and Molecular Biology",SA,2017,7
"Biochemistry, Genetics and Molecular Biology",SA,2018,8
"Biochemistry, Genetics and Molecular Biology",SA,2019,7
"Biochemistry, Genetics and Molecular Biology",SA,2020,7
"Biochemistry, Genetics and Molecular Biology",SA,2021,10
"Biochemistry, Genetics and Molecular Biology",SA,2022,10
"Biochemistry, Genetics and Molecular Biology",SA,2023,12
"Biochemistry, Genetics and Molecular Biology",SA,2024,11
"Biochemistry, Genetics and Molecular Biology",SE,2015,37
"Biochemistry, Genetics and Molecular Biology",SE,2016,39
"Biochemistry, Genetics and Molecular Biology",SE,2017,39
"Biochemistry, Genetics and Molecular Biology",SE,2018,40
"Biochemistry, Genetics and Molecular Biology",SE,2019,40
"Biochemistry, Genetics and Molecular Biology",SE,2020,40
"Biochemistry, Genetics and Molecular Biology",SE,2021,40
"Biochemistry, Genetics and Molecular Biology",SE,2022,39
"Biochemistry, Genetics and Molecular Biology",SE,2023,36
"Biochemistry, Genetics and Molecular Biology",SE,2024,36
"Biochemistry, Genetics and Molecular Biology",SG,2015,11
"Biochemistry, Genetics and Molecular Biology",SG,2016,14
"Biochemistry, Genetics and Molecular Biology",SG,2017,14
"Biochemistry, Genetics and Molecular Biology",SG,2018,16
"Biochemistry, Genetics and Molecular Biology",SG,2019,16
"Biochemistry, Genetics and Molecular Biology",SG,2020,17
"Biochemistry, Genetics and Molecular Biology",SG,2021,17
"Biochemistry, Genetics and Molecular Biology",SG,2022,17
"Biochemistry, Genetics and Molecular Biology",SG,2023,15
"Biochemistry, Genetics and Molecular Biology",SG,2024,17
"Biochemistry, Genetics and Molecular Biology",SI,2015,1
"Biochemistry, Genetics and Molecular Biology",SI,2016,1
"Biochemistry, Genetics and Molecular Biology",SI,2017,1
"Biochemistry, Genetics and Molecular Biology",SK,2015,3
"Biochemistry, Genetics and Molecular Biology",SK,2016,3
"Biochemistry, Genetics and Molecular Biology",SK,2017,3
"Biochemistry, Genetics and Molecular Biology",SK,2018,3
"Biochemistry, Genetics and Molecular Biology",SK,2019,4
"Biochemistry, Genetics and Molecular Biology",SK,2020,4
"Biochemistry, Genetics and Molecular Biology",SK,2021,4
"Biochemistry, Genetics and Molecular Biology",SK,2022,4
"Biochemistry, Genetics and Molecular Biology",SK,2023,4
"Biochemistry, Genetics and Molecular Biology",SK,2024,3
"Biochemistry, Genetics and Molecular Biology",SS,2024,1
"Biochemistry, Genetics and Molecular Biology",TH,2021,1
"Biochemistry, Genetics and Molecular Biology",TH,2022,1
"Biochemistry, Genetics and Molecular Biology",TH,2023,1
"Biochemistry, Genetics and Molecular Biology",TH,2024,1
"Biochemistry, Genetics and Molecular Biology",TJ,2022,1
"Biochemistry, Genetics and Molecular Biology",TJ,2023,1
"Biochemistry, Genetics and Molecular Biology",TJ,2024,1
"Biochemistry, Genetics and Molecular Biology",TR,2021,1
"Biochemistry, Genetics and Molecular Biology",TR,2022,1
"Biochemistry, Genetics and Molecular Biology",TR,2023,1
"Biochemistry, Genetics and Molecular Biology",TR,2024,1
"Biochemistry, Genetics and Molecular Biology",TW,2015,3
"Biochemistry, Genetics and Molecular Biology",TW,2016,3
"Biochemistry, Genetics and Molecular Biology",TW,2017,3
"Biochemistry, Genetics and Molecular Biology",TW,2018,3
"Biochemistry, Genetics and Molecular Biology",TW,2019,4
"Biochemistry, Genetics and Molecular Biology",TW,2020,5
"Biochemistry, Genetics and Molecular Biology",TW,2021,5
"Biochemistry, Genetics and Molecular Biology",TW,2022,5
"Biochemistry, Genetics and Molecular Biology",TW,2023,5
"Biochemistry, Genetics and Molecular Biology",TW,2024,6
"Biochemistry, Genetics and Molecular Biology",TZ,2015,2
"Biochemistry, Genetics and Molecular Biology",TZ,2016,1
"Biochemistry, Genetics and Molecular Biology",TZ,2017,1
"Biochemistry, Genetics and Molecular Biology",US,2015,1183
"Biochemistry, Genetics and Molecular Biology",US,2016,1180
"Biochemistry, Genetics and Molecular Biology",US,2017,1171
"Biochemistry, Genetics and Molecular Biology",US,2018,1169
"Biochemistry, Genetics and Molecular Biology",US,2019,1165
"Biochemistry, Genetics and Molecular Biology",US,2020,1163
"Biochemistry, Genetics and Molecular Biology",US,2021,1150
"Biochemistry, Genetics and Molecular Biology",US,2022,1144
"Biochemistry, Genetics and Molecular Biology",US,2023,1134
"Biochemistry, Genetics and Molecular Biology",US,2024,1122
"Biochemistry, Genetics and Molecular Biology",ZA,2015,6
"Biochemistry, Genetics and Molecular Biology",ZA,2016,6
"Biochemistry, Genetics and Molecular Biology",ZA,2017,8
"Biochemistry, Genetics and Molecular Biology",ZA,2018,8
"Biochemistry, Genetics and Molecular Biology",ZA,2019,9
"Biochemistry, Genetics and Molecular Biology",ZA,2020,9
"Biochemistry, Genetics and Molecular Biology",ZA,2021,9
"Biochemistry, Genetics and Molecular Biology",ZA,2022,10
"Biochemistry, Genetics and Molecular Biology",ZA,2023,10
"Biochemistry, Genetics and Molecular Biology",ZA,2024,10
"Business, Management and Accounting",AE,2022,1
"Business, Management and Accounting",AE,2023,1
"Business, Management and Accounting",AE,2024,1
"Business, Management and Accounting",AT,2015,3
"Business, Management and Accounting",AT,2016,3
"Business, Management and Accounting",AT,2017,3
"Business, Management and Accounting",AT,2018,3
"Business, Management and Accounting",AT,2019,3
"Business, Management and Accounting",AT,2020,4
"Business, Management and Accounting",AT,2021,4
"Business, Management and Accounting",AT,2022,4
"Business, Management and Accounting",AT,2023,4
"Business, Management and Accounting",AT,2024,4
"Business, Management and Accounting",AU,2015,21
"Business, Management and Accounting",AU,2016,25
"Business, Management and Accounting",AU,2017,25
"Business, Management and Accounting",AU,2018,25
"Business, Management and Accounting",AU,2019,28
"Business, Management and Accounting",AU,2020,31
"Business, Management and Accounting",AU,2021,31
"Business, Management and Accounting",AU,2022,33
"Business, Management and Accounting",AU,2023,34
"Business, Management and Accounting",AU,2024,37
"Business, Management and Accounting",BE,2015,16
"Business, Management and Accounting",BE,2016,16
"Business, Management and Accounting",BE,2017,16
"Business, Management and Accounting",BE,2018,15
"Business, Management and Accounting",BE,2019,15
"Business, Management and Accounting",BE,2020,16
"Business, Management and Accounting",BE,2021,17
"Business, Management and Accounting",BE,2022,18
"Business, Management and Accounting",BE,2023,19
"Business, Management and Accounting",BE,2024,20
"Business, Management and Accounting",BR,2022,1
"Business, Management and Accounting",BR,2023,1
"Business, Management and Accounting",BR,2024,1
"Business, Management and Accounting",CA,2015,48
"Business, Management and Accounting",CA,2016,51
"Business, Management and Accounting",CA,2017,52
"Business, Management and Accounting",CA,2018,51
"Business, Management and Accounting",CA,2019,52
"Business, Management and Accounting",CA,2020,56
"Business, Management and Accounting",CA,2021,57
"Business, Management and Accounting",CA,2022,55
"Business, Management and Accounting",CA,2023,54
"Business, Management and Accounting",CA,2024,55
"Business, Management and Accounting",CH,2015,6
"Business, Management and Accounting",CH,2016,7
"Business, Management and Accounting",CH,2017,8
"Business, Management and Accounting",CH,2018,9
"Business, Management and Accounting",CH,2019,9
"Business, Management and Accounting",CH,2020,11
"Business, Management and Accounting",CH,2021,13
"Business, Management and Accounting",CH,2022,13
"Business, Management and Accounting",CH,2023,12
"Business, Management and Accounting",CH,2024,10
"Business, Management and Accounting",CN,2015,4
"Business, Management and Accounting",CN,2016,5
"Business, Management and Accounting",CN,2017,6
"Business, Management and Accounting",CN,2018,8
"Business, Management and Accounting",CN,2019,8
"Business, Management and Accounting",CN,2020,11
"Business, Management and Accounting",CN,2021,12
"Business, Management and Accounting",CN,2022,12
"Business, Management and Accounting",CN,2023,14
"Business, Management and Accounting",CN,2024,14
"Business, Management and Accounting",CNX,2015,13
"Business, Management and Accounting",CNX,2016,14
"Business, Management and Accounting",CNX,2017,16
"Business, Management and Accounting",CNX,2018,18
"Business, Management and Accounting",CNX,2019,19
"Business, Management and Accounting",CNX,2020,22
"Business, Management and Accounting",CNX,2021,24
"Business, Management and Accounting",CNX,2022,26
"Business, Management and Accounting",CNX,2023,30
"Business, Management and Accounting",CNX,2024,31
"Business, Management and Accounting",CY,2015,1
"Business, Management and Accounting",CY,2016,1
"Business, Management and Accounting",CY,2017,1
"Business, Management and Accounting",CY,2018,1
"Business, Management and Accounting",CY,2019,1
"Business, Management and Accounting",CY,2020,1
"Business, Management and Accounting",CY,2021,1
"Business, Management and Accounting",CY,2022,1
"Business, Management and Accounting",CY,2023,1
"Business, Management and Accounting",CY,2024,2
"Business, Management and Accounting",DE,2015,15
"Business, Management and Accounting",DE,2016,17
"Business, Management and Accounting",DE,2017,19
"Business, Management and Accounting",DE,2018,19
"Business, Management and Accounting",DE,2019,21
"Business, Management and Accounting",DE,2020,21
"Business, Management and Accounting",DE,2021,23
"Business, Management and Accounting",DE,2022,27
"Business, Management and Accounting",DE,2023,26
"Business, Management and Accounting",DE,2024,25
"Business, Management and Accounting",DK,2015,6
"Business, Management and Accounting",DK,2016,6
"Business, Management and Accounting",DK,2017,6
"Business, Management and Accounting",DK,2018,9
"Business, Management and Accounting",DK,2019,10
"Business, Management and Accounting",DK,2020,9
"Business, Management and Accounting",DK,2021,9
"Business, Management and Accounting",DK,2022,10
"Business, Management and Accounting",DK,2023,8
"Business, Management and Accounting",DK,2024,8
"Business, Management and Accounting",DZ,2015,1
"Business, Management and Accounting",DZ,2016,1
"Business, Management and Accounting",DZ,2017,1
"Business, Management and Accounting",DZ,2018,1
"Business, Management and Accounting",DZ,2019,1
"Business, Management and Accounting",DZ,2020,1
"Business, Management and Accounting",DZ,2021,1
"Business, Management and Accounting",DZ,2022,1
"Business, Management and Accounting",EE,2015,1
"Business, Management and Accounting",EE,2016,1
"Business, Management and Accounting",EE,2017,1
"Business, Management and Accounting",EE,2018,1
"Business, Management and Accounting",EE,2019,1
"Business, Management and Accounting",EE,2020,1
"Business, Management and Accounting",EE,2021,1
"Business, Management and Accounting",EE,2022,2
"Business, Management and Accounting",EE,2023,2
"Business, Management and Accounting",EE,2024,2
"Business, Management and Accounting",ES,2019,1
"Business, Management and Accounting",ES,2020,1
"Business, Management and Accounting",ES,2021,1
"Business, Management and Accounting",ES,2022,1
"Business, Management and Accounting",ES,2023,2
"Business, Management and Accounting",ES,2024,3
"Business, Management and Accounting",FI,2015,1
"Business, Management and Accounting",FI,2016,1
"Business, Management and Accounting",FI,2017,2
"Business, Management and Accounting",FI,2018,2
"Business, Management and Accounting",FI,2019,3
"Business, Management and Accounting",FI,2020,5
"Business, Management and Accounting",FI,2021,6
"Business, Management and Accounting",FI,2022,8
"Business, Management and Accounting",FI,2023,8
"Business, Management and Accounting",FI,2024,9
"Business, Management and Accounting",FR,2015,17
"Business, Management and Accounting",FR,2016,17
"Business, Management and Accounting",FR,2017,18
"Business, Management and Accounting",FR,2018,16
"Business, Management and Accounting",FR,2019,14
"Business, Management and Accounting",FR,2020,14
"Business, Management and Accounting",FR,2021,14
"Business, Management and Accounting",FR,2022,18
"Business, Management and Accounting",FR,2023,19
"Business, Management and Accounting",FR,2024,19
"Business, Management and Accounting",GB,2015,84
"Business, Management and Accounting",GB,2016,84
"Business, Management and Accounting",GB,2017,87
"Business, Management and Accounting",GB,2018,85
"Business, Management and Accounting",GB,2019,84
"Business, Management and Accounting",GB,2020,85
"Business, Management and Accounting",GB,2021,86
"Business, Management and Accounting",GB,2022,92
"Business, Management and Accounting",GB,2023,93
"Business, Management and Accounting",GB,2024,96
"Business, Management and Accounting",GR,2015,1
"Business, Management and Accounting",GR,2016,1
"Business, Management and Accounting",GR,2017,1
"Business, Management and Accounting",GR,2018,1
"Business, Management and Accounting",GR,2019,1
"Business, Management and Accounting",GR,2020,1
"Business, Management and Accounting",GR,2021,1
"Business, Management and Accounting",GR,2022,1
"Business, Management and Accounting",GR,2023,1
"Business, Management and Accounting",GR,2024,1
"Business, Management and Accounting",HK,2015,11
"Business, Management and Accounting",HK,2016,11
"Business, Management and Accounting",HK,2017,12
"Business, Management and Accounting",HK,2018,12
"Business, Management and Accounting",HK,2019,13
"Business, Management and Accounting",HK,2020,13
"Business, Management and Accounting",HK,2021,15
"Business, Management and Accounting",HK,2022,16
"Business, Management and Accounting",HK,2023,18
"Business, Management and Accounting",HK,2024,20
"Business, Management and Accounting",IE,2015,2
"Business, Management and Accounting",IE,2016,2
"Business, Management and Accounting",IE,2017,2
"Business, Management and Accounting",IE,2018,2
"Business, Management and Accounting",IE,2019,2
"Business, Management and Accounting",IE,2020,2
"Business, Management and Accounting",IE,2021,2
"Business, Management and Accounting",IE,2022,2
"Business, Management and Accounting",IE,2023,2
"Business, Management and Accounting",IE,2024,2
"Business, Management and Accounting",IL,2015,7
"Business, Management and Accounting",IL,2016,6
"Business, Management and Accounting",IL,2017,6
"Business, Management and Accounting",IL,2018,6
"Business, Management and Accounting",IL,2019,6
"Business, Management and Accounting",IL,2020,6
"Business, Management and Accounting",IL,2021,6
"Business, Management and Accounting",IL,2022,6
"Business, Management and Accounting",IL,2023,6
"Business, Management and Accounting",IL,2024,6
"Business, Management and Accounting",IN,2015,5
"Business, Management and Accounting",IN,2016,5
"Business, Management and Accounting",IN,2017,5
"Business, Management and Accounting",IN,2018,4
"Business, Management and Accounting",IN,2019,4
"Business, Management and Accounting",IN,2020,5
"Business, Management and Accounting",IN,2021,4
"Business, Management and Accounting",IN,2022,4
"Business, Management and Accounting",IN,2023,6
"Business, Management and Accounting",IN,2024,10
"Business, Management and Accounting",IR,2018,1
"Business, Management and Accounting",IR,2019,1
"Business, Management and Accounting",IR,2020,1
"Business, Management and Accounting",IT,2015,1
"Business, Management and Accounting",IT,2016,2
"Business, Management and Accounting",IT,2017,3
"Business, Management and Accounting",IT,2018,4
"Business, Management and Accounting",IT,2019,4
"Business, Management and Accounting",IT,2020,4
"Business, Management and Accounting",IT,2021,4
"Business, Management and Accounting",IT,2022,5
"Business, Management and Accounting",IT,2023,5
"Business, Management and Accounting",IT,2024,5
"Business, Management and Accounting",JP,2015,6
"Business, Management and Accounting",JP,2016,6
"Business, Management and Accounting",JP,2017,5
"Business, Management and Accounting",JP,2018,5
"Business, Management and Accounting",JP,2019,5
"Business, Management and Accounting",JP,2020,5
"Business, Management and Accounting",JP,2021,4
"Business, Management and Accounting",JP,2022,4
"Business, Management and Accounting",JP,2023,2
"Business, Management and Accounting",JP,2024,1
"Business, Management and Accounting",KR,2015,3
"Business, Management and Accounting",KR,2016,3
"Business, Management and Accounting",KR,2017,3
"Business, Management and Accounting",KR,2018,3
"Business, Management and Accounting",KR,2019,3
"Business, Management and Accounting",KR,2020,3
"Business, Management and Accounting",KR,2021,4
"Business, Management and Accounting",KR,2022,4
"Business, Management and Accounting",KR,2023,5
"Business, Management and Accounting",KR,2024,6
"Business, Management and Accounting",LB,2024,1
"Business, Management and Accounting",LI,2022,1
"Business, Management and Accounting",LI,2023,1
"Business, Management and Accounting",LI,2024,1
"Business, Management and Accounting",LK,2017,1
"Business, Management and Accounting",LK,2018,1
"Business, Management and Accounting",LK,2019,1
"Business, Management and Accounting",LK,2020,1
"Business, Management and Accounting",LK,2021,1
"Business, Management and Accounting",LK,2022,1
"Business, Management and Accounting",LK,2023,1
"Business, Management and Accounting",LK,2024,1
"Business, Management and Accounting",LT,2022,1
"Business, Management and Accounting",LT,2023,1
"Business, Management and Accounting",LT,2024,1
"Business, Management and Accounting",LV,2015,2
"Business, Management and Accounting",LV,2016,2
"Business, Management and Accounting",LV,2017,2
"Business, Management and Accounting",LV,2018,2
"Business, Management and Accounting",LV,2019,2
"Business, Management and Accounting",LV,2020,2
"Business, Management and Accounting",LV,2021,2
"Business, Management and Accounting",LV,2022,3
"Business, Management and Accounting",LV,2023,3
"Business, Management and Accounting",LV,2024,3
"Business, Management and Accounting",MX,2015,1
"Business, Management and Accounting",MX,2016,1
"Business, Management and Accounting",MX,2017,1
"Business, Management and Accounting",MX,2018,1
"Business, Management and Accounting",MX,2019,1
"Business, Management and Accounting",MX,2020,1
"Business, Management and Accounting",MX,2021,2
"Business, Management and Accounting",MX,2022,2
"Business, Management and Accounting",MX,2023,2
"Business, Management and Accounting",MX,2024,3
"Business, Management and Accounting",MY,2020,1
"Business, Management and Accounting",MY,2021,1
"Business, Management and Accounting",MY,2022,2
"Business, Management and Accounting",MY,2023,4
"Business, Management and Accounting",MY,2024,9
"Business, Management and Accounting",NL,2015,24
"Business, Management and Accounting",NL,2016,25
"Business, Management and Accounting",NL,2017,25
"Business, Management and Accounting",NL,2018,28
"Business, Management and Accounting",NL,2019,28
"Business, Management and Accounting",NL,2020,28
"Business, Management and Accounting",NL,2021,29
"Business, Management and Accounting",NL,2022,30
"Business, Management and Accounting",NL,2023,29
"Business, Management and Accounting",NL,2024,31
"Business, Management and Accounting",NO,2015,4
"Business, Management and Accounting",NO,2016,4
"Business, Management and Accounting",NO,2017,4
"Business, Management and Accounting",NO,2018,4
"Business, Management and Accounting",NO,2019,4
"Business, Management and Accounting",NO,2020,4
"Business, Management and Accounting",NO,2021,4
"Business, Management and Accounting",NO,2022,5
"Business, Management and Accounting",NO,2023,6
"Business, Management and Accounting",NO,2024,7
"Business, Management and Accounting",NZ,2015,1
"Business, Management and Accounting",NZ,2016,1
"Business, Management and Accounting",NZ,2017,1
"Business, Management and Accounting",NZ,2018,1
"Business, Management and Accounting",NZ,2019,1
"Business, Management and Accounting",NZ,2020,3
"Business, Management and Accounting",NZ,2021,5
"Business, Management and Accounting",NZ,2022,6
"Business, Management and Accounting",NZ,2023,5
"Business, Management and Accounting",NZ,2024,5
"Business, Management and Accounting",PE,2024,1
"Business, Management and Accounting",PH,2015,1
"Business, Management and Accounting",PH,2016,1
"Business, Management and Accounting",PH,2017,1
"Business, Management and Accounting",PH,2018,1
"Business, Management and Accounting",PH,2019,1
"Business, Management and Accounting",PH,2020,2
"Business, Management and Accounting",PH,2021,2
"Business, Management and Accounting",PH,2022,2
"Business, Management and Accounting",PH,2023,2
"Business, Management and Accounting",PH,2024,2
"Business, Management and Accounting",PK,2015,1
"Business, Management and Accounting",PK,2016,1
"Business, Management and Accounting",PK,2017,2
"Business, Management and Accounting",PK,2018,2
"Business, Management and Accounting",PK,2019,2
"Business, Management and Accounting",PK,2020,2
"Business, Management and Accounting",PK,2021,2
"Business, Management and Accounting",PK,2022,2
"Business, Management and Accounting",PK,2023,2
"Business, Management and Accounting",PK,2024,2
"Business, Management and Accounting",PR,2023,1
"Business, Management and Accounting",PR,2024,1
"Business, Management and Accounting",PT,2015,1
"Business, Management and Accounting",PT,2016,1
"Business, Management and Accounting",PT,2017,1
"Business, Management and Accounting",PT,2018,2
"Business, Management and Accounting",PT,2019,2
"Business, Management and Accounting",PT,2020,2
"Business, Management and Accounting",PT,2021,2
"Business, Management and Accounting",PT,2022,2
"Business, Management and Accounting",PT,2023,2
"Business, Management and Accounting",PT,2024,2
"Business, Management and Accounting",RO,2022,1
"Business, Management and Accounting",RO,2023,1
"Business, Management and Accounting",RO,2024,1
"Business, Management and Accounting",RS,2015,1
"Business, Management and Accounting",RS,2016,1
"Business, Management and Accounting",RS,2017,1
"Business, Management and Accounting",RS,2018,1
"Business, Management and Accounting",RS,2019,1
"Business, Management and Accounting",RS,2020,1
"Business, Management and Accounting",RS,2021,1
"Business, Management and Accounting",RS,2022,1
"Business, Management and Accounting",RS,2023,1
"Business, Management and Accounting",RU,2015,7
"Business, Management and Accounting",RU,2016,6
"Business, Management and Accounting",RU,2017,5
"Business, Management and Accounting",RU,2018,5
"Business, Management and Accounting",RU,2019,5
"Business, Management and Accounting",RU,2020,5
"Business, Management and Accounting",RU,2021,6
"Business, Management and Accounting",RU,2022,6
"Business, Management and Accounting",RU,2023,6
"Business, Management and Accounting",RU,2024,6
"Business, Management and Accounting",SA,2021,1
"Business, Management and Accounting",SA,2022,1
"Business, Management and Accounting",SA,2023,1
"Business, Management and Accounting",SA,2024,1
"Business, Management and Accounting",SE,2015,9
"Business, Management and Accounting",SE,2016,9
"Business, Management and Accounting",SE,2017,9
"Business, Management and Accounting",SE,2018,11
"Business, Management and Accounting",SE,2019,11
"Business, Management and Accounting",SE,2020,11
"Business, Management and Accounting",SE,2021,10
"Business, Management and Accounting",SE,2022,11
"Business, Management and Accounting",SE,2023,12
"Business, Management and Accounting",SE,2024,13
"Business, Management and Accounting",SG,2015,12
"Business, Management and Accounting",SG,2016,12
"Business, Management and Accounting",SG,2017,13
"Business, Management and Accounting",SG,2018,12
"Business, Management and Accounting",SG,2019,12
"Business, Management and Accounting",SG,2020,13
"Business, Management and Accounting",SG,2021,13
"Business, Management and Accounting",SG,2022,14
"Business, Management and Accounting",SG,2023,15
"Business, Management and Accounting",SG,2024,15
"Business, Management and Accounting",SI,2015,2
"Business, Management and Accounting",SI,2016,2
"Business, Management and Accounting",SI,2017,3
"Business, Management and Accounting",SI,2018,3
"Business, Management and Accounting",SI,2019,3
"Business, Management and Accounting",SI,2020,3
"Business, Management and Accounting",SI,2021,3
"Business, Management and Accounting",SI,2022,3
"Business, Management and Accounting",SI,2023,3
"Business, Management and Accounting",SI,2024,4
"Business, Management and Accounting",TH,2024,1
"Business, Management and Accounting",TR,2015,1
"Business, Management and Accounting",TR,2016,1
"Business, Management and Accounting",TR,2017,1
"Business, Management and Accounting",TR,2018,1
"Business, Management and Accounting",TR,2019,1
"Business, Management and Accounting",TR,2020,1
"Business, Management and Accounting",TR,2021,1
"Business, Management and Accounting",TR,2022,1
"Business, Management and Accounting",TR,2023,1
"Business, Management and Accounting",TR,2024,1
"Business, Management and Accounting",TW,2022,2
"Business, Management and Accounting",TW,2023,3
"Business, Management and Accounting",TW,2024,3
"Business, Management and Accounting",US,2015,551
"Business, Management and Accounting",US,2016,549
"Business, Management and Accounting",US,2017,541
"Business, Management and Accounting",US,2018,539
"Business, Management and Accounting",US,2019,535
"Business, Management and Accounting",US,2020,532
"Business, Management and Accounting",US,2021,523
"Business, Management and Accounting",US,2022,512
"Business, Management and Accounting",US,2023,507
"Business, Management and Accounting",US,2024,501
"Business, Management and Accounting",VN,2024,1
"Business, Management and Accounting",ZA,2015,1
"Business, Management and Accounting",ZA,2016,1
"Business, Management and Accounting",ZA,2017,1
"Business, Management and Accounting",ZA,2018,1
"Business, Management and Accounting",ZA,2019,1
"Business, Management and Accounting",ZA,2020,3
"Business, Management and Accounting",ZA,2021,4
"Business, Management and Accounting",ZA,2022,6
"Business, Management and Accounting",ZA,2023,6
"Business, Management and Accounting",ZA,2024,7
Chemical Engineering,AT,2015,2
Chemical Engineering,AT,2016,1
Chemical Engineering,AT,2017,2
Chemical Engineering,AT,2018,2
Chemical Engineering,AT,2019,2
Chemical Engineering,AT,2020,2
Chemical Engineering,AT,2021,2
Chemical Engineering,AT,2022,2
Chemical Engineering,AT,2023,1
Chemical Engineering,AT,2024,1
Chemical Engineering,AU,2015,4
Chemical Engineering,AU,2016,4
Chemical Engineering,AU,2017,4
Chemical Engineering,AU,2018,5
Chemical Engineering,AU,2019,4
Chemical Engineering,AU,2020,4
Chemical Engineering,AU,2021,4
Chemical Engineering,AU,2022,5
Chemical Engineering,AU,2023,4
Chemical Engineering,AU,2024,3
Chemical Engineering,BE,2015,3
Chemical Engineering,BE,2016,3
Chemical Engineering,BE,2017,3
Chemical Engineering,BE,2018,3
Chemical Engineering,BE,2019,3
Chemical Engineering,BE,2020,3
Chemical Engineering,BE,2021,3
Chemical Engineering,BE,2022,3
Chemical Engineering,BE,2023,3
Chemical Engineering,BE,2024,3
Chemical Engineering,BR,2015,1
Chemical Engineering,BR,2016,1
Chemical Engineering,BR,2017,1
Chemical Engineering,BR,2018,1
Chemical Engineering,BR,2019,1
Chemical Engineering,BR,2020,1
Chemical Engineering,BR,2021,1
Chemical Engineering,BR,2022,1
Chemical Engineering,BR,2023,1
Chemical Engineering,BR,2024,1
Chemical Engineering,CA,2015,2
Chemical Engineering,CA,2016,2
Chemical Engineering,CA,2017,2
Chemical Engineering,CA,2018,2
Chemical Engineering,CA,2019,2
Chemical Engineering,CA,2020,2
Chemical Engineering,CA,2021,2
Chemical Engineering,CA,2022,2
Chemical Engineering,CA,2023,2
Chemical Engineering,CA,2024,2
Chemical Engineering,CH,2015,2
Chemical Engineering,CH,2016,2
Chemical Engineering,CH,2017,2
Chemical Engineering,CH,2018,2
Chemical Engineering,CH,2019,2
Chemical Engineering,CH,2020,2
Chemical Engineering,CH,2021,2
Chemical Engineering,CH,2022,2
Chemical Engineering,CH,2023,2
Chemical Engineering,CH,2024,2
Chemical Engineering,CN,2015,4
Chemical Engineering,CN,2016,5
Chemical Engineering,CN,2017,5
Chemical Engineering,CN,2018,6
Chemical Engineering,CN,2019,7
Chemical Engineering,CN,2020,7
Chemical Engineering,CN,2021,7
Chemical Engineering,CN,2022,10
Chemical Engineering,CN,2023,12
Chemical Engineering,CN,2024,14
Chemical Engineering,CNX,2015,4
Chemical Engineering,CNX,2016,5
Chemical Engineering,CNX,2017,5
Chemical Engineering,CNX,2018,6
Chemical Engineering,CNX,2019,7
Chemical Engineering,CNX,2020,7
Chemical Engineering,CNX,2021,7
Chemical Engineering,CNX,2022,10
Chemical Engineering,CNX,2023,12
Chemical Engineering,CNX,2024,14
Chemical Engineering,CZ,2015,1
Chemical Engineering,CZ,2017,1
Chemical Engineering,CZ,2018,1
Chemical Engineering,CZ,2019,1
Chemical Engineering,CZ,2020,1
Chemical Engineering,CZ,2021,1
Chemical Engineering,CZ,2022,1
Chemical Engineering,DE,2015,7
Chemical Engineering,DE,2016,8
Chemical Engineering,DE,2017,9
Chemical Engineering,DE,2018,9
Chemical Engineering,DE,2019,10
Chemical Engineering,DE,2020,11
Chemical Engineering,DE,2021,11
Chemical Engineering,DE,2022,11
Chemical Engineering,DE,2023,10
Chemical Engineering,DE,2024,10
Chemical Engineering,DK,2015,1
Chemical Engineering,DK,2016,2
Chemical Engineering,DK,2017,2
Chemical Engineering,DK,2018,2
Chemical Engineering,DK,2019,2
Chemical Engineering,DK,2020,2
Chemical Engineering,DK,2021,2
Chemical Engineering,DK,2022,2
Chemical Engineering,DK,2023,2
Chemical Engineering,DK,2024,2
Chemical Engineering,ES,2016,1
Chemical Engineering,ES,2017,2
Chemical Engineering,ES,2018,2
Chemical Engineering,ES,2019,2
Chemical Engineering,ES,2020,1
Chemical Engineering,ES,2021,2
Chemical Engineering,ES,2022,2
Chemical Engineering,FR,2015,1
Chemical Engineering,FR,2016,1
Chemical Engineering,FR,2017,1
Chemical Engineering,FR,2018,2
Chemical Engineering,FR,2019,2
Chemical Engineering,FR,2020,2
Chemical Engineering,FR,2021,2
Chemical Engineering,FR,2022,2
Chemical Engineering,FR,2023,2
Chemical Engineering,FR,2024,3
Chemical Engineering,GB,2015,10
Chemical Engineering,GB,2016,10
Chemical Engineering,GB,2017,11
Chemical Engineering,GB,2018,11
Chemical Engineering,GB,2019,10
Chemical Engineering,GB,2020,9
Chemical Engineering,GB,2021,9
Chemical Engineering,GB,2022,8
Chemical Engineering,GB,2023,10
Chemical Engineering,GB,2024,10
Chemical Engineering,GR,2015,1
Chemical Engineering,GR,2016,1
Chemical Engineering,GR,2017,1
Chemical Engineering,GR,2018,1
Chemical Engineering,GR,2019,1
Chemical Engineering,GR,2020,1
Chemical Engineering,GR,2021,1
Chemical Engineering,GR,2022,1
Chemical Engineering,GR,2023,1
Chemical Engineering,GR,2024,1
Chemical Engineering,IE,2015,1
Chemical Engineering,IE,2016,1
Chemical Engineering,IE,2017,1
Chemical Engineering,IE,2018,1
Chemical Engineering,IE,2019,1
Chemical Engineering,IE,2020,1
Chemical Engineering,IE,2021,1
Chemical Engineering,IE,2022,1
Chemical Engineering,IE,2023,1
Chemical Engineering,IE,2024,1
Chemical Engineering,IL,2015,1
Chemical Engineering,IL,2016,1
Chemical Engineering,IL,2017,1
Chemical Engineering,IL,2018,1
Chemical Engineering,IL,2019,1
Chemical Engineering,IL,2020,1
Chemical Engineering,IL,2021,1
Chemical Engineering,IL,2022,1
Chemical Engineering,IL,2023,1
Chemical Engineering,IL,2024,1
Chemical Engineering,IR,2023,1
Chemical Engineering,IR,2024,1
Chemical Engineering,IT,2015,4
Chemical Engineering,IT,2016,4
Chemical Engineering,IT,2017,4
Chemical Engineering,IT,2018,4
Chemical Engineering,IT,2019,5
Chemical Engineering,IT,2020,5
Chemical Engineering,IT,2021,5
Chemical Engineering,IT,2022,5
Chemical Engineering,IT,2023,5
Chemical Engineering,IT,2024,5
Chemical Engineering,JP,2015,4
Chemical Engineering,JP,2016,4
Chemical Engineering,JP,2017,4
Chemical Engineering,JP,2018,4
Chemical Engineering,JP,2019,4
Chemical Engineering,JP,2020,4
Chemical Engineering,JP,2021,4
Chemical Engineering,JP,2022,4
Chemical Engineering,JP,2023,3
Chemical Engineering,JP,2024,3
Chemical Engineering,MY,2020,1
Chemical Engineering,MY,2021,1
Chemical Engineering,MY,2022,1
Chemical Engineering,MY,2023,2
Chemical Engineering,MY,2024,2
Chemical Engineering,NL,2015,3
Chemical Engineering,NL,2016,3
Chemical Engineering,NL,2017,2
Chemical Engineering,NL,2018,2
Chemical Engineering,NL,2019,2
Chemical Engineering,NL,2020,2
Chemical Engineering,NL,2021,2
Chemical Engineering,NL,2022,2
Chemical Engineering,NL,2023,2
Chemical Engineering,NL,2024,2
Chemical Engineering,NO,2015,1
Chemical Engineering,NO,2016,1
Chemical Engineering,NO,2017,1
Chemical Engineering,NO,2018,1
Chemical Engineering,NO,2019,1
Chemical Engineering,NO,2020,1
Chemical Engineering,NO,2021,1
Chemical Engineering,NO,2022,1
Chemical Engineering,NO,2023,1
Chemical Engineering,NO,2024,1
Chemical Engineering,NZ,2022,1
Chemical Engineering,NZ,2023,1
Chemical Engineering,NZ,2024,1
Chemical Engineering,PL,2016,1
Chemical Engineering,PL,2017,1
Chemical Engineering,PL,2018,1
Chemical Engineering,PL,2019,1
Chemical Engineering,PL,2020,2
Chemical Engineering,PL,2021,1
Chemical Engineering,PL,2022,1
Chemical Engineering,PL,2023,1
Chemical Engineering,PT,2015,3
Chemical Engineering,PT,2016,4
Chemical Engineering,PT,2017,4
Chemical Engineering,PT,2018,5
Chemical Engineering,PT,2019,5
Chemical Engineering,PT,2020,5
Chemical Engineering,PT,2021,5
Chemical Engineering,PT,2022,5
Chemical Engineering,PT,2023,5
Chemical Engineering,PT,2024,5
Chemical Engineering,RU,2015,2
Chemical Engineering,RU,2016,1
Chemical Engineering,SG,2022,1
Chemical Engineering,SG,2023,1
Chemical Engineering,SG,2024,1
Chemical Engineering,US,2015,45
Chemical Engineering,US,2016,42
Chemical Engineering,US,2017,40
Chemical Engineering,US,2018,36
Chemical Engineering,US,2019,34
Chemical Engineering,US,2020,33
Chemical Engineering,US,2021,33
Chemical Engineering,US,2022,32
Chemical Engineering,US,2023,30
Chemical Engineering,US,2024,29
Chemical Engineering,VN,2023,1
Chemical Engineering,VN,2024,1
Chemical Engineering,ZA,2016,1
Chemical Engineering,ZA,2017,1
Chemical Engineering,ZA,2018,1
Chemical Engineering,ZA,2019,1
Chemical Engineering,ZA,2020,1
Chemical Engineering,ZA,2021,1
Chemical Engineering,ZA,2022,1
Chemical Engineering,ZA,2023,1
Chemistry,AT,2015,3
Chemistry,AT,2016,4
Chemistry,AT,2017,4
Chemistry,AT,2018,3
Chemistry,AT,2019,3
Chemistry,AT,2020,3
Chemistry,AT,2021,3
Chemistry,AT,2022,3
Chemistry,AT,2023,3
Chemistry,AT,2024,3
Chemistry,AU,2015,13
Chemistry,AU,2016,13
Chemistry,AU,2017,13
Chemistry,AU,2018,14
Chemistry,AU,2019,14
Chemistry,AU,2020,15
Chemistry,AU,2021,16
Chemistry,AU,2022,16
Chemistry,AU,2023,17
Chemistry,AU,2024,17
Chemistry,BE,2015,4
Chemistry,BE,2016,5
Chemistry,BE,2017,5
Chemistry,BE,2018,5
Chemistry,BE,2019,6
Chemistry,BE,2020,7
Chemistry,BE,2021,8
Chemistry,BE,2022,8
Chemistry,BE,2023,9
Chemistry,BE,2024,10
Chemistry,BI,2019,1
Chemistry,BI,2020,1
Chemistry,BI,2021,2
Chemistry,BI,2022,1
Chemistry,BI,2023,1
Chemistry,BI,2024,1
Chemistry,BR,2019,1
Chemistry,BR,2020,1
Chemistry,BR,2021,1
Chemistry,BR,2022,1
Chemistry,BR,2023,1
Chemistry,BR,2024,1
Chemistry,CA,2015,26
Chemistry,CA,2016,26
Chemistry,CA,2017,25
Chemistry,CA,2018,23
Chemistry,CA,2019,23
Chemistry,CA,2020,22
Chemistry,CA,2021,23
Chemistry,CA,2022,24
Chemistry,CA,2023,22
Chemistry,CA,2024,21
Chemistry,CH,2015,27
Chemistry,CH,2016,29
Chemistry,CH,2017,27
Chemistry,CH,2018,29
Chemistry,CH,2019,28
Chemistry,CH,2020,25
Chemistry,CH,2021,25
Chemistry,CH,2022,24
Chemistry,CH,2023,22
Chemistry,CH,2024,21
Chemistry,CN,2015,9
Chemistry,CN,2016,14
Chemistry,CN,2017,20
Chemistry,CN,2018,28
Chemistry,CN,2019,34
Chemistry,CN,2020,44
Chemistry,CN,2021,49
Chemistry,CN,2022,55
Chemistry,CN,2023,61
Chemistry,CN,2024,69
Chemistry,CNX,2015,9
Chemistry,CNX,2016,14
Chemistry,CNX,2017,21
Chemistry,CNX,2018,29
Chemistry,CNX,2019,35
Chemistry,CNX,2020,45
Chemistry,CNX,2021,50
Chemistry,CNX,2022,56
Chemistry,CNX,2023,62
Chemistry,CNX,2024,70
Chemistry,CZ,2015,3
Chemistry,CZ,2016,3
Chemistry,CZ,2017,3
Chemistry,CZ,2018,3
Chemistry,CZ,2019,4
Chemistry,CZ,2020,3
Chemistry,CZ,2021,3
Chemistry,CZ,2022,3
Chemistry,CZ,2023,3
Chemistry,CZ,2024,3
Chemistry,DE,2015,75
Chemistry,DE,2016,77
Chemistry,DE,2017,78
Chemistry,DE,2018,74
Chemistry,DE,2019,75
Chemistry,DE,2020,73
Chemistry,DE,2021,75
Chemistry,DE,2022,76
Chemistry,DE,2023,73
Chemistry,DE,2024,72
Chemistry,DK,2015,7
Chemistry,DK,2016,8
Chemistry,DK,2017,8
Chemistry,DK,2018,8
Chemistry,DK,2019,8
Chemistry,DK,2020,8
Chemistry,DK,2021,8
Chemistry,DK,2022,8
Chemistry,DK,2023,8
Chemistry,DK,2024,8
Chemistry,EG,2022,1
Chemistry,EG,2023,1
Chemistry,EG,2024,1
Chemistry,ES,2015,14
Chemistry,ES,2016,14
Chemistry,ES,2017,14
Chemistry,ES,2018,15
Chemistry,ES,2019,17
Chemistry,ES,2020,18
Chemistry,ES,2021,17
Chemistry,ES,2022,17
Chemistry,ES,2023,18
Chemistry,ES,2024,20
Chemistry,FI,2017,1
Chemistry,FI,2018,1
Chemistry,FI,2019,1
Chemistry,FI,2020,1
Chemistry,FI,2021,1
Chemistry,FI,2022,1
Chemistry,FI,2023,1
Chemistry,FI,2024,1
Chemistry,FR,2015,25
Chemistry,FR,2016,26
Chemistry,FR,2017,27
Chemistry,FR,2018,28
Chemistry,FR,2019,30
Chemistry,FR,2020,29
Chemistry,FR,2021,33
Chemistry,FR,2022,32
Chemistry,FR,2023,32
Chemistry,FR,2024,32
Chemistry,GB,2015,72
Chemistry,GB,2016,68
Chemistry,GB,2017,67
Chemistry,GB,2018,64
Chemistry,GB,2019,59
Chemistry,GB,2020,56
Chemistry,GB,2021,53
Chemistry,GB,2022,53
Chemistry,GB,2023,55
Chemistry,GB,2024,53
Chemistry,GR,2015,1
Chemistry,GR,2016,1
Chemistry,GR,2017,1
Chemistry,GR,2018,1
Chemistry,GR,2019,1
Chemistry,GR,2020,1
Chemistry,GR,2021,1
Chemistry,GR,2022,1
Chemistry,GR,2023,1
Chemistry,GR,2024,1
Chemistry,HK,2020,1
Chemistry,HK,2021,1
Chemistry,HK,2022,1
Chemistry,HK,2023,1
Chemistry,HK,2024,1
Chemistry,IE,2015,2
Chemistry,IE,2016,3
Chemistry,IE,2017,3
Chemistry,IE,2018,3
Chemistry,IE,2019,3
Chemistry,IE,2020,3
Chemistry,IE,2021,3
Chemistry,IE,2022,3
Chemistry,IE,2023,3
Chemistry,IE,2024,3
Chemistry,IL,2015,7
Chemistry,IL,2016,7
Chemistry,IL,2017,7
Chemistry,IL,2018,7
Chemistry,IL,2019,7
Chemistry,IL,2020,6
Chemistry,IL,2021,6
Chemistry,IL,2022,6
Chemistry,IL,2023,6
Chemistry,IL,2024,6
Chemistry,IN,2015,3
Chemistry,IN,2016,3
Chemistry,IN,2017,4
Chemistry,IN,2018,4
Chemistry,IN,2019,4
Chemistry,IN,2020,3
Chemistry,IN,2021,3
Chemistry,IN,2022,3
Chemistry,IN,2023,3
Chemistry,IN,2024,3
Chemistry,IR,2015,2
Chemistry,IR,2016,2
Chemistry,IR,2017,2
Chemistry,IR,2018,2
Chemistry,IR,2019,2
Chemistry,IR,2020,2
Chemistry,IR,2021,4
Chemistry,IR,2022,4
Chemistry,IR,2023,5
Chemistry,IR,2024,5
Chemistry,IT,2015,6
Chemistry,IT,2016,6
Chemistry,IT,2017,5
Chemistry,IT,2018,5
Chemistry,IT,2019,4
Chemistry,IT,2020,3
Chemistry,IT,2021,3
Chemistry,IT,2022,3
Chemistry,IT,2023,3
Chemistry,IT,2024,4
Chemistry,JP,2015,60
Chemistry,JP,2016,59
Chemistry,JP,2017,60
Chemistry,JP,2018,58
Chemistry,JP,2019,58
Chemistry,JP,2020,59
Chemistry,JP,2021,56
Chemistry,JP,2022,57
Chemistry,JP,2023,55
Chemistry,JP,2024,51
Chemistry,KR,2015,4
Chemistry,KR,2016,5
Chemistry,KR,2017,5
Chemistry,KR,2018,5
Chemistry,KR,2019,5
Chemistry,KR,2020,7
Chemistry,KR,2021,8
Chemistry,KR,2022,8
Chemistry,KR,2023,8
Chemistry,KR,2024,8
Chemistry,MY,2015,1
Chemistry,MY,2016,1
Chemistry,MY,2017,1
Chemistry,MY,2018,1
Chemistry,MY,2019,1
Chemistry,MY,2020,1
Chemistry,MY,2021,1
Chemistry,MY,2022,1
Chemistry,MY,2023,1
Chemistry,MY,2024,1
Chemistry,NL,2015,18
Chemistry,NL,2016,19
Chemistry,NL,2017,20
Chemistry,NL,2018,19
Chemistry,NL,2019,21
Chemistry,NL,2020,22
Chemistry,NL,2021,22
Chemistry,NL,2022,22
Chemistry,NL,2023,23
Chemistry,NL,2024,23
Chemistry,NO,2015,1
Chemistry,NO,2016,1
Chemistry,NO,2017,1
Chemistry,NO,2018,2
Chemistry,NO,2019,3
Chemistry,NO,2020,4
Chemistry,NO,2021,6
Chemistry,NO,2022,6
Chemistry,NO,2023,6
Chemistry,NO,2024,6
Chemistry,PL,2015,3
Chemistry,PL,2016,3
Chemistry,PL,2017,3
Chemistry,PL,2018,5
Chemistry,PL,2019,4
Chemistry,PL,2020,4
Chemistry,PL,2021,5
Chemistry,PL,2022,5
Chemistry,PL,2023,6
Chemistry,PL,2024,6
Chemistry,PR,2015,1
Chemistry,PR,2016,1
Chemistry,PR,2017,1
Chemistry,PR,2018,1
Chemistry,PR,2019,1
Chemistry,PR,2020,1
Chemistry,PR,2021,1
Chemistry,PR,2022,1
Chemistry,PR,2023,1
Chemistry,PR,2024,1
Chemistry,PT,2015,1
Chemistry,PT,2016,1
Chemistry,PT,2017,1
Chemistry,PT,2018,1
Chemistry,PT,2019,1
Chemistry,PT,2020,1
Chemistry,PT,2021,1
Chemistry,PT,2022,1
Chemistry,PT,2023,1
Chemistry,PT,2024,2
Chemistry,RU,2015,3
Chemistry,RU,2016,3
Chemistry,RU,2017,3
Chemistry,RU,2018,3
Chemistry,RU,2019,4
Chemistry,RU,2020,4
Chemistry,RU,2021,4
Chemistry,RU,2022,4
Chemistry,RU,2023,4
Chemistry,RU,2024,5
Chemistry,SA,2015,4
Chemistry,SA,2016,5
Chemistry,SA,2017,7
Chemistry,SA,2018,9
Chemistry,SA,2019,12
Chemistry,SA,2020,12
Chemistry,SA,2021,14
Chemistry,SA,2022,16
Chemistry,SA,2023,15
Chemistry,SA,2024,14
Chemistry,SE,2015,8
Chemistry,SE,2016,8
Chemistry,SE,2017,8
Chemistry,SE,2018,8
Chemistry,SE,2019,8
Chemistry,SE,2020,8
Chemistry,SE,2021,8
Chemistry,SE,2022,7
Chemistry,SE,2023,6
Chemistry,SE,2024,5
Chemistry,SG,2015,1
Chemistry,SG,2016,1
Chemistry,SG,2017,2
Chemistry,SG,2018,3
Chemistry,SG,2019,2
Chemistry,SG,2020,2
Chemistry,SG,2021,4
Chemistry,SG,2022,5
Chemistry,SG,2023,6
Chemistry,SG,2024,6
Chemistry,SK,2015,2
Chemistry,SK,2016,2
Chemistry,SK,2017,2
Chemistry,SK,2018,2
Chemistry,SK,2019,2
Chemistry,SK,2020,1
Chemistry,SK,2021,1
Chemistry,SK,2022,1
Chemistry,SK,2023,1
Chemistry,SK,2024,1
Chemistry,SS,2015,1
Chemistry,SS,2016,1
Chemistry,SS,2017,1
Chemistry,SS,2018,1
Chemistry,SS,2019,1
Chemistry,SS,2020,1
Chemistry,SS,2021,1
Chemistry,SS,2022,1
Chemistry,SS,2023,1
Chemistry,SS,2024,1
Chemistry,TR,2015,2
Chemistry,TR,2016,2
Chemistry,TR,2017,2
Chemistry,TR,2018,2
Chemistry,TR,2019,2
Chemistry,TR,2020,2
Chemistry,TR,2021,3
Chemistry,TR,2022,3
Chemistry,TR,2023,3
Chemistry,TR,2024,3
Chemistry,TW,2017,1
Chemistry,TW,2018,1
Chemistry,TW,2019,1
Chemistry,TW,2020,1
Chemistry,TW,2021,1
Chemistry,TW,2022,1
Chemistry,TW,2023,1
Chemistry,TW,2024,1
Chemistry,US,2015,288
Chemistry,US,2016,280
Chemistry,US,2017,275
Chemistry,US,2018,272
Chemistry,US,2019,265
Chemistry,US,2020,261
Chemistry,US,2021,254
Chemistry,US,2022,244
Chemistry,US,2023,239
Chemistry,US,2024,238
Chemistry,ZA,2015,1
Chemistry,ZA,2016,2
Chemistry,ZA,2017,2
Chemistry,ZA,2018,2
Chemistry,ZA,2019,2
Chemistry,ZA,2020,1
Chemistry,ZA,2021,2
Chemistry,ZA,2022,2
Chemistry,ZA,2023,2
Chemistry,ZA,2024,2
Computer Science,AE,2019,1
Computer Science,AE,2020,1
Computer Science,AE,2021,1
Computer Science,AE,2022,2
Computer Science,AE,2023,4
Computer Science,AE,2024,5
Computer Science,AT,2015,20
Computer Science,AT,2016,20
Computer Science,AT,2017,21
Computer Science,AT,2018,20
Computer Science,AT,2019,20
Computer Science,AT,2020,19
Computer Science,AT,2021,18
Computer Science,AT,2022,18
Computer Science,AT,2023,19
Computer Science,AT,2024,19
Computer Science,AU,2015,43
Computer Science,AU,2016,49
Computer Science,AU,2017,52
Computer Science,AU,2018,48
Computer Science,AU,2019,49
Computer Science,AU,2020,52
Computer Science,AU,2021,56
Computer Science,AU,2022,57
Computer Science,AU,2023,60
Computer Science,AU,2024,68
Computer Science,BE,2015,20
Computer Science,BE,2016,20
Computer Science,BE,2017,19
Computer Science,BE,2018,18
Computer Science,BE,2019,17
Computer Science,BE,2020,16
Computer Science,BE,2021,15
Computer Science,BE,2022,15
Computer Science,BE,2023,16
Computer Science,BE,2024,15
Computer Science,BG,2015,3
Computer Science,BG,2016,3
Computer Science,BG,2017,3
Computer Science,BG,2018,3
Computer Science,BG,2019,3
Computer Science,BG,2020,3
Computer Science,BG,2021,3
Computer Science,BG,2022,3
Computer Science,BG,2023,3
Computer Science,BG,2024,2
Computer Science,BI,2015,5
Computer Science,BI,2016,7
Computer Science,BI,2017,7
Computer Science,BI,2018,8
Computer Science,BI,2019,8
Computer Science,BI,2020,7
Computer Science,BI,2021,6
Computer Science,BI,2022,6
Computer Science,BI,2023,5
Computer Science,BI,2024,5
Computer Science,BR,2015,2
Computer Science,BR,2016,2
Computer Science,BR,2017,2
Computer Science,BR,2018,2
Computer Science,BR,2019,2
Computer Science,BR,2020,3
Computer Science,BR,2021,2
Computer Science,BR,2022,1
Computer Science,BR,2023,1
Computer Science,BR,2024,1
Computer Science,CA,2015,109
Computer Science,CA,2016,110
Computer Science,CA,2017,108
Computer Science,CA,2018,113
Computer Science,CA,2019,118
Computer Science,CA,2020,113
Computer Science,CA,2021,115
Computer Science,CA,2022,112
Computer Science,CA,2023,112
Computer Science,CA,2024,113
Computer Science,CH,2015,51
Computer Science,CH,2016,48
Computer Science,CH,2017,53
Computer Science,CH,2018,59
Computer Science,CH,2019,61
Computer Science,CH,2020,59
Computer Science,CH,2021,62
Computer Science,CH,2022,63
Computer Science,CH,2023,62
Computer Science,CH,2024,62
Computer Science,CL,2015,2
Computer Science,CL,2016,2
Computer Science,CL,2017,2
Computer Science,CL,2018,2
Computer Science,CL,2019,2
Computer Science,CL,2020,2
Computer Science,CL,2021,2
Computer Science,CL,2022,2
Computer Science,CL,2023,2
Computer Science,CL,2024,1
Computer Science,CM,2024,1
Computer Science,CN,2015,38
Computer Science,CN,2016,45
Computer Science,CN,2017,56
Computer Science,CN,2018,75
Computer Science,CN,2019,89
Computer Science,CN,2020,102
Computer Science,CN,2021,130
Computer Science,CN,2022,152
Computer Science,CN,2023,176
Computer Science,CN,2024,198
Computer Science,CNX,2015,59
Computer Science,CNX,2016,68
Computer Science,CNX,2017,76
Computer Science,CNX,2018,96
Computer Science,CNX,2019,112
Computer Science,CNX,2020,129
Computer Science,CNX,2021,159
Computer Science,CNX,2022,184
Computer Science,CNX,2023,215
Computer Science,CNX,2024,243
Computer Science,CZ,2015,2
Computer Science,CZ,2016,4
Computer Science,CZ,2017,5
Computer Science,CZ,2018,5
Computer Science,CZ,2019,5
Computer Science,CZ,2020,5
Computer Science,CZ,2021,5
Computer Science,CZ,2022,4
Computer Science,CZ,2023,4
Computer Science,CZ,2024,4
Computer Science,DE,2015,104
Computer Science,DE,2016,102
Computer Science,DE,2017,99
Computer Science,DE,2018,99
Computer Science,DE,2019,103
Computer Science,DE,2020,98
Computer Science,DE,2021,97
Computer Science,DE,2022,92
Computer Science,DE,2023,92
Computer Science,DE,2024,88
Computer Science,DK,2015,9
Computer Science,DK,2016,9
Computer Science,DK,2017,8
Computer Science,DK,2018,8
Computer Science,DK,2019,9
Computer Science,DK,2020,8
Computer Science,DK,2021,9
Computer Science,DK,2022,9
Computer Science,DK,2023,8
Computer Science,DK,2024,10
Computer Science,EG,2015,2
Computer Science,EG,2016,2
Computer Science,EG,2017,2
Computer Science,EG,2018,2
Computer Science,EG,2019,2
Computer Science,EG,2020,2
Computer Science,EG,2021,3
Computer Science,EG,2022,2
Computer Science,EG,2023,3
Computer Science,EG,2024,3
Computer Science,ES,2015,9
Computer Science,ES,2016,10
Computer Science,ES,2017,11
Computer Science,ES,2018,11
Computer Science,ES,2019,13
Computer Science,ES,2020,13
Computer Science,ES,2021,13
Computer Science,ES,2022,17
Computer Science,ES,2023,14
Computer Science,ES,2024,18
Computer Science,FI,2015,9
Computer Science,FI,2016,9
Computer Science,FI,2017,10
Computer Science,FI,2018,11
Computer Science,FI,2019,11
Computer Science,FI,2020,13
Computer Science,FI,2021,16
Computer Science,FI,2022,16
Computer Science,FI,2023,16
Computer Science,FI,2024,18
Computer Science,FR,2015,50
Computer Science,FR,2016,52
Computer Science,FR,2017,53
Computer Science,FR,2018,53
Computer Science,FR,2019,50
Computer Science,FR,2020,49
Computer Science,FR,2021,49
Computer Science,FR,2022,48
Computer Science,FR,2023,44
Computer Science,FR,2024,44
Computer Science,GB,2015,195
Computer Science,GB,2016,203
Computer Science,GB,2017,208
Computer Science,GB,2018,210
Computer Science,GB,2019,216
Computer Science,GB,2020,219
Computer Science,GB,2021,227
Computer Science,GB,2022,217
Computer Science,GB,2023,228
Computer Science,GB,2024,220
Computer Science,GR,2015,5
Computer Science,GR,2016,5
Computer Science,GR,2017,5
Computer Science,GR,2018,5
Computer Science,GR,2019,5
Computer Science,GR,2020,6
Computer Science,GR,2021,8
Computer Science,GR,2022,7
Computer Science,GR,2023,7
Computer Science,GR,2024,8
Computer Science,HK,2015,19
Computer Science,HK,2016,21
Computer Science,HK,2017,22
Computer Science,HK,2018,27
Computer Science,HK,2019,33
Computer Science,HK,2020,37
Computer Science,HK,2021,41
Computer Science,HK,2022,45
Computer Science,HK,2023,49
Computer Science,HK,2024,51
Computer Science,HU,2015,3
Computer Science,HU,2016,3
Computer Science,HU,2017,3
Computer Science,HU,2018,2
Computer Science,HU,2019,2
Computer Science,HU,2020,2
Computer Science,HU,2021,2
Computer Science,HU,2022,2
Computer Science,HU,2023,4
Computer Science,HU,2024,4
Computer Science,IE,2015,8
Computer Science,IE,2016,8
Computer Science,IE,2017,7
Computer Science,IE,2018,7
Computer Science,IE,2019,6
Computer Science,IE,2020,5
Computer Science,IE,2021,4
Computer Science,IE,2022,4
Computer Science,IE,2023,2
Computer Science,IE,2024,1
Computer Science,IL,2015,45
Computer Science,IL,2016,46
Computer Science,IL,2017,48
Computer Science,IL,2018,48
Computer Science,IL,2019,51
Computer Science,IL,2020,61
Computer Science,IL,2021,71
Computer Science,IL,2022,68
Computer Science,IL,2023,73
Computer Science,IL,2024,73
Computer Science,IN,2015,19
Computer Science,IN,2016,19
Computer Science,IN,2017,18
Computer Science,IN,2018,18
Computer Science,IN,2019,18
Computer Science,IN,2020,17
Computer Science,IN,2021,16
Computer Science,IN,2022,16
Computer Science,IN,2023,16
Computer Science,IN,2024,20
Computer Science,IR,2021,1
Computer Science,IR,2022,1
Computer Science,IR,2023,2
Computer Science,IR,2024,2
Computer Science,IT,2015,23
Computer Science,IT,2016,22
Computer Science,IT,2017,23
Computer Science,IT,2018,23
Computer Science,IT,2019,23
Computer Science,IT,2020,22
Computer Science,IT,2021,21
Computer Science,IT,2022,21
Computer Science,IT,2023,21
Computer Science,IT,2024,16
Computer Science,JO,2024,2
Computer Science,JP,2015,20
Computer Science,JP,2016,20
Computer Science,JP,2017,18
Computer Science,JP,2018,19
Computer Science,JP,2019,21
Computer Science,JP,2020,23
Computer Science,JP,2021,22
Computer Science,JP,2022,24
Computer Science,JP,2023,22
Computer Science,JP,2024,21
Computer Science,KR,2015,4
Computer Science,KR,2016,7
Computer Science,KR,2017,8
Computer Science,KR,2018,7
Computer Science,KR,2019,6
Computer Science,KR,2020,7
Computer Science,KR,2021,9
Computer Science,KR,2022,11
Computer Science,KR,2023,12
Computer Science,KR,2024,12
Computer Science,KW,2015,1
Computer Science,KW,2016,1
Computer Science,KW,2017,1
Computer Science,KW,2018,1
Computer Science,KW,2019,1
Computer Science,KW,2020,1
Computer Science,KW,2021,1
Computer Science,KW,2022,1
Computer Science,KW,2023,1
Computer Science,KW,2024,2
Computer Science,LB,2023,3
Computer Science,LB,2024,5
Computer Science,LK,2015,1
Computer Science,LK,2016,1
Computer Science,LK,2017,1
Computer Science,LU,2015,2
Computer Science,LU,2016,2
Computer Science,LU,2017,2
Computer Science,LU,2018,2
Computer Science,LU,2019,2
Computer Science,LU,2020,1
Computer Science,LU,2021,1
Computer Science,LU,2022,1
Computer Science,LU,2023,1
Computer Science,LU,2024,1
Computer Science,MO,2017,1
Computer Science,MO,2018,1
Computer Science,MO,2019,2
Computer Science,MO,2020,2
Computer Science,MO,2021,2
Computer Science,MO,2022,2
Computer Science,MO,2023,2
Computer Science,MO,2024,2
Computer Science,MX,2015,1
Computer Science,MX,2016,1
Computer Science,MX,2017,2
Computer Science,MX,2018,3
Computer Science,MX,2019,3
Computer Science,MX,2020,4
Computer Science,MX,2021,5
Computer Science,MX,2022,5
Computer Science,MX,2023,5
Computer Science,MX,2024,5
Computer Science,MY,2022,1
Computer Science,MY,2023,1
Computer Science,MY,2024,4
Computer Science,NL,2015,30
Computer Science,NL,2016,30
Computer Science,NL,2017,30
Computer Science,NL,2018,32
Computer Science,NL,2019,30
Computer Science,NL,2020,29
Computer Science,NL,2021,28
Computer Science,NL,2022,25
Computer Science,NL,2023,27
Computer Science,NL,2024,26
Computer Science,NO,2015,2
Computer Science,NO,2016,2
Computer Science,NO,2017,2
Computer Science,NO,2018,2
Computer Science,NO,2019,2
Computer Science,NO,2020,3
Computer Science,NO,2021,3
Computer Science,NO,2022,3
Computer Science,NO,2023,3
Computer Science,NO,2024,5
Computer Science,NZ,2015,9
Computer Science,NZ,2016,9
Computer Science,NZ,2017,9
Computer Science,NZ,2018,9
Computer Science,NZ,2019,8
Computer Science,NZ,2020,8
Computer Science,NZ,2021,8
Computer Science,NZ,2022,9
Computer Science,NZ,2023,8
Computer Science,NZ,2024,8
Computer Science,PK,2015,1
Computer Science,PK,2016,1
Computer Science,PK,2017,1
Computer Science,PK,2018,1
Computer Science,PK,2022,2
Computer Science,PK,2023,1
Computer Science,PK,2024,1
Computer Science,PL,2015,12
Computer Science,PL,2016,12
Computer Science,PL,2017,12
Computer Science,PL,2018,12
Computer Science,PL,2019,13
Computer Science,PL,2020,13
Computer Science,PL,2021,14
Computer Science,PL,2022,15
Computer Science,PL,2023,13
Computer Science,PL,2024,13
Computer Science,PT,2015,3
Computer Science,PT,2016,3
Computer Science,PT,2017,3
Computer Science,PT,2018,2
Computer Science,PT,2019,2
Computer Science,PT,2020,3
Computer Science,PT,2021,4
Computer Science,PT,2022,4
Computer Science,PT,2023,4
Computer Science,PT,2024,4
Computer Science,QA,2015,1
Computer Science,QA,2016,1
Computer Science,QA,2017,1
Computer Science,QA,2018,3
Computer Science,QA,2019,4
Computer Science,QA,2020,3
Computer Science,QA,2021,3
Computer Science,QA,2022,4
Computer Science,QA,2023,4
Computer Science,QA,2024,5
Computer Science,RO,2015,1
Computer Science,RO,2016,1
Computer Science,RO,2017,1
Computer Science,RO,2018,1
Computer Science,RO,2019,1
Computer Science,RO,2020,1
Computer Science,RO,2021,1
Computer Science,RO,2022,1
Computer Science,RO,2023,1
Computer Science,RO,2024,1
Computer Science,RS,2015,1
Computer Science,RS,2016,1
Computer Science,RS,2017,1
Computer Science,RS,2018,1
Computer Science,RS,2019,1
Computer Science,RS,2020,1
Computer Science,RS,2021,1
Computer Science,RS,2022,1
Computer Science,RS,2023,1
Computer Science,RS,2024,1
Computer Science,RU,2015,5
Computer Science,RU,2016,7
Computer Science,RU,2017,8
Computer Science,RU,2018,8
Computer Science,RU,2019,11
Computer Science,RU,2020,13
Computer Science,RU,2021,18
Computer Science,RU,2022,18
Computer Science,RU,2023,20
Computer Science,RU,2024,20
Computer Science,SA,2015,3
Computer Science,SA,2016,5
Computer Science,SA,2017,5
Computer Science,SA,2018,6
Computer Science,SA,2019,6
Computer Science,SA,2020,7
Computer Science,SA,2021,8
Computer Science,SA,2022,11
Computer Science,SA,2023,10
Computer Science,SA,2024,12
Computer Science,SE,2015,7
Computer Science,SE,2016,6
Computer Science,SE,2017,6
Computer Science,SE,2018,7
Computer Science,SE,2019,6
Computer Science,SE,2020,7
Computer Science,SE,2021,9
Computer Science,SE,2022,11
Computer Science,SE,2023,13
Computer Science,SE,2024,12
Computer Science,SG,2015,12
Computer Science,SG,2016,13
Computer Science,SG,2017,13
Computer Science,SG,2018,14
Computer Science,SG,2019,15
Computer Science,SG,2020,18
Computer Science,SG,2021,22
Computer Science,SG,2022,28
Computer Science,SG,2023,35
Computer Science,SG,2024,37
Computer Science,SI,2021,1
Computer Science,SI,2022,1
Computer Science,SK,2015,1
Computer Science,SK,2016,1
Computer Science,SK,2017,1
Computer Science,SK,2018,2
Computer Science,SK,2019,2
Computer Science,SK,2020,2
Computer Science,SK,2021,3
Computer Science,SK,2022,3
Computer Science,SK,2023,5
Computer Science,SK,2024,5
Computer Science,SS,2015,1
Computer Science,SS,2016,1
Computer Science,SS,2017,1
Computer Science,SS,2018,1
Computer Science,SS,2019,1
Computer Science,SS,2020,1
Computer Science,SS,2021,1
Computer Science,SS,2022,1
Computer Science,SS,2023,1
Computer Science,SS,2024,1
Computer Science,TH,2015,1
Computer Science,TH,2016,1
Computer Science,TH,2017,1
Computer Science,TH,2018,1
Computer Science,TH,2019,1
Computer Science,TH,2020,1
Computer Science,TH,2021,1
Computer Science,TH,2022,1
Computer Science,TH,2023,1
Computer Science,TH,2024,1
Computer Science,TR,2015,2
Computer Science,TR,2016,2
Computer Science,TR,2017,2
Computer Science,TR,2018,2
Computer Science,TR,2019,1
Computer Science,TR,2020,1
Computer Science,TR,2021,1
Computer Science,TR,2022,1
Computer Science,TR,2023,1
Computer Science,TR,2024,1
Computer Science,TW,2015,7
Computer Science,TW,2016,7
Computer Science,TW,2017,6
Computer Science,TW,2018,5
Computer Science,TW,2019,6
Computer Science,TW,2020,7
Computer Science,TW,2021,6
Computer Science,TW,2022,6
Computer Science,TW,2023,8
Computer Science,TW,2024,12
Computer Science,US,2015,1138
Computer Science,US,2016,1127
Computer Science,US,2017,1123
Computer Science,US,2018,1106
Computer Science,US,2019,1097
Computer Science,US,2020,1102
Computer Science,US,2021,1078
Computer Science,US,2022,1051
Computer Science,US,2023,1022
Computer Science,US,2024,987
Computer Science,VN,2022,1
Computer Science,VN,2023,1
Computer Science,VN,2024,1
Computer Science,ZA,2015,1
Computer Science,ZA,2016,1
Computer Science,ZA,2017,1
Computer Science,ZA,2018,1
Computer Science,ZA,2019,1
Computer Science,ZA,2020,1
Computer Science,ZA,2021,1
Computer Science,ZA,2022,1
Computer Science,ZA,2023,1
Computer Science,ZA,2024,2
Decision Sciences,AT,2015,1
Decision Sciences,AT,2016,1
Decision Sciences,AT,2017,1
Decision Sciences,AU,2015,2
Decision Sciences,AU,2016,2
Decision Sciences,AU,2017,3
Decision Sciences,AU,2018,4
Decision Sciences,AU,2019,4
Decision Sciences,AU,2020,4
Decision Sciences,AU,2021,5
Decision Sciences,AU,2022,5
Decision Sciences,AU,2023,4
Decision Sciences,AU,2024,5
Decision Sciences,BD,2024,1
Decision Sciences,BE,2015,2
Decision Sciences,BE,2016,2
Decision Sciences,BE,2017,2
Decision Sciences,BE,2018,2
Decision Sciences,BE,2019,2
Decision Sciences,BE,2020,2
Decision Sciences,BE,2021,2
Decision Sciences,BE,2022,2
Decision Sciences,BE,2023,3
Decision Sciences,BE,2024,3
Decision Sciences,CA,2015,9
Decision Sciences,CA,2016,10
Decision Sciences,CA,2017,10
Decision Sciences,CA,2018,9
Decision Sciences,CA,2019,9
Decision Sciences,CA,2020,9
Decision Sciences,CA,2021,11
Decision Sciences,CA,2022,13
Decision Sciences,CA,2023,14
Decision Sciences,CA,2024,15
Decision Sciences,CH,2015,1
Decision Sciences,CH,2016,1
Decision Sciences,CH,2017,1
Decision Sciences,CH,2018,1
Decision Sciences,CH,2019,2
Decision Sciences,CH,2020,2
Decision Sciences,CH,2021,2
Decision Sciences,CH,2022,2
Decision Sciences,CH,2023,3
Decision Sciences,CH,2024,3
Decision Sciences,CN,2015,2
Decision Sciences,CN,2016,2
Decision Sciences,CN,2017,2
Decision Sciences,CN,2018,3
Decision Sciences,CN,2019,3
Decision Sciences,CN,2020,3
Decision Sciences,CN,2021,3
Decision Sciences,CN,2022,4
Decision Sciences,CN,2023,5
Decision Sciences,CN,2024,5
Decision Sciences,CNX,2015,3
Decision Sciences,CNX,2016,3
Decision Sciences,CNX,2017,4
Decision Sciences,CNX,2018,5
Decision Sciences,CNX,2019,5
Decision Sciences,CNX,2020,5
Decision Sciences,CNX,2021,5
Decision Sciences,CNX,2022,6
Decision Sciences,CNX,2023,7
Decision Sciences,CNX,2024,7
Decision Sciences,CZ,2019,1
Decision Sciences,CZ,2020,1
Decision Sciences,CZ,2021,1
Decision Sciences,CZ,2022,1
Decision Sciences,DE,2015,3
Decision Sciences,DE,2016,3
Decision Sciences,DE,2017,3
Decision Sciences,DE,2018,3
Decision Sciences,DE,2019,3
Decision Sciences,DE,2020,3
Decision Sciences,DE,2021,3
Decision Sciences,DE,2022,3
Decision Sciences,DE,2023,5
Decision Sciences,DE,2024,6
Decision Sciences,DK,2022,1
Decision Sciences,DK,2023,1
Decision Sciences,DK,2024,2
Decision Sciences,ES,2015,1
Decision Sciences,ES,2016,1
Decision Sciences,ES,2017,2
Decision Sciences,ES,2018,2
Decision Sciences,ES,2019,2
Decision Sciences,ES,2020,2
Decision Sciences,ES,2021,2
Decision Sciences,ES,2022,3
Decision Sciences,ES,2023,3
Decision Sciences,ES,2024,2
Decision Sciences,FR,2017,1
Decision Sciences,FR,2018,1
Decision Sciences,FR,2019,2
Decision Sciences,FR,2020,3
Decision Sciences,FR,2021,2
Decision Sciences,FR,2022,1
Decision Sciences,FR,2023,1
Decision Sciences,FR,2024,1
Decision Sciences,GB,2015,22
Decision Sciences,GB,2016,22
Decision Sciences,GB,2017,22
Decision Sciences,GB,2018,22
Decision Sciences,GB,2019,23
Decision Sciences,GB,2020,24
Decision Sciences,GB,2021,26
Decision Sciences,GB,2022,25
Decision Sciences,GB,2023,24
Decision Sciences,GB,2024,24
Decision Sciences,GH,2015,1
Decision Sciences,GH,2016,1
Decision Sciences,GH,2017,1
Decision Sciences,GH,2018,1
Decision Sciences,GH,2019,1
Decision Sciences,GH,2020,1
Decision Sciences,GH,2021,1
Decision Sciences,GR,2015,1
Decision Sciences,GR,2016,1
Decision Sciences,GR,2017,1
Decision Sciences,GR,2018,1
Decision Sciences,GR,2019,2
Decision Sciences,GR,2020,3
Decision Sciences,GR,2021,3
Decision Sciences,GR,2022,3
Decision Sciences,GR,2023,3
Decision Sciences,GR,2024,3
Decision Sciences,IL,2015,6
Decision Sciences,IL,2016,6
Decision Sciences,IL,2017,5
Decision Sciences,IL,2018,5
Decision Sciences,IL,2019,4
Decision Sciences,IL,2020,5
Decision Sciences,IL,2021,5
Decision Sciences,IL,2022,4
Decision Sciences,IL,2023,4
Decision Sciences,IL,2024,3
Decision Sciences,IT,2015,2
Decision Sciences,IT,2016,2
Decision Sciences,IT,2017,2
Decision Sciences,IT,2018,2
Decision Sciences,IT,2019,2
Decision Sciences,IT,2020,2
Decision Sciences,IT,2021,2
Decision Sciences,IT,2022,2
Decision Sciences,IT,2023,2
Decision Sciences,IT,2024,2
Decision Sciences,LT,2018,1
Decision Sciences,LT,2019,1
Decision Sciences,LT,2020,1
Decision Sciences,LT,2021,1
Decision Sciences,LT,2022,1
Decision Sciences,LT,2023,1
Decision Sciences,LT,2024,1
Decision Sciences,MO,2015,1
Decision Sciences,MO,2016,1
Decision Sciences,MO,2017,1
Decision Sciences,MO,2018,1
Decision Sciences,MO,2019,1
Decision Sciences,MO,2020,1
Decision Sciences,MO,2021,1
Decision Sciences,MO,2022,1
Decision Sciences,MO,2023,1
Decision Sciences,MO,2024,1
Decision Sciences,MY,2022,1
Decision Sciences,MY,2023,1
Decision Sciences,MY,2024,1
Decision Sciences,NL,2015,3
Decision Sciences,NL,2016,4
Decision Sciences,NL,2017,4
Decision Sciences,NL,2018,4
Decision Sciences,NL,2019,4
Decision Sciences,NL,2020,4
Decision Sciences,NL,2021,4
Decision Sciences,NL,2022,5
Decision Sciences,NL,2023,7
Decision Sciences,NL,2024,7
Decision Sciences,NO,2015,1
Decision Sciences,NO,2016,1
Decision Sciences,NO,2017,2
Decision Sciences,NO,2018,2
Decision Sciences,NO,2019,2
Decision Sciences,NO,2020,2
Decision Sciences,NO,2021,2
Decision Sciences,NO,2022,2
Decision Sciences,NO,2023,2
Decision Sciences,NO,2024,2
Decision Sciences,RU,2015,3
Decision Sciences,RU,2016,3
Decision Sciences,RU,2017,3
Decision Sciences,RU,2018,3
Decision Sciences,RU,2019,2
Decision Sciences,RU,2020,1
Decision Sciences,RU,2021,1
Decision Sciences,RU,2022,1
Decision Sciences,RU,2023,1
Decision Sciences,RU,2024,1
Decision Sciences,SE,2015,1
Decision Sciences,SE,2016,1
Decision Sciences,SE,2017,1
Decision Sciences,SE,2018,1
Decision Sciences,SE,2019,1
Decision Sciences,SE,2020,1
Decision Sciences,SE,2021,1
Decision Sciences,SE,2022,1
Decision Sciences,SE,2023,1
Decision Sciences,SE,2024,1
Decision Sciences,SK,2019,1
Decision Sciences,SK,2020,1
Decision Sciences,SK,2021,1
Decision Sciences,SK,2022,1
Decision Sciences,TR,2020,1
Decision Sciences,TR,2021,1
Decision Sciences,TR,2022,1
Decision Sciences,TR,2023,1
Decision Sciences,TR,2024,1
Decision Sciences,TW,2015,1
Decision Sciences,TW,2016,1
Decision Sciences,TW,2017,2
Decision Sciences,TW,2018,2
Decision Sciences,TW,2019,2
Decision Sciences,TW,2020,2
Decision Sciences,TW,2021,2
Decision Sciences,TW,2022,2
Decision Sciences,TW,2023,2
Decision Sciences,TW,2024,2
Decision Sciences,US,2015,98
Decision Sciences,US,2016,97
Decision Sciences,US,2017,94
Decision Sciences,US,2018,92
Decision Sciences,US,2019,89
Decision Sciences,US,2020,87
Decision Sciences,US,2021,83
Decision Sciences,US,2022,82
Decision Sciences,US,2023,75
Decision Sciences,US,2024,72
Decision Sciences,ZA,2015,2
Decision Sciences,ZA,2016,2
Decision Sciences,ZA,2017,2
Decision Sciences,ZA,2018,2
Decision Sciences,ZA,2019,2
Decision Sciences,ZA,2020,2
Decision Sciences,ZA,2021,2
Decision Sciences,ZA,2022,1
Decision Sciences,ZA,2023,1
Decision Sciences,ZA,2024,2
Dentistry,AU,2015,5
Dentistry,AU,2016,5
Dentistry,AU,2017,5
Dentistry,AU,2018,5
Dentistry,AU,2019,5
Dentistry,AU,2020,6
Dentistry,AU,2021,6
Dentistry,AU,2022,7
Dentistry,AU,2023,8
Dentistry,AU,2024,8
Dentistry,BE,2015,8
Dentistry,BE,2016,9
Dentistry,BE,2017,9
Dentistry,BE,2018,9
Dentistry,BE,2019,10
Dentistry,BE,2020,10
Dentistry,BE,2021,10
Dentistry,BE,2022,10
Dentistry,BE,2023,9
Dentistry,BE,2024,9
Dentistry,BR,2015,4
Dentistry,BR,2016,4
Dentistry,BR,2017,4
Dentistry,BR,2018,5
Dentistry,BR,2019,6
Dentistry,BR,2020,6
Dentistry,BR,2021,8
Dentistry,BR,2022,8
Dentistry,BR,2023,10
Dentistry,BR,2024,9
Dentistry,CA,2015,5
Dentistry,CA,2016,4
Dentistry,CA,2017,4
Dentistry,CA,2018,5
Dentistry,CA,2019,5
Dentistry,CA,2020,5
Dentistry,CA,2021,5
Dentistry,CA,2022,5
Dentistry,CA,2023,5
Dentistry,CA,2024,5
Dentistry,CH,2015,14
Dentistry,CH,2016,15
Dentistry,CH,2017,16
Dentistry,CH,2018,17
Dentistry,CH,2019,17
Dentistry,CH,2020,18
Dentistry,CH,2021,18
Dentistry,CH,2022,21
Dentistry,CH,2023,21
Dentistry,CH,2024,23
Dentistry,CN,2015,2
Dentistry,CN,2016,3
Dentistry,CN,2017,3
Dentistry,CN,2018,3
Dentistry,CN,2019,4
Dentistry,CN,2020,3
Dentistry,CN,2021,6
Dentistry,CN,2022,6
Dentistry,CN,2023,6
Dentistry,CN,2024,8
Dentistry,CNX,2015,2
Dentistry,CNX,2016,3
Dentistry,CNX,2017,3
Dentistry,CNX,2018,4
Dentistry,CNX,2019,5
Dentistry,CNX,2020,6
Dentistry,CNX,2021,8
Dentistry,CNX,2022,8
Dentistry,CNX,2023,8
Dentistry,CNX,2024,12
Dentistry,DE,2015,10
Dentistry,DE,2016,9
Dentistry,DE,2017,9
Dentistry,DE,2018,9
Dentistry,DE,2019,9
Dentistry,DE,2020,9
Dentistry,DE,2021,10
Dentistry,DE,2022,11
Dentistry,DE,2023,9
Dentistry,DE,2024,9
Dentistry,DK,2015,7
Dentistry,DK,2016,7
Dentistry,DK,2017,7
Dentistry,DK,2018,7
Dentistry,DK,2019,7
Dentistry,DK,2020,6
Dentistry,DK,2021,6
Dentistry,DK,2022,8
Dentistry,DK,2023,7
Dentistry,DK,2024,7
Dentistry,ES,2018,1
Dentistry,ES,2019,1
Dentistry,ES,2020,1
Dentistry,ES,2021,1
Dentistry,ES,2022,1
Dentistry,ES,2023,2
Dentistry,ES,2024,3
Dentistry,FI,2015,4
Dentistry,FI,2016,4
Dentistry,FI,2017,4
Dentistry,FI,2018,5
Dentistry,FI,2019,5
Dentistry,FI,2020,5
Dentistry,FI,2021,5
Dentistry,FI,2022,5
Dentistry,FI,2023,5
Dentistry,FI,2024,5
Dentistry,FR,2021,1
Dentistry,FR,2022,1
Dentistry,FR,2023,1
Dentistry,GB,2015,28
Dentistry,GB,2016,28
Dentistry,GB,2017,29
Dentistry,GB,2018,27
Dentistry,GB,2019,26
Dentistry,GB,2020,26
Dentistry,GB,2021,28
Dentistry,GB,2022,29
Dentistry,GB,2023,29
Dentistry,GB,2024,29
Dentistry,HK,2015,2
Dentistry,HK,2016,3
Dentistry,HK,2017,3
Dentistry,HK,2018,4
Dentistry,HK,2019,4
Dentistry,HK,2020,5
Dentistry,HK,2021,6
Dentistry,HK,2022,6
Dentistry,HK,2023,6
Dentistry,HK,2024,8
Dentistry,IS,2022,1
Dentistry,IS,2023,1
Dentistry,IS,2024,1
Dentistry,IT,2015,6
Dentistry,IT,2016,6
Dentistry,IT,2017,6
Dentistry,IT,2018,6
Dentistry,IT,2019,8
Dentistry,IT,2020,9
Dentistry,IT,2021,9
Dentistry,IT,2022,9
Dentistry,IT,2023,10
Dentistry,IT,2024,10
Dentistry,JP,2015,10
Dentistry,JP,2016,9
Dentistry,JP,2017,8
Dentistry,JP,2018,8
Dentistry,JP,2019,8
Dentistry,JP,2020,9
Dentistry,JP,2021,8
Dentistry,JP,2022,8
Dentistry,JP,2023,8
Dentistry,JP,2024,7
Dentistry,KR,2015,1
Dentistry,KR,2016,1
Dentistry,KR,2017,1
Dentistry,KR,2018,1
Dentistry,KR,2019,1
Dentistry,KR,2021,1
Dentistry,KR,2022,1
Dentistry,KR,2023,1
Dentistry,KR,2024,1
Dentistry,MM,2015,2
Dentistry,MM,2016,2
Dentistry,MM,2017,2
Dentistry,MM,2018,2
Dentistry,MM,2019,2
Dentistry,MM,2020,2
Dentistry,MM,2021,2
Dentistry,MM,2022,2
Dentistry,MM,2023,2
Dentistry,MM,2024,2
Dentistry,MX,2015,1
Dentistry,MX,2016,1
Dentistry,MX,2017,1
Dentistry,NL,2015,11
Dentistry,NL,2016,11
Dentistry,NL,2017,10
Dentistry,NL,2018,11
Dentistry,NL,2019,10
Dentistry,NL,2020,10
Dentistry,NL,2021,10
Dentistry,NL,2022,9
Dentistry,NL,2023,8
Dentistry,NL,2024,6
Dentistry,NO,2015,6
Dentistry,NO,2016,6
Dentistry,NO,2017,6
Dentistry,NO,2018,5
Dentistry,NO,2019,5
Dentistry,NO,2020,4
Dentistry,NO,2021,4
Dentistry,NO,2022,4
Dentistry,NO,2023,3
Dentistry,NO,2024,3
Dentistry,NZ,2015,3
Dentistry,NZ,2016,3
Dentistry,NZ,2017,3
Dentistry,NZ,2018,3
Dentistry,NZ,2019,3
Dentistry,NZ,2020,3
Dentistry,NZ,2021,4
Dentistry,NZ,2022,4
Dentistry,NZ,2023,4
Dentistry,NZ,2024,4
Dentistry,PK,2020,1
Dentistry,PK,2021,1
Dentistry,PK,2022,1
Dentistry,PK,2023,1
Dentistry,PK,2024,1
Dentistry,PL,2015,1
Dentistry,PL,2016,1
Dentistry,PL,2017,1
Dentistry,PL,2018,1
Dentistry,PL,2019,1
Dentistry,PL,2020,1
Dentistry,PL,2021,1
Dentistry,PL,2022,1
Dentistry,PL,2023,1
Dentistry,PL,2024,1
Dentistry,PR,2015,1
Dentistry,PR,2016,1
Dentistry,PR,2017,1
Dentistry,PR,2018,1
Dentistry,PR,2019,1
Dentistry,PR,2020,1
Dentistry,PR,2021,1
Dentistry,PR,2022,1
Dentistry,PR,2023,1
Dentistry,PR,2024,1
Dentistry,RU,2015,1
Dentistry,RU,2016,1
Dentistry,RU,2017,1
Dentistry,RU,2018,1
Dentistry,RU,2019,1
Dentistry,RU,2020,1
Dentistry,RU,2021,1
Dentistry,RU,2022,1
Dentistry,RU,2023,1
Dentistry,RU,2024,1
Dentistry,SE,2015,20
Dentistry,SE,2016,21
Dentistry,SE,2017,20
Dentistry,SE,2018,19
Dentistry,SE,2019,20
Dentistry,SE,2020,20
Dentistry,SE,2021,20
Dentistry,SE,2022,20
Dentistry,SE,2023,20
Dentistry,SE,2024,20
Dentistry,SG,2023,1
Dentistry,SG,2024,1
Dentistry,TW,2024,1
Dentistry,US,2015,87
Dentistry,US,2016,88
Dentistry,US,2017,87
Dentistry,US,2018,85
Dentistry,US,2019,82
Dentistry,US,2020,80
Dentistry,US,2021,74
Dentistry,US,2022,72
Dentistry,US,2023,71
Dentistry,US,2024,66
Earth and Planetary Sciences,AE,2019,1
Earth and Planetary Sciences,AE,2020,1
Earth and Planetary Sciences,AE,2021,1
Earth and Planetary Sciences,AE,2022,1
Earth and Planetary Sciences,AE,2023,1
Earth and Planetary Sciences,AE,2024,1
Earth and Planetary Sciences,AT,2015,1
Earth and Planetary Sciences,AT,2016,1
Earth and Planetary Sciences,AT,2017,1
Earth and Planetary Sciences,AT,2018,1
Earth and Planetary Sciences,AT,2019,1
Earth and Planetary Sciences,AT,2020,1
Earth and Planetary Sciences,AT,2021,2
Earth and Planetary Sciences,AT,2022,2
Earth and Planetary Sciences,AT,2023,2
Earth and Planetary Sciences,AT,2024,2
Earth and Planetary Sciences,AU,2015,31
Earth and Planetary Sciences,AU,2016,33
Earth and Planetary Sciences,AU,2017,34
Earth and Planetary Sciences,AU,2018,35
Earth and Planetary Sciences,AU,2019,36
Earth and Planetary Sciences,AU,2020,37
Earth and Planetary Sciences,AU,2021,38
Earth and Planetary Sciences,AU,2022,39
Earth and Planetary Sciences,AU,2023,35
Earth and Planetary Sciences,AU,2024,37
Earth and Planetary Sciences,BE,2015,2
Earth and Planetary Sciences,BE,2016,1
Earth and Planetary Sciences,BE,2017,1
Earth and Planetary Sciences,BE,2018,1
Earth and Planetary Sciences,BE,2019,1
Earth and Planetary Sciences,BE,2020,1
Earth and Planetary Sciences,BE,2021,1
Earth and Planetary Sciences,BE,2022,1
Earth and Planetary Sciences,BE,2023,1
Earth and Planetary Sciences,BE,2024,1
Earth and Planetary Sciences,BR,2015,1
Earth and Planetary Sciences,BR,2016,1
Earth and Planetary Sciences,BR,2017,1
Earth and Planetary Sciences,BR,2018,1
Earth and Planetary Sciences,BR,2019,1
Earth and Planetary Sciences,BR,2020,1
Earth and Planetary Sciences,BR,2021,1
Earth and Planetary Sciences,BR,2022,1
Earth and Planetary Sciences,BR,2023,1
Earth and Planetary Sciences,BR,2024,1
Earth and Planetary Sciences,CA,2015,13
Earth and Planetary Sciences,CA,2016,14
Earth and Planetary Sciences,CA,2017,13
Earth and Planetary Sciences,CA,2018,12
Earth and Planetary Sciences,CA,2019,13
Earth and Planetary Sciences,CA,2020,11
Earth and Planetary Sciences,CA,2021,12
Earth and Planetary Sciences,CA,2022,14
Earth and Planetary Sciences,CA,2023,13
Earth and Planetary Sciences,CA,2024,12
Earth and Planetary Sciences,CH,2015,10
Earth and Planetary Sciences,CH,2016,9
Earth and Planetary Sciences,CH,2017,10
Earth and Planetary Sciences,CH,2018,10
Earth and Planetary Sciences,CH,2019,11
Earth and Planetary Sciences,CH,2020,11
Earth and Planetary Sciences,CH,2021,12
Earth and Planetary Sciences,CH,2022,13
Earth and Planetary Sciences,CH,2023,12
Earth and Planetary Sciences,CH,2024,13
Earth and Planetary Sciences,CL,2024,1
Earth and Planetary Sciences,CN,2015,11
Earth and Planetary Sciences,CN,2016,14
Earth and Planetary Sciences,CN,2017,17
Earth and Planetary Sciences,CN,2018,16
Earth and Planetary Sciences,CN,2019,20
Earth and Planetary Sciences,CN,2020,25
Earth and Planetary Sciences,CN,2021,31
Earth and Planetary Sciences,CN,2022,35
Earth and Planetary Sciences,CN,2023,42
Earth and Planetary Sciences,CN,2024,47
Earth and Planetary Sciences,CNX,2015,16
Earth and Planetary Sciences,CNX,2016,19
Earth and Planetary Sciences,CNX,2017,22
Earth and Planetary Sciences,CNX,2018,21
Earth and Planetary Sciences,CNX,2019,25
Earth and Planetary Sciences,CNX,2020,30
Earth and Planetary Sciences,CNX,2021,34
Earth and Planetary Sciences,CNX,2022,38
Earth and Planetary Sciences,CNX,2023,45
Earth and Planetary Sciences,CNX,2024,50
Earth and Planetary Sciences,CY,2015,1
Earth and Planetary Sciences,CY,2016,1
Earth and Planetary Sciences,CY,2017,1
Earth and Planetary Sciences,CY,2018,1
Earth and Planetary Sciences,CY,2019,1
Earth and Planetary Sciences,CY,2020,1
Earth and Planetary Sciences,CY,2021,1
Earth and Planetary Sciences,CY,2022,1
Earth and Planetary Sciences,CY,2023,1
Earth and Planetary Sciences,CY,2024,1
Earth and Planetary Sciences,DE,2015,33
Earth and Planetary Sciences,DE,2016,31
Earth and Planetary Sciences,DE,2017,30
Earth and Planetary Sciences,DE,2018,31
Earth and Planetary Sciences,DE,2019,32
Earth and Planetary Sciences,DE,2020,32
Earth and Planetary Sciences,DE,2021,34
Earth and Planetary Sciences,DE,2022,30
Earth and Planetary Sciences,DE,2023,29
Earth and Planetary Sciences,DE,2024,30
Earth and Planetary Sciences,DK,2015,7
Earth and Planetary Sciences,DK,2016,7
Earth and Planetary Sciences,DK,2017,7
Earth and Planetary Sciences,DK,2018,7
Earth and Planetary Sciences,DK,2019,7
Earth and Planetary Sciences,DK,2020,6
Earth and Planetary Sciences,DK,2021,7
Earth and Planetary Sciences,DK,2022,7
Earth and Planetary Sciences,DK,2023,7
Earth and Planetary Sciences,DK,2024,7
Earth and Planetary Sciences,ES,2015,1
Earth and Planetary Sciences,ES,2016,1
Earth and Planetary Sciences,ES,2017,1
Earth and Planetary Sciences,ES,2018,1
Earth and Planetary Sciences,ES,2019,1
Earth and Planetary Sciences,ES,2020,1
Earth and Planetary Sciences,ES,2021,1
Earth and Planetary Sciences,ES,2022,1
Earth and Planetary Sciences,ES,2023,1
Earth and Planetary Sciences,ES,2024,1
Earth and Planetary Sciences,FI,2015,4
Earth and Planetary Sciences,FI,2016,4
Earth and Planetary Sciences,FI,2017,4
Earth and Planetary Sciences,FI,2018,4
Earth and Planetary Sciences,FI,2019,5
Earth and Planetary Sciences,FI,2020,5
Earth and Planetary Sciences,FI,2021,5
Earth and Planetary Sciences,FI,2022,5
Earth and Planetary Sciences,FI,2023,5
Earth and Planetary Sciences,FI,2024,6
Earth and Planetary Sciences,FR,2015,21
Earth and Planetary Sciences,FR,2016,20
Earth and Planetary Sciences,FR,2017,20
Earth and Planetary Sciences,FR,2018,21
Earth and Planetary Sciences,FR,2019,19
Earth and Planetary Sciences,FR,2020,18
Earth and Planetary Sciences,FR,2021,17
Earth and Planetary Sciences,FR,2022,17
Earth and Planetary Sciences,FR,2023,17
Earth and Planetary Sciences,FR,2024,16
Earth and Planetary Sciences,GB,2015,66
Earth and Planetary Sciences,GB,2016,64
Earth and Planetary Sciences,GB,2017,66
Earth and Planetary Sciences,GB,2018,65
Earth and Planetary Sciences,GB,2019,65
Earth and Planetary Sciences,GB,2020,61
Earth and Planetary Sciences,GB,2021,57
Earth and Planetary Sciences,GB,2022,60
Earth and Planetary Sciences,GB,2023,57
Earth and Planetary Sciences,GB,2024,56
Earth and Planetary Sciences,GR,2018,1
Earth and Planetary Sciences,GR,2019,1
Earth and Planetary Sciences,GR,2020,1
Earth and Planetary Sciences,GR,2021,1
Earth and Planetary Sciences,GR,2022,1
Earth and Planetary Sciences,GR,2023,1
Earth and Planetary Sciences,GR,2024,1
Earth and Planetary Sciences,HK,2015,3
Earth and Planetary Sciences,HK,2016,3
Earth and Planetary Sciences,HK,2017,3
Earth and Planetary Sciences,HK,2018,3
Earth and Planetary Sciences,HK,2019,3
Earth and Planetary Sciences,HK,2020,4
Earth and Planetary Sciences,HK,2021,4
Earth and Planetary Sciences,HK,2022,4
Earth and Planetary Sciences,HK,2023,4
Earth and Planetary Sciences,HK,2024,4
Earth and Planetary Sciences,IE,2015,2
Earth and Planetary Sciences,IE,2016,3
Earth and Planetary Sciences,IE,2017,3
Earth and Planetary Sciences,IE,2018,3
Earth and Planetary Sciences,IE,2019,3
Earth and Planetary Sciences,IE,2020,4
Earth and Planetary Sciences,IE,2021,4
Earth and Planetary Sciences,IE,2022,3
Earth and Planetary Sciences,IE,2023,3
Earth and Planetary Sciences,IE,2024,3
Earth and Planetary Sciences,IL,2015,1
Earth and Planetary Sciences,IL,2016,1
Earth and Planetary Sciences,IL,2017,1
Earth and Planetary Sciences,IL,2018,1
Earth and Planetary Sciences,IL,2019,1
Earth and Planetary Sciences,IL,2020,1
Earth and Planetary Sciences,IL,2021,1
Earth and Planetary Sciences,IL,2022,1
Earth and Planetary Sciences,IL,2023,1
Earth and Planetary Sciences,IL,2024,1
Earth and Planetary Sciences,IN,2015,2
Earth and Planetary Sciences,IN,2016,2
Earth and Planetary Sciences,IN,2017,2
Earth and Planetary Sciences,IN,2018,2
Earth and Planetary Sciences,IN,2019,2
Earth and Planetary Sciences,IN,2020,2
Earth and Planetary Sciences,IN,2021,2
Earth and Planetary Sciences,IN,2022,2
Earth and Planetary Sciences,IN,2023,2
Earth and Planetary Sciences,IN,2024,1
Earth and Planetary Sciences,IS,2015,1
Earth and Planetary Sciences,IS,2016,1
Earth and Planetary Sciences,IS,2017,1
Earth and Planetary Sciences,IS,2018,1
Earth and Planetary Sciences,IS,2019,1
Earth and Planetary Sciences,IS,2020,1
Earth and Planetary Sciences,IS,2021,1
Earth and Planetary Sciences,IS,2022,1
Earth and Planetary Sciences,IS,2023,1
Earth and Planetary Sciences,IS,2024,1
Earth and Planetary Sciences,IT,2015,1
Earth and Planetary Sciences,IT,2016,1
Earth and Planetary Sciences,IT,2017,1
Earth and Planetary Sciences,IT,2018,1
Earth and Planetary Sciences,IT,2019,1
Earth and Planetary Sciences,IT,2020,2
Earth and Planetary Sciences,IT,2021,2
Earth and Planetary Sciences,IT,2022,2
Earth and Planetary Sciences,IT,2023,2
Earth and Planetary Sciences,IT,2024,2
Earth and Planetary Sciences,JP,2015,7
Earth and Planetary Sciences,JP,2016,7
Earth and Planetary Sciences,JP,2017,7
Earth and Planetary Sciences,JP,2018,7
Earth and Planetary Sciences,JP,2019,7
Earth and Planetary Sciences,JP,2020,7
Earth and Planetary Sciences,JP,2021,6
Earth and Planetary Sciences,JP,2022,7
Earth and Planetary Sciences,JP,2023,7
Earth and Planetary Sciences,JP,2024,7
Earth and Planetary Sciences,KR,2023,1
Earth and Planetary Sciences,KR,2024,1
Earth and Planetary Sciences,NL,2015,5
Earth and Planetary Sciences,NL,2016,6
Earth and Planetary Sciences,NL,2017,5
Earth and Planetary Sciences,NL,2018,6
Earth and Planetary Sciences,NL,2019,7
Earth and Planetary Sciences,NL,2020,6
Earth and Planetary Sciences,NL,2021,6
Earth and Planetary Sciences,NL,2022,6
Earth and Planetary Sciences,NL,2023,6
Earth and Planetary Sciences,NL,2024,6
Earth and Planetary Sciences,NO,2015,2
Earth and Planetary Sciences,NO,2016,2
Earth and Planetary Sciences,NO,2017,3
Earth and Planetary Sciences,NO,2018,3
Earth and Planetary Sciences,NO,2019,4
Earth and Planetary Sciences,NO,2020,4
Earth and Planetary Sciences,NO,2021,4
Earth and Planetary Sciences,NO,2022,5
Earth and Planetary Sciences,NO,2023,5
Earth and Planetary Sciences,NO,2024,4
Earth and Planetary Sciences,NZ,2017,1
Earth and Planetary Sciences,NZ,2018,1
Earth and Planetary Sciences,NZ,2019,1
Earth and Planetary Sciences,NZ,2020,1
Earth and Planetary Sciences,NZ,2021,1
Earth and Planetary Sciences,NZ,2022,1
Earth and Planetary Sciences,NZ,2023,1
Earth and Planetary Sciences,NZ,2024,1
Earth and Planetary Sciences,PT,2023,1
Earth and Planetary Sciences,PT,2024,1
Earth and Planetary Sciences,RU,2015,3
Earth and Planetary Sciences,RU,2016,3
Earth and Planetary Sciences,RU,2017,3
Earth and Planetary Sciences,RU,2018,3
Earth and Planetary Sciences,RU,2019,3
Earth and Planetary Sciences,RU,2020,2
Earth and Planetary Sciences,RU,2021,2
Earth and Planetary Sciences,RU,2022,2
Earth and Planetary Sciences,RU,2023,2
Earth and Planetary Sciences,RU,2024,2
Earth and Planetary Sciences,SA,2016,1
Earth and Planetary Sciences,SA,2017,1
Earth and Planetary Sciences,SA,2018,1
Earth and Planetary Sciences,SA,2019,1
Earth and Planetary Sciences,SA,2020,1
Earth and Planetary Sciences,SA,2021,2
Earth and Planetary Sciences,SA,2022,2
Earth and Planetary Sciences,SA,2023,2
Earth and Planetary Sciences,SA,2024,2
Earth and Planetary Sciences,SE,2015,3
Earth and Planetary Sciences,SE,2016,3
Earth and Planetary Sciences,SE,2017,4
Earth and Planetary Sciences,SE,2018,5
Earth and Planetary Sciences,SE,2019,4
Earth and Planetary Sciences,SE,2020,2
Earth and Planetary Sciences,SE,2021,3
Earth and Planetary Sciences,SE,2022,3
Earth and Planetary Sciences,SE,2023,3
Earth and Planetary Sciences,SE,2024,4
Earth and Planetary Sciences,SG,2015,1
Earth and Planetary Sciences,SG,2016,1
Earth and Planetary Sciences,SG,2017,1
Earth and Planetary Sciences,SG,2018,1
Earth and Planetary Sciences,SG,2019,1
Earth and Planetary Sciences,SG,2020,1
Earth and Planetary Sciences,SG,2021,1
Earth and Planetary Sciences,SG,2022,2
Earth and Planetary Sciences,SG,2023,2
Earth and Planetary Sciences,SG,2024,2
Earth and Planetary Sciences,SK,2015,1
Earth and Planetary Sciences,SK,2016,1
Earth and Planetary Sciences,SK,2017,1
Earth and Planetary Sciences,TH,2015,1
Earth and Planetary Sciences,TH,2016,1
Earth and Planetary Sciences,TH,2017,1
Earth and Planetary Sciences,TH,2018,1
Earth and Planetary Sciences,TH,2019,1
Earth and Planetary Sciences,TH,2020,1
Earth and Planetary Sciences,TH,2021,1
Earth and Planetary Sciences,TH,2022,1
Earth and Planetary Sciences,TH,2023,1
Earth and Planetary Sciences,TH,2024,1
Earth and Planetary Sciences,TN,2015,1
Earth and Planetary Sciences,TN,2016,1
Earth and Planetary Sciences,TN,2017,1
Earth and Planetary Sciences,TN,2018,1
Earth and Planetary Sciences,TN,2022,1
Earth and Planetary Sciences,TR,2015,1
Earth and Planetary Sciences,TR,2016,1
Earth and Planetary Sciences,TR,2017,1
Earth and Planetary Sciences,TR,2018,1
Earth and Planetary Sciences,TR,2019,1
Earth and Planetary Sciences,TR,2020,1
Earth and Planetary Sciences,TR,2021,1
Earth and Planetary Sciences,TR,2022,1
Earth and Planetary Sciences,TR,2023,1
Earth and Planetary Sciences,TR,2024,1
Earth and Planetary Sciences,TW,2015,2
Earth and Planetary Sciences,TW,2016,2
Earth and Planetary Sciences,TW,2017,2
Earth and Planetary Sciences,TW,2018,2
Earth and Planetary Sciences,TW,2019,3
Earth and Planetary Sciences,TW,2020,3
Earth and Planetary Sciences,TW,2021,4
Earth and Planetary Sciences,TW,2022,4
Earth and Planetary Sciences,TW,2023,4
Earth and Planetary Sciences,TW,2024,4
Earth and Planetary Sciences,TZ,2015,1
Earth and Planetary Sciences,TZ,2016,1
Earth and Planetary Sciences,TZ,2017,1
Earth and Planetary Sciences,TZ,2018,1
Earth and Planetary Sciences,TZ,2019,1
Earth and Planetary Sciences,UA,2019,1
Earth and Planetary Sciences,UA,2020,1
Earth and Planetary Sciences,US,2015,299
Earth and Planetary Sciences,US,2016,301
Earth and Planetary Sciences,US,2017,293
Earth and Planetary Sciences,US,2018,291
Earth and Planetary Sciences,US,2019,288
Earth and Planetary Sciences,US,2020,286
Earth and Planetary Sciences,US,2021,281
Earth and Planetary Sciences,US,2022,278
Earth and Planetary Sciences,US,2023,279
Earth and Planetary Sciences,US,2024,276
Earth and Planetary Sciences,VG,2015,1
Earth and Planetary Sciences,VG,2016,1
Earth and Planetary Sciences,VG,2017,1
Earth and Planetary Sciences,VG,2018,1
Earth and Planetary Sciences,VG,2019,1
Earth and Planetary Sciences,VG,2020,1
Earth and Planetary Sciences,VG,2021,1
Earth and Planetary Sciences,VG,2022,1
Earth and Planetary Sciences,VG,2023,1
Earth and Planetary Sciences,VG,2024,1
Earth and Planetary Sciences,VN,2015,1
Earth and Planetary Sciences,ZA,2017,1
Earth and Planetary Sciences,ZA,2018,1
Earth and Planetary Sciences,ZA,2019,1
Earth and Planetary Sciences,ZA,2020,1
Earth and Planetary Sciences,ZA,2021,1
Earth and Planetary Sciences,ZA,2022,1
Earth and Planetary Sciences,ZA,2023,2
Earth and Planetary Sciences,ZA,2024,2
"Economics, Econometrics and Finance",AE,2023,1
"Economics, Econometrics and Finance",AE,2024,2
"Economics, Econometrics and Finance",AT,2015,1
"Economics, Econometrics and Finance",AT,2016,1
"Economics, Econometrics and Finance",AT,2017,2
"Economics, Econometrics and Finance",AT,2018,2
"Economics, Econometrics and Finance",AT,2019,2
"Economics, Econometrics and Finance",AT,2020,3
"Economics, Econometrics and Finance",AT,2021,3
"Economics, Econometrics and Finance",AT,2022,4
"Economics, Econometrics and Finance",AT,2023,4
"Economics, Econometrics and Finance",AT,2024,4
"Economics, Econometrics and Finance",AU,2015,8
"Economics, Econometrics and Finance",AU,2016,10
"Economics, Econometrics and Finance",AU,2017,10
"Economics, Econometrics and Finance",AU,2018,10
"Economics, Econometrics and Finance",AU,2019,11
"Economics, Econometrics and Finance",AU,2020,10
"Economics, Econometrics and Finance",AU,2021,11
"Economics, Econometrics and Finance",AU,2022,10
"Economics, Econometrics and Finance",AU,2023,9
"Economics, Econometrics and Finance",AU,2024,11
"Economics, Econometrics and Finance",BE,2015,10
"Economics, Econometrics and Finance",BE,2016,10
"Economics, Econometrics and Finance",BE,2017,11
"Economics, Econometrics and Finance",BE,2018,11
"Economics, Econometrics and Finance",BE,2019,12
"Economics, Econometrics and Finance",BE,2020,12
"Economics, Econometrics and Finance",BE,2021,11
"Economics, Econometrics and Finance",BE,2022,11
"Economics, Econometrics and Finance",BE,2023,11
"Economics, Econometrics and Finance",BE,2024,11
"Economics, Econometrics and Finance",BG,2019,1
"Economics, Econometrics and Finance",BG,2020,1
"Economics, Econometrics and Finance",BG,2021,1
"Economics, Econometrics and Finance",BG,2022,1
"Economics, Econometrics and Finance",BG,2023,1
"Economics, Econometrics and Finance",BG,2024,1
"Economics, Econometrics and Finance",CA,2015,29
"Economics, Econometrics and Finance",CA,2016,28
"Economics, Econometrics and Finance",CA,2017,28
"Economics, Econometrics and Finance",CA,2018,26
"Economics, Econometrics and Finance",CA,2019,25
"Economics, Econometrics and Finance",CA,2020,25
"Economics, Econometrics and Finance",CA,2021,24
"Economics, Econometrics and Finance",CA,2022,24
"Economics, Econometrics and Finance",CA,2023,22
"Economics, Econometrics and Finance",CA,2024,21
"Economics, Econometrics and Finance",CH,2015,7
"Economics, Econometrics and Finance",CH,2016,7
"Economics, Econometrics and Finance",CH,2017,7
"Economics, Econometrics and Finance",CH,2018,7
"Economics, Econometrics and Finance",CH,2019,7
"Economics, Econometrics and Finance",CH,2020,7
"Economics, Econometrics and Finance",CH,2021,7
"Economics, Econometrics and Finance",CH,2022,8
"Economics, Econometrics and Finance",CH,2023,8
"Economics, Econometrics and Finance",CH,2024,8
"Economics, Econometrics and Finance",CN,2015,3
"Economics, Econometrics and Finance",CN,2016,3
"Economics, Econometrics and Finance",CN,2017,3
"Economics, Econometrics and Finance",CN,2018,3
"Economics, Econometrics and Finance",CN,2019,3
"Economics, Econometrics and Finance",CN,2020,3
"Economics, Econometrics and Finance",CN,2021,5
"Economics, Econometrics and Finance",CN,2022,6
"Economics, Econometrics and Finance",CN,2023,8
"Economics, Econometrics and Finance",CN,2024,10
"Economics, Econometrics and Finance",CNX,2015,3
"Economics, Econometrics and Finance",CNX,2016,3
"Economics, Econometrics and Finance",CNX,2017,3
"Economics, Econometrics and Finance",CNX,2018,3
"Economics, Econometrics and Finance",CNX,2019,3
"Economics, Econometrics and Finance",CNX,2020,3
"Economics, Econometrics and Finance",CNX,2021,5
"Economics, Econometrics and Finance",CNX,2022,7
"Economics, Econometrics and Finance",CNX,2023,9
"Economics, Econometrics and Finance",CNX,2024,11
"Economics, Econometrics and Finance",CZ,2015,1
"Economics, Econometrics and Finance",CZ,2016,1
"Economics, Econometrics and Finance",CZ,2017,1
"Economics, Econometrics and Finance",CZ,2018,1
"Economics, Econometrics and Finance",CZ,2019,1
"Economics, Econometrics and Finance",CZ,2020,1
"Economics, Econometrics and Finance",CZ,2021,2
"Economics, Econometrics and Finance",CZ,2022,2
"Economics, Econometrics and Finance",CZ,2023,2
"Economics, Econometrics and Finance",CZ,2024,2
"Economics, Econometrics and Finance",DE,2015,18
"Economics, Econometrics and Finance",DE,2016,18
"Economics, Econometrics and Finance",DE,2017,17
"Economics, Econometrics and Finance",DE,2018,17
"Economics, Econometrics and Finance",DE,2019,15
"Economics, Econometrics and Finance",DE,2020,16
"Economics, Econometrics and Finance",DE,2021,16
"Economics, Econometrics and Finance",DE,2022,17
"Economics, Econometrics and Finance",DE,2023,18
"Economics, Econometrics and Finance",DE,2024,19
"Economics, Econometrics and Finance",DK,2015,4
"Economics, Econometrics and Finance",DK,2016,4
"Economics, Econometrics and Finance",DK,2017,4
"Economics, Econometrics and Finance",DK,2018,5
"Economics, Econometrics and Finance",DK,2019,4
"Economics, Econometrics and Finance",DK,2020,4
"Economics, Econometrics and Finance",DK,2021,4
"Economics, Econometrics and Finance",DK,2022,4
"Economics, Econometrics and Finance",DK,2023,4
"Economics, Econometrics and Finance",DK,2024,4
"Economics, Econometrics and Finance",ES,2015,3
"Economics, Econometrics and Finance",ES,2016,3
"Economics, Econometrics and Finance",ES,2017,3
"Economics, Econometrics and Finance",ES,2018,4
"Economics, Econometrics and Finance",ES,2019,4
"Economics, Econometrics and Finance",ES,2020,4
"Economics, Econometrics and Finance",ES,2021,4
"Economics, Econometrics and Finance",ES,2022,4
"Economics, Econometrics and Finance",ES,2023,5
"Economics, Econometrics and Finance",ES,2024,6
"Economics, Econometrics and Finance",FR,2015,10
"Economics, Econometrics and Finance",FR,2016,9
"Economics, Econometrics and Finance",FR,2017,9
"Economics, Econometrics and Finance",FR,2018,9
"Economics, Econometrics and Finance",FR,2019,9
"Economics, Econometrics and Finance",FR,2020,9
"Economics, Econometrics and Finance",FR,2021,7
"Economics, Econometrics and Finance",FR,2022,7
"Economics, Econometrics and Finance",FR,2023,9
"Economics, Econometrics and Finance",FR,2024,9
"Economics, Econometrics and Finance",GB,2015,77
"Economics, Econometrics and Finance",GB,2016,75
"Economics, Econometrics and Finance",GB,2017,78
"Economics, Econometrics and Finance",GB,2018,81
"Economics, Econometrics and Finance",GB,2019,80
"Economics, Econometrics and Finance",GB,2020,80
"Economics, Econometrics and Finance",GB,2021,82
"Economics, Econometrics and Finance",GB,2022,80
"Economics, Econometrics and Finance",GB,2023,83
"Economics, Econometrics and Finance",GB,2024,87
"Economics, Econometrics and Finance",HU,2015,1
"Economics, Econometrics and Finance",HU,2016,1
"Economics, Econometrics and Finance",HU,2017,1
"Economics, Econometrics and Finance",HU,2018,1
"Economics, Econometrics and Finance",HU,2019,1
"Economics, Econometrics and Finance",HU,2020,1
"Economics, Econometrics and Finance",HU,2021,1
"Economics, Econometrics and Finance",HU,2022,1
"Economics, Econometrics and Finance",HU,2023,1
"Economics, Econometrics and Finance",HU,2024,2
"Economics, Econometrics and Finance",IE,2015,1
"Economics, Econometrics and Finance",IE,2016,1
"Economics, Econometrics and Finance",IE,2017,1
"Economics, Econometrics and Finance",IE,2018,1
"Economics, Econometrics and Finance",IE,2019,1
"Economics, Econometrics and Finance",IE,2020,1
"Economics, Econometrics and Finance",IE,2021,1
"Economics, Econometrics and Finance",IE,2022,1
"Economics, Econometrics and Finance",IE,2023,2
"Economics, Econometrics and Finance",IE,2024,3
"Economics, Econometrics and Finance",IL,2015,8
"Economics, Econometrics and Finance",IL,2016,8
"Economics, Econometrics and Finance",IL,2017,8
"Economics, Econometrics and Finance",IL,2018,8
"Economics, Econometrics and Finance",IL,2019,8
"Economics, Econometrics and Finance",IL,2020,8
"Economics, Econometrics and Finance",IL,2021,6
"Economics, Econometrics and Finance",IL,2022,5
"Economics, Econometrics and Finance",IL,2023,5
"Economics, Econometrics and Finance",IL,2024,5
"Economics, Econometrics and Finance",IN,2015,1
"Economics, Econometrics and Finance",IN,2016,1
"Economics, Econometrics and Finance",IN,2017,1
"Economics, Econometrics and Finance",IN,2018,1
"Economics, Econometrics and Finance",IN,2019,1
"Economics, Econometrics and Finance",IN,2020,1
"Economics, Econometrics and Finance",IN,2021,1
"Economics, Econometrics and Finance",IN,2022,1
"Economics, Econometrics and Finance",IN,2023,1
"Economics, Econometrics and Finance",IN,2024,1
"Economics, Econometrics and Finance",IT,2015,5
"Economics, Econometrics and Finance",IT,2016,7
"Economics, Econometrics and Finance",IT,2017,7
"Economics, Econometrics and Finance",IT,2018,7
"Economics, Econometrics and Finance",IT,2019,7
"Economics, Econometrics and Finance",IT,2020,7
"Economics, Econometrics and Finance",IT,2021,7
"Economics, Econometrics and Finance",IT,2022,7
"Economics, Econometrics and Finance",IT,2023,7
"Economics, Econometrics and Finance",IT,2024,6
"Economics, Econometrics and Finance",JP,2015,2
"Economics, Econometrics and Finance",JP,2016,2
"Economics, Econometrics and Finance",JP,2017,2
"Economics, Econometrics and Finance",JP,2018,2
"Economics, Econometrics and Finance",JP,2019,2
"Economics, Econometrics and Finance",JP,2020,2
"Economics, Econometrics and Finance",JP,2021,1
"Economics, Econometrics and Finance",JP,2022,1
"Economics, Econometrics and Finance",JP,2023,1
"Economics, Econometrics and Finance",JP,2024,1
"Economics, Econometrics and Finance",KR,2015,3
"Economics, Econometrics and Finance",KR,2016,3
"Economics, Econometrics and Finance",KR,2017,3
"Economics, Econometrics and Finance",KR,2018,3
"Economics, Econometrics and Finance",KR,2019,3
"Economics, Econometrics and Finance",KR,2020,3
"Economics, Econometrics and Finance",KR,2021,3
"Economics, Econometrics and Finance",KR,2022,3
"Economics, Econometrics and Finance",KR,2023,3
"Economics, Econometrics and Finance",KR,2024,3
"Economics, Econometrics and Finance",KW,2024,1
"Economics, Econometrics and Finance",LB,2024,1
"Economics, Econometrics and Finance",LV,2024,2
"Economics, Econometrics and Finance",NL,2015,10
"Economics, Econometrics and Finance",NL,2016,10
"Economics, Econometrics and Finance",NL,2017,10
"Economics, Econometrics and Finance",NL,2018,10
"Economics, Econometrics and Finance",NL,2019,10
"Economics, Econometrics and Finance",NL,2020,10
"Economics, Econometrics and Finance",NL,2021,10
"Economics, Econometrics and Finance",NL,2022,12
"Economics, Econometrics and Finance",NL,2023,13
"Economics, Econometrics and Finance",NL,2024,13
"Economics, Econometrics and Finance",NO,2015,1
"Economics, Econometrics and Finance",NO,2016,1
"Economics, Econometrics and Finance",NO,2017,1
"Economics, Econometrics and Finance",NO,2018,1
"Economics, Econometrics and Finance",NO,2019,1
"Economics, Econometrics and Finance",NO,2020,1
"Economics, Econometrics and Finance",NO,2021,1
"Economics, Econometrics and Finance",NO,2022,1
"Economics, Econometrics and Finance",NO,2023,1
"Economics, Econometrics and Finance",NO,2024,1
"Economics, Econometrics and Finance",NP,2015,1
"Economics, Econometrics and Finance",NP,2016,1
"Economics, Econometrics and Finance",NP,2017,1
"Economics, Econometrics and Finance",NP,2018,1
"Economics, Econometrics and Finance",NZ,2015,2
"Economics, Econometrics and Finance",NZ,2016,2
"Economics, Econometrics and Finance",NZ,2017,2
"Economics, Econometrics and Finance",NZ,2018,2
"Economics, Econometrics and Finance",NZ,2019,2
"Economics, Econometrics and Finance",NZ,2020,2
"Economics, Econometrics and Finance",NZ,2021,2
"Economics, Econometrics and Finance",NZ,2022,2
"Economics, Econometrics and Finance",NZ,2023,2
"Economics, Econometrics and Finance",NZ,2024,2
"Economics, Econometrics and Finance",PH,2015,1
"Economics, Econometrics and Finance",PK,2015,1
"Economics, Econometrics and Finance",PK,2016,1
"Economics, Econometrics and Finance",PK,2017,1
"Economics, Econometrics and Finance",PK,2018,1
"Economics, Econometrics and Finance",PK,2019,1
"Economics, Econometrics and Finance",PK,2020,1
"Economics, Econometrics and Finance",PK,2021,2
"Economics, Econometrics and Finance",PK,2022,2
"Economics, Econometrics and Finance",PK,2023,2
"Economics, Econometrics and Finance",PK,2024,2
"Economics, Econometrics and Finance",RU,2015,1
"Economics, Econometrics and Finance",RU,2016,1
"Economics, Econometrics and Finance",RU,2017,1
"Economics, Econometrics and Finance",RU,2018,2
"Economics, Econometrics and Finance",RU,2019,2
"Economics, Econometrics and Finance",RU,2020,2
"Economics, Econometrics and Finance",RU,2021,2
"Economics, Econometrics and Finance",RU,2022,2
"Economics, Econometrics and Finance",RU,2023,2
"Economics, Econometrics and Finance",RU,2024,2
"Economics, Econometrics and Finance",SA,2024,1
"Economics, Econometrics and Finance",SE,2015,6
"Economics, Econometrics and Finance",SE,2016,6
"Economics, Econometrics and Finance",SE,2017,6
"Economics, Econometrics and Finance",SE,2018,6
"Economics, Econometrics and Finance",SE,2019,6
"Economics, Econometrics and Finance",SE,2020,6
"Economics, Econometrics and Finance",SE,2021,5
"Economics, Econometrics and Finance",SE,2022,6
"Economics, Econometrics and Finance",SE,2023,6
"Economics, Econometrics and Finance",SE,2024,5
"Economics, Econometrics and Finance",SG,2015,1
"Economics, Econometrics and Finance",SG,2016,2
"Economics, Econometrics and Finance",SG,2017,2
"Economics, Econometrics and Finance",SG,2018,2
"Economics, Econometrics and Finance",SG,2019,2
"Economics, Econometrics and Finance",SG,2020,2
"Economics, Econometrics and Finance",SG,2021,2
"Economics, Econometrics and Finance",SG,2022,2
"Economics, Econometrics and Finance",SG,2023,2
"Economics, Econometrics and Finance",SG,2024,2
"Economics, Econometrics and Finance",SI,2015,1
"Economics, Econometrics and Finance",SI,2016,1
"Economics, Econometrics and Finance",SI,2017,1
"Economics, Econometrics and Finance",SI,2018,1
"Economics, Econometrics and Finance",SI,2019,1
"Economics, Econometrics and Finance",SI,2020,1
"Economics, Econometrics and Finance",SI,2021,1
"Economics, Econometrics and Finance",SI,2022,1
"Economics, Econometrics and Finance",SI,2023,1
"Economics, Econometrics and Finance",SI,2024,1
"Economics, Econometrics and Finance",TR,2022,1
"Economics, Econometrics and Finance",TR,2023,1
"Economics, Econometrics and Finance",TR,2024,1
"Economics, Econometrics and Finance",TW,2015,1
"Economics, Econometrics and Finance",TW,2016,1
"Economics, Econometrics and Finance",TW,2017,1
"Economics, Econometrics and Finance",TW,2018,1
"Economics, Econometrics and Finance",TW,2019,1
"Economics, Econometrics and Finance",TW,2020,1
"Economics, Econometrics and Finance",TW,2021,1
"Economics, Econometrics and Finance",TW,2022,2
"Economics, Econometrics and Finance",TW,2023,2
"Economics, Econometrics and Finance",TW,2024,3
"Economics, Econometrics and Finance",US,2015,339
"Economics, Econometrics and Finance",US,2016,339
"Economics, Econometrics and Finance",US,2017,339
"Economics, Econometrics and Finance",US,2018,339
"Economics, Econometrics and Finance",US,2019,342
"Economics, Econometrics and Finance",US,2020,341
"Economics, Econometrics and Finance",US,2021,339
"Economics, Econometrics and Finance",US,2022,338
"Economics, Econometrics and Finance",US,2023,335
"Economics, Econometrics and Finance",US,2024,327
"Economics, Econometrics and Finance",VN,2024,2
"Economics, Econometrics and Finance",ZA,2015,1
"Economics, Econometrics and Finance",ZA,2016,1
"Economics, Econometrics and Finance",ZA,2017,1
"Economics, Econometrics and Finance",ZA,2018,1
"Economics, Econometrics and Finance",ZA,2019,1
"Economics, Econometrics and Finance",ZA,2020,1
"Economics, Econometrics and Finance",ZA,2021,1
"Economics, Econometrics and Finance",ZA,2022,1
"Economics, Econometrics and Finance",ZA,2023,1
"Economics, Econometrics and Finance",ZA,2024,2
Energy,AE,2024,1
Energy,AT,2023,1
Energy,AT,2024,1
Energy,AU,2015,4
Energy,AU,2016,6
Energy,AU,2017,6
Energy,AU,2018,7
Energy,AU,2019,7
Energy,AU,2020,9
Energy,AU,2021,11
Energy,AU,2022,11
Energy,AU,2023,12
Energy,AU,2024,12
Energy,CA,2015,5
Energy,CA,2016,5
Energy,CA,2017,5
Energy,CA,2018,5
Energy,CA,2019,4
Energy,CA,2020,3
Energy,CA,2021,4
Energy,CA,2022,2
Energy,CA,2023,2
Energy,CA,2024,1
Energy,CH,2015,15
Energy,CH,2016,14
Energy,CH,2017,14
Energy,CH,2018,15
Energy,CH,2019,13
Energy,CH,2020,10
Energy,CH,2021,9
Energy,CH,2022,8
Energy,CH,2023,6
Energy,CH,2024,6
Energy,CN,2015,26
Energy,CN,2016,33
Energy,CN,2017,38
Energy,CN,2018,40
Energy,CN,2019,46
Energy,CN,2020,54
Energy,CN,2021,60
Energy,CN,2022,65
Energy,CN,2023,72
Energy,CN,2024,74
Energy,CNX,2015,32
Energy,CNX,2016,39
Energy,CNX,2017,44
Energy,CNX,2018,45
Energy,CNX,2019,50
Energy,CNX,2020,58
Energy,CNX,2021,65
Energy,CNX,2022,69
Energy,CNX,2023,76
Energy,CNX,2024,79
Energy,CY,2015,1
Energy,CY,2016,1
Energy,CY,2017,2
Energy,CY,2018,2
Energy,CY,2019,2
Energy,CY,2020,3
Energy,CY,2021,3
Energy,CY,2022,3
Energy,CY,2023,3
Energy,CY,2024,3
Energy,CZ,2015,2
Energy,CZ,2016,2
Energy,CZ,2017,2
Energy,CZ,2018,2
Energy,CZ,2019,1
Energy,CZ,2020,1
Energy,CZ,2021,2
Energy,CZ,2022,2
Energy,CZ,2023,2
Energy,CZ,2024,3
Energy,DE,2015,7
Energy,DE,2016,8
Energy,DE,2017,9
Energy,DE,2018,8
Energy,DE,2019,8
Energy,DE,2020,7
Energy,DE,2021,7
Energy,DE,2022,7
Energy,DE,2023,7
Energy,DE,2024,7
Energy,DK,2015,3
Energy,DK,2016,3
Energy,DK,2017,2
Energy,DK,2018,2
Energy,DK,2019,2
Energy,DK,2020,2
Energy,DK,2021,2
Energy,DK,2022,2
Energy,DK,2023,2
Energy,DK,2024,2
Energy,ES,2015,3
Energy,ES,2016,3
Energy,ES,2017,3
Energy,ES,2018,1
Energy,ES,2019,2
Energy,FR,2015,3
Energy,FR,2016,2
Energy,FR,2017,2
Energy,FR,2018,2
Energy,FR,2019,1
Energy,FR,2020,1
Energy,FR,2021,1
Energy,FR,2022,1
Energy,FR,2023,2
Energy,FR,2024,2
Energy,GB,2015,9
Energy,GB,2016,9
Energy,GB,2017,9
Energy,GB,2018,7
Energy,GB,2019,7
Energy,GB,2020,6
Energy,GB,2021,5
Energy,GB,2022,5
Energy,GB,2023,4
Energy,GB,2024,4
Energy,HK,2015,5
Energy,HK,2016,5
Energy,HK,2017,5
Energy,HK,2018,4
Energy,HK,2019,4
Energy,HK,2020,4
Energy,HK,2021,5
Energy,HK,2022,5
Energy,HK,2023,5
Energy,HK,2024,6
Energy,HU,2015,1
Energy,HU,2016,1
Energy,IL,2015,1
Energy,IL,2016,1
Energy,IL,2017,1
Energy,IL,2018,1
Energy,IL,2019,1
Energy,IN,2015,3
Energy,IN,2016,3
Energy,IN,2017,3
Energy,IN,2018,3
Energy,IN,2019,3
Energy,IN,2020,3
Energy,IN,2021,2
Energy,IN,2022,1
Energy,IN,2023,1
Energy,IN,2024,1
Energy,IR,2017,1
Energy,IR,2018,1
Energy,IR,2019,1
Energy,IR,2020,2
Energy,IR,2021,2
Energy,IR,2022,2
Energy,IR,2023,2
Energy,IR,2024,2
Energy,IT,2015,5
Energy,IT,2016,4
Energy,IT,2017,4
Energy,IT,2018,4
Energy,IT,2019,4
Energy,IT,2020,4
Energy,IT,2021,2
Energy,IT,2022,2
Energy,IT,2023,2
Energy,IT,2024,2
Energy,JP,2015,23
Energy,JP,2016,22
Energy,JP,2017,22
Energy,JP,2018,20
Energy,JP,2019,21
Energy,JP,2020,17
Energy,JP,2021,14
Energy,JP,2022,13
Energy,JP,2023,11
Energy,JP,2024,8
Energy,KR,2015,3
Energy,KR,2016,3
Energy,KR,2017,3
Energy,KR,2018,3
Energy,KR,2019,3
Energy,KR,2020,3
Energy,KR,2021,2
Energy,KR,2022,2
Energy,KR,2023,1
Energy,KR,2024,1
Energy,MO,2021,1
Energy,MO,2022,2
Energy,MO,2023,3
Energy,MO,2024,3
Energy,MY,2020,1
Energy,MY,2021,1
Energy,MY,2022,1
Energy,MY,2023,2
Energy,MY,2024,2
Energy,NL,2015,3
Energy,NL,2016,2
Energy,NL,2017,2
Energy,NL,2018,3
Energy,NL,2019,4
Energy,NL,2020,4
Energy,NL,2021,4
Energy,NL,2022,4
Energy,NL,2023,3
Energy,NL,2024,2
Energy,NO,2019,1
Energy,NO,2020,1
Energy,NO,2021,1
Energy,NO,2022,1
Energy,NZ,2022,1
Energy,NZ,2023,1
Energy,NZ,2024,1
Energy,PT,2015,2
Energy,PT,2016,2
Energy,PT,2017,2
Energy,PT,2018,1
Energy,PT,2019,1
Energy,RO,2024,1
Energy,RS,2015,1
Energy,RS,2016,1
Energy,RS,2017,1
Energy,RS,2018,1
Energy,RS,2019,1
Energy,RS,2020,1
Energy,RS,2021,1
Energy,RS,2022,1
Energy,RS,2023,1
Energy,RS,2024,1
Energy,RU,2015,1
Energy,RU,2016,2
Energy,RU,2017,2
Energy,RU,2018,2
Energy,RU,2019,3
Energy,RU,2020,3
Energy,RU,2021,3
Energy,RU,2022,3
Energy,RU,2023,3
Energy,RU,2024,2
Energy,SA,2015,2
Energy,SA,2016,3
Energy,SA,2017,3
Energy,SA,2018,3
Energy,SA,2019,4
Energy,SA,2020,4
Energy,SA,2021,4
Energy,SA,2022,4
Energy,SA,2023,4
Energy,SA,2024,4
Energy,SE,2015,3
Energy,SE,2016,3
Energy,SE,2017,3
Energy,SE,2018,3
Energy,SE,2019,3
Energy,SE,2020,4
Energy,SE,2021,4
Energy,SE,2022,4
Energy,SE,2023,4
Energy,SE,2024,4
Energy,SG,2015,1
Energy,SG,2016,1
Energy,SG,2017,1
Energy,SG,2018,1
Energy,SG,2019,2
Energy,SG,2020,2
Energy,SG,2021,3
Energy,SG,2022,4
Energy,SG,2023,3
Energy,SG,2024,5
Energy,TR,2020,1
Energy,TR,2021,1
Energy,TR,2022,1
Energy,TR,2023,1
Energy,TR,2024,1
Energy,TW,2015,3
Energy,TW,2016,3
Energy,TW,2017,3
Energy,TW,2018,3
Energy,TW,2019,2
Energy,TW,2020,2
Energy,TW,2021,2
Energy,TW,2022,1
Energy,TW,2023,1
Energy,TW,2024,1
Energy,US,2015,38
Energy,US,2016,37
Energy,US,2017,35
Energy,US,2018,37
Energy,US,2019,33
Energy,US,2020,32
Energy,US,2021,32
Energy,US,2022,29
Energy,US,2023,27
Energy,US,2024,22
Energy,VN,2020,1
Energy,VN,2021,1
Energy,VN,2022,1
Energy,VN,2023,1
Engineering,AE,2016,1
Engineering,AE,2017,1
Engineering,AE,2018,2
Engineering,AE,2019,3
Engineering,AE,2020,4
Engineering,AE,2021,6
Engineering,AE,2022,6
Engineering,AE,2023,8
Engineering,AE,2024,10
Engineering,AR,2018,1
Engineering,AR,2019,1
Engineering,AR,2020,1
Engineering,AR,2021,1
Engineering,AR,2022,1
Engineering,AR,2023,1
Engineering,AT,2015,33
Engineering,AT,2016,36
Engineering,AT,2017,32
Engineering,AT,2018,32
Engineering,AT,2019,30
Engineering,AT,2020,29
Engineering,AT,2021,29
Engineering,AT,2022,24
Engineering,AT,2023,20
Engineering,AT,2024,20
Engineering,AU,2015,128
Engineering,AU,2016,137
Engineering,AU,2017,139
Engineering,AU,2018,143
Engineering,AU,2019,148
Engineering,AU,2020,162
Engineering,AU,2021,170
Engineering,AU,2022,178
Engineering,AU,2023,181
Engineering,AU,2024,185
Engineering,BD,2016,1
Engineering,BD,2017,2
Engineering,BD,2018,2
Engineering,BD,2019,2
Engineering,BD,2020,3
Engineering,BD,2021,3
Engineering,BD,2022,3
Engineering,BD,2023,3
Engineering,BD,2024,3
Engineering,BE,2015,50
Engineering,BE,2016,52
Engineering,BE,2017,52
Engineering,BE,2018,49
Engineering,BE,2019,51
Engineering,BE,2020,49
Engineering,BE,2021,53
Engineering,BE,2022,54
Engineering,BE,2023,50
Engineering,BE,2024,45
Engineering,BG,2015,12
Engineering,BG,2016,11
Engineering,BG,2017,10
Engineering,BG,2018,10
Engineering,BG,2019,10
Engineering,BG,2020,9
Engineering,BG,2021,10
Engineering,BG,2022,10
Engineering,BG,2023,10
Engineering,BG,2024,9
Engineering,BH,2024,1
Engineering,BI,2022,1
Engineering,BI,2023,1
Engineering,BI,2024,1
Engineering,BR,2015,7
Engineering,BR,2016,7
Engineering,BR,2017,7
Engineering,BR,2018,4
Engineering,BR,2019,4
Engineering,BR,2020,4
Engineering,BR,2021,4
Engineering,BR,2022,4
Engineering,BR,2023,5
Engineering,BR,2024,2
Engineering,CA,2015,174
Engineering,CA,2016,172
Engineering,CA,2017,173
Engineering,CA,2018,167
Engineering,CA,2019,160
Engineering,CA,2020,159
Engineering,CA,2021,158
Engineering,CA,2022,157
Engineering,CA,2023,151
Engineering,CA,2024,159
Engineering,CH,2015,84
Engineering,CH,2016,84
Engineering,CH,2017,86
Engineering,CH,2018,91
Engineering,CH,2019,89
Engineering,CH,2020,84
Engineering,CH,2021,86
Engineering,CH,2022,84
Engineering,CH,2023,79
Engineering,CH,2024,78
Engineering,CL,2015,3
Engineering,CL,2016,3
Engineering,CL,2017,3
Engineering,CL,2018,3
Engineering,CL,2019,4
Engineering,CL,2020,4
Engineering,CL,2021,3
Engineering,CL,2022,2
Engineering,CL,2023,2
Engineering,CL,2024,2
Engineering,CM,2015,1
Engineering,CM,2016,1
Engineering,CM,2017,1
Engineering,CM,2018,1
Engineering,CM,2019,1
Engineering,CN,2015,211
Engineering,CN,2016,249
Engineering,CN,2017,307
Engineering,CN,2018,366
Engineering,CN,2019,435
Engineering,CN,2020,518
Engineering,CN,2021,609
Engineering,CN,2022,730
Engineering,CN,2023,835
Engineering,CN,2024,940
Engineering,CNX,2015,283
Engineering,CNX,2016,324
Engineering,CNX,2017,380
Engineering,CNX,2018,445
Engineering,CNX,2019,521
Engineering,CNX,2020,605
Engineering,CNX,2021,708
Engineering,CNX,2022,835
Engineering,CNX,2023,942
Engineering,CNX,2024,1052
Engineering,CO,2024,1
Engineering,CY,2015,1
Engineering,CY,2016,1
Engineering,CY,2017,1
Engineering,CY,2018,1
Engineering,CY,2019,1
Engineering,CY,2020,1
Engineering,CY,2021,1
Engineering,CY,2022,1
Engineering,CY,2023,1
Engineering,CY,2024,1
Engineering,CZ,2015,9
Engineering,CZ,2016,8
Engineering,CZ,2017,8
Engineering,CZ,2018,7
Engineering,CZ,2019,7
Engineering,CZ,2020,8
Engineering,CZ,2021,6
Engineering,CZ,2022,5
Engineering,CZ,2023,5
Engineering,CZ,2024,5
Engineering,DE,2015,254
Engineering,DE,2016,254
Engineering,DE,2017,251
Engineering,DE,2018,249
Engineering,DE,2019,249
Engineering,DE,2020,242
Engineering,DE,2021,245
Engineering,DE,2022,235
Engineering,DE,2023,233
Engineering,DE,2024,219
Engineering,DK,2015,39
Engineering,DK,2016,38
Engineering,DK,2017,38
Engineering,DK,2018,40
Engineering,DK,2019,40
Engineering,DK,2020,36
Engineering,DK,2021,37
Engineering,DK,2022,37
Engineering,DK,2023,38
Engineering,DK,2024,37
Engineering,DZ,2018,1
Engineering,DZ,2019,1
Engineering,DZ,2020,1
Engineering,DZ,2021,1
Engineering,DZ,2022,1
Engineering,DZ,2023,1
Engineering,DZ,2024,1
Engineering,EC,2023,1
Engineering,EC,2024,1
Engineering,EE,2015,1
Engineering,EE,2016,1
Engineering,EG,2015,3
Engineering,EG,2016,1
Engineering,EG,2017,1
Engineering,EG,2018,1
Engineering,EG,2019,1
Engineering,EG,2020,1
Engineering,EG,2021,1
Engineering,ES,2015,51
Engineering,ES,2016,56
Engineering,ES,2017,64
Engineering,ES,2018,64
Engineering,ES,2019,65
Engineering,ES,2020,65
Engineering,ES,2021,64
Engineering,ES,2022,63
Engineering,ES,2023,60
Engineering,ES,2024,61
Engineering,FI,2015,16
Engineering,FI,2016,16
Engineering,FI,2017,15
Engineering,FI,2018,15
Engineering,FI,2019,12
Engineering,FI,2020,10
Engineering,FI,2021,10
Engineering,FI,2022,9
Engineering,FI,2023,9
Engineering,FI,2024,13
Engineering,FR,2015,108
Engineering,FR,2016,102
Engineering,FR,2017,101
Engineering,FR,2018,99
Engineering,FR,2019,99
Engineering,FR,2020,97
Engineering,FR,2021,97
Engineering,FR,2022,96
Engineering,FR,2023,95
Engineering,FR,2024,92
Engineering,GB,2015,357
Engineering,GB,2016,349
Engineering,GB,2017,343
Engineering,GB,2018,332
Engineering,GB,2019,328
Engineering,GB,2020,317
Engineering,GB,2021,307
Engineering,GB,2022,296
Engineering,GB,2023,290
Engineering,GB,2024,281
Engineering,GR,2015,15
Engineering,GR,2016,14
Engineering,GR,2017,13
Engineering,GR,2018,12
Engineering,GR,2019,11
Engineering,GR,2020,11
Engineering,GR,2021,10
Engineering,GR,2022,9
Engineering,GR,2023,9
Engineering,GR,2024,9
Engineering,HK,2015,59
Engineering,HK,2016,60
Engineering,HK,2017,61
Engineering,HK,2018,68
Engineering,HK,2019,74
Engineering,HK,2020,80
Engineering,HK,2021,92
Engineering,HK,2022,103
Engineering,HK,2023,109
Engineering,HK,2024,122
Engineering,HU,2015,2
Engineering,HU,2016,2
Engineering,HU,2017,2
Engineering,HU,2018,2
Engineering,HU,2019,3
Engineering,HU,2020,3
Engineering,HU,2021,2
Engineering,HU,2022,3
Engineering,HU,2023,3
Engineering,HU,2024,3
Engineering,ID,2019,1
Engineering,ID,2020,1
Engineering,ID,2021,1
Engineering,ID,2022,1
Engineering,ID,2023,1
Engineering,ID,2024,1
Engineering,IE,2015,15
Engineering,IE,2016,15
Engineering,IE,2017,13
Engineering,IE,2018,12
Engineering,IE,2019,10
Engineering,IE,2020,11
Engineering,IE,2021,12
Engineering,IE,2022,12
Engineering,IE,2023,10
Engineering,IE,2024,9
Engineering,IL,2015,41
Engineering,IL,2016,39
Engineering,IL,2017,40
Engineering,IL,2018,41
Engineering,IL,2019,41
Engineering,IL,2020,41
Engineering,IL,2021,36
Engineering,IL,2022,33
Engineering,IL,2023,34
Engineering,IL,2024,33
Engineering,IN,2015,23
Engineering,IN,2016,23
Engineering,IN,2017,24
Engineering,IN,2018,27
Engineering,IN,2019,27
Engineering,IN,2020,24
Engineering,IN,2021,30
Engineering,IN,2022,31
Engineering,IN,2023,32
Engineering,IN,2024,34
Engineering,IR,2015,3
Engineering,IR,2016,7
Engineering,IR,2017,8
Engineering,IR,2018,8
Engineering,IR,2019,9
Engineering,IR,2020,13
Engineering,IR,2021,19
Engineering,IR,2022,23
Engineering,IR,2023,31
Engineering,IR,2024,29
Engineering,IS,2015,1
Engineering,IS,2016,1
Engineering,IS,2017,2
Engineering,IS,2018,2
Engineering,IS,2019,2
Engineering,IS,2020,2
Engineering,IS,2021,2
Engineering,IS,2022,2
Engineering,IS,2023,3
Engineering,IS,2024,3
Engineering,IT,2015,77
Engineering,IT,2016,78
Engineering,IT,2017,83
Engineering,IT,2018,81
Engineering,IT,2019,84
Engineering,IT,2020,80
Engineering,IT,2021,79
Engineering,IT,2022,75
Engineering,IT,2023,72
Engineering,IT,2024,66
Engineering,JO,2019,1
Engineering,JO,2020,1
Engineering,JO,2021,1
Engineering,JO,2022,1
Engineering,JO,2023,1
Engineering,JO,2024,1
Engineering,JP,2015,236
Engineering,JP,2016,227
Engineering,JP,2017,216
Engineering,JP,2018,202
Engineering,JP,2019,187
Engineering,JP,2020,178
Engineering,JP,2021,159
Engineering,JP,2022,151
Engineering,JP,2023,136
Engineering,JP,2024,131
Engineering,KH,2015,1
Engineering,KH,2016,1
Engineering,KH,2017,1
Engineering,KR,2015,68
Engineering,KR,2016,78
Engineering,KR,2017,87
Engineering,KR,2018,96
Engineering,KR,2019,106
Engineering,KR,2020,111
Engineering,KR,2021,116
Engineering,KR,2022,118
Engineering,KR,2023,120
Engineering,KR,2024,123
Engineering,KW,2018,1
Engineering,KW,2019,1
Engineering,KW,2020,1
Engineering,KW,2021,1
Engineering,KW,2022,1
Engineering,KW,2023,1
Engineering,KW,2024,1
Engineering,LB,2023,2
Engineering,LB,2024,5
Engineering,LK,2017,1
Engineering,LK,2018,1
Engineering,LK,2019,1
Engineering,LK,2020,1
Engineering,LK,2021,1
Engineering,LK,2022,1
Engineering,LK,2023,1
Engineering,LK,2024,1
Engineering,LU,2015,1
Engineering,LU,2016,1
Engineering,LU,2017,1
Engineering,LU,2018,1
Engineering,LU,2019,2
Engineering,LU,2020,2
Engineering,LU,2021,2
Engineering,LU,2022,2
Engineering,LU,2023,2
Engineering,LU,2024,3
Engineering,LV,2015,1
Engineering,LV,2016,1
Engineering,LV,2017,1
Engineering,LV,2018,1
Engineering,LV,2019,1
Engineering,LV,2020,1
Engineering,LV,2021,1
Engineering,LV,2022,1
Engineering,LV,2023,1
Engineering,MA,2015,1
Engineering,MA,2016,1
Engineering,MA,2017,1
Engineering,MA,2018,2
Engineering,MA,2019,2
Engineering,MA,2020,2
Engineering,MA,2021,1
Engineering,MA,2022,1
Engineering,MA,2023,1
Engineering,MA,2024,1
Engineering,MK,2015,2
Engineering,MK,2016,2
Engineering,MK,2017,2
Engineering,MK,2018,2
Engineering,MK,2019,2
Engineering,MK,2020,2
Engineering,MK,2021,2
Engineering,MK,2022,3
Engineering,MK,2023,4
Engineering,MK,2024,6
Engineering,MN,2015,1
Engineering,MN,2016,1
Engineering,MN,2017,1
Engineering,MN,2018,1
Engineering,MN,2019,1
Engineering,MN,2020,1
Engineering,MO,2017,1
Engineering,MO,2018,2
Engineering,MO,2019,3
Engineering,MO,2020,4
Engineering,MO,2021,6
Engineering,MO,2022,11
Engineering,MO,2023,12
Engineering,MO,2024,14
Engineering,MV,2022,1
Engineering,MV,2023,2
Engineering,MV,2024,2
Engineering,MW,2021,1
Engineering,MW,2022,1
Engineering,MW,2023,1
Engineering,MW,2024,1
Engineering,MX,2015,5
Engineering,MX,2016,7
Engineering,MX,2017,7
Engineering,MX,2018,7
Engineering,MX,2019,7
Engineering,MX,2020,6
Engineering,MX,2021,7
Engineering,MX,2022,8
Engineering,MX,2023,8
Engineering,MX,2024,7
Engineering,MY,2015,6
Engineering,MY,2016,8
Engineering,MY,2017,11
Engineering,MY,2018,12
Engineering,MY,2019,17
Engineering,MY,2020,18
Engineering,MY,2021,20
Engineering,MY,2022,22
Engineering,MY,2023,27
Engineering,MY,2024,29
Engineering,NE,2015,1
Engineering,NE,2016,1
Engineering,NE,2017,1
Engineering,NE,2018,1
Engineering,NE,2019,1
Engineering,NE,2020,1
Engineering,NE,2021,1
Engineering,NE,2022,1
Engineering,NL,2015,87
Engineering,NL,2016,85
Engineering,NL,2017,85
Engineering,NL,2018,87
Engineering,NL,2019,91
Engineering,NL,2020,84
Engineering,NL,2021,85
Engineering,NL,2022,80
Engineering,NL,2023,78
Engineering,NL,2024,77
Engineering,NO,2015,7
Engineering,NO,2016,7
Engineering,NO,2017,7
Engineering,NO,2018,7
Engineering,NO,2019,7
Engineering,NO,2020,8
Engineering,NO,2021,8
Engineering,NO,2022,10
Engineering,NO,2023,10
Engineering,NO,2024,11
Engineering,NZ,2015,12
Engineering,NZ,2016,10
Engineering,NZ,2017,10
Engineering,NZ,2018,9
Engineering,NZ,2019,8
Engineering,NZ,2020,8
Engineering,NZ,2021,9
Engineering,NZ,2022,9
Engineering,NZ,2023,9
Engineering,NZ,2024,9
Engineering,OM,2024,1
Engineering,PH,2020,1
Engineering,PH,2021,1
Engineering,PH,2022,1
Engineering,PH,2023,1
Engineering,PH,2024,1
Engineering,PK,2015,1
Engineering,PK,2016,1
Engineering,PK,2017,1
Engineering,PK,2018,1
Engineering,PK,2019,4
Engineering,PK,2020,4
Engineering,PK,2021,7
Engineering,PK,2022,7
Engineering,PK,2023,8
Engineering,PK,2024,11
Engineering,PL,2015,8
Engineering,PL,2016,11
Engineering,PL,2017,10
Engineering,PL,2018,9
Engineering,PL,2019,8
Engineering,PL,2020,8
Engineering,PL,2021,6
Engineering,PL,2022,5
Engineering,PL,2023,7
Engineering,PL,2024,5
Engineering,PR,2015,1
Engineering,PR,2016,1
Engineering,PR,2017,1
Engineering,PR,2018,1
Engineering,PR,2019,1
Engineering,PR,2020,1
Engineering,PR,2021,1
Engineering,PR,2022,1
Engineering,PR,2023,1
Engineering,PR,2024,1
Engineering,PT,2015,8
Engineering,PT,2016,9
Engineering,PT,2017,10
Engineering,PT,2018,13
Engineering,PT,2019,15
Engineering,PT,2020,15
Engineering,PT,2021,15
Engineering,PT,2022,16
Engineering,PT,2023,19
Engineering,PT,2024,20
Engineering,QA,2015,1
Engineering,QA,2016,1
Engineering,QA,2017,2
Engineering,QA,2018,2
Engineering,QA,2019,2
Engineering,QA,2020,3
Engineering,QA,2021,3
Engineering,QA,2022,3
Engineering,QA,2023,4
Engineering,QA,2024,3
Engineering,RO,2015,4
Engineering,RO,2016,3
Engineering,RO,2017,3
Engineering,RO,2018,3
Engineering,RO,2019,3
Engineering,RO,2020,3
Engineering,RO,2021,3
Engineering,RO,2022,4
Engineering,RO,2023,4
Engineering,RO,2024,4
Engineering,RS,2015,2
Engineering,RS,2016,2
Engineering,RS,2017,2
Engineering,RS,2018,2
Engineering,RS,2019,1
Engineering,RS,2020,1
Engineering,RS,2021,1
Engineering,RS,2022,1
Engineering,RS,2023,1
Engineering,RS,2024,1
Engineering,RU,2015,15
Engineering,RU,2016,18
Engineering,RU,2017,15
Engineering,RU,2018,18
Engineering,RU,2019,20
Engineering,RU,2020,22
Engineering,RU,2021,23
Engineering,RU,2022,22
Engineering,RU,2023,22
Engineering,RU,2024,21
Engineering,SA,2015,16
Engineering,SA,2016,22
Engineering,SA,2017,26
Engineering,SA,2018,33
Engineering,SA,2019,38
Engineering,SA,2020,45
Engineering,SA,2021,50
Engineering,SA,2022,51
Engineering,SA,2023,57
Engineering,SA,2024,55
Engineering,SD,2018,1
Engineering,SD,2019,1
Engineering,SD,2020,4
Engineering,SD,2021,4
Engineering,SD,2022,4
Engineering,SD,2023,5
Engineering,SD,2024,4
Engineering,SE,2015,66
Engineering,SE,2016,61
Engineering,SE,2017,62
Engineering,SE,2018,63
Engineering,SE,2019,62
Engineering,SE,2020,62
Engineering,SE,2021,63
Engineering,SE,2022,59
Engineering,SE,2023,55
Engineering,SE,2024,54
Engineering,SG,2015,67
Engineering,SG,2016,75
Engineering,SG,2017,88
Engineering,SG,2018,98
Engineering,SG,2019,110
Engineering,SG,2020,129
Engineering,SG,2021,144
Engineering,SG,2022,150
Engineering,SG,2023,150
Engineering,SG,2024,154
Engineering,SI,2024,1
Engineering,SK,2015,2
Engineering,SK,2016,3
Engineering,SK,2017,4
Engineering,SK,2018,4
Engineering,SK,2019,3
Engineering,SK,2020,3
Engineering,SK,2021,3
Engineering,SK,2022,4
Engineering,SK,2023,4
Engineering,SK,2024,3
Engineering,SS,2015,6
Engineering,SS,2016,6
Engineering,SS,2017,6
Engineering,SS,2018,6
Engineering,SS,2019,7
Engineering,SS,2020,7
Engineering,SS,2021,7
Engineering,SS,2022,6
Engineering,SS,2023,7
Engineering,SS,2024,7
Engineering,TH,2016,1
Engineering,TH,2017,1
Engineering,TH,2018,1
Engineering,TH,2019,1
Engineering,TH,2020,2
Engineering,TH,2021,2
Engineering,TH,2022,5
Engineering,TH,2023,6
Engineering,TH,2024,8
Engineering,TR,2015,6
Engineering,TR,2016,5
Engineering,TR,2017,4
Engineering,TR,2018,5
Engineering,TR,2019,6
Engineering,TR,2020,8
Engineering,TR,2021,8
Engineering,TR,2022,9
Engineering,TR,2023,9
Engineering,TR,2024,8
Engineering,TW,2015,26
Engineering,TW,2016,29
Engineering,TW,2017,30
Engineering,TW,2018,32
Engineering,TW,2019,34
Engineering,TW,2020,34
Engineering,TW,2021,39
Engineering,TW,2022,41
Engineering,TW,2023,44
Engineering,TW,2024,48
Engineering,UA,2015,4
Engineering,UA,2016,4
Engineering,UA,2017,4
Engineering,UA,2018,3
Engineering,UA,2019,4
Engineering,UA,2020,3
Engineering,UA,2021,3
Engineering,UA,2022,3
Engineering,UA,2023,2
Engineering,UA,2024,2
Engineering,US,2015,1910
Engineering,US,2016,1868
Engineering,US,2017,1808
Engineering,US,2018,1773
Engineering,US,2019,1732
Engineering,US,2020,1695
Engineering,US,2021,1619
Engineering,US,2022,1538
Engineering,US,2023,1463
Engineering,US,2024,1394
Engineering,VE,2015,2
Engineering,VE,2016,2
Engineering,VE,2017,2
Engineering,VE,2018,2
Engineering,VE,2019,2
Engineering,VE,2020,2
Engineering,VE,2021,2
Engineering,VE,2022,2
Engineering,VE,2023,1
Engineering,VE,2024,1
Engineering,VG,2015,2
Engineering,VG,2016,2
Engineering,VG,2017,2
Engineering,VG,2018,2
Engineering,VG,2019,2
Engineering,VG,2020,2
Engineering,VG,2021,2
Engineering,VG,2022,1
Engineering,VG,2023,1
Engineering,VG,2024,1
Engineering,VN,2016,1
Engineering,VN,2017,1
Engineering,VN,2018,1
Engineering,VN,2019,1
Engineering,VN,2020,2
Engineering,VN,2021,7
Engineering,VN,2022,11
Engineering,VN,2023,12
Engineering,VN,2024,13
Engineering,ZA,2015,7
Engineering,ZA,2016,9
Engineering,ZA,2017,9
Engineering,ZA,2018,8
Engineering,ZA,2019,9
Engineering,ZA,2020,10
Engineering,ZA,2021,13
Engineering,ZA,2022,13
Engineering,ZA,2023,13
Engineering,ZA,2024,14
Environmental Science,AE,2015,2
Environmental Science,AE,2016,1
Environmental Science,AE,2017,1
Environmental Science,AE,2018,1
Environmental Science,AE,2019,1
Environmental Science,AE,2020,2
Environmental Science,AE,2021,3
Environmental Science,AE,2022,3
Environmental Science,AE,2023,4
Environmental Science,AE,2024,4
Environmental Science,AR,2015,3
Environmental Science,AR,2016,3
Environmental Science,AR,2017,3
Environmental Science,AR,2018,3
Environmental Science,AR,2019,3
Environmental Science,AR,2020,4
Environmental Science,AR,2021,4
Environmental Science,AR,2022,4
Environmental Science,AR,2023,4
Environmental Science,AR,2024,4
Environmental Science,AT,2015,7
Environmental Science,AT,2016,6
Environmental Science,AT,2017,5
Environmental Science,AT,2018,7
Environmental Science,AT,2019,9
Environmental Science,AT,2020,9
Environmental Science,AT,2021,10
Environmental Science,AT,2022,11
Environmental Science,AT,2023,12
Environmental Science,AT,2024,13
Environmental Science,AU,2015,70
Environmental Science,AU,2016,72
Environmental Science,AU,2017,79
Environmental Science,AU,2018,83
Environmental Science,AU,2019,88
Environmental Science,AU,2020,91
Environmental Science,AU,2021,93
Environmental Science,AU,2022,98
Environmental Science,AU,2023,101
Environmental Science,AU,2024,102
Environmental Science,BD,2023,1
Environmental Science,BD,2024,1
Environmental Science,BE,2015,16
Environmental Science,BE,2016,16
Environmental Science,BE,2017,16
Environmental Science,BE,2018,14
Environmental Science,BE,2019,14
Environmental Science,BE,2020,14
Environmental Science,BE,2021,14
Environmental Science,BE,2022,13
Environmental Science,BE,2023,13
Environmental Science,BE,2024,14
Environmental Science,BF,2022,1
Environmental Science,BF,2024,1
Environmental Science,BI,2015,1
Environmental Science,BI,2016,1
Environmental Science,BR,2015,10
Environmental Science,BR,2016,9
Environmental Science,BR,2017,9
Environmental Science,BR,2018,11
Environmental Science,BR,2019,11
Environmental Science,BR,2020,12
Environmental Science,BR,2021,12
Environmental Science,BR,2022,13
Environmental Science,BR,2023,13
Environmental Science,BR,2024,14
Environmental Science,CA,2015,96
Environmental Science,CA,2016,91
Environmental Science,CA,2017,87
Environmental Science,CA,2018,86
Environmental Science,CA,2019,87
Environmental Science,CA,2020,86
Environmental Science,CA,2021,82
Environmental Science,CA,2022,80
Environmental Science,CA,2023,70
Environmental Science,CA,2024,63
Environmental Science,CH,2015,24
Environmental Science,CH,2016,29
Environmental Science,CH,2017,29
Environmental Science,CH,2018,34
Environmental Science,CH,2019,36
Environmental Science,CH,2020,36
Environmental Science,CH,2021,36
Environmental Science,CH,2022,34
Environmental Science,CH,2023,34
Environmental Science,CH,2024,33
Environmental Science,CN,2015,20
Environmental Science,CN,2016,24
Environmental Science,CN,2017,28
Environmental Science,CN,2018,32
Environmental Science,CN,2019,36
Environmental Science,CN,2020,49
Environmental Science,CN,2021,63
Environmental Science,CN,2022,77
Environmental Science,CN,2023,96
Environmental Science,CN,2024,111
Environmental Science,CNX,2015,26
Environmental Science,CNX,2016,31
Environmental Science,CNX,2017,35
Environmental Science,CNX,2018,39
Environmental Science,CNX,2019,44
Environmental Science,CNX,2020,54
Environmental Science,CNX,2021,72
Environmental Science,CNX,2022,86
Environmental Science,CNX,2023,105
Environmental Science,CNX,2024,121
Environmental Science,CO,2017,1
Environmental Science,CO,2018,1
Environmental Science,CO,2019,2
Environmental Science,CO,2020,2
Environmental Science,CO,2021,2
Environmental Science,CO,2022,1
Environmental Science,CO,2023,1
Environmental Science,CO,2024,1
Environmental Science,CR,2015,1
Environmental Science,CR,2016,1
Environmental Science,CR,2017,1
Environmental Science,CR,2018,1
Environmental Science,CR,2019,1
Environmental Science,CR,2020,2
Environmental Science,CR,2021,2
Environmental Science,CR,2022,1
Environmental Science,CR,2023,1
Environmental Science,CR,2024,1
Environmental Science,CZ,2015,1
Environmental Science,CZ,2016,1
Environmental Science,CZ,2017,1
Environmental Science,CZ,2018,1
Environmental Science,CZ,2019,2
Environmental Science,CZ,2020,2
Environmental Science,CZ,2021,2
Environmental Science,CZ,2022,2
Environmental Science,CZ,2023,2
Environmental Science,CZ,2024,2
Environmental Science,DE,2015,60
Environmental Science,DE,2016,57
Environmental Science,DE,2017,58
Environmental Science,DE,2018,62
Environmental Science,DE,2019,63
Environmental Science,DE,2020,65
Environmental Science,DE,2021,71
Environmental Science,DE,2022,74
Environmental Science,DE,2023,77
Environmental Science,DE,2024,77
Environmental Science,DK,2015,14
Environmental Science,DK,2016,15
Environmental Science,DK,2017,15
Environmental Science,DK,2018,15
Environmental Science,DK,2019,17
Environmental Science,DK,2020,19
Environmental Science,DK,2021,21
Environmental Science,DK,2022,21
Environmental Science,DK,2023,22
Environmental Science,DK,2024,21
Environmental Science,EE,2015,1
Environmental Science,EE,2016,1
Environmental Science,EE,2017,1
Environmental Science,EE,2018,1
Environmental Science,EE,2019,1
Environmental Science,EE,2020,1
Environmental Science,EE,2021,1
Environmental Science,EE,2022,1
Environmental Science,EE,2023,1
Environmental Science,EE,2024,1
Environmental Science,ES,2015,20
Environmental Science,ES,2016,20
Environmental Science,ES,2017,20
Environmental Science,ES,2018,21
Environmental Science,ES,2019,23
Environmental Science,ES,2020,25
Environmental Science,ES,2021,27
Environmental Science,ES,2022,30
Environmental Science,ES,2023,31
Environmental Science,ES,2024,31
Environmental Science,ET,2015,1
Environmental Science,ET,2016,1
Environmental Science,ET,2017,1
Environmental Science,ET,2018,1
Environmental Science,ET,2019,1
Environmental Science,ET,2020,1
Environmental Science,ET,2021,1
Environmental Science,ET,2022,1
Environmental Science,ET,2023,1
Environmental Science,ET,2024,1
Environmental Science,FI,2015,8
Environmental Science,FI,2016,7
Environmental Science,FI,2017,9
Environmental Science,FI,2018,9
Environmental Science,FI,2019,8
Environmental Science,FI,2020,9
Environmental Science,FI,2021,10
Environmental Science,FI,2022,9
Environmental Science,FI,2023,7
Environmental Science,FI,2024,7
Environmental Science,FJ,2016,1
Environmental Science,FJ,2017,1
Environmental Science,FJ,2018,1
Environmental Science,FJ,2019,1
Environmental Science,FJ,2020,1
Environmental Science,FJ,2021,1
Environmental Science,FJ,2022,1
Environmental Science,FJ,2023,1
Environmental Science,FR,2015,31
Environmental Science,FR,2016,29
Environmental Science,FR,2017,30
Environmental Science,FR,2018,28
Environmental Science,FR,2019,30
Environmental Science,FR,2020,30
Environmental Science,FR,2021,27
Environmental Science,FR,2022,28
Environmental Science,FR,2023,29
Environmental Science,FR,2024,31
Environmental Science,GB,2015,144
Environmental Science,GB,2016,142
Environmental Science,GB,2017,145
Environmental Science,GB,2018,147
Environmental Science,GB,2019,148
Environmental Science,GB,2020,148
Environmental Science,GB,2021,145
Environmental Science,GB,2022,142
Environmental Science,GB,2023,138
Environmental Science,GB,2024,137
Environmental Science,GE,2021,1
Environmental Science,GE,2022,1
Environmental Science,GE,2023,1
Environmental Science,GE,2024,1
Environmental Science,GH,2022,1
Environmental Science,GH,2023,1
Environmental Science,GH,2024,1
Environmental Science,GL,2015,1
Environmental Science,GL,2016,1
Environmental Science,GL,2017,1
Environmental Science,GL,2018,1
Environmental Science,GL,2019,1
Environmental Science,GL,2020,1
Environmental Science,GL,2021,1
Environmental Science,GL,2022,1
Environmental Science,GL,2023,1
Environmental Science,GL,2024,1
Environmental Science,GR,2015,3
Environmental Science,GR,2016,3
Environmental Science,GR,2017,4
Environmental Science,GR,2018,4
Environmental Science,GR,2019,4
Environmental Science,GR,2020,4
Environmental Science,GR,2021,4
Environmental Science,GR,2022,5
Environmental Science,GR,2023,5
Environmental Science,GR,2024,5
Environmental Science,HK,2015,9
Environmental Science,HK,2016,10
Environmental Science,HK,2017,10
Environmental Science,HK,2018,10
Environmental Science,HK,2019,10
Environmental Science,HK,2020,9
Environmental Science,HK,2021,12
Environmental Science,HK,2022,15
Environmental Science,HK,2023,20
Environmental Science,HK,2024,22
Environmental Science,HR,2015,1
Environmental Science,HR,2016,1
Environmental Science,HR,2017,1
Environmental Science,HR,2018,1
Environmental Science,ID,2015,1
Environmental Science,ID,2016,2
Environmental Science,ID,2017,2
Environmental Science,ID,2018,2
Environmental Science,ID,2019,3
Environmental Science,ID,2020,2
Environmental Science,ID,2021,2
Environmental Science,IE,2016,1
Environmental Science,IE,2017,1
Environmental Science,IE,2018,1
Environmental Science,IE,2019,2
Environmental Science,IE,2020,2
Environmental Science,IE,2021,2
Environmental Science,IE,2022,2
Environmental Science,IE,2023,2
Environmental Science,IE,2024,2
Environmental Science,IL,2015,5
Environmental Science,IL,2016,5
Environmental Science,IL,2017,5
Environmental Science,IL,2018,3
Environmental Science,IL,2019,3
Environmental Science,IL,2020,3
Environmental Science,IL,2021,3
Environmental Science,IL,2022,3
Environmental Science,IL,2023,3
Environmental Science,IL,2024,3
Environmental Science,IN,2015,4
Environmental Science,IN,2016,4
Environmental Science,IN,2017,4
Environmental Science,IN,2018,4
Environmental Science,IN,2019,3
Environmental Science,IN,2020,3
Environmental Science,IN,2021,4
Environmental Science,IN,2022,5
Environmental Science,IN,2023,7
Environmental Science,IN,2024,8
Environmental Science,IR,2023,1
Environmental Science,IR,2024,1
Environmental Science,IS,2015,1
Environmental Science,IS,2016,1
Environmental Science,IS,2017,2
Environmental Science,IS,2018,2
Environmental Science,IS,2019,2
Environmental Science,IS,2020,2
Environmental Science,IS,2021,1
Environmental Science,IS,2022,1
Environmental Science,IS,2023,1
Environmental Science,IS,2024,1
Environmental Science,IT,2015,6
Environmental Science,IT,2016,6
Environmental Science,IT,2017,6
Environmental Science,IT,2018,7
Environmental Science,IT,2019,6
Environmental Science,IT,2020,7
Environmental Science,IT,2021,7
Environmental Science,IT,2022,7
Environmental Science,IT,2023,6
Environmental Science,IT,2024,6
Environmental Science,JP,2015,12
Environmental Science,JP,2016,12
Environmental Science,JP,2017,13
Environmental Science,JP,2018,13
Environmental Science,JP,2019,15
Environmental Science,JP,2020,15
Environmental Science,JP,2021,14
Environmental Science,JP,2022,15
Environmental Science,JP,2023,13
Environmental Science,JP,2024,12
Environmental Science,KE,2015,2
Environmental Science,KE,2016,2
Environmental Science,KE,2017,3
Environmental Science,KE,2018,3
Environmental Science,KE,2019,3
Environmental Science,KE,2020,3
Environmental Science,KE,2021,4
Environmental Science,KE,2022,4
Environmental Science,KE,2023,4
Environmental Science,KE,2024,4
Environmental Science,KR,2015,1
Environmental Science,KR,2016,1
Environmental Science,KR,2017,1
Environmental Science,KR,2018,2
Environmental Science,KR,2019,3
Environmental Science,KR,2020,4
Environmental Science,KR,2021,5
Environmental Science,KR,2022,6
Environmental Science,KR,2023,6
Environmental Science,KR,2024,7
Environmental Science,KW,2015,1
Environmental Science,KW,2016,1
Environmental Science,KW,2017,1
Environmental Science,KW,2018,1
Environmental Science,KW,2019,1
Environmental Science,KW,2020,1
Environmental Science,KW,2021,1
Environmental Science,KZ,2015,1
Environmental Science,KZ,2016,1
Environmental Science,KZ,2017,1
Environmental Science,KZ,2018,1
Environmental Science,KZ,2019,1
Environmental Science,LB,2023,1
Environmental Science,LK,2024,1
Environmental Science,MA,2015,1
Environmental Science,MA,2016,1
Environmental Science,MA,2017,2
Environmental Science,MA,2018,1
Environmental Science,MA,2019,1
Environmental Science,MA,2020,1
Environmental Science,MA,2021,1
Environmental Science,MA,2022,1
Environmental Science,MA,2023,1
Environmental Science,MA,2024,1
Environmental Science,MX,2015,1
Environmental Science,MX,2016,1
Environmental Science,MX,2017,1
Environmental Science,MX,2018,1
Environmental Science,MX,2019,1
Environmental Science,MX,2020,1
Environmental Science,MX,2021,1
Environmental Science,MX,2022,1
Environmental Science,MX,2023,1
Environmental Science,MX,2024,1
Environmental Science,MY,2015,1
Environmental Science,MY,2016,1
Environmental Science,MY,2017,2
Environmental Science,MY,2018,3
Environmental Science,MY,2019,3
Environmental Science,MY,2020,3
Environmental Science,MY,2021,3
Environmental Science,MY,2022,4
Environmental Science,MY,2023,4
Environmental Science,MY,2024,3
Environmental Science,NL,2015,36
Environmental Science,NL,2016,43
Environmental Science,NL,2017,46
Environmental Science,NL,2018,42
Environmental Science,NL,2019,42
Environmental Science,NL,2020,42
Environmental Science,NL,2021,47
Environmental Science,NL,2022,50
Environmental Science,NL,2023,51
Environmental Science,NL,2024,51
Environmental Science,NO,2015,14
Environmental Science,NO,2016,13
Environmental Science,NO,2017,11
Environmental Science,NO,2018,11
Environmental Science,NO,2019,8
Environmental Science,NO,2020,9
Environmental Science,NO,2021,8
Environmental Science,NO,2022,9
Environmental Science,NO,2023,9
Environmental Science,NO,2024,11
Environmental Science,NZ,2015,10
Environmental Science,NZ,2016,11
Environmental Science,NZ,2017,12
Environmental Science,NZ,2018,11
Environmental Science,NZ,2019,11
Environmental Science,NZ,2020,11
Environmental Science,NZ,2021,11
Environmental Science,NZ,2022,11
Environmental Science,NZ,2023,11
Environmental Science,NZ,2024,12
Environmental Science,PA,2015,7
Environmental Science,PA,2016,7
Environmental Science,PA,2017,7
Environmental Science,PA,2018,8
Environmental Science,PA,2019,8
Environmental Science,PA,2020,8
Environmental Science,PA,2021,7
Environmental Science,PA,2022,7
Environmental Science,PA,2023,7
Environmental Science,PA,2024,7
Environmental Science,PE,2019,1
Environmental Science,PE,2020,1
Environmental Science,PF,2024,1
Environmental Science,PH,2015,1
Environmental Science,PH,2016,1
Environmental Science,PH,2017,1
Environmental Science,PH,2018,1
Environmental Science,PH,2019,1
Environmental Science,PH,2020,1
Environmental Science,PH,2021,1
Environmental Science,PH,2022,1
Environmental Science,PH,2023,1
Environmental Science,PH,2024,1
Environmental Science,PK,2024,1
Environmental Science,PL,2015,1
Environmental Science,PL,2016,1
Environmental Science,PL,2017,1
Environmental Science,PL,2021,1
Environmental Science,PL,2022,1
Environmental Science,PL,2023,1
Environmental Science,PL,2024,1
Environmental Science,PR,2015,1
Environmental Science,PR,2016,1
Environmental Science,PR,2017,1
Environmental Science,PR,2018,1
Environmental Science,PR,2019,1
Environmental Science,PR,2020,1
Environmental Science,PR,2021,1
Environmental Science,PR,2022,1
Environmental Science,PR,2023,1
Environmental Science,PR,2024,1
Environmental Science,PT,2015,3
Environmental Science,PT,2016,3
Environmental Science,PT,2017,4
Environmental Science,PT,2018,4
Environmental Science,PT,2019,3
Environmental Science,PT,2020,4
Environmental Science,PT,2021,5
Environmental Science,PT,2022,6
Environmental Science,PT,2023,5
Environmental Science,PT,2024,5
Environmental Science,QA,2015,1
Environmental Science,QA,2016,2
Environmental Science,QA,2017,2
Environmental Science,QA,2018,2
Environmental Science,QA,2019,2
Environmental Science,QA,2020,3
Environmental Science,QA,2021,3
Environmental Science,QA,2022,3
Environmental Science,QA,2023,3
Environmental Science,QA,2024,3
Environmental Science,RO,2021,1
Environmental Science,RU,2015,1
Environmental Science,RU,2016,1
Environmental Science,RU,2017,1
Environmental Science,RU,2018,1
Environmental Science,RU,2019,1
Environmental Science,RU,2020,2
Environmental Science,RU,2021,3
Environmental Science,RU,2022,3
Environmental Science,RU,2023,1
Environmental Science,RU,2024,1
Environmental Science,SA,2015,7
Environmental Science,SA,2016,7
Environmental Science,SA,2017,6
Environmental Science,SA,2018,6
Environmental Science,SA,2019,6
Environmental Science,SA,2020,7
Environmental Science,SA,2021,9
Environmental Science,SA,2022,12
Environmental Science,SA,2023,13
Environmental Science,SA,2024,13
Environmental Science,SE,2015,25
Environmental Science,SE,2016,24
Environmental Science,SE,2017,25
Environmental Science,SE,2018,26
Environmental Science,SE,2019,27
Environmental Science,SE,2020,28
Environmental Science,SE,2021,27
Environmental Science,SE,2022,27
Environmental Science,SE,2023,27
Environmental Science,SE,2024,28
Environmental Science,SG,2015,1
Environmental Science,SG,2016,2
Environmental Science,SG,2017,5
Environmental Science,SG,2018,5
Environmental Science,SG,2019,7
Environmental Science,SG,2020,8
Environmental Science,SG,2021,8
Environmental Science,SG,2022,9
Environmental Science,SG,2023,9
Environmental Science,SG,2024,9
Environmental Science,SI,2021,1
Environmental Science,SI,2022,1
Environmental Science,SI,2023,1
Environmental Science,SI,2024,1
Environmental Science,SK,2015,3
Environmental Science,SK,2016,3
Environmental Science,SK,2017,3
Environmental Science,SK,2018,3
Environmental Science,SK,2019,2
Environmental Science,SK,2020,2
Environmental Science,SK,2021,2
Environmental Science,SK,2022,2
Environmental Science,SK,2023,1
Environmental Science,SK,2024,2
Environmental Science,TR,2020,1
Environmental Science,TR,2021,2
Environmental Science,TR,2022,2
Environmental Science,TR,2023,2
Environmental Science,TR,2024,2
Environmental Science,TW,2015,3
Environmental Science,TW,2016,3
Environmental Science,TW,2017,3
Environmental Science,TW,2018,3
Environmental Science,TW,2019,4
Environmental Science,TW,2020,3
Environmental Science,TW,2021,3
Environmental Science,TW,2022,3
Environmental Science,TW,2023,3
Environmental Science,TW,2024,3
Environmental Science,TZ,2015,1
Environmental Science,TZ,2016,1
Environmental Science,TZ,2017,1
Environmental Science,TZ,2018,1
Environmental Science,TZ,2019,1
Environmental Science,TZ,2020,1
Environmental Science,TZ,2021,1
Environmental Science,TZ,2022,1
Environmental Science,TZ,2023,1
Environmental Science,US,2015,665
Environmental Science,US,2016,656
Environmental Science,US,2017,639
Environmental Science,US,2018,629
Environmental Science,US,2019,618
Environmental Science,US,2020,606
Environmental Science,US,2021,583
Environmental Science,US,2022,571
Environmental Science,US,2023,561
Environmental Science,US,2024,550
Environmental Science,UY,2015,1
Environmental Science,UY,2016,1
Environmental Science,UY,2017,1
Environmental Science,UY,2018,1
Environmental Science,UY,2019,1
Environmental Science,UY,2020,1
Environmental Science,UY,2021,1
Environmental Science,UY,2022,1
Environmental Science,UY,2023,1
Environmental Science,UY,2024,1
Environmental Science,VN,2020,1
Environmental Science,VN,2021,3
Environmental Science,VN,2022,4
Environmental Science,VN,2023,3
Environmental Science,VN,2024,3
Environmental Science,ZA,2015,11
Environmental Science,ZA,2016,11
Environmental Science,ZA,2017,11
Environmental Science,ZA,2018,10
Environmental Science,ZA,2019,11
Environmental Science,ZA,2020,12
Environmental Science,ZA,2021,13
Environmental Science,ZA,2022,14
Environmental Science,ZA,2023,13
Environmental Science,ZA,2024,14
Environmental Science,ZW,2021,1
Health Professions,AT,2024,1
Health Professions,AU,2015,26
Health Professions,AU,2016,27
Health Professions,AU,2017,28
Health Professions,AU,2018,28
Health Professions,AU,2019,32
Health Professions,AU,2020,36
Health Professions,AU,2021,36
Health Professions,AU,2022,40
Health Professions,AU,2023,43
Health Professions,AU,2024,45
Health Professions,BE,2015,5
Health Professions,BE,2016,5
Health Professions,BE,2017,7
Health Professions,BE,2018,6
Health Professions,BE,2019,5
Health Professions,BE,2020,5
Health Professions,BE,2021,5
Health Professions,BE,2022,5
Health Professions,BE,2023,5
Health Professions,BE,2024,5
Health Professions,BR,2018,2
Health Professions,BR,2019,2
Health Professions,BR,2020,2
Health Professions,BR,2021,1
Health Professions,BR,2022,1
Health Professions,BR,2023,1
Health Professions,BR,2024,1
Health Professions,BY,2015,1
Health Professions,BY,2016,1
Health Professions,BY,2017,1
Health Professions,BY,2018,1
Health Professions,BY,2019,1
Health Professions,BY,2020,1
Health Professions,BY,2021,1
Health Professions,BY,2022,1
Health Professions,CA,2015,59
Health Professions,CA,2016,59
Health Professions,CA,2017,59
Health Professions,CA,2018,59
Health Professions,CA,2019,59
Health Professions,CA,2020,59
Health Professions,CA,2021,63
Health Professions,CA,2022,64
Health Professions,CA,2023,65
Health Professions,CA,2024,64
Health Professions,CH,2015,10
Health Professions,CH,2016,9
Health Professions,CH,2017,9
Health Professions,CH,2018,10
Health Professions,CH,2019,10
Health Professions,CH,2020,10
Health Professions,CH,2021,10
Health Professions,CH,2022,11
Health Professions,CH,2023,11
Health Professions,CH,2024,11
Health Professions,CM,2015,1
Health Professions,CM,2016,1
Health Professions,CM,2017,1
Health Professions,CM,2018,1
Health Professions,CM,2019,1
Health Professions,CM,2020,1
Health Professions,CM,2021,1
Health Professions,CM,2022,1
Health Professions,CN,2015,2
Health Professions,CN,2016,2
Health Professions,CN,2017,2
Health Professions,CN,2018,2
Health Professions,CN,2019,1
Health Professions,CN,2020,1
Health Professions,CN,2021,2
Health Professions,CN,2022,1
Health Professions,CN,2023,2
Health Professions,CN,2024,2
Health Professions,CNX,2015,2
Health Professions,CNX,2016,2
Health Professions,CNX,2017,2
Health Professions,CNX,2018,2
Health Professions,CNX,2019,1
Health Professions,CNX,2020,1
Health Professions,CNX,2021,2
Health Professions,CNX,2022,1
Health Professions,CNX,2023,3
Health Professions,CNX,2024,3
Health Professions,DE,2015,21
Health Professions,DE,2016,22
Health Professions,DE,2017,22
Health Professions,DE,2018,23
Health Professions,DE,2019,23
Health Professions,DE,2020,22
Health Professions,DE,2021,22
Health Professions,DE,2022,23
Health Professions,DE,2023,23
Health Professions,DE,2024,22
Health Professions,DK,2015,7
Health Professions,DK,2016,7
Health Professions,DK,2017,7
Health Professions,DK,2018,6
Health Professions,DK,2019,7
Health Professions,DK,2020,8
Health Professions,DK,2021,9
Health Professions,DK,2022,9
Health Professions,DK,2023,10
Health Professions,DK,2024,9
Health Professions,ES,2015,3
Health Professions,ES,2016,4
Health Professions,ES,2017,4
Health Professions,ES,2018,3
Health Professions,ES,2019,4
Health Professions,ES,2020,4
Health Professions,ES,2021,4
Health Professions,ES,2022,4
Health Professions,ES,2023,4
Health Professions,ES,2024,5
Health Professions,FI,2015,14
Health Professions,FI,2016,14
Health Professions,FI,2017,14
Health Professions,FI,2018,14
Health Professions,FI,2019,14
Health Professions,FI,2020,14
Health Professions,FI,2021,15
Health Professions,FI,2022,15
Health Professions,FI,2023,15
Health Professions,FI,2024,16
Health Professions,FR,2015,5
Health Professions,FR,2016,4
Health Professions,FR,2017,4
Health Professions,FR,2018,5
Health Professions,FR,2019,5
Health Professions,FR,2020,4
Health Professions,FR,2021,4
Health Professions,FR,2022,4
Health Professions,FR,2023,5
Health Professions,FR,2024,5
Health Professions,GB,2015,123
Health Professions,GB,2016,126
Health Professions,GB,2017,129
Health Professions,GB,2018,130
Health Professions,GB,2019,134
Health Professions,GB,2020,139
Health Professions,GB,2021,138
Health Professions,GB,2022,139
Health Professions,GB,2023,140
Health Professions,GB,2024,145
Health Professions,GR,2023,1
Health Professions,GR,2024,1
Health Professions,HK,2023,1
Health Professions,HK,2024,1
Health Professions,IL,2015,4
Health Professions,IL,2016,4
Health Professions,IL,2017,5
Health Professions,IL,2018,5
Health Professions,IL,2019,5
Health Professions,IL,2020,5
Health Professions,IL,2021,5
Health Professions,IL,2022,4
Health Professions,IL,2023,3
Health Professions,IL,2024,3
Health Professions,IN,2015,5
Health Professions,IN,2016,4
Health Professions,IN,2017,5
Health Professions,IN,2018,6
Health Professions,IN,2019,4
Health Professions,IN,2020,3
Health Professions,IN,2021,4
Health Professions,IN,2022,4
Health Professions,IN,2023,4
Health Professions,IN,2024,4
Health Professions,IR,2015,1
Health Professions,IR,2016,1
Health Professions,IR,2017,1
Health Professions,IR,2018,1
Health Professions,IR,2019,1
Health Professions,IR,2020,1
Health Professions,IR,2021,1
Health Professions,IR,2022,1
Health Professions,IR,2023,2
Health Professions,IR,2024,2
Health Professions,IT,2015,3
Health Professions,IT,2016,2
Health Professions,IT,2017,2
Health Professions,IT,2018,4
Health Professions,IT,2019,4
Health Professions,IT,2020,3
Health Professions,IT,2021,4
Health Professions,IT,2022,4
Health Professions,IT,2023,4
Health Professions,IT,2024,4
Health Professions,JP,2015,5
Health Professions,JP,2016,4
Health Professions,JP,2017,4
Health Professions,JP,2018,5
Health Professions,JP,2019,7
Health Professions,JP,2020,7
Health Professions,JP,2021,5
Health Professions,JP,2022,5
Health Professions,JP,2023,5
Health Professions,JP,2024,5
Health Professions,KE,2015,1
Health Professions,KE,2016,1
Health Professions,KE,2017,1
Health Professions,KE,2018,1
Health Professions,KE,2019,1
Health Professions,KE,2020,1
Health Professions,KE,2021,1
Health Professions,KE,2022,1
Health Professions,KE,2023,2
Health Professions,KE,2024,2
Health Professions,KR,2020,1
Health Professions,KR,2021,1
Health Professions,KR,2022,2
Health Professions,KR,2023,2
Health Professions,KR,2024,3
Health Professions,KW,2015,1
Health Professions,KW,2016,1
Health Professions,KW,2017,1
Health Professions,KW,2018,1
Health Professions,KW,2019,1
Health Professions,KW,2020,1
Health Professions,KW,2021,1
Health Professions,KW,2022,1
Health Professions,KW,2023,1
Health Professions,LA,2015,1
Health Professions,LA,2016,1
Health Professions,LA,2017,1
Health Professions,LA,2018,1
Health Professions,LA,2019,1
Health Professions,LA,2020,1
Health Professions,LA,2021,1
Health Professions,LA,2022,1
Health Professions,LA,2023,1
Health Professions,LU,2020,1
Health Professions,LU,2021,1
Health Professions,LU,2022,1
Health Professions,LU,2023,1
Health Professions,LU,2024,1
Health Professions,ML,2015,2
Health Professions,ML,2016,2
Health Professions,ML,2017,2
Health Professions,ML,2018,2
Health Professions,ML,2019,2
Health Professions,ML,2020,1
Health Professions,ML,2021,1
Health Professions,ML,2022,1
Health Professions,MT,2015,1
Health Professions,MT,2016,1
Health Professions,MT,2017,1
Health Professions,MT,2019,1
Health Professions,MT,2020,1
Health Professions,MT,2021,1
Health Professions,MT,2022,1
Health Professions,MT,2023,1
Health Professions,MT,2024,1
Health Professions,MX,2015,1
Health Professions,MX,2016,1
Health Professions,MX,2017,2
Health Professions,MX,2018,1
Health Professions,MX,2019,1
Health Professions,MX,2020,1
Health Professions,MX,2021,1
Health Professions,MX,2022,1
Health Professions,MX,2023,1
Health Professions,MX,2024,1
Health Professions,NL,2015,28
Health Professions,NL,2016,29
Health Professions,NL,2017,29
Health Professions,NL,2018,29
Health Professions,NL,2019,29
Health Professions,NL,2020,29
Health Professions,NL,2021,28
Health Professions,NL,2022,28
Health Professions,NL,2023,29
Health Professions,NL,2024,30
Health Professions,NO,2015,10
Health Professions,NO,2016,10
Health Professions,NO,2017,10
Health Professions,NO,2018,10
Health Professions,NO,2019,10
Health Professions,NO,2020,10
Health Professions,NO,2021,11
Health Professions,NO,2022,9
Health Professions,NO,2023,10
Health Professions,NO,2024,11
Health Professions,NZ,2015,2
Health Professions,NZ,2016,2
Health Professions,NZ,2017,3
Health Professions,NZ,2018,3
Health Professions,NZ,2019,3
Health Professions,NZ,2020,3
Health Professions,NZ,2021,3
Health Professions,NZ,2022,3
Health Professions,NZ,2023,3
Health Professions,NZ,2024,3
Health Professions,PK,2015,1
Health Professions,PK,2016,1
Health Professions,PK,2017,1
Health Professions,PK,2018,1
Health Professions,PK,2019,1
Health Professions,PK,2020,1
Health Professions,PK,2021,1
Health Professions,PK,2022,1
Health Professions,PK,2023,1
Health Professions,PK,2024,1
Health Professions,PR,2020,1
Health Professions,PR,2021,1
Health Professions,PR,2022,1
Health Professions,PR,2023,1
Health Professions,PR,2024,1
Health Professions,PT,2018,1
Health Professions,PT,2019,1
Health Professions,PT,2020,1
Health Professions,PT,2021,1
Health Professions,PT,2022,1
Health Professions,PT,2023,3
Health Professions,PT,2024,3
Health Professions,QA,2015,3
Health Professions,QA,2016,3
Health Professions,QA,2017,4
Health Professions,QA,2018,4
Health Professions,QA,2019,4
Health Professions,QA,2020,4
Health Professions,QA,2021,4
Health Professions,QA,2022,4
Health Professions,QA,2023,3
Health Professions,QA,2024,3
Health Professions,SE,2015,17
Health Professions,SE,2016,17
Health Professions,SE,2017,16
Health Professions,SE,2018,16
Health Professions,SE,2019,14
Health Professions,SE,2020,14
Health Professions,SE,2021,14
Health Professions,SE,2022,15
Health Professions,SE,2023,13
Health Professions,SE,2024,14
Health Professions,SG,2015,1
Health Professions,SG,2016,2
Health Professions,SG,2017,2
Health Professions,SG,2018,2
Health Professions,SG,2019,2
Health Professions,SG,2020,2
Health Professions,SG,2021,2
Health Professions,SG,2022,2
Health Professions,SG,2023,2
Health Professions,SG,2024,3
Health Professions,SI,2016,1
Health Professions,SI,2017,1
Health Professions,SI,2018,1
Health Professions,SI,2019,1
Health Professions,SI,2020,1
Health Professions,SI,2021,1
Health Professions,SI,2022,1
Health Professions,SI,2023,1
Health Professions,SI,2024,1
Health Professions,SK,2015,1
Health Professions,SK,2016,1
Health Professions,SK,2017,1
Health Professions,SK,2018,1
Health Professions,SK,2019,1
Health Professions,SK,2020,1
Health Professions,SK,2021,1
Health Professions,SK,2022,1
Health Professions,ST,2018,1
Health Professions,ST,2019,1
Health Professions,ST,2020,1
Health Professions,ST,2021,1
Health Professions,ST,2022,1
Health Professions,ST,2023,1
Health Professions,ST,2024,1
Health Professions,TZ,2015,1
Health Professions,TZ,2016,1
Health Professions,TZ,2017,1
Health Professions,TZ,2018,1
Health Professions,TZ,2019,1
Health Professions,US,2015,338
Health Professions,US,2016,334
Health Professions,US,2017,332
Health Professions,US,2018,323
Health Professions,US,2019,316
Health Professions,US,2020,309
Health Professions,US,2021,303
Health Professions,US,2022,294
Health Professions,US,2023,286
Health Professions,US,2024,280
Health Professions,VN,2015,4
Health Professions,VN,2016,3
Health Professions,VN,2017,4
Health Professions,VN,2018,5
Health Professions,VN,2019,2
Health Professions,VN,2020,2
Health Professions,VN,2021,1
Health Professions,VN,2022,1
Health Professions,VN,2023,1
Health Professions,VN,2024,1
Health Professions,ZA,2015,5
Health Professions,ZA,2016,6
Health Professions,ZA,2017,5
Health Professions,ZA,2018,4
Health Professions,ZA,2019,4
Health Professions,ZA,2020,3
Health Professions,ZA,2021,5
Health Professions,ZA,2022,5
Health Professions,ZA,2023,5
Health Professions,ZA,2024,6
Health Professions,ZW,2024,1
Immunology and Microbiology,AT,2015,3
Immunology and Microbiology,AT,2016,3
Immunology and Microbiology,AT,2017,3
Immunology and Microbiology,AT,2018,2
Immunology and Microbiology,AT,2019,2
Immunology and Microbiology,AT,2020,2
Immunology and Microbiology,AT,2021,2
Immunology and Microbiology,AT,2022,2
Immunology and Microbiology,AT,2023,1
Immunology and Microbiology,AT,2024,1
Immunology and Microbiology,AU,2015,7
Immunology and Microbiology,AU,2016,6
Immunology and Microbiology,AU,2017,6
Immunology and Microbiology,AU,2018,5
Immunology and Microbiology,AU,2019,5
Immunology and Microbiology,AU,2020,5
Immunology and Microbiology,AU,2021,5
Immunology and Microbiology,AU,2022,6
Immunology and Microbiology,AU,2023,5
Immunology and Microbiology,AU,2024,5
Immunology and Microbiology,BE,2015,2
Immunology and Microbiology,BE,2016,2
Immunology and Microbiology,BE,2017,2
Immunology and Microbiology,BE,2018,2
Immunology and Microbiology,BE,2019,2
Immunology and Microbiology,BE,2020,2
Immunology and Microbiology,BE,2021,2
Immunology and Microbiology,BE,2022,2
Immunology and Microbiology,BE,2023,2
Immunology and Microbiology,BE,2024,2
Immunology and Microbiology,CA,2015,7
Immunology and Microbiology,CA,2016,7
Immunology and Microbiology,CA,2017,7
Immunology and Microbiology,CA,2018,7
Immunology and Microbiology,CA,2019,6
Immunology and Microbiology,CA,2020,5
Immunology and Microbiology,CA,2021,6
Immunology and Microbiology,CA,2022,6
Immunology and Microbiology,CA,2023,6
Immunology and Microbiology,CA,2024,5
Immunology and Microbiology,CH,2015,9
Immunology and Microbiology,CH,2016,10
Immunology and Microbiology,CH,2017,10
Immunology and Microbiology,CH,2018,10
Immunology and Microbiology,CH,2019,10
Immunology and Microbiology,CH,2020,11
Immunology and Microbiology,CH,2021,10
Immunology and Microbiology,CH,2022,9
Immunology and Microbiology,CH,2023,9
Immunology and Microbiology,CH,2024,8
Immunology and Microbiology,CN,2019,1
Immunology and Microbiology,CN,2020,1
Immunology and Microbiology,CN,2021,2
Immunology and Microbiology,CN,2022,2
Immunology and Microbiology,CN,2023,2
Immunology and Microbiology,CN,2024,5
Immunology and Microbiology,CNX,2019,1
Immunology and Microbiology,CNX,2020,1
Immunology and Microbiology,CNX,2021,2
Immunology and Microbiology,CNX,2022,2
Immunology and Microbiology,CNX,2023,3
Immunology and Microbiology,CNX,2024,6
Immunology and Microbiology,CU,2015,1
Immunology and Microbiology,CU,2016,1
Immunology and Microbiology,CU,2017,1
Immunology and Microbiology,CU,2018,1
Immunology and Microbiology,CU,2019,1
Immunology and Microbiology,CU,2020,1
Immunology and Microbiology,CU,2021,1
Immunology and Microbiology,DE,2015,8
Immunology and Microbiology,DE,2016,9
Immunology and Microbiology,DE,2017,9
Immunology and Microbiology,DE,2018,11
Immunology and Microbiology,DE,2019,12
Immunology and Microbiology,DE,2020,11
Immunology and Microbiology,DE,2021,10
Immunology and Microbiology,DE,2022,10
Immunology and Microbiology,DE,2023,11
Immunology and Microbiology,DE,2024,12
Immunology and Microbiology,DK,2017,1
Immunology and Microbiology,DK,2018,1
Immunology and Microbiology,DK,2019,1
Immunology and Microbiology,DK,2020,1
Immunology and Microbiology,DK,2021,1
Immunology and Microbiology,DK,2022,1
Immunology and Microbiology,DK,2023,1
Immunology and Microbiology,DK,2024,1
Immunology and Microbiology,ES,2015,1
Immunology and Microbiology,ES,2016,1
Immunology and Microbiology,ES,2017,1
Immunology and Microbiology,ES,2018,1
Immunology and Microbiology,ES,2019,1
Immunology and Microbiology,ES,2020,1
Immunology and Microbiology,ES,2021,1
Immunology and Microbiology,ES,2022,1
Immunology and Microbiology,ES,2023,1
Immunology and Microbiology,ES,2024,1
Immunology and Microbiology,FR,2015,19
Immunology and Microbiology,FR,2016,19
Immunology and Microbiology,FR,2017,19
Immunology and Microbiology,FR,2018,18
Immunology and Microbiology,FR,2019,18
Immunology and Microbiology,FR,2020,16
Immunology and Microbiology,FR,2021,17
Immunology and Microbiology,FR,2022,17
Immunology and Microbiology,FR,2023,17
Immunology and Microbiology,FR,2024,19
Immunology and Microbiology,GB,2015,18
Immunology and Microbiology,GB,2016,18
Immunology and Microbiology,GB,2017,18
Immunology and Microbiology,GB,2018,17
Immunology and Microbiology,GB,2019,17
Immunology and Microbiology,GB,2020,14
Immunology and Microbiology,GB,2021,14
Immunology and Microbiology,GB,2022,15
Immunology and Microbiology,GB,2023,15
Immunology and Microbiology,GB,2024,16
Immunology and Microbiology,IE,2015,2
Immunology and Microbiology,IE,2016,2
Immunology and Microbiology,IE,2017,2
Immunology and Microbiology,IE,2018,2
Immunology and Microbiology,IE,2019,2
Immunology and Microbiology,IE,2020,2
Immunology and Microbiology,IE,2021,2
Immunology and Microbiology,IE,2022,2
Immunology and Microbiology,IE,2023,2
Immunology and Microbiology,IE,2024,2
Immunology and Microbiology,IL,2017,1
Immunology and Microbiology,IL,2018,1
Immunology and Microbiology,IL,2019,1
Immunology and Microbiology,IL,2020,1
Immunology and Microbiology,IL,2021,1
Immunology and Microbiology,IL,2022,2
Immunology and Microbiology,IL,2023,2
Immunology and Microbiology,IL,2024,2
Immunology and Microbiology,IN,2015,3
Immunology and Microbiology,IN,2016,3
Immunology and Microbiology,IN,2017,3
Immunology and Microbiology,IN,2018,2
Immunology and Microbiology,IN,2019,3
Immunology and Microbiology,IN,2020,3
Immunology and Microbiology,IN,2021,3
Immunology and Microbiology,IN,2022,3
Immunology and Microbiology,IN,2023,2
Immunology and Microbiology,IN,2024,2
Immunology and Microbiology,IT,2015,6
Immunology and Microbiology,IT,2016,6
Immunology and Microbiology,IT,2017,6
Immunology and Microbiology,IT,2018,6
Immunology and Microbiology,IT,2019,6
Immunology and Microbiology,IT,2020,7
Immunology and Microbiology,IT,2021,7
Immunology and Microbiology,IT,2022,7
Immunology and Microbiology,IT,2023,7
Immunology and Microbiology,IT,2024,7
Immunology and Microbiology,JP,2015,17
Immunology and Microbiology,JP,2016,18
Immunology and Microbiology,JP,2017,17
Immunology and Microbiology,JP,2018,17
Immunology and Microbiology,JP,2019,17
Immunology and Microbiology,JP,2020,17
Immunology and Microbiology,JP,2021,17
Immunology and Microbiology,JP,2022,17
Immunology and Microbiology,JP,2023,17
Immunology and Microbiology,JP,2024,16
Immunology and Microbiology,NL,2015,6
Immunology and Microbiology,NL,2016,7
Immunology and Microbiology,NL,2017,8
Immunology and Microbiology,NL,2018,8
Immunology and Microbiology,NL,2019,8
Immunology and Microbiology,NL,2020,9
Immunology and Microbiology,NL,2021,9
Immunology and Microbiology,NL,2022,10
Immunology and Microbiology,NL,2023,10
Immunology and Microbiology,NL,2024,11
Immunology and Microbiology,NO,2018,1
Immunology and Microbiology,NO,2019,1
Immunology and Microbiology,NO,2020,1
Immunology and Microbiology,NO,2021,1
Immunology and Microbiology,NO,2022,1
Immunology and Microbiology,NO,2023,1
Immunology and Microbiology,NO,2024,1
Immunology and Microbiology,PK,2020,1
Immunology and Microbiology,PK,2021,1
Immunology and Microbiology,PK,2022,1
Immunology and Microbiology,PK,2023,1
Immunology and Microbiology,PK,2024,1
Immunology and Microbiology,PL,2015,1
Immunology and Microbiology,PL,2016,1
Immunology and Microbiology,PL,2017,1
Immunology and Microbiology,PL,2018,1
Immunology and Microbiology,PL,2019,1
Immunology and Microbiology,PL,2020,1
Immunology and Microbiology,PL,2021,1
Immunology and Microbiology,PL,2022,1
Immunology and Microbiology,PL,2023,1
Immunology and Microbiology,RO,2020,1
Immunology and Microbiology,RO,2021,1
Immunology and Microbiology,RO,2022,1
Immunology and Microbiology,RO,2023,1
Immunology and Microbiology,RO,2024,1
Immunology and Microbiology,SE,2015,3
Immunology and Microbiology,SE,2016,3
Immunology and Microbiology,SE,2017,3
Immunology and Microbiology,SE,2018,3
Immunology and Microbiology,SE,2019,3
Immunology and Microbiology,SE,2020,3
Immunology and Microbiology,SE,2021,2
Immunology and Microbiology,SE,2022,2
Immunology and Microbiology,SE,2023,2
Immunology and Microbiology,SE,2024,2
Immunology and Microbiology,SG,2024,1
Immunology and Microbiology,SK,2015,1
Immunology and Microbiology,SK,2016,1
Immunology and Microbiology,SK,2017,1
Immunology and Microbiology,SK,2018,1
Immunology and Microbiology,SK,2019,1
Immunology and Microbiology,SK,2020,1
Immunology and Microbiology,SK,2021,1
Immunology and Microbiology,SS,2015,1
Immunology and Microbiology,SS,2016,1
Immunology and Microbiology,SS,2017,1
Immunology and Microbiology,SS,2018,1
Immunology and Microbiology,SS,2019,1
Immunology and Microbiology,SS,2020,1
Immunology and Microbiology,SS,2021,1
Immunology and Microbiology,SS,2022,1
Immunology and Microbiology,SS,2023,1
Immunology and Microbiology,SS,2024,1
Immunology and Microbiology,TW,2023,1
Immunology and Microbiology,TW,2024,1
Immunology and Microbiology,TZ,2015,2
Immunology and Microbiology,TZ,2016,2
Immunology and Microbiology,TZ,2017,2
Immunology and Microbiology,TZ,2018,2
Immunology and Microbiology,TZ,2019,2
Immunology and Microbiology,TZ,2020,1
Immunology and Microbiology,TZ,2021,1
Immunology and Microbiology,TZ,2022,1
Immunology and Microbiology,TZ,2023,1
Immunology and Microbiology,TZ,2024,1
Immunology and Microbiology,US,2015,155
Immunology and Microbiology,US,2016,152
Immunology and Microbiology,US,2017,152
Immunology and Microbiology,US,2018,154
Immunology and Microbiology,US,2019,153
Immunology and Microbiology,US,2020,156
Immunology and Microbiology,US,2021,155
Immunology and Microbiology,US,2022,155
Immunology and Microbiology,US,2023,156
Immunology and Microbiology,US,2024,155
Immunology and Microbiology,ZA,2015,1
Immunology and Microbiology,ZA,2016,1
Immunology and Microbiology,ZA,2017,1
Immunology and Microbiology,ZA,2018,1
Immunology and Microbiology,ZA,2019,1
Immunology and Microbiology,ZA,2020,1
Immunology and Microbiology,ZA,2021,1
Immunology and Microbiology,ZA,2022,1
Immunology and Microbiology,ZA,2023,1
Immunology and Microbiology,ZA,2024,1
Materials Science,AE,2024,1
Materials Science,AT,2015,4
Materials Science,AT,2016,4
Materials Science,AT,2017,5
Materials Science,AT,2018,5
Materials Science,AT,2019,6
Materials Science,AT,2020,5
Materials Science,AT,2021,5
Materials Science,AT,2022,4
Materials Science,AT,2023,4
Materials Science,AT,2024,4
Materials Science,AU,2015,19
Materials Science,AU,2016,17
Materials Science,AU,2017,18
Materials Science,AU,2018,18
Materials Science,AU,2019,18
Materials Science,AU,2020,23
Materials Science,AU,2021,23
Materials Science,AU,2022,24
Materials Science,AU,2023,28
Materials Science,AU,2024,30
Materials Science,BE,2015,5
Materials Science,BE,2016,5
Materials Science,BE,2017,5
Materials Science,BE,2018,6
Materials Science,BE,2019,6
Materials Science,BE,2020,6
Materials Science,BE,2021,5
Materials Science,BE,2022,4
Materials Science,BE,2023,4
Materials Science,BE,2024,4
Materials Science,BG,2015,2
Materials Science,BG,2016,2
Materials Science,BG,2017,2
Materials Science,BG,2018,2
Materials Science,BG,2019,1
Materials Science,BG,2020,1
Materials Science,BG,2021,1
Materials Science,BG,2022,1
Materials Science,BG,2023,1
Materials Science,BG,2024,1
Materials Science,BR,2015,2
Materials Science,BR,2016,2
Materials Science,BR,2017,2
Materials Science,BR,2018,2
Materials Science,BR,2019,2
Materials Science,BR,2020,2
Materials Science,BR,2021,2
Materials Science,BR,2022,2
Materials Science,BR,2023,2
Materials Science,BR,2024,2
Materials Science,BY,2015,1
Materials Science,BY,2016,1
Materials Science,BY,2017,1
Materials Science,BY,2018,1
Materials Science,CA,2015,15
Materials Science,CA,2016,14
Materials Science,CA,2017,12
Materials Science,CA,2018,10
Materials Science,CA,2019,8
Materials Science,CA,2020,9
Materials Science,CA,2021,8
Materials Science,CA,2022,9
Materials Science,CA,2023,9
Materials Science,CA,2024,9
Materials Science,CH,2015,16
Materials Science,CH,2016,15
Materials Science,CH,2017,15
Materials Science,CH,2018,15
Materials Science,CH,2019,15
Materials Science,CH,2020,15
Materials Science,CH,2021,16
Materials Science,CH,2022,14
Materials Science,CH,2023,14
Materials Science,CH,2024,14
Materials Science,CN,2015,35
Materials Science,CN,2016,45
Materials Science,CN,2017,53
Materials Science,CN,2018,68
Materials Science,CN,2019,86
Materials Science,CN,2020,100
Materials Science,CN,2021,109
Materials Science,CN,2022,124
Materials Science,CN,2023,136
Materials Science,CN,2024,149
Materials Science,CNX,2015,43
Materials Science,CNX,2016,56
Materials Science,CNX,2017,64
Materials Science,CNX,2018,78
Materials Science,CNX,2019,96
Materials Science,CNX,2020,110
Materials Science,CNX,2021,120
Materials Science,CNX,2022,135
Materials Science,CNX,2023,147
Materials Science,CNX,2024,161
Materials Science,CU,2023,1
Materials Science,CU,2024,1
Materials Science,CZ,2015,1
Materials Science,CZ,2016,1
Materials Science,CZ,2017,1
Materials Science,CZ,2018,1
Materials Science,CZ,2019,1
Materials Science,CZ,2020,1
Materials Science,CZ,2021,1
Materials Science,CZ,2022,1
Materials Science,CZ,2023,1
Materials Science,CZ,2024,1
Materials Science,DE,2015,76
Materials Science,DE,2016,73
Materials Science,DE,2017,73
Materials Science,DE,2018,70
Materials Science,DE,2019,72
Materials Science,DE,2020,69
Materials Science,DE,2021,68
Materials Science,DE,2022,66
Materials Science,DE,2023,68
Materials Science,DE,2024,64
Materials Science,DK,2015,4
Materials Science,DK,2016,2
Materials Science,DK,2017,2
Materials Science,DK,2018,2
Materials Science,DK,2019,2
Materials Science,DK,2020,3
Materials Science,DK,2021,3
Materials Science,DK,2022,4
Materials Science,DK,2023,4
Materials Science,DK,2024,4
Materials Science,EG,2020,1
Materials Science,EG,2021,1
Materials Science,EG,2022,1
Materials Science,ES,2015,12
Materials Science,ES,2016,12
Materials Science,ES,2017,13
Materials Science,ES,2018,14
Materials Science,ES,2019,15
Materials Science,ES,2020,14
Materials Science,ES,2021,13
Materials Science,ES,2022,12
Materials Science,ES,2023,12
Materials Science,ES,2024,12
Materials Science,FI,2015,2
Materials Science,FI,2016,2
Materials Science,FI,2017,2
Materials Science,FI,2018,1
Materials Science,FI,2019,1
Materials Science,FI,2020,1
Materials Science,FI,2021,1
Materials Science,FI,2022,1
Materials Science,FI,2023,2
Materials Science,FI,2024,2
Materials Science,FR,2015,20
Materials Science,FR,2016,19
Materials Science,FR,2017,20
Materials Science,FR,2018,19
Materials Science,FR,2019,19
Materials Science,FR,2020,18
Materials Science,FR,2021,18
Materials Science,FR,2022,17
Materials Science,FR,2023,18
Materials Science,FR,2024,15
Materials Science,GB,2015,65
Materials Science,GB,2016,62
Materials Science,GB,2017,62
Materials Science,GB,2018,60
Materials Science,GB,2019,57
Materials Science,GB,2020,57
Materials Science,GB,2021,55
Materials Science,GB,2022,53
Materials Science,GB,2023,50
Materials Science,GB,2024,49
Materials Science,GR,2021,1
Materials Science,GR,2022,1
Materials Science,GR,2023,1
Materials Science,GR,2024,1
Materials Science,HK,2015,9
Materials Science,HK,2016,10
Materials Science,HK,2017,10
Materials Science,HK,2018,11
Materials Science,HK,2019,12
Materials Science,HK,2020,13
Materials Science,HK,2021,14
Materials Science,HK,2022,18
Materials Science,HK,2023,20
Materials Science,HK,2024,23
Materials Science,HU,2015,1
Materials Science,HU,2016,1
Materials Science,HU,2017,1
Materials Science,HU,2018,2
Materials Science,HU,2019,2
Materials Science,HU,2020,2
Materials Science,HU,2021,2
Materials Science,HU,2022,2
Materials Science,HU,2023,1
Materials Science,HU,2024,1
Materials Science,IE,2015,5
Materials Science,IE,2016,5
Materials Science,IE,2017,6
Materials Science,IE,2018,6
Materials Science,IE,2019,6
Materials Science,IE,2020,6
Materials Science,IE,2021,5
Materials Science,IE,2022,5
Materials Science,IE,2023,4
Materials Science,IE,2024,5
Materials Science,IL,2015,5
Materials Science,IL,2016,5
Materials Science,IL,2017,5
Materials Science,IL,2018,5
Materials Science,IL,2019,4
Materials Science,IL,2020,4
Materials Science,IL,2021,4
Materials Science,IL,2022,3
Materials Science,IL,2023,4
Materials Science,IL,2024,4
Materials Science,IN,2015,4
Materials Science,IN,2016,4
Materials Science,IN,2017,4
Materials Science,IN,2018,4
Materials Science,IN,2019,4
Materials Science,IN,2020,4
Materials Science,IN,2021,5
Materials Science,IN,2022,6
Materials Science,IN,2023,6
Materials Science,IN,2024,7
Materials Science,IR,2020,1
Materials Science,IR,2021,1
Materials Science,IR,2022,1
Materials Science,IR,2023,2
Materials Science,IR,2024,2
Materials Science,IT,2015,17
Materials Science,IT,2016,18
Materials Science,IT,2017,19
Materials Science,IT,2018,19
Materials Science,IT,2019,19
Materials Science,IT,2020,15
Materials Science,IT,2021,14
Materials Science,IT,2022,14
Materials Science,IT,2023,12
Materials Science,IT,2024,11
Materials Science,JP,2015,68
Materials Science,JP,2016,66
Materials Science,JP,2017,59
Materials Science,JP,2018,58
Materials Science,JP,2019,56
Materials Science,JP,2020,53
Materials Science,JP,2021,48
Materials Science,JP,2022,48
Materials Science,JP,2023,49
Materials Science,JP,2024,48
Materials Science,KR,2015,11
Materials Science,KR,2016,14
Materials Science,KR,2017,14
Materials Science,KR,2018,16
Materials Science,KR,2019,17
Materials Science,KR,2020,18
Materials Science,KR,2021,19
Materials Science,KR,2022,19
Materials Science,KR,2023,20
Materials Science,KR,2024,19
Materials Science,MX,2015,2
Materials Science,MX,2016,2
Materials Science,MX,2017,2
Materials Science,MX,2018,2
Materials Science,MX,2019,2
Materials Science,MX,2020,2
Materials Science,MX,2021,2
Materials Science,MX,2022,2
Materials Science,MX,2023,2
Materials Science,MX,2024,2
Materials Science,MY,2023,1
Materials Science,MY,2024,2
Materials Science,NL,2015,16
Materials Science,NL,2016,16
Materials Science,NL,2017,17
Materials Science,NL,2018,16
Materials Science,NL,2019,17
Materials Science,NL,2020,18
Materials Science,NL,2021,18
Materials Science,NL,2022,19
Materials Science,NL,2023,17
Materials Science,NL,2024,17
Materials Science,PL,2015,3
Materials Science,PL,2016,3
Materials Science,PL,2017,3
Materials Science,PL,2018,3
Materials Science,PL,2019,2
Materials Science,PL,2020,2
Materials Science,PL,2021,2
Materials Science,PL,2022,2
Materials Science,PL,2023,2
Materials Science,PL,2024,2
Materials Science,PR,2015,1
Materials Science,PR,2016,1
Materials Science,PR,2017,1
Materials Science,PR,2018,1
Materials Science,PR,2019,1
Materials Science,PR,2020,1
Materials Science,PR,2021,1
Materials Science,PR,2022,2
Materials Science,PR,2023,2
Materials Science,PR,2024,2
Materials Science,PT,2015,2
Materials Science,PT,2016,3
Materials Science,PT,2017,4
Materials Science,PT,2018,4
Materials Science,PT,2019,4
Materials Science,PT,2020,4
Materials Science,PT,2021,4
Materials Science,PT,2022,4
Materials Science,PT,2023,3
Materials Science,PT,2024,3
Materials Science,QA,2015,1
Materials Science,QA,2016,1
Materials Science,RU,2015,6
Materials Science,RU,2016,7
Materials Science,RU,2017,6
Materials Science,RU,2018,9
Materials Science,RU,2019,9
Materials Science,RU,2020,10
Materials Science,RU,2021,9
Materials Science,RU,2022,11
Materials Science,RU,2023,10
Materials Science,RU,2024,10
Materials Science,SA,2015,5
Materials Science,SA,2016,7
Materials Science,SA,2017,10
Materials Science,SA,2018,12
Materials Science,SA,2019,9
Materials Science,SA,2020,8
Materials Science,SA,2021,8
Materials Science,SA,2022,9
Materials Science,SA,2023,11
Materials Science,SA,2024,11
Materials Science,SD,2023,1
Materials Science,SD,2024,1
Materials Science,SE,2015,4
Materials Science,SE,2016,4
Materials Science,SE,2017,4
Materials Science,SE,2018,4
Materials Science,SE,2019,4
Materials Science,SE,2020,4
Materials Science,SE,2021,4
Materials Science,SE,2022,4
Materials Science,SE,2023,4
Materials Science,SE,2024,3
Materials Science,SG,2015,14
Materials Science,SG,2016,17
Materials Science,SG,2017,19
Materials Science,SG,2018,21
Materials Science,SG,2019,23
Materials Science,SG,2020,25
Materials Science,SG,2021,28
Materials Science,SG,2022,31
Materials Science,SG,2023,37
Materials Science,SG,2024,39
Materials Science,SI,2015,1
Materials Science,SI,2016,1
Materials Science,SI,2017,1
Materials Science,SI,2018,1
Materials Science,SI,2019,1
Materials Science,SI,2020,1
Materials Science,SI,2021,1
Materials Science,SI,2022,1
Materials Science,SK,2017,1
Materials Science,SK,2018,1
Materials Science,SK,2019,1
Materials Science,SK,2020,1
Materials Science,SK,2021,1
Materials Science,SK,2022,1
Materials Science,SK,2023,1
Materials Science,SK,2024,1
Materials Science,SS,2023,2
Materials Science,SS,2024,2
Materials Science,TW,2015,5
Materials Science,TW,2016,7
Materials Science,TW,2017,7
Materials Science,TW,2018,7
Materials Science,TW,2019,8
Materials Science,TW,2020,7
Materials Science,TW,2021,7
Materials Science,TW,2022,7
Materials Science,TW,2023,6
Materials Science,TW,2024,6
Materials Science,UA,2015,4
Materials Science,UA,2016,4
Materials Science,UA,2017,4
Materials Science,UA,2018,4
Materials Science,UA,2019,4
Materials Science,UA,2020,4
Materials Science,UA,2021,4
Materials Science,UA,2022,4
Materials Science,UA,2023,4
Materials Science,UA,2024,4
Materials Science,US,2015,306
Materials Science,US,2016,305
Materials Science,US,2017,308
Materials Science,US,2018,310
Materials Science,US,2019,306
Materials Science,US,2020,303
Materials Science,US,2021,301
Materials Science,US,2022,299
Materials Science,US,2023,286
Materials Science,US,2024,277
Materials Science,UZ,2015,2
Materials Science,UZ,2016,2
Materials Science,UZ,2017,2
Materials Science,UZ,2018,2
Materials Science,UZ,2019,2
Materials Science,UZ,2020,2
Materials Science,UZ,2021,1
Materials Science,UZ,2022,1
Materials Science,UZ,2023,1
Materials Science,UZ,2024,1
Materials Science,ZA,2015,1
Mathematics,AT,2015,1
Mathematics,AT,2016,1
Mathematics,AT,2017,1
Mathematics,AT,2018,1
Mathematics,AT,2019,1
Mathematics,AT,2020,1
Mathematics,AT,2021,2
Mathematics,AT,2022,2
Mathematics,AT,2023,2
Mathematics,AT,2024,2
Mathematics,AU,2015,6
Mathematics,AU,2016,6
Mathematics,AU,2017,7
Mathematics,AU,2018,7
Mathematics,AU,2019,6
Mathematics,AU,2020,7
Mathematics,AU,2021,7
Mathematics,AU,2022,7
Mathematics,AU,2023,8
Mathematics,AU,2024,8
Mathematics,AZ,2021,1
Mathematics,AZ,2022,1
Mathematics,AZ,2023,1
Mathematics,AZ,2024,1
Mathematics,BE,2015,2
Mathematics,BE,2016,2
Mathematics,BE,2017,2
Mathematics,BE,2018,2
Mathematics,BE,2019,2
Mathematics,BE,2020,3
Mathematics,BE,2021,3
Mathematics,BE,2022,3
Mathematics,BE,2023,3
Mathematics,BE,2024,3
Mathematics,CA,2015,8
Mathematics,CA,2016,8
Mathematics,CA,2017,7
Mathematics,CA,2018,8
Mathematics,CA,2019,8
Mathematics,CA,2020,8
Mathematics,CA,2021,9
Mathematics,CA,2022,9
Mathematics,CA,2023,9
Mathematics,CA,2024,9
Mathematics,CH,2015,1
Mathematics,CH,2016,1
Mathematics,CH,2017,1
Mathematics,CH,2018,1
Mathematics,CH,2019,1
Mathematics,CH,2020,2
Mathematics,CH,2021,3
Mathematics,CH,2022,3
Mathematics,CH,2023,3
Mathematics,CH,2024,3
Mathematics,CN,2015,2
Mathematics,CN,2016,2
Mathematics,CN,2017,2
Mathematics,CN,2018,2
Mathematics,CN,2019,2
Mathematics,CN,2020,2
Mathematics,CN,2021,2
Mathematics,CN,2022,2
Mathematics,CN,2023,2
Mathematics,CN,2024,3
Mathematics,CNX,2015,3
Mathematics,CNX,2016,3
Mathematics,CNX,2017,3
Mathematics,CNX,2018,4
Mathematics,CNX,2019,4
Mathematics,CNX,2020,5
Mathematics,CNX,2021,5
Mathematics,CNX,2022,5
Mathematics,CNX,2023,5
Mathematics,CNX,2024,6
Mathematics,DE,2015,4
Mathematics,DE,2016,4
Mathematics,DE,2017,4
Mathematics,DE,2018,4
Mathematics,DE,2019,4
Mathematics,DE,2020,4
Mathematics,DE,2021,3
Mathematics,DE,2022,3
Mathematics,DE,2023,3
Mathematics,DE,2024,3
Mathematics,DK,2015,2
Mathematics,DK,2016,2
Mathematics,DK,2017,2
Mathematics,DK,2018,2
Mathematics,DK,2019,2
Mathematics,DK,2020,1
Mathematics,DK,2021,1
Mathematics,DK,2022,1
Mathematics,DK,2023,1
Mathematics,DK,2024,1
Mathematics,EG,2015,1
Mathematics,EG,2016,1
Mathematics,EG,2017,1
Mathematics,EG,2018,1
Mathematics,EG,2019,1
Mathematics,EG,2020,1
Mathematics,EG,2021,1
Mathematics,EG,2022,1
Mathematics,EG,2023,1
Mathematics,EG,2024,1
Mathematics,FR,2015,3
Mathematics,FR,2016,3
Mathematics,FR,2017,3
Mathematics,FR,2018,3
Mathematics,FR,2019,3
Mathematics,FR,2020,3
Mathematics,FR,2021,3
Mathematics,FR,2022,4
Mathematics,FR,2023,4
Mathematics,FR,2024,4
Mathematics,GB,2015,20
Mathematics,GB,2016,19
Mathematics,GB,2017,21
Mathematics,GB,2018,23
Mathematics,GB,2019,22
Mathematics,GB,2020,21
Mathematics,GB,2021,21
Mathematics,GB,2022,21
Mathematics,GB,2023,21
Mathematics,GB,2024,20
Mathematics,HR,2018,1
Mathematics,HR,2019,1
Mathematics,HR,2020,1
Mathematics,HR,2021,1
Mathematics,HR,2022,1
Mathematics,HR,2023,1
Mathematics,HR,2024,1
Mathematics,IL,2015,2
Mathematics,IL,2016,3
Mathematics,IL,2017,3
Mathematics,IL,2018,3
Mathematics,IL,2019,3
Mathematics,IL,2020,3
Mathematics,IL,2021,3
Mathematics,IL,2022,4
Mathematics,IL,2023,4
Mathematics,IL,2024,4
Mathematics,IN,2020,1
Mathematics,IN,2021,1
Mathematics,IN,2022,1
Mathematics,IN,2023,1
Mathematics,IN,2024,1
Mathematics,IR,2022,1
Mathematics,IR,2023,1
Mathematics,IR,2024,1
Mathematics,IT,2022,1
Mathematics,IT,2023,1
Mathematics,IT,2024,1
Mathematics,JP,2015,1
Mathematics,JP,2016,1
Mathematics,JP,2017,1
Mathematics,JP,2018,1
Mathematics,JP,2019,1
Mathematics,JP,2020,1
Mathematics,JP,2021,1
Mathematics,JP,2022,1
Mathematics,JP,2023,1
Mathematics,JP,2024,1
Mathematics,KR,2015,1
Mathematics,KR,2016,1
Mathematics,KR,2017,1
Mathematics,KR,2018,1
Mathematics,KR,2019,1
Mathematics,KR,2020,1
Mathematics,KR,2021,1
Mathematics,KR,2022,1
Mathematics,KR,2023,1
Mathematics,KR,2024,2
Mathematics,LB,2024,1
Mathematics,NL,2015,2
Mathematics,NL,2016,2
Mathematics,NL,2017,2
Mathematics,NL,2018,2
Mathematics,NL,2019,2
Mathematics,NL,2020,3
Mathematics,NL,2021,3
Mathematics,NL,2022,3
Mathematics,NL,2023,3
Mathematics,NL,2024,3
Mathematics,RO,2020,1
Mathematics,RO,2021,1
Mathematics,RO,2022,1
Mathematics,RO,2023,1
Mathematics,RO,2024,1
Mathematics,RS,2018,1
Mathematics,RS,2019,1
Mathematics,RS,2020,1
Mathematics,RS,2021,1
Mathematics,RS,2022,1
Mathematics,RS,2023,1
Mathematics,RS,2024,1
Mathematics,SA,2015,1
Mathematics,SA,2016,1
Mathematics,SA,2017,1
Mathematics,SA,2018,1
Mathematics,SA,2019,1
Mathematics,SA,2020,1
Mathematics,SA,2021,2
Mathematics,SA,2022,2
Mathematics,SA,2023,1
Mathematics,SA,2024,1
Mathematics,SE,2015,2
Mathematics,SE,2016,2
Mathematics,SE,2017,2
Mathematics,SE,2018,2
Mathematics,SE,2019,2
Mathematics,SE,2020,2
Mathematics,SE,2021,2
Mathematics,SE,2022,2
Mathematics,SE,2023,2
Mathematics,SE,2024,2
Mathematics,SG,2015,1
Mathematics,SG,2016,1
Mathematics,SG,2017,1
Mathematics,SG,2018,1
Mathematics,SG,2019,1
Mathematics,SG,2020,1
Mathematics,SG,2021,1
Mathematics,SG,2022,1
Mathematics,SG,2023,1
Mathematics,SG,2024,1
Mathematics,SK,2015,2
Mathematics,SK,2016,2
Mathematics,SK,2017,2
Mathematics,SK,2018,2
Mathematics,SK,2019,2
Mathematics,SK,2020,2
Mathematics,SK,2021,3
Mathematics,SK,2022,3
Mathematics,SK,2023,3
Mathematics,SK,2024,3
Mathematics,TR,2020,1
Mathematics,TR,2021,1
Mathematics,TR,2022,1
Mathematics,TR,2023,1
Mathematics,TR,2024,1
Mathematics,TW,2015,1
Mathematics,TW,2016,1
Mathematics,TW,2017,1
Mathematics,TW,2018,2
Mathematics,TW,2019,2
Mathematics,TW,2020,3
Mathematics,TW,2021,3
Mathematics,TW,2022,3
Mathematics,TW,2023,3
Mathematics,TW,2024,3
Mathematics,US,2015,127
Mathematics,US,2016,128
Mathematics,US,2017,126
Mathematics,US,2018,124
Mathematics,US,2019,125
Mathematics,US,2020,123
Mathematics,US,2021,120
Mathematics,US,2022,119
Mathematics,US,2023,119
Mathematics,US,2024,118
Mathematics,ZA,2015,1
Mathematics,ZA,2016,1
Mathematics,ZA,2017,1
Mathematics,ZA,2018,1
Mathematics,ZA,2019,1
Mathematics,ZA,2020,1
Mathematics,ZA,2021,1
Mathematics,ZA,2022,1
Mathematics,ZA,2023,1
Mathematics,ZA,2024,1
Medicine,AE,2015,2
Medicine,AE,2016,2
Medicine,AE,2017,2
Medicine,AE,2018,2
Medicine,AE,2019,2
Medicine,AE,2020,3
Medicine,AE,2021,3
Medicine,AE,2022,2
Medicine,AE,2023,2
Medicine,AE,2024,2
Medicine,AR,2015,1
Medicine,AT,2015,36
Medicine,AT,2016,38
Medicine,AT,2017,38
Medicine,AT,2018,36
Medicine,AT,2019,34
Medicine,AT,2020,34
Medicine,AT,2021,35
Medicine,AT,2022,34
Medicine,AT,2023,32
Medicine,AT,2024,33
Medicine,AU,2015,188
Medicine,AU,2016,199
Medicine,AU,2017,205
Medicine,AU,2018,214
Medicine,AU,2019,223
Medicine,AU,2020,235
Medicine,AU,2021,247
Medicine,AU,2022,253
Medicine,AU,2023,256
Medicine,AU,2024,260
Medicine,BB,2015,1
Medicine,BB,2016,1
Medicine,BB,2017,1
Medicine,BB,2018,1
Medicine,BB,2019,1
Medicine,BB,2020,1
Medicine,BB,2021,1
Medicine,BB,2022,1
Medicine,BB,2023,1
Medicine,BB,2024,1
Medicine,BD,2015,1
Medicine,BD,2016,1
Medicine,BD,2017,1
Medicine,BD,2018,1
Medicine,BD,2019,1
Medicine,BD,2020,1
Medicine,BD,2021,1
Medicine,BD,2022,1
Medicine,BD,2023,2
Medicine,BD,2024,2
Medicine,BE,2015,74
Medicine,BE,2016,74
Medicine,BE,2017,78
Medicine,BE,2018,79
Medicine,BE,2019,81
Medicine,BE,2020,83
Medicine,BE,2021,86
Medicine,BE,2022,87
Medicine,BE,2023,91
Medicine,BE,2024,89
Medicine,BG,2015,3
Medicine,BG,2016,3
Medicine,BG,2017,2
Medicine,BG,2018,2
Medicine,BG,2019,2
Medicine,BG,2020,2
Medicine,BG,2021,2
Medicine,BG,2022,2
Medicine,BG,2023,3
Medicine,BG,2024,3
Medicine,BR,2015,14
Medicine,BR,2016,14
Medicine,BR,2017,15
Medicine,BR,2018,16
Medicine,BR,2019,17
Medicine,BR,2020,19
Medicine,BR,2021,20
Medicine,BR,2022,20
Medicine,BR,2023,21
Medicine,BR,2024,22
Medicine,BY,2015,2
Medicine,BY,2016,2
Medicine,BY,2017,2
Medicine,BY,2018,3
Medicine,BY,2019,3
Medicine,BY,2020,2
Medicine,BY,2021,2
Medicine,BY,2022,2
Medicine,BY,2023,2
Medicine,BY,2024,2
Medicine,CA,2015,347
Medicine,CA,2016,344
Medicine,CA,2017,341
Medicine,CA,2018,349
Medicine,CA,2019,350
Medicine,CA,2020,348
Medicine,CA,2021,342
Medicine,CA,2022,338
Medicine,CA,2023,332
Medicine,CA,2024,325
Medicine,CH,2015,111
Medicine,CH,2016,111
Medicine,CH,2017,113
Medicine,CH,2018,116
Medicine,CH,2019,121
Medicine,CH,2020,125
Medicine,CH,2021,127
Medicine,CH,2022,135
Medicine,CH,2023,134
Medicine,CH,2024,132
Medicine,CL,2015,2
Medicine,CL,2016,2
Medicine,CL,2017,2
Medicine,CL,2018,3
Medicine,CL,2019,2
Medicine,CL,2020,2
Medicine,CL,2021,2
Medicine,CL,2022,1
Medicine,CL,2023,1
Medicine,CL,2024,1
Medicine,CM,2015,7
Medicine,CM,2016,7
Medicine,CM,2017,6
Medicine,CM,2018,5
Medicine,CM,2019,5
Medicine,CM,2020,3
Medicine,CM,2021,3
Medicine,CM,2022,3
Medicine,CM,2023,2
Medicine,CM,2024,2
Medicine,CN,2015,32
Medicine,CN,2016,37
Medicine,CN,2017,42
Medicine,CN,2018,45
Medicine,CN,2019,52
Medicine,CN,2020,59
Medicine,CN,2021,84
Medicine,CN,2022,111
Medicine,CN,2023,122
Medicine,CN,2024,132
Medicine,CNX,2015,52
Medicine,CNX,2016,56
Medicine,CNX,2017,59
Medicine,CNX,2018,62
Medicine,CNX,2019,69
Medicine,CNX,2020,80
Medicine,CNX,2021,109
Medicine,CNX,2022,137
Medicine,CNX,2023,149
Medicine,CNX,2024,159
Medicine,CO,2015,1
Medicine,CO,2016,1
Medicine,CO,2017,1
Medicine,CO,2018,1
Medicine,CO,2019,1
Medicine,CO,2020,1
Medicine,CO,2021,1
Medicine,CO,2022,1
Medicine,CO,2023,1
Medicine,CO,2024,1
Medicine,CR,2015,1
Medicine,CR,2016,1
Medicine,CR,2017,1
Medicine,CR,2018,1
Medicine,CR,2019,1
Medicine,CR,2020,1
Medicine,CR,2021,1
Medicine,CR,2022,1
Medicine,CR,2023,1
Medicine,CR,2024,1
Medicine,CY,2015,1
Medicine,CY,2016,1
Medicine,CY,2017,1
Medicine,CY,2018,1
Medicine,CY,2019,1
Medicine,CY,2020,1
Medicine,CY,2021,2
Medicine,CY,2022,2
Medicine,CY,2023,2
Medicine,CY,2024,2
Medicine,CZ,2015,11
Medicine,CZ,2016,10
Medicine,CZ,2017,10
Medicine,CZ,2018,9
Medicine,CZ,2019,7
Medicine,CZ,2020,9
Medicine,CZ,2021,10
Medicine,CZ,2022,10
Medicine,CZ,2023,10
Medicine,CZ,2024,11
Medicine,DE,2015,311
Medicine,DE,2016,314
Medicine,DE,2017,315
Medicine,DE,2018,317
Medicine,DE,2019,333
Medicine,DE,2020,337
Medicine,DE,2021,344
Medicine,DE,2022,357
Medicine,DE,2023,366
Medicine,DE,2024,370
Medicine,DK,2015,66
Medicine,DK,2016,69
Medicine,DK,2017,72
Medicine,DK,2018,74
Medicine,DK,2019,73
Medicine,DK,2020,74
Medicine,DK,2021,78
Medicine,DK,2022,82
Medicine,DK,2023,85
Medicine,DK,2024,87
Medicine,EE,2024,1
Medicine,EG,2021,1
Medicine,EG,2022,1
Medicine,EG,2023,1
Medicine,EG,2024,1
Medicine,ES,2015,66
Medicine,ES,2016,69
Medicine,ES,2017,74
Medicine,ES,2018,78
Medicine,ES,2019,85
Medicine,ES,2020,88
Medicine,ES,2021,90
Medicine,ES,2022,96
Medicine,ES,2023,97
Medicine,ES,2024,101
Medicine,ET,2015,1
Medicine,ET,2016,1
Medicine,ET,2017,1
Medicine,ET,2018,1
Medicine,ET,2019,1
Medicine,ET,2020,2
Medicine,ET,2021,3
Medicine,ET,2022,4
Medicine,ET,2023,4
Medicine,ET,2024,4
Medicine,FI,2015,61
Medicine,FI,2016,58
Medicine,FI,2017,58
Medicine,FI,2018,58
Medicine,FI,2019,58
Medicine,FI,2020,63
Medicine,FI,2021,62
Medicine,FI,2022,59
Medicine,FI,2023,58
Medicine,FI,2024,57
Medicine,FR,2015,213
Medicine,FR,2016,212
Medicine,FR,2017,217
Medicine,FR,2018,216
Medicine,FR,2019,221
Medicine,FR,2020,226
Medicine,FR,2021,234
Medicine,FR,2022,230
Medicine,FR,2023,229
Medicine,FR,2024,234
Medicine,GA,2015,1
Medicine,GA,2016,1
Medicine,GA,2017,1
Medicine,GA,2018,1
Medicine,GA,2019,1
Medicine,GA,2020,1
Medicine,GA,2021,1
Medicine,GA,2022,1
Medicine,GA,2023,1
Medicine,GA,2024,1
Medicine,GB,2015,713
Medicine,GB,2016,715
Medicine,GB,2017,715
Medicine,GB,2018,710
Medicine,GB,2019,711
Medicine,GB,2020,716
Medicine,GB,2021,713
Medicine,GB,2022,719
Medicine,GB,2023,723
Medicine,GB,2024,735
Medicine,GD,2021,1
Medicine,GD,2022,1
Medicine,GD,2023,1
Medicine,GD,2024,1
Medicine,GM,2015,3
Medicine,GM,2016,3
Medicine,GM,2017,3
Medicine,GM,2018,3
Medicine,GM,2019,3
Medicine,GM,2020,2
Medicine,GM,2021,3
Medicine,GM,2022,3
Medicine,GM,2023,3
Medicine,GM,2024,3
Medicine,GR,2015,12
Medicine,GR,2016,12
Medicine,GR,2017,12
Medicine,GR,2018,11
Medicine,GR,2019,11
Medicine,GR,2020,11
Medicine,GR,2021,12
Medicine,GR,2022,13
Medicine,GR,2023,13
Medicine,GR,2024,14
Medicine,GT,2015,1
Medicine,GT,2016,1
Medicine,GT,2017,1
Medicine,GT,2018,1
Medicine,GT,2019,1
Medicine,GT,2020,1
Medicine,GT,2021,1
Medicine,GT,2022,1
Medicine,GT,2023,1
Medicine,HK,2015,26
Medicine,HK,2016,29
Medicine,HK,2017,30
Medicine,HK,2018,30
Medicine,HK,2019,31
Medicine,HK,2020,35
Medicine,HK,2021,37
Medicine,HK,2022,39
Medicine,HK,2023,40
Medicine,HK,2024,40
Medicine,HU,2015,4
Medicine,HU,2016,4
Medicine,HU,2017,3
Medicine,HU,2018,2
Medicine,HU,2019,2
Medicine,HU,2020,3
Medicine,HU,2021,2
Medicine,HU,2022,2
Medicine,HU,2023,2
Medicine,HU,2024,2
Medicine,ID,2015,1
Medicine,ID,2016,1
Medicine,IE,2015,15
Medicine,IE,2016,17
Medicine,IE,2017,16
Medicine,IE,2018,15
Medicine,IE,2019,16
Medicine,IE,2020,17
Medicine,IE,2021,17
Medicine,IE,2022,20
Medicine,IE,2023,21
Medicine,IE,2024,23
Medicine,IL,2015,40
Medicine,IL,2016,41
Medicine,IL,2017,40
Medicine,IL,2018,40
Medicine,IL,2019,36
Medicine,IL,2020,31
Medicine,IL,2021,31
Medicine,IL,2022,32
Medicine,IL,2023,33
Medicine,IL,2024,28
Medicine,IN,2015,15
Medicine,IN,2016,18
Medicine,IN,2017,17
Medicine,IN,2018,19
Medicine,IN,2019,21
Medicine,IN,2020,23
Medicine,IN,2021,22
Medicine,IN,2022,24
Medicine,IN,2023,24
Medicine,IN,2024,25
Medicine,IR,2016,2
Medicine,IR,2017,2
Medicine,IR,2018,2
Medicine,IR,2019,2
Medicine,IR,2020,2
Medicine,IR,2021,3
Medicine,IR,2022,3
Medicine,IR,2023,3
Medicine,IR,2024,4
Medicine,IS,2022,1
Medicine,IS,2023,1
Medicine,IS,2024,1
Medicine,IT,2015,182
Medicine,IT,2016,191
Medicine,IT,2017,191
Medicine,IT,2018,195
Medicine,IT,2019,194
Medicine,IT,2020,204
Medicine,IT,2021,209
Medicine,IT,2022,219
Medicine,IT,2023,231
Medicine,IT,2024,237
Medicine,JO,2021,1
Medicine,JO,2022,1
Medicine,JO,2023,1
Medicine,JO,2024,1
Medicine,JP,2015,196
Medicine,JP,2016,200
Medicine,JP,2017,195
Medicine,JP,2018,194
Medicine,JP,2019,188
Medicine,JP,2020,185
Medicine,JP,2021,176
Medicine,JP,2022,176
Medicine,JP,2023,166
Medicine,JP,2024,163
Medicine,KE,2015,7
Medicine,KE,2016,8
Medicine,KE,2017,8
Medicine,KE,2018,9
Medicine,KE,2019,9
Medicine,KE,2020,9
Medicine,KE,2021,9
Medicine,KE,2022,9
Medicine,KE,2023,9
Medicine,KE,2024,9
Medicine,KH,2019,1
Medicine,KH,2020,1
Medicine,KH,2021,1
Medicine,KH,2022,1
Medicine,KH,2023,1
Medicine,KH,2024,1
Medicine,KR,2015,11
Medicine,KR,2016,10
Medicine,KR,2017,10
Medicine,KR,2018,12
Medicine,KR,2019,13
Medicine,KR,2020,17
Medicine,KR,2021,19
Medicine,KR,2022,21
Medicine,KR,2023,20
Medicine,KR,2024,19
Medicine,KW,2015,1
Medicine,KW,2016,1
Medicine,KW,2017,1
Medicine,KW,2018,1
Medicine,KW,2019,1
Medicine,KW,2020,1
Medicine,KW,2021,1
Medicine,KW,2022,1
Medicine,KW,2023,1
Medicine,KW,2024,1
Medicine,LB,2015,1
Medicine,LB,2016,3
Medicine,LB,2017,3
Medicine,LB,2018,2
Medicine,LB,2019,2
Medicine,LB,2020,1
Medicine,LB,2021,1
Medicine,LB,2022,1
Medicine,LB,2023,1
Medicine,LB,2024,1
Medicine,LU,2023,1
Medicine,LU,2024,1
Medicine,MA,2015,3
Medicine,MA,2016,3
Medicine,MA,2017,3
Medicine,MA,2018,3
Medicine,MA,2019,2
Medicine,MA,2020,1
Medicine,MA,2021,1
Medicine,MA,2022,1
Medicine,MA,2023,1
Medicine,MA,2024,1
Medicine,MC,2022,1
Medicine,MC,2023,1
Medicine,MC,2024,1
Medicine,MM,2015,1
Medicine,MM,2016,1
Medicine,MM,2017,1
Medicine,MO,2024,1
Medicine,MQ,2015,1
Medicine,MQ,2016,1
Medicine,MQ,2017,1
Medicine,MQ,2018,1
Medicine,MQ,2019,1
Medicine,MQ,2020,1
Medicine,MQ,2021,1
Medicine,MQ,2022,1
Medicine,MX,2015,4
Medicine,MX,2016,4
Medicine,MX,2017,5
Medicine,MX,2018,5
Medicine,MX,2019,5
Medicine,MX,2020,6
Medicine,MX,2021,7
Medicine,MX,2022,7
Medicine,MX,2023,6
Medicine,MX,2024,6
Medicine,MY,2015,7
Medicine,MY,2016,7
Medicine,MY,2017,7
Medicine,MY,2018,5
Medicine,MY,2019,6
Medicine,MY,2020,3
Medicine,MY,2021,3
Medicine,MY,2022,2
Medicine,MY,2023,1
Medicine,MY,2024,1
Medicine,MZ,2017,1
Medicine,MZ,2018,1
Medicine,MZ,2019,1
Medicine,MZ,2020,1
Medicine,MZ,2021,1
Medicine,MZ,2022,1
Medicine,NE,2015,1
Medicine,NE,2016,1
Medicine,NE,2017,1
Medicine,NE,2018,1
Medicine,NE,2019,1
Medicine,NE,2020,1
Medicine,NE,2021,1
Medicine,NE,2022,1
Medicine,NE,2023,1
Medicine,NL,2015,239
Medicine,NL,2016,246
Medicine,NL,2017,253
Medicine,NL,2018,258
Medicine,NL,2019,265
Medicine,NL,2020,268
Medicine,NL,2021,279
Medicine,NL,2022,277
Medicine,NL,2023,286
Medicine,NL,2024,289
Medicine,NO,2015,30
Medicine,NO,2016,29
Medicine,NO,2017,29
Medicine,NO,2018,30
Medicine,NO,2019,31
Medicine,NO,2020,35
Medicine,NO,2021,37
Medicine,NO,2022,38
Medicine,NO,2023,36
Medicine,NO,2024,36
Medicine,NP,2015,1
Medicine,NZ,2015,20
Medicine,NZ,2016,18
Medicine,NZ,2017,21
Medicine,NZ,2018,22
Medicine,NZ,2019,23
Medicine,NZ,2020,21
Medicine,NZ,2021,20
Medicine,NZ,2022,22
Medicine,NZ,2023,20
Medicine,NZ,2024,20
Medicine,PA,2015,1
Medicine,PA,2016,1
Medicine,PA,2017,1
Medicine,PA,2018,1
Medicine,PA,2019,1
Medicine,PA,2020,1
Medicine,PA,2021,1
Medicine,PA,2022,1
Medicine,PA,2023,1
Medicine,PA,2024,1
Medicine,PE,2015,1
Medicine,PE,2016,1
Medicine,PE,2017,1
Medicine,PE,2018,1
Medicine,PE,2019,1
Medicine,PE,2020,1
Medicine,PE,2021,1
Medicine,PE,2022,1
Medicine,PE,2023,1
Medicine,PE,2024,1
Medicine,PH,2015,1
Medicine,PH,2016,1
Medicine,PH,2017,1
Medicine,PH,2018,1
Medicine,PH,2019,1
Medicine,PH,2020,2
Medicine,PH,2021,2
Medicine,PH,2022,2
Medicine,PH,2023,2
Medicine,PH,2024,1
Medicine,PK,2015,11
Medicine,PK,2016,9
Medicine,PK,2017,9
Medicine,PK,2018,9
Medicine,PK,2019,10
Medicine,PK,2020,11
Medicine,PK,2021,11
Medicine,PK,2022,11
Medicine,PK,2023,11
Medicine,PK,2024,11
Medicine,PL,2015,15
Medicine,PL,2016,14
Medicine,PL,2017,14
Medicine,PL,2018,15
Medicine,PL,2019,13
Medicine,PL,2020,15
Medicine,PL,2021,14
Medicine,PL,2022,15
Medicine,PL,2023,15
Medicine,PL,2024,16
Medicine,PR,2015,2
Medicine,PR,2016,1
Medicine,PR,2017,1
Medicine,PR,2018,1
Medicine,PR,2019,1
Medicine,PR,2020,1
Medicine,PR,2021,1
Medicine,PR,2022,2
Medicine,PR,2023,2
Medicine,PR,2024,2
Medicine,PS,2015,2
Medicine,PS,2016,2
Medicine,PS,2017,2
Medicine,PS,2018,1
Medicine,PS,2019,2
Medicine,PS,2020,3
Medicine,PS,2021,3
Medicine,PS,2022,4
Medicine,PS,2023,3
Medicine,PS,2024,3
Medicine,PT,2015,2
Medicine,PT,2016,3
Medicine,PT,2017,3
Medicine,PT,2018,3
Medicine,PT,2019,4
Medicine,PT,2020,4
Medicine,PT,2021,4
Medicine,PT,2022,7
Medicine,PT,2023,7
Medicine,PT,2024,7
Medicine,QA,2017,2
Medicine,QA,2018,2
Medicine,QA,2019,1
Medicine,QA,2020,1
Medicine,QA,2021,1
Medicine,QA,2022,2
Medicine,QA,2023,2
Medicine,QA,2024,3
Medicine,RS,2016,2
Medicine,RS,2017,2
Medicine,RS,2018,3
Medicine,RS,2019,2
Medicine,RS,2020,2
Medicine,RS,2021,1
Medicine,RS,2022,1
Medicine,RS,2023,1
Medicine,RS,2024,1
Medicine,RU,2015,9
Medicine,RU,2016,9
Medicine,RU,2017,9
Medicine,RU,2018,8
Medicine,RU,2019,8
Medicine,RU,2020,14
Medicine,RU,2021,14
Medicine,RU,2022,14
Medicine,RU,2023,14
Medicine,RU,2024,15
Medicine,SA,2015,4
Medicine,SA,2016,3
Medicine,SA,2017,6
Medicine,SA,2018,7
Medicine,SA,2019,7
Medicine,SA,2020,7
Medicine,SA,2021,7
Medicine,SA,2022,7
Medicine,SA,2023,10
Medicine,SA,2024,11
Medicine,SE,2015,131
Medicine,SE,2016,131
Medicine,SE,2017,125
Medicine,SE,2018,123
Medicine,SE,2019,120
Medicine,SE,2020,126
Medicine,SE,2021,124
Medicine,SE,2022,121
Medicine,SE,2023,122
Medicine,SE,2024,123
Medicine,SG,2015,19
Medicine,SG,2016,19
Medicine,SG,2017,20
Medicine,SG,2018,20
Medicine,SG,2019,21
Medicine,SG,2020,22
Medicine,SG,2021,27
Medicine,SG,2022,31
Medicine,SG,2023,31
Medicine,SG,2024,33
Medicine,SK,2015,2
Medicine,SK,2016,1
Medicine,SK,2017,1
Medicine,SK,2018,1
Medicine,SK,2019,1
Medicine,SK,2020,1
Medicine,SK,2021,1
Medicine,SK,2022,1
Medicine,TH,2015,3
Medicine,TH,2016,5
Medicine,TH,2017,4
Medicine,TH,2018,4
Medicine,TH,2019,4
Medicine,TH,2020,5
Medicine,TH,2021,4
Medicine,TH,2022,4
Medicine,TH,2023,4
Medicine,TH,2024,4
Medicine,TN,2021,1
Medicine,TR,2020,2
Medicine,TR,2021,2
Medicine,TR,2022,4
Medicine,TR,2023,7
Medicine,TR,2024,7
Medicine,TW,2015,14
Medicine,TW,2016,13
Medicine,TW,2017,12
Medicine,TW,2018,12
Medicine,TW,2019,12
Medicine,TW,2020,13
Medicine,TW,2021,18
Medicine,TW,2022,19
Medicine,TW,2023,19
Medicine,TW,2024,19
Medicine,TZ,2015,3
Medicine,TZ,2016,3
Medicine,TZ,2017,3
Medicine,TZ,2018,2
Medicine,TZ,2019,2
Medicine,TZ,2020,1
Medicine,TZ,2021,1
Medicine,TZ,2022,1
Medicine,TZ,2023,1
Medicine,TZ,2024,1
Medicine,UG,2015,7
Medicine,UG,2016,7
Medicine,UG,2017,7
Medicine,UG,2018,7
Medicine,UG,2019,5
Medicine,UG,2020,5
Medicine,UG,2021,5
Medicine,UG,2022,5
Medicine,UG,2023,5
Medicine,UG,2024,4
Medicine,US,2015,3958
Medicine,US,2016,3913
Medicine,US,2017,3892
Medicine,US,2018,3861
Medicine,US,2019,3840
Medicine,US,2020,3792
Medicine,US,2021,3746
Medicine,US,2022,3688
Medicine,US,2023,3641
Medicine,US,2024,3610
Medicine,UY,2015,1
Medicine,UY,2016,1
Medicine,UY,2017,1
Medicine,UY,2018,1
Medicine,UY,2019,1
Medicine,UY,2020,1
Medicine,UY,2021,1
Medicine,UY,2022,1
Medicine,UY,2023,1
Medicine,UY,2024,1
Medicine,VE,2018,1
Medicine,VE,2019,1
Medicine,VE,2020,1
Medicine,VE,2021,1
Medicine,VE,2022,1
Medicine,VE,2023,1
Medicine,VE,2024,1
Medicine,VG,2015,1
Medicine,VG,2016,1
Medicine,VG,2017,1
Medicine,VG,2018,1
Medicine,VG,2019,1
Medicine,VG,2020,1
Medicine,VG,2021,1
Medicine,VG,2022,1
Medicine,VG,2023,1
Medicine,VG,2024,1
Medicine,VN,2015,10
Medicine,VN,2016,9
Medicine,VN,2017,8
Medicine,VN,2018,8
Medicine,VN,2019,9
Medicine,VN,2020,10
Medicine,VN,2021,10
Medicine,VN,2022,10
Medicine,VN,2023,10
Medicine,VN,2024,9
Medicine,YE,2024,1
Medicine,ZA,2015,41
Medicine,ZA,2016,37
Medicine,ZA,2017,39
Medicine,ZA,2018,37
Medicine,ZA,2019,38
Medicine,ZA,2020,41
Medicine,ZA,2021,39
Medicine,ZA,2022,39
Medicine,ZA,2023,37
Medicine,ZA,2024,38
Medicine,ZM,2015,1
Medicine,ZM,2016,1
Medicine,ZM,2017,1
Medicine,ZM,2018,1
Medicine,ZM,2019,1
Medicine,ZM,2020,1
Medicine,ZM,2021,1
Medicine,ZM,2022,1
Medicine,ZM,2023,1
Medicine,ZM,2024,1
Neuroscience,AT,2017,1
Neuroscience,AT,2018,1
Neuroscience,AT,2019,1
Neuroscience,AU,2015,2
Neuroscience,AU,2016,2
Neuroscience,AU,2017,2
Neuroscience,AU,2018,2
Neuroscience,AU,2019,2
Neuroscience,AU,2020,2
Neuroscience,AU,2021,2
Neuroscience,AU,2022,2
Neuroscience,AU,2023,2
Neuroscience,AU,2024,2
Neuroscience,BE,2015,2
Neuroscience,BE,2016,2
Neuroscience,BE,2017,2
Neuroscience,BE,2018,2
Neuroscience,BE,2019,3
Neuroscience,BE,2020,2
Neuroscience,BE,2021,2
Neuroscience,BE,2022,2
Neuroscience,BE,2023,2
Neuroscience,BE,2024,2
Neuroscience,BG,2018,1
Neuroscience,BG,2019,1
Neuroscience,BG,2020,1
Neuroscience,BG,2021,1
Neuroscience,BG,2022,1
Neuroscience,BG,2023,1
Neuroscience,BG,2024,1
Neuroscience,BR,2016,1
Neuroscience,BR,2017,2
Neuroscience,BR,2018,2
Neuroscience,BR,2019,2
Neuroscience,BR,2020,2
Neuroscience,BR,2021,1
Neuroscience,BR,2022,1
Neuroscience,BR,2023,1
Neuroscience,BR,2024,1
Neuroscience,CA,2015,18
Neuroscience,CA,2016,16
Neuroscience,CA,2017,17
Neuroscience,CA,2018,16
Neuroscience,CA,2019,15
Neuroscience,CA,2020,13
Neuroscience,CA,2021,13
Neuroscience,CA,2022,13
Neuroscience,CA,2023,12
Neuroscience,CA,2024,13
Neuroscience,CH,2015,6
Neuroscience,CH,2016,7
Neuroscience,CH,2017,8
Neuroscience,CH,2018,8
Neuroscience,CH,2019,7
Neuroscience,CH,2020,7
Neuroscience,CH,2021,7
Neuroscience,CH,2022,8
Neuroscience,CH,2023,7
Neuroscience,CH,2024,6
Neuroscience,CN,2015,1
Neuroscience,CN,2016,1
Neuroscience,CN,2017,1
Neuroscience,CN,2018,1
Neuroscience,CN,2019,1
Neuroscience,CN,2020,1
Neuroscience,CN,2021,1
Neuroscience,CN,2022,1
Neuroscience,CN,2023,4
Neuroscience,CN,2024,4
Neuroscience,CNX,2015,1
Neuroscience,CNX,2016,1
Neuroscience,CNX,2017,1
Neuroscience,CNX,2018,1
Neuroscience,CNX,2019,1
Neuroscience,CNX,2020,1
Neuroscience,CNX,2021,1
Neuroscience,CNX,2022,1
Neuroscience,CNX,2023,4
Neuroscience,CNX,2024,4
Neuroscience,CZ,2015,2
Neuroscience,CZ,2016,2
Neuroscience,CZ,2017,2
Neuroscience,CZ,2018,1
Neuroscience,CZ,2019,1
Neuroscience,CZ,2020,1
Neuroscience,CZ,2021,2
Neuroscience,CZ,2022,2
Neuroscience,CZ,2023,2
Neuroscience,CZ,2024,2
Neuroscience,DE,2015,23
Neuroscience,DE,2016,23
Neuroscience,DE,2017,21
Neuroscience,DE,2018,20
Neuroscience,DE,2019,25
Neuroscience,DE,2020,28
Neuroscience,DE,2021,31
Neuroscience,DE,2022,32
Neuroscience,DE,2023,32
Neuroscience,DE,2024,35
Neuroscience,DK,2015,3
Neuroscience,DK,2016,4
Neuroscience,DK,2017,4
Neuroscience,DK,2018,4
Neuroscience,DK,2019,3
Neuroscience,DK,2020,4
Neuroscience,DK,2021,4
Neuroscience,DK,2022,4
Neuroscience,DK,2023,4
Neuroscience,DK,2024,5
Neuroscience,EE,2015,1
Neuroscience,EE,2016,1
Neuroscience,EE,2017,1
Neuroscience,EE,2018,1
Neuroscience,EE,2019,1
Neuroscience,EE,2020,1
Neuroscience,EE,2021,1
Neuroscience,EE,2022,1
Neuroscience,EE,2023,1
Neuroscience,EE,2024,1
Neuroscience,ES,2015,2
Neuroscience,ES,2016,2
Neuroscience,ES,2017,2
Neuroscience,ES,2018,2
Neuroscience,ES,2019,2
Neuroscience,ES,2020,2
Neuroscience,ES,2021,3
Neuroscience,ES,2022,3
Neuroscience,ES,2023,3
Neuroscience,ES,2024,3
Neuroscience,FI,2015,2
Neuroscience,FI,2016,2
Neuroscience,FI,2017,2
Neuroscience,FI,2018,2
Neuroscience,FI,2019,2
Neuroscience,FI,2020,2
Neuroscience,FI,2021,2
Neuroscience,FI,2022,2
Neuroscience,FI,2023,2
Neuroscience,FI,2024,2
Neuroscience,FR,2015,11
Neuroscience,FR,2016,11
Neuroscience,FR,2017,10
Neuroscience,FR,2018,10
Neuroscience,FR,2019,7
Neuroscience,FR,2020,8
Neuroscience,FR,2021,11
Neuroscience,FR,2022,10
Neuroscience,FR,2023,10
Neuroscience,FR,2024,10
Neuroscience,GB,2015,43
Neuroscience,GB,2016,44
Neuroscience,GB,2017,44
Neuroscience,GB,2018,44
Neuroscience,GB,2019,45
Neuroscience,GB,2020,46
Neuroscience,GB,2021,45
Neuroscience,GB,2022,49
Neuroscience,GB,2023,53
Neuroscience,GB,2024,55
Neuroscience,HU,2015,4
Neuroscience,HU,2016,4
Neuroscience,HU,2017,4
Neuroscience,HU,2018,4
Neuroscience,HU,2019,4
Neuroscience,HU,2020,4
Neuroscience,HU,2021,4
Neuroscience,HU,2022,4
Neuroscience,HU,2023,3
Neuroscience,HU,2024,2
Neuroscience,IE,2016,1
Neuroscience,IE,2017,1
Neuroscience,IE,2018,2
Neuroscience,IE,2019,3
Neuroscience,IE,2020,3
Neuroscience,IE,2021,3
Neuroscience,IE,2022,3
Neuroscience,IE,2023,3
Neuroscience,IE,2024,3
Neuroscience,IL,2015,1
Neuroscience,IL,2016,1
Neuroscience,IL,2017,1
Neuroscience,IL,2018,1
Neuroscience,IL,2019,1
Neuroscience,IN,2015,1
Neuroscience,IN,2016,1
Neuroscience,IN,2017,1
Neuroscience,IN,2018,1
Neuroscience,IN,2019,1
Neuroscience,IN,2020,1
Neuroscience,IN,2021,1
Neuroscience,IN,2022,1
Neuroscience,IN,2023,1
Neuroscience,IN,2024,1
Neuroscience,IT,2015,8
Neuroscience,IT,2016,9
Neuroscience,IT,2017,8
Neuroscience,IT,2018,8
Neuroscience,IT,2019,9
Neuroscience,IT,2020,9
Neuroscience,IT,2021,9
Neuroscience,IT,2022,8
Neuroscience,IT,2023,9
Neuroscience,IT,2024,10
Neuroscience,JP,2015,11
Neuroscience,JP,2016,10
Neuroscience,JP,2017,10
Neuroscience,JP,2018,11
Neuroscience,JP,2019,11
Neuroscience,JP,2020,10
Neuroscience,JP,2021,7
Neuroscience,JP,2022,5
Neuroscience,JP,2023,5
Neuroscience,JP,2024,5
Neuroscience,KE,2015,1
Neuroscience,KE,2016,1
Neuroscience,KE,2017,1
Neuroscience,KE,2018,1
Neuroscience,KE,2019,1
Neuroscience,KE,2020,1
Neuroscience,KE,2021,1
Neuroscience,KE,2022,1
Neuroscience,KE,2023,1
Neuroscience,KE,2024,1
Neuroscience,KR,2015,1
Neuroscience,KR,2016,1
Neuroscience,KR,2017,1
Neuroscience,KR,2018,1
Neuroscience,KR,2019,1
Neuroscience,KR,2020,2
Neuroscience,KR,2021,2
Neuroscience,KR,2022,2
Neuroscience,KR,2023,2
Neuroscience,KR,2024,2
Neuroscience,LT,2023,1
Neuroscience,LT,2024,1
Neuroscience,LU,2021,1
Neuroscience,LU,2022,1
Neuroscience,LU,2023,1
Neuroscience,LU,2024,1
Neuroscience,MX,2015,1
Neuroscience,MX,2016,1
Neuroscience,MX,2017,1
Neuroscience,MX,2018,1
Neuroscience,NL,2015,3
Neuroscience,NL,2016,4
Neuroscience,NL,2017,5
Neuroscience,NL,2018,6
Neuroscience,NL,2019,6
Neuroscience,NL,2020,6
Neuroscience,NL,2021,8
Neuroscience,NL,2022,8
Neuroscience,NL,2023,8
Neuroscience,NL,2024,8
Neuroscience,NO,2024,1
Neuroscience,NZ,2015,1
Neuroscience,NZ,2016,1
Neuroscience,NZ,2017,1
Neuroscience,NZ,2018,1
Neuroscience,NZ,2019,1
Neuroscience,NZ,2020,1
Neuroscience,NZ,2021,1
Neuroscience,NZ,2022,1
Neuroscience,NZ,2023,1
Neuroscience,NZ,2024,1
Neuroscience,PL,2024,1
Neuroscience,RU,2019,1
Neuroscience,RU,2020,1
Neuroscience,RU,2021,1
Neuroscience,RU,2022,1
Neuroscience,RU,2023,1
Neuroscience,RU,2024,1
Neuroscience,SE,2015,15
Neuroscience,SE,2016,14
Neuroscience,SE,2017,13
Neuroscience,SE,2018,11
Neuroscience,SE,2019,11
Neuroscience,SE,2020,11
Neuroscience,SE,2021,10
Neuroscience,SE,2022,10
Neuroscience,SE,2023,9
Neuroscience,SE,2024,9
Neuroscience,TH,2015,1
Neuroscience,TH,2016,1
Neuroscience,TH,2017,1
Neuroscience,TH,2018,1
Neuroscience,TH,2019,1
Neuroscience,TH,2020,1
Neuroscience,TH,2021,1
Neuroscience,TH,2022,1
Neuroscience,TH,2023,1
Neuroscience,TH,2024,1
Neuroscience,US,2015,196
Neuroscience,US,2016,198
Neuroscience,US,2017,200
Neuroscience,US,2018,201
Neuroscience,US,2019,199
Neuroscience,US,2020,198
Neuroscience,US,2021,199
Neuroscience,US,2022,201
Neuroscience,US,2023,198
Neuroscience,US,2024,195
Nursing,AU,2015,5
Nursing,AU,2016,5
Nursing,AU,2017,5
Nursing,AU,2018,5
Nursing,AU,2019,5
Nursing,AU,2020,5
Nursing,AU,2021,6
Nursing,AU,2022,6
Nursing,AU,2023,6
Nursing,AU,2024,6
Nursing,BD,2017,1
Nursing,BD,2019,1
Nursing,BD,2020,1
Nursing,BD,2021,1
Nursing,BE,2015,2
Nursing,BE,2016,2
Nursing,BE,2017,2
Nursing,BE,2018,2
Nursing,BE,2019,2
Nursing,BE,2020,2
Nursing,BE,2021,2
Nursing,BE,2022,3
Nursing,BE,2023,3
Nursing,BE,2024,3
Nursing,CA,2015,3
Nursing,CA,2016,3
Nursing,CA,2017,3
Nursing,CA,2018,3
Nursing,CA,2019,3
Nursing,CA,2020,3
Nursing,CA,2021,3
Nursing,CA,2022,3
Nursing,CA,2023,3
Nursing,CA,2024,3
Nursing,CH,2015,1
Nursing,CH,2016,1
Nursing,CH,2017,1
Nursing,CH,2018,1
Nursing,CH,2019,1
Nursing,CH,2020,1
Nursing,CH,2021,2
Nursing,CH,2022,2
Nursing,CH,2023,2
Nursing,CH,2024,2
Nursing,CL,2015,1
Nursing,CL,2016,1
Nursing,CL,2017,1
Nursing,CL,2018,1
Nursing,CL,2019,1
Nursing,CL,2020,1
Nursing,CL,2021,1
Nursing,CL,2022,1
Nursing,CL,2023,1
Nursing,CL,2024,1
Nursing,CN,2015,1
Nursing,CN,2016,1
Nursing,CN,2017,1
Nursing,CN,2018,1
Nursing,CN,2019,2
Nursing,CN,2020,2
Nursing,CN,2021,2
Nursing,CN,2022,2
Nursing,CN,2023,4
Nursing,CN,2024,4
Nursing,CNX,2015,1
Nursing,CNX,2016,1
Nursing,CNX,2017,1
Nursing,CNX,2018,1
Nursing,CNX,2019,2
Nursing,CNX,2020,2
Nursing,CNX,2021,2
Nursing,CNX,2022,2
Nursing,CNX,2023,4
Nursing,CNX,2024,4
Nursing,DE,2015,1
Nursing,DE,2016,1
Nursing,DE,2017,1
Nursing,DE,2018,1
Nursing,DE,2019,1
Nursing,DE,2020,1
Nursing,DE,2021,1
Nursing,DE,2022,1
Nursing,DE,2023,1
Nursing,DE,2024,1
Nursing,FI,2015,1
Nursing,FI,2016,1
Nursing,FI,2017,1
Nursing,FI,2018,1
Nursing,FI,2019,1
Nursing,FI,2020,1
Nursing,FI,2021,1
Nursing,FI,2022,1
Nursing,FI,2023,1
Nursing,FI,2024,1
Nursing,FR,2015,1
Nursing,FR,2016,1
Nursing,FR,2017,1
Nursing,FR,2018,1
Nursing,FR,2019,1
Nursing,FR,2020,1
Nursing,FR,2021,1
Nursing,FR,2022,1
Nursing,FR,2023,1
Nursing,FR,2024,1
Nursing,GB,2015,9
Nursing,GB,2016,9
Nursing,GB,2017,9
Nursing,GB,2018,9
Nursing,GB,2019,8
Nursing,GB,2020,8
Nursing,GB,2021,10
Nursing,GB,2022,10
Nursing,GB,2023,11
Nursing,GB,2024,11
Nursing,GT,2015,1
Nursing,GT,2016,1
Nursing,GT,2017,1
Nursing,GT,2018,1
Nursing,GT,2019,1
Nursing,GT,2020,1
Nursing,HK,2019,1
Nursing,HK,2020,1
Nursing,HK,2021,1
Nursing,HK,2022,1
Nursing,HK,2023,1
Nursing,HK,2024,1
Nursing,IE,2018,1
Nursing,IE,2019,1
Nursing,IE,2020,1
Nursing,IE,2021,1
Nursing,IE,2022,1
Nursing,IE,2023,1
Nursing,IE,2024,1
Nursing,IL,2021,1
Nursing,IL,2022,1
Nursing,IL,2023,1
Nursing,IL,2024,1
Nursing,IN,2019,1
Nursing,IN,2020,1
Nursing,IN,2021,1
Nursing,IN,2022,2
Nursing,IN,2023,2
Nursing,IN,2024,3
Nursing,IT,2015,1
Nursing,IT,2016,2
Nursing,IT,2017,2
Nursing,IT,2018,2
Nursing,IT,2019,2
Nursing,IT,2020,2
Nursing,IT,2021,2
Nursing,IT,2022,2
Nursing,IT,2023,2
Nursing,IT,2024,2
Nursing,JM,2019,1
Nursing,JM,2020,1
Nursing,JM,2021,1
Nursing,JM,2022,1
Nursing,JM,2023,1
Nursing,JM,2024,1
Nursing,JP,2015,1
Nursing,JP,2016,1
Nursing,JP,2017,1
Nursing,JP,2018,1
Nursing,JP,2019,1
Nursing,JP,2020,1
Nursing,JP,2021,1
Nursing,JP,2022,1
Nursing,JP,2023,1
Nursing,JP,2024,1
Nursing,KE,2015,2
Nursing,KE,2016,2
Nursing,KE,2017,2
Nursing,KE,2018,2
Nursing,KE,2019,2
Nursing,KE,2020,2
Nursing,KE,2021,2
Nursing,KE,2022,2
Nursing,KE,2023,2
Nursing,KE,2024,2
Nursing,KR,2015,1
Nursing,KR,2016,1
Nursing,NL,2015,1
Nursing,NL,2016,1
Nursing,NL,2017,1
Nursing,NL,2018,1
Nursing,NL,2019,2
Nursing,NL,2020,3
Nursing,NL,2021,4
Nursing,NL,2022,3
Nursing,NL,2023,3
Nursing,NL,2024,3
Nursing,SA,2021,1
Nursing,US,2015,37
Nursing,US,2016,36
Nursing,US,2017,36
Nursing,US,2018,36
Nursing,US,2019,33
Nursing,US,2020,32
Nursing,US,2021,30
Nursing,US,2022,29
Nursing,US,2023,28
Nursing,US,2024,27
"Pharmacology, Toxicology and Pharmaceutics",AT,2021,1
"Pharmacology, Toxicology and Pharmaceutics",AT,2022,1
"Pharmacology, Toxicology and Pharmaceutics",AT,2023,1
"Pharmacology, Toxicology and Pharmaceutics",AT,2024,1
"Pharmacology, Toxicology and Pharmaceutics",AU,2015,1
"Pharmacology, Toxicology and Pharmaceutics",AU,2016,1
"Pharmacology, Toxicology and Pharmaceutics",AU,2017,1
"Pharmacology, Toxicology and Pharmaceutics",AU,2018,2
"Pharmacology, Toxicology and Pharmaceutics",AU,2019,1
"Pharmacology, Toxicology and Pharmaceutics",AU,2020,2
"Pharmacology, Toxicology and Pharmaceutics",AU,2021,2
"Pharmacology, Toxicology and Pharmaceutics",AU,2022,2
"Pharmacology, Toxicology and Pharmaceutics",AU,2023,2
"Pharmacology, Toxicology and Pharmaceutics",AU,2024,2
"Pharmacology, Toxicology and Pharmaceutics",BE,2019,1
"Pharmacology, Toxicology and Pharmaceutics",BE,2020,1
"Pharmacology, Toxicology and Pharmaceutics",BE,2021,1
"Pharmacology, Toxicology and Pharmaceutics",BE,2022,1
"Pharmacology, Toxicology and Pharmaceutics",BE,2023,1
"Pharmacology, Toxicology and Pharmaceutics",BE,2024,1
"Pharmacology, Toxicology and Pharmaceutics",BR,2015,1
"Pharmacology, Toxicology and Pharmaceutics",BR,2016,1
"Pharmacology, Toxicology and Pharmaceutics",BR,2017,1
"Pharmacology, Toxicology and Pharmaceutics",BR,2018,1
"Pharmacology, Toxicology and Pharmaceutics",BR,2019,1
"Pharmacology, Toxicology and Pharmaceutics",BR,2020,1
"Pharmacology, Toxicology and Pharmaceutics",BR,2021,1
"Pharmacology, Toxicology and Pharmaceutics",BR,2022,1
"Pharmacology, Toxicology and Pharmaceutics",BR,2023,1
"Pharmacology, Toxicology and Pharmaceutics",BR,2024,1
"Pharmacology, Toxicology and Pharmaceutics",CA,2015,4
"Pharmacology, Toxicology and Pharmaceutics",CA,2016,4
"Pharmacology, Toxicology and Pharmaceutics",CA,2017,3
"Pharmacology, Toxicology and Pharmaceutics",CA,2018,3
"Pharmacology, Toxicology and Pharmaceutics",CA,2019,3
"Pharmacology, Toxicology and Pharmaceutics",CA,2020,3
"Pharmacology, Toxicology and Pharmaceutics",CA,2021,3
"Pharmacology, Toxicology and Pharmaceutics",CA,2022,3
"Pharmacology, Toxicology and Pharmaceutics",CA,2023,3
"Pharmacology, Toxicology and Pharmaceutics",CA,2024,3
"Pharmacology, Toxicology and Pharmaceutics",CH,2015,3
"Pharmacology, Toxicology and Pharmaceutics",CH,2016,3
"Pharmacology, Toxicology and Pharmaceutics",CH,2017,3
"Pharmacology, Toxicology and Pharmaceutics",CH,2018,3
"Pharmacology, Toxicology and Pharmaceutics",CH,2019,3
"Pharmacology, Toxicology and Pharmaceutics",CH,2020,3
"Pharmacology, Toxicology and Pharmaceutics",CH,2021,3
"Pharmacology, Toxicology and Pharmaceutics",CH,2022,3
"Pharmacology, Toxicology and Pharmaceutics",CH,2023,3
"Pharmacology, Toxicology and Pharmaceutics",CH,2024,3
"Pharmacology, Toxicology and Pharmaceutics",CN,2021,1
"Pharmacology, Toxicology and Pharmaceutics",CN,2022,2
"Pharmacology, Toxicology and Pharmaceutics",CN,2023,2
"Pharmacology, Toxicology and Pharmaceutics",CN,2024,3
"Pharmacology, Toxicology and Pharmaceutics",CNX,2021,1
"Pharmacology, Toxicology and Pharmaceutics",CNX,2022,2
"Pharmacology, Toxicology and Pharmaceutics",CNX,2023,2
"Pharmacology, Toxicology and Pharmaceutics",CNX,2024,3
"Pharmacology, Toxicology and Pharmaceutics",DE,2015,3
"Pharmacology, Toxicology and Pharmaceutics",DE,2016,4
"Pharmacology, Toxicology and Pharmaceutics",DE,2017,5
"Pharmacology, Toxicology and Pharmaceutics",DE,2018,5
"Pharmacology, Toxicology and Pharmaceutics",DE,2019,4
"Pharmacology, Toxicology and Pharmaceutics",DE,2020,4
"Pharmacology, Toxicology and Pharmaceutics",DE,2021,4
"Pharmacology, Toxicology and Pharmaceutics",DE,2022,3
"Pharmacology, Toxicology and Pharmaceutics",DE,2023,3
"Pharmacology, Toxicology and Pharmaceutics",DE,2024,3
"Pharmacology, Toxicology and Pharmaceutics",DK,2015,1
"Pharmacology, Toxicology and Pharmaceutics",DK,2016,1
"Pharmacology, Toxicology and Pharmaceutics",DK,2017,1
"Pharmacology, Toxicology and Pharmaceutics",DK,2018,1
"Pharmacology, Toxicology and Pharmaceutics",DK,2019,1
"Pharmacology, Toxicology and Pharmaceutics",DK,2020,2
"Pharmacology, Toxicology and Pharmaceutics",DK,2021,2
"Pharmacology, Toxicology and Pharmaceutics",DK,2022,2
"Pharmacology, Toxicology and Pharmaceutics",DK,2023,2
"Pharmacology, Toxicology and Pharmaceutics",DK,2024,2
"Pharmacology, Toxicology and Pharmaceutics",ES,2015,2
"Pharmacology, Toxicology and Pharmaceutics",ES,2016,2
"Pharmacology, Toxicology and Pharmaceutics",ES,2017,2
"Pharmacology, Toxicology and Pharmaceutics",ES,2018,2
"Pharmacology, Toxicology and Pharmaceutics",ES,2019,3
"Pharmacology, Toxicology and Pharmaceutics",ES,2020,3
"Pharmacology, Toxicology and Pharmaceutics",ES,2021,2
"Pharmacology, Toxicology and Pharmaceutics",ES,2022,2
"Pharmacology, Toxicology and Pharmaceutics",ES,2023,2
"Pharmacology, Toxicology and Pharmaceutics",ES,2024,2
"Pharmacology, Toxicology and Pharmaceutics",FI,2015,1
"Pharmacology, Toxicology and Pharmaceutics",FI,2016,1
"Pharmacology, Toxicology and Pharmaceutics",FI,2017,1
"Pharmacology, Toxicology and Pharmaceutics",FI,2018,1
"Pharmacology, Toxicology and Pharmaceutics",FI,2019,1
"Pharmacology, Toxicology and Pharmaceutics",FI,2020,1
"Pharmacology, Toxicology and Pharmaceutics",FI,2021,1
"Pharmacology, Toxicology and Pharmaceutics",FI,2022,1
"Pharmacology, Toxicology and Pharmaceutics",FI,2023,1
"Pharmacology, Toxicology and Pharmaceutics",FI,2024,1
"Pharmacology, Toxicology and Pharmaceutics",FR,2015,3
"Pharmacology, Toxicology and Pharmaceutics",FR,2016,2
"Pharmacology, Toxicology and Pharmaceutics",FR,2017,2
"Pharmacology, Toxicology and Pharmaceutics",FR,2018,2
"Pharmacology, Toxicology and Pharmaceutics",FR,2019,1
"Pharmacology, Toxicology and Pharmaceutics",FR,2020,1
"Pharmacology, Toxicology and Pharmaceutics",FR,2021,1
"Pharmacology, Toxicology and Pharmaceutics",FR,2022,1
"Pharmacology, Toxicology and Pharmaceutics",FR,2023,1
"Pharmacology, Toxicology and Pharmaceutics",FR,2024,1
"Pharmacology, Toxicology and Pharmaceutics",GB,2015,5
"Pharmacology, Toxicology and Pharmaceutics",GB,2016,5
"Pharmacology, Toxicology and Pharmaceutics",GB,2017,5
"Pharmacology, Toxicology and Pharmaceutics",GB,2018,5
"Pharmacology, Toxicology and Pharmaceutics",GB,2019,5
"Pharmacology, Toxicology and Pharmaceutics",GB,2020,6
"Pharmacology, Toxicology and Pharmaceutics",GB,2021,4
"Pharmacology, Toxicology and Pharmaceutics",GB,2022,4
"Pharmacology, Toxicology and Pharmaceutics",GB,2023,5
"Pharmacology, Toxicology and Pharmaceutics",GB,2024,5
"Pharmacology, Toxicology and Pharmaceutics",IE,2018,1
"Pharmacology, Toxicology and Pharmaceutics",IE,2019,1
"Pharmacology, Toxicology and Pharmaceutics",IE,2020,1
"Pharmacology, Toxicology and Pharmaceutics",IE,2021,1
"Pharmacology, Toxicology and Pharmaceutics",IE,2022,1
"Pharmacology, Toxicology and Pharmaceutics",IE,2023,1
"Pharmacology, Toxicology and Pharmaceutics",IE,2024,1
"Pharmacology, Toxicology and Pharmaceutics",IL,2019,1
"Pharmacology, Toxicology and Pharmaceutics",IL,2020,1
"Pharmacology, Toxicology and Pharmaceutics",IL,2021,1
"Pharmacology, Toxicology and Pharmaceutics",IL,2022,1
"Pharmacology, Toxicology and Pharmaceutics",IL,2023,1
"Pharmacology, Toxicology and Pharmaceutics",IL,2024,1
"Pharmacology, Toxicology and Pharmaceutics",IS,2021,1
"Pharmacology, Toxicology and Pharmaceutics",IS,2022,1
"Pharmacology, Toxicology and Pharmaceutics",IS,2023,1
"Pharmacology, Toxicology and Pharmaceutics",IS,2024,1
"Pharmacology, Toxicology and Pharmaceutics",JP,2015,4
"Pharmacology, Toxicology and Pharmaceutics",JP,2016,4
"Pharmacology, Toxicology and Pharmaceutics",JP,2017,4
"Pharmacology, Toxicology and Pharmaceutics",JP,2018,3
"Pharmacology, Toxicology and Pharmaceutics",JP,2019,3
"Pharmacology, Toxicology and Pharmaceutics",JP,2020,3
"Pharmacology, Toxicology and Pharmaceutics",JP,2021,3
"Pharmacology, Toxicology and Pharmaceutics",JP,2022,3
"Pharmacology, Toxicology and Pharmaceutics",JP,2023,3
"Pharmacology, Toxicology and Pharmaceutics",JP,2024,3
"Pharmacology, Toxicology and Pharmaceutics",NL,2015,3
"Pharmacology, Toxicology and Pharmaceutics",NL,2016,3
"Pharmacology, Toxicology and Pharmaceutics",NL,2017,3
"Pharmacology, Toxicology and Pharmaceutics",NL,2018,4
"Pharmacology, Toxicology and Pharmaceutics",NL,2019,4
"Pharmacology, Toxicology and Pharmaceutics",NL,2020,4
"Pharmacology, Toxicology and Pharmaceutics",NL,2021,4
"Pharmacology, Toxicology and Pharmaceutics",NL,2022,4
"Pharmacology, Toxicology and Pharmaceutics",NL,2023,3
"Pharmacology, Toxicology and Pharmaceutics",NL,2024,3
"Pharmacology, Toxicology and Pharmaceutics",NZ,2020,1
"Pharmacology, Toxicology and Pharmaceutics",NZ,2021,1
"Pharmacology, Toxicology and Pharmaceutics",NZ,2022,1
"Pharmacology, Toxicology and Pharmaceutics",NZ,2023,1
"Pharmacology, Toxicology and Pharmaceutics",NZ,2024,1
"Pharmacology, Toxicology and Pharmaceutics",PT,2022,1
"Pharmacology, Toxicology and Pharmaceutics",PT,2023,2
"Pharmacology, Toxicology and Pharmaceutics",PT,2024,2
"Pharmacology, Toxicology and Pharmaceutics",SE,2015,2
"Pharmacology, Toxicology and Pharmaceutics",SE,2016,2
"Pharmacology, Toxicology and Pharmaceutics",SE,2017,2
"Pharmacology, Toxicology and Pharmaceutics",SE,2018,2
"Pharmacology, Toxicology and Pharmaceutics",SE,2019,2
"Pharmacology, Toxicology and Pharmaceutics",SE,2020,2
"Pharmacology, Toxicology and Pharmaceutics",SE,2021,2
"Pharmacology, Toxicology and Pharmaceutics",SE,2022,2
"Pharmacology, Toxicology and Pharmaceutics",SE,2023,2
"Pharmacology, Toxicology and Pharmaceutics",SE,2024,1
"Pharmacology, Toxicology and Pharmaceutics",TH,2015,1
"Pharmacology, Toxicology and Pharmaceutics",TH,2016,1
"Pharmacology, Toxicology and Pharmaceutics",TH,2017,1
"Pharmacology, Toxicology and Pharmaceutics",TH,2018,1
"Pharmacology, Toxicology and Pharmaceutics",TH,2019,1
"Pharmacology, Toxicology and Pharmaceutics",TH,2020,1
"Pharmacology, Toxicology and Pharmaceutics",TH,2021,1
"Pharmacology, Toxicology and Pharmaceutics",TH,2022,1
"Pharmacology, Toxicology and Pharmaceutics",US,2015,25
"Pharmacology, Toxicology and Pharmaceutics",US,2016,25
"Pharmacology, Toxicology and Pharmaceutics",US,2017,25
"Pharmacology, Toxicology and Pharmaceutics",US,2018,25
"Pharmacology, Toxicology and Pharmaceutics",US,2019,26
"Pharmacology, Toxicology and Pharmaceutics",US,2020,25
"Pharmacology, Toxicology and Pharmaceutics",US,2021,25
"Pharmacology, Toxicology and Pharmaceutics",US,2022,25
"Pharmacology, Toxicology and Pharmaceutics",US,2023,24
"Pharmacology, Toxicology and Pharmaceutics",US,2024,24
Physics and Astronomy,AT,2015,13
Physics and Astronomy,AT,2016,13
Physics and Astronomy,AT,2017,13
Physics and Astronomy,AT,2018,13
Physics and Astronomy,AT,2019,12
Physics and Astronomy,AT,2020,13
Physics and Astronomy,AT,2021,14
Physics and Astronomy,AT,2022,15
Physics and Astronomy,AT,2023,15
Physics and Astronomy,AT,2024,15
Physics and Astronomy,AU,2015,11
Physics and Astronomy,AU,2016,12
Physics and Astronomy,AU,2017,13
Physics and Astronomy,AU,2018,13
Physics and Astronomy,AU,2019,15
Physics and Astronomy,AU,2020,16
Physics and Astronomy,AU,2021,16
Physics and Astronomy,AU,2022,16
Physics and Astronomy,AU,2023,18
Physics and Astronomy,AU,2024,17
Physics and Astronomy,BE,2015,4
Physics and Astronomy,BE,2016,4
Physics and Astronomy,BE,2017,5
Physics and Astronomy,BE,2018,4
Physics and Astronomy,BE,2019,6
Physics and Astronomy,BE,2020,7
Physics and Astronomy,BE,2021,6
Physics and Astronomy,BE,2022,7
Physics and Astronomy,BE,2023,8
Physics and Astronomy,BE,2024,8
Physics and Astronomy,BI,2015,1
Physics and Astronomy,BI,2016,1
Physics and Astronomy,BI,2017,1
Physics and Astronomy,BI,2018,1
Physics and Astronomy,BR,2015,3
Physics and Astronomy,BR,2016,3
Physics and Astronomy,BR,2017,3
Physics and Astronomy,BR,2018,3
Physics and Astronomy,BR,2019,3
Physics and Astronomy,BR,2020,3
Physics and Astronomy,BR,2021,3
Physics and Astronomy,BR,2022,3
Physics and Astronomy,BR,2023,4
Physics and Astronomy,BR,2024,4
Physics and Astronomy,CA,2015,28
Physics and Astronomy,CA,2016,28
Physics and Astronomy,CA,2017,27
Physics and Astronomy,CA,2018,26
Physics and Astronomy,CA,2019,26
Physics and Astronomy,CA,2020,28
Physics and Astronomy,CA,2021,30
Physics and Astronomy,CA,2022,30
Physics and Astronomy,CA,2023,29
Physics and Astronomy,CA,2024,28
Physics and Astronomy,CH,2015,38
Physics and Astronomy,CH,2016,40
Physics and Astronomy,CH,2017,42
Physics and Astronomy,CH,2018,40
Physics and Astronomy,CH,2019,41
Physics and Astronomy,CH,2020,42
Physics and Astronomy,CH,2021,39
Physics and Astronomy,CH,2022,39
Physics and Astronomy,CH,2023,40
Physics and Astronomy,CH,2024,38
Physics and Astronomy,CL,2015,2
Physics and Astronomy,CL,2016,2
Physics and Astronomy,CL,2017,2
Physics and Astronomy,CL,2018,2
Physics and Astronomy,CL,2019,2
Physics and Astronomy,CL,2020,2
Physics and Astronomy,CL,2021,2
Physics and Astronomy,CL,2022,3
Physics and Astronomy,CL,2023,3
Physics and Astronomy,CL,2024,3
Physics and Astronomy,CN,2015,8
Physics and Astronomy,CN,2016,10
Physics and Astronomy,CN,2017,13
Physics and Astronomy,CN,2018,14
Physics and Astronomy,CN,2019,15
Physics and Astronomy,CN,2020,16
Physics and Astronomy,CN,2021,18
Physics and Astronomy,CN,2022,20
Physics and Astronomy,CN,2023,22
Physics and Astronomy,CN,2024,28
Physics and Astronomy,CNX,2015,11
Physics and Astronomy,CNX,2016,12
Physics and Astronomy,CNX,2017,15
Physics and Astronomy,CNX,2018,16
Physics and Astronomy,CNX,2019,17
Physics and Astronomy,CNX,2020,18
Physics and Astronomy,CNX,2021,20
Physics and Astronomy,CNX,2022,23
Physics and Astronomy,CNX,2023,25
Physics and Astronomy,CNX,2024,31
Physics and Astronomy,CZ,2015,1
Physics and Astronomy,CZ,2016,1
Physics and Astronomy,CZ,2017,1
Physics and Astronomy,CZ,2018,1
Physics and Astronomy,CZ,2019,1
Physics and Astronomy,CZ,2020,1
Physics and Astronomy,CZ,2021,1
Physics and Astronomy,CZ,2022,1
Physics and Astronomy,CZ,2023,3
Physics and Astronomy,CZ,2024,3
Physics and Astronomy,DE,2015,94
Physics and Astronomy,DE,2016,94
Physics and Astronomy,DE,2017,97
Physics and Astronomy,DE,2018,98
Physics and Astronomy,DE,2019,97
Physics and Astronomy,DE,2020,97
Physics and Astronomy,DE,2021,99
Physics and Astronomy,DE,2022,99
Physics and Astronomy,DE,2023,102
Physics and Astronomy,DE,2024,104
Physics and Astronomy,DK,2015,7
Physics and Astronomy,DK,2016,8
Physics and Astronomy,DK,2017,9
Physics and Astronomy,DK,2018,9
Physics and Astronomy,DK,2019,9
Physics and Astronomy,DK,2020,7
Physics and Astronomy,DK,2021,6
Physics and Astronomy,DK,2022,6
Physics and Astronomy,DK,2023,6
Physics and Astronomy,DK,2024,6
Physics and Astronomy,EE,2023,1
Physics and Astronomy,EE,2024,1
Physics and Astronomy,ES,2015,8
Physics and Astronomy,ES,2016,11
Physics and Astronomy,ES,2017,11
Physics and Astronomy,ES,2018,12
Physics and Astronomy,ES,2019,12
Physics and Astronomy,ES,2020,12
Physics and Astronomy,ES,2021,12
Physics and Astronomy,ES,2022,14
Physics and Astronomy,ES,2023,14
Physics and Astronomy,ES,2024,14
Physics and Astronomy,FI,2015,3
Physics and Astronomy,FI,2016,3
Physics and Astronomy,FI,2017,5
Physics and Astronomy,FI,2018,5
Physics and Astronomy,FI,2019,4
Physics and Astronomy,FI,2020,4
Physics and Astronomy,FI,2021,4
Physics and Astronomy,FI,2022,4
Physics and Astronomy,FI,2023,4
Physics and Astronomy,FI,2024,4
Physics and Astronomy,FR,2015,29
Physics and Astronomy,FR,2016,26
Physics and Astronomy,FR,2017,26
Physics and Astronomy,FR,2018,25
Physics and Astronomy,FR,2019,26
Physics and Astronomy,FR,2020,25
Physics and Astronomy,FR,2021,24
Physics and Astronomy,FR,2022,23
Physics and Astronomy,FR,2023,21
Physics and Astronomy,FR,2024,21
Physics and Astronomy,GB,2015,72
Physics and Astronomy,GB,2016,74
Physics and Astronomy,GB,2017,72
Physics and Astronomy,GB,2018,74
Physics and Astronomy,GB,2019,75
Physics and Astronomy,GB,2020,73
Physics and Astronomy,GB,2021,76
Physics and Astronomy,GB,2022,78
Physics and Astronomy,GB,2023,81
Physics and Astronomy,GB,2024,81
Physics and Astronomy,GE,2021,1
Physics and Astronomy,GE,2022,1
Physics and Astronomy,GE,2023,1
Physics and Astronomy,GE,2024,1
Physics and Astronomy,GR,2015,1
Physics and Astronomy,GR,2016,1
Physics and Astronomy,GR,2017,1
Physics and Astronomy,GR,2018,1
Physics and Astronomy,GR,2019,1
Physics and Astronomy,GR,2020,1
Physics and Astronomy,GR,2021,1
Physics and Astronomy,GR,2022,1
Physics and Astronomy,GR,2023,1
Physics and Astronomy,GR,2024,1
Physics and Astronomy,HK,2015,4
Physics and Astronomy,HK,2016,4
Physics and Astronomy,HK,2017,4
Physics and Astronomy,HK,2018,4
Physics and Astronomy,HK,2019,4
Physics and Astronomy,HK,2020,5
Physics and Astronomy,HK,2021,5
Physics and Astronomy,HK,2022,5
Physics and Astronomy,HK,2023,5
Physics and Astronomy,HK,2024,4
Physics and Astronomy,HU,2015,3
Physics and Astronomy,HU,2016,3
Physics and Astronomy,HU,2017,3
Physics and Astronomy,HU,2018,3
Physics and Astronomy,HU,2019,3
Physics and Astronomy,HU,2020,3
Physics and Astronomy,HU,2021,3
Physics and Astronomy,HU,2022,3
Physics and Astronomy,HU,2023,3
Physics and Astronomy,HU,2024,3
Physics and Astronomy,IE,2015,1
Physics and Astronomy,IE,2016,1
Physics and Astronomy,IE,2017,1
Physics and Astronomy,IE,2018,1
Physics and Astronomy,IE,2019,1
Physics and Astronomy,IE,2020,1
Physics and Astronomy,IE,2021,1
Physics and Astronomy,IE,2022,1
Physics and Astronomy,IE,2023,1
Physics and Astronomy,IE,2024,1
Physics and Astronomy,IL,2015,20
Physics and Astronomy,IL,2016,20
Physics and Astronomy,IL,2017,22
Physics and Astronomy,IL,2018,21
Physics and Astronomy,IL,2019,24
Physics and Astronomy,IL,2020,22
Physics and Astronomy,IL,2021,23
Physics and Astronomy,IL,2022,24
Physics and Astronomy,IL,2023,23
Physics and Astronomy,IL,2024,24
Physics and Astronomy,IN,2015,1
Physics and Astronomy,IN,2016,2
Physics and Astronomy,IN,2017,2
Physics and Astronomy,IN,2018,3
Physics and Astronomy,IN,2019,4
Physics and Astronomy,IN,2020,4
Physics and Astronomy,IN,2021,4
Physics and Astronomy,IN,2022,4
Physics and Astronomy,IN,2023,4
Physics and Astronomy,IN,2024,4
Physics and Astronomy,IS,2015,1
Physics and Astronomy,IS,2016,1
Physics and Astronomy,IS,2017,1
Physics and Astronomy,IS,2018,1
Physics and Astronomy,IS,2019,1
Physics and Astronomy,IS,2020,1
Physics and Astronomy,IS,2021,1
Physics and Astronomy,IS,2022,1
Physics and Astronomy,IS,2023,1
Physics and Astronomy,IS,2024,1
Physics and Astronomy,IT,2015,22
Physics and Astronomy,IT,2016,24
Physics and Astronomy,IT,2017,26
Physics and Astronomy,IT,2018,26
Physics and Astronomy,IT,2019,27
Physics and Astronomy,IT,2020,26
Physics and Astronomy,IT,2021,26
Physics and Astronomy,IT,2022,28
Physics and Astronomy,IT,2023,28
Physics and Astronomy,IT,2024,29
Physics and Astronomy,JP,2015,30
Physics and Astronomy,JP,2016,29
Physics and Astronomy,JP,2017,30
Physics and Astronomy,JP,2018,29
Physics and Astronomy,JP,2019,29
Physics and Astronomy,JP,2020,30
Physics and Astronomy,JP,2021,31
Physics and Astronomy,JP,2022,30
Physics and Astronomy,JP,2023,30
Physics and Astronomy,JP,2024,29
Physics and Astronomy,KR,2015,2
Physics and Astronomy,KR,2016,2
Physics and Astronomy,KR,2017,2
Physics and Astronomy,KR,2018,2
Physics and Astronomy,KR,2019,2
Physics and Astronomy,KR,2020,2
Physics and Astronomy,KR,2021,2
Physics and Astronomy,KR,2022,3
Physics and Astronomy,KR,2023,4
Physics and Astronomy,KR,2024,4
Physics and Astronomy,LU,2023,1
Physics and Astronomy,LU,2024,1
Physics and Astronomy,NL,2015,19
Physics and Astronomy,NL,2016,20
Physics and Astronomy,NL,2017,21
Physics and Astronomy,NL,2018,20
Physics and Astronomy,NL,2019,20
Physics and Astronomy,NL,2020,20
Physics and Astronomy,NL,2021,20
Physics and Astronomy,NL,2022,22
Physics and Astronomy,NL,2023,23
Physics and Astronomy,NL,2024,22
Physics and Astronomy,NO,2015,3
Physics and Astronomy,NO,2016,3
Physics and Astronomy,NO,2017,3
Physics and Astronomy,NO,2018,3
Physics and Astronomy,NO,2019,3
Physics and Astronomy,NO,2020,2
Physics and Astronomy,NO,2021,2
Physics and Astronomy,NO,2022,2
Physics and Astronomy,NO,2023,3
Physics and Astronomy,NO,2024,3
Physics and Astronomy,NZ,2015,2
Physics and Astronomy,NZ,2016,2
Physics and Astronomy,NZ,2017,2
Physics and Astronomy,NZ,2018,2
Physics and Astronomy,NZ,2019,2
Physics and Astronomy,NZ,2020,1
Physics and Astronomy,NZ,2021,1
Physics and Astronomy,NZ,2022,1
Physics and Astronomy,NZ,2023,1
Physics and Astronomy,NZ,2024,1
Physics and Astronomy,PK,2022,1
Physics and Astronomy,PK,2023,1
Physics and Astronomy,PK,2024,1
Physics and Astronomy,PL,2015,3
Physics and Astronomy,PL,2016,2
Physics and Astronomy,PL,2017,3
Physics and Astronomy,PL,2018,2
Physics and Astronomy,PL,2019,2
Physics and Astronomy,PL,2020,2
Physics and Astronomy,PL,2021,1
Physics and Astronomy,PL,2022,1
Physics and Astronomy,PL,2023,1
Physics and Astronomy,PL,2024,1
Physics and Astronomy,PT,2015,1
Physics and Astronomy,PT,2016,1
Physics and Astronomy,PT,2017,2
Physics and Astronomy,PT,2018,2
Physics and Astronomy,PT,2019,2
Physics and Astronomy,PT,2020,2
Physics and Astronomy,PT,2021,1
Physics and Astronomy,PT,2022,1
Physics and Astronomy,PT,2023,1
Physics and Astronomy,PT,2024,1
Physics and Astronomy,RO,2015,2
Physics and Astronomy,RO,2016,2
Physics and Astronomy,RO,2017,2
Physics and Astronomy,RO,2018,2
Physics and Astronomy,RO,2019,1
Physics and Astronomy,RO,2020,1
Physics and Astronomy,RO,2021,1
Physics and Astronomy,RO,2022,1
Physics and Astronomy,RO,2023,1
Physics and Astronomy,RO,2024,1
Physics and Astronomy,RU,2015,21
Physics and Astronomy,RU,2016,22
Physics and Astronomy,RU,2017,21
Physics and Astronomy,RU,2018,21
Physics and Astronomy,RU,2019,23
Physics and Astronomy,RU,2020,22
Physics and Astronomy,RU,2021,24
Physics and Astronomy,RU,2022,25
Physics and Astronomy,RU,2023,25
Physics and Astronomy,RU,2024,23
Physics and Astronomy,SA,2015,1
Physics and Astronomy,SA,2016,1
Physics and Astronomy,SA,2017,1
Physics and Astronomy,SA,2018,1
Physics and Astronomy,SA,2019,1
Physics and Astronomy,SA,2020,1
Physics and Astronomy,SA,2021,2
Physics and Astronomy,SA,2022,2
Physics and Astronomy,SA,2023,1
Physics and Astronomy,SA,2024,1
Physics and Astronomy,SE,2015,16
Physics and Astronomy,SE,2016,16
Physics and Astronomy,SE,2017,15
Physics and Astronomy,SE,2018,15
Physics and Astronomy,SE,2019,14
Physics and Astronomy,SE,2020,14
Physics and Astronomy,SE,2021,14
Physics and Astronomy,SE,2022,14
Physics and Astronomy,SE,2023,15
Physics and Astronomy,SE,2024,15
Physics and Astronomy,SG,2015,2
Physics and Astronomy,SG,2016,2
Physics and Astronomy,SG,2017,2
Physics and Astronomy,SG,2018,2
Physics and Astronomy,SG,2019,2
Physics and Astronomy,SG,2020,2
Physics and Astronomy,SG,2021,2
Physics and Astronomy,SG,2022,3
Physics and Astronomy,SG,2023,3
Physics and Astronomy,SG,2024,3
Physics and Astronomy,SK,2015,2
Physics and Astronomy,SK,2016,2
Physics and Astronomy,SK,2017,2
Physics and Astronomy,SK,2018,2
Physics and Astronomy,SK,2019,2
Physics and Astronomy,SK,2020,2
Physics and Astronomy,SK,2021,1
Physics and Astronomy,SK,2022,1
Physics and Astronomy,SK,2023,1
Physics and Astronomy,SK,2024,1
Physics and Astronomy,TW,2022,1
Physics and Astronomy,TW,2023,1
Physics and Astronomy,TW,2024,1
Physics and Astronomy,UA,2015,1
Physics and Astronomy,UA,2016,1
Physics and Astronomy,UA,2017,1
Physics and Astronomy,UA,2018,1
Physics and Astronomy,UA,2019,1
Physics and Astronomy,UA,2020,1
Physics and Astronomy,UA,2021,1
Physics and Astronomy,UA,2022,1
Physics and Astronomy,UA,2023,1
Physics and Astronomy,UA,2024,1
Physics and Astronomy,US,2015,524
Physics and Astronomy,US,2016,516
Physics and Astronomy,US,2017,513
Physics and Astronomy,US,2018,511
Physics and Astronomy,US,2019,503
Physics and Astronomy,US,2020,509
Physics and Astronomy,US,2021,503
Physics and Astronomy,US,2022,497
Physics and Astronomy,US,2023,496
Physics and Astronomy,US,2024,490
Physics and Astronomy,ZA,2015,2
Physics and Astronomy,ZA,2016,2
Physics and Astronomy,ZA,2017,2
Physics and Astronomy,ZA,2018,2
Physics and Astronomy,ZA,2019,2
Physics and Astronomy,ZA,2020,2
Physics and Astronomy,ZA,2021,3
Physics and Astronomy,ZA,2022,3
Physics and Astronomy,ZA,2023,3
Physics and Astronomy,ZA,2024,3
Psychology,AT,2024,1
Psychology,AU,2015,12
Psychology,AU,2016,16
Psychology,AU,2017,16
Psychology,AU,2018,16
Psychology,AU,2019,17
Psychology,AU,2020,18
Psychology,AU,2021,18
Psychology,AU,2022,20
Psychology,AU,2023,21
Psychology,AU,2024,22
Psychology,BE,2015,1
Psychology,BE,2016,1
Psychology,BE,2017,1
Psychology,BE,2018,1
Psychology,BE,2019,1
Psychology,BE,2020,2
Psychology,BE,2021,2
Psychology,BE,2022,3
Psychology,BE,2023,3
Psychology,BE,2024,4
Psychology,CA,2015,23
Psychology,CA,2016,25
Psychology,CA,2017,26
Psychology,CA,2018,26
Psychology,CA,2019,27
Psychology,CA,2020,27
Psychology,CA,2021,28
Psychology,CA,2022,30
Psychology,CA,2023,31
Psychology,CA,2024,32
Psychology,CH,2015,3
Psychology,CH,2016,3
Psychology,CH,2017,3
Psychology,CH,2018,3
Psychology,CH,2019,3
Psychology,CH,2020,3
Psychology,CH,2021,4
Psychology,CH,2022,5
Psychology,CH,2023,4
Psychology,CH,2024,4
Psychology,CM,2015,2
Psychology,CM,2016,2
Psychology,CM,2017,2
Psychology,CM,2018,2
Psychology,CM,2019,2
Psychology,CM,2020,2
Psychology,CM,2021,2
Psychology,CM,2022,2
Psychology,CM,2023,2
Psychology,CM,2024,2
Psychology,CN,2015,1
Psychology,CN,2016,1
Psychology,CN,2017,1
Psychology,CN,2018,1
Psychology,CN,2019,1
Psychology,CN,2020,2
Psychology,CN,2021,2
Psychology,CN,2022,2
Psychology,CN,2023,2
Psychology,CN,2024,2
Psychology,CNX,2015,3
Psychology,CNX,2016,2
Psychology,CNX,2017,2
Psychology,CNX,2018,2
Psychology,CNX,2019,2
Psychology,CNX,2020,3
Psychology,CNX,2021,3
Psychology,CNX,2022,4
Psychology,CNX,2023,5
Psychology,CNX,2024,5
Psychology,CZ,2020,1
Psychology,CZ,2021,1
Psychology,CZ,2022,1
Psychology,CZ,2023,1
Psychology,CZ,2024,1
Psychology,DE,2015,14
Psychology,DE,2016,16
Psychology,DE,2017,15
Psychology,DE,2018,15
Psychology,DE,2019,16
Psychology,DE,2020,15
Psychology,DE,2021,15
Psychology,DE,2022,17
Psychology,DE,2023,18
Psychology,DE,2024,17
Psychology,DK,2015,2
Psychology,DK,2016,2
Psychology,DK,2017,2
Psychology,DK,2018,2
Psychology,DK,2019,3
Psychology,DK,2020,3
Psychology,DK,2021,3
Psychology,DK,2022,3
Psychology,DK,2023,3
Psychology,DK,2024,4
Psychology,ES,2015,1
Psychology,ES,2016,1
Psychology,ES,2017,1
Psychology,ES,2018,1
Psychology,ES,2019,1
Psychology,ES,2020,1
Psychology,ES,2021,1
Psychology,ES,2022,1
Psychology,ES,2023,3
Psychology,ES,2024,3
Psychology,FI,2015,1
Psychology,FI,2016,1
Psychology,FI,2017,1
Psychology,FI,2018,3
Psychology,FI,2019,3
Psychology,FI,2020,2
Psychology,FI,2021,2
Psychology,FI,2022,3
Psychology,FI,2023,3
Psychology,FI,2024,3
Psychology,FR,2015,4
Psychology,FR,2016,4
Psychology,FR,2017,4
Psychology,FR,2018,4
Psychology,FR,2019,4
Psychology,FR,2020,4
Psychology,FR,2021,4
Psychology,FR,2022,4
Psychology,FR,2023,4
Psychology,FR,2024,4
Psychology,GB,2015,56
Psychology,GB,2016,55
Psychology,GB,2017,55
Psychology,GB,2018,56
Psychology,GB,2019,57
Psychology,GB,2020,62
Psychology,GB,2021,64
Psychology,GB,2022,67
Psychology,GB,2023,70
Psychology,GB,2024,73
Psychology,HK,2015,2
Psychology,HK,2016,1
Psychology,HK,2017,1
Psychology,HK,2018,1
Psychology,HK,2019,1
Psychology,HK,2020,1
Psychology,HK,2021,1
Psychology,HK,2022,1
Psychology,HK,2023,1
Psychology,HK,2024,1
Psychology,IE,2015,1
Psychology,IE,2016,1
Psychology,IE,2017,1
Psychology,IE,2018,1
Psychology,IE,2019,1
Psychology,IE,2020,1
Psychology,IE,2021,1
Psychology,IE,2022,1
Psychology,IE,2023,1
Psychology,IE,2024,1
Psychology,IL,2015,3
Psychology,IL,2016,3
Psychology,IL,2017,3
Psychology,IL,2018,3
Psychology,IL,2019,3
Psychology,IL,2020,2
Psychology,IL,2021,2
Psychology,IL,2022,3
Psychology,IL,2023,3
Psychology,IL,2024,3
Psychology,IN,2015,1
Psychology,IN,2016,1
Psychology,IN,2017,1
Psychology,IN,2018,1
Psychology,IN,2019,1
Psychology,IN,2020,1
Psychology,IN,2021,2
Psychology,IN,2022,2
Psychology,IN,2023,2
Psychology,IN,2024,2
Psychology,IT,2015,3
Psychology,IT,2016,3
Psychology,IT,2017,3
Psychology,IT,2018,3
Psychology,IT,2019,3
Psychology,IT,2020,4
Psychology,IT,2021,4
Psychology,IT,2022,5
Psychology,IT,2023,5
Psychology,IT,2024,5
Psychology,JP,2015,3
Psychology,JP,2016,3
Psychology,JP,2017,3
Psychology,JP,2018,3
Psychology,JP,2019,3
Psychology,JP,2020,3
Psychology,JP,2021,4
Psychology,JP,2022,3
Psychology,JP,2023,3
Psychology,JP,2024,4
Psychology,KE,2015,1
Psychology,KE,2016,1
Psychology,KE,2017,1
Psychology,KE,2018,1
Psychology,KE,2019,1
Psychology,KE,2020,1
Psychology,KE,2021,1
Psychology,KE,2022,1
Psychology,MX,2015,1
Psychology,MX,2016,1
Psychology,MX,2017,1
Psychology,MX,2018,1
Psychology,MX,2019,1
Psychology,MX,2020,1
Psychology,MX,2021,1
Psychology,MX,2022,1
Psychology,MX,2023,1
Psychology,MX,2024,1
Psychology,NL,2015,15
Psychology,NL,2016,18
Psychology,NL,2017,19
Psychology,NL,2018,19
Psychology,NL,2019,21
Psychology,NL,2020,22
Psychology,NL,2021,20
Psychology,NL,2022,23
Psychology,NL,2023,23
Psychology,NL,2024,22
Psychology,NO,2015,2
Psychology,NO,2016,2
Psychology,NO,2017,2
Psychology,NO,2018,3
Psychology,NO,2019,3
Psychology,NO,2020,4
Psychology,NO,2021,3
Psychology,NO,2022,3
Psychology,NO,2023,3
Psychology,NO,2024,5
Psychology,NZ,2015,5
Psychology,NZ,2016,5
Psychology,NZ,2017,5
Psychology,NZ,2018,5
Psychology,NZ,2019,5
Psychology,NZ,2020,4
Psychology,NZ,2021,4
Psychology,NZ,2022,4
Psychology,NZ,2023,3
Psychology,NZ,2024,3
Psychology,PK,2021,1
Psychology,PK,2022,1
Psychology,PK,2023,1
Psychology,PK,2024,1
Psychology,PL,2016,1
Psychology,PL,2017,1
Psychology,PL,2018,1
Psychology,PL,2019,1
Psychology,PL,2020,1
Psychology,PL,2021,1
Psychology,PL,2022,1
Psychology,PL,2023,1
Psychology,PL,2024,1
Psychology,PR,2015,1
Psychology,PR,2016,1
Psychology,PR,2017,1
Psychology,PT,2024,1
Psychology,RO,2024,1
Psychology,RU,2015,2
Psychology,RU,2016,2
Psychology,RU,2017,2
Psychology,RU,2018,3
Psychology,RU,2019,3
Psychology,RU,2020,3
Psychology,RU,2021,3
Psychology,RU,2022,3
Psychology,RU,2023,3
Psychology,RU,2024,3
Psychology,SA,2016,1
Psychology,SA,2017,2
Psychology,SA,2018,2
Psychology,SA,2019,2
Psychology,SA,2020,2
Psychology,SA,2021,1
Psychology,SA,2022,1
Psychology,SA,2023,1
Psychology,SA,2024,1
Psychology,SE,2015,3
Psychology,SE,2016,3
Psychology,SE,2017,4
Psychology,SE,2018,4
Psychology,SE,2019,4
Psychology,SE,2020,4
Psychology,SE,2021,4
Psychology,SE,2022,4
Psychology,SE,2023,4
Psychology,SE,2024,4
Psychology,SG,2022,1
Psychology,SG,2023,1
Psychology,SG,2024,1
Psychology,TW,2022,1
Psychology,TW,2023,2
Psychology,TW,2024,2
Psychology,UG,2018,1
Psychology,UG,2019,1
Psychology,UG,2020,1
Psychology,UG,2021,2
Psychology,UG,2022,2
Psychology,UG,2023,2
Psychology,UG,2024,2
Psychology,US,2015,399
Psychology,US,2016,392
Psychology,US,2017,393
Psychology,US,2018,393
Psychology,US,2019,387
Psychology,US,2020,380
Psychology,US,2021,378
Psychology,US,2022,369
Psychology,US,2023,366
Psychology,US,2024,361
Psychology,VN,2022,1
Psychology,VN,2023,1
Psychology,VN,2024,1
Psychology,ZA,2015,2
Psychology,ZA,2016,1
Psychology,ZA,2017,1
Psychology,ZA,2018,1
Psychology,ZA,2019,1
Psychology,ZA,2020,2
Psychology,ZA,2021,3
Psychology,ZA,2022,3
Psychology,ZA,2023,4
Psychology,ZA,2024,4
Social Sciences,AE,2021,1
Social Sciences,AE,2022,1
Social Sciences,AE,2023,1
Social Sciences,AE,2024,1
Social Sciences,AT,2015,14
Social Sciences,AT,2016,13
Social Sciences,AT,2017,13
Social Sciences,AT,2018,14
Social Sciences,AT,2019,14
Social Sciences,AT,2020,15
Social Sciences,AT,2021,18
Social Sciences,AT,2022,20
Social Sciences,AT,2023,20
Social Sciences,AT,2024,21
Social Sciences,AU,2015,104
Social Sciences,AU,2016,104
Social Sciences,AU,2017,109
Social Sciences,AU,2018,107
Social Sciences,AU,2019,111
Social Sciences,AU,2020,114
Social Sciences,AU,2021,119
Social Sciences,AU,2022,127
Social Sciences,AU,2023,132
Social Sciences,AU,2024,136
Social Sciences,BD,2020,1
Social Sciences,BD,2021,1
Social Sciences,BD,2022,1
Social Sciences,BD,2023,1
Social Sciences,BD,2024,1
Social Sciences,BE,2015,14
Social Sciences,BE,2016,15
Social Sciences,BE,2017,15
Social Sciences,BE,2018,15
Social Sciences,BE,2019,18
Social Sciences,BE,2020,18
Social Sciences,BE,2021,19
Social Sciences,BE,2022,21
Social Sciences,BE,2023,18
Social Sciences,BE,2024,18
Social Sciences,BR,2015,3
Social Sciences,BR,2016,3
Social Sciences,BR,2017,3
Social Sciences,BR,2018,4
Social Sciences,BR,2019,4
Social Sciences,BR,2020,5
Social Sciences,BR,2021,5
Social Sciences,BR,2022,7
Social Sciences,BR,2023,8
Social Sciences,BR,2024,7
Social Sciences,CA,2015,127
Social Sciences,CA,2016,127
Social Sciences,CA,2017,130
Social Sciences,CA,2018,130
Social Sciences,CA,2019,132
Social Sciences,CA,2020,131
Social Sciences,CA,2021,130
Social Sciences,CA,2022,133
Social Sciences,CA,2023,137
Social Sciences,CA,2024,134
Social Sciences,CG,2024,1
Social Sciences,CH,2015,24
Social Sciences,CH,2016,26
Social Sciences,CH,2017,27
Social Sciences,CH,2018,28
Social Sciences,CH,2019,33
Social Sciences,CH,2020,34
Social Sciences,CH,2021,36
Social Sciences,CH,2022,38
Social Sciences,CH,2023,37
Social Sciences,CH,2024,39
Social Sciences,CI,2024,1
Social Sciences,CL,2015,1
Social Sciences,CL,2016,1
Social Sciences,CL,2017,1
Social Sciences,CL,2018,1
Social Sciences,CL,2019,1
Social Sciences,CL,2020,1
Social Sciences,CL,2021,2
Social Sciences,CL,2022,2
Social Sciences,CL,2023,2
Social Sciences,CL,2024,3
Social Sciences,CM,2015,3
Social Sciences,CM,2016,3
Social Sciences,CM,2017,3
Social Sciences,CM,2018,3
Social Sciences,CM,2019,3
Social Sciences,CM,2020,2
Social Sciences,CM,2021,2
Social Sciences,CM,2022,2
Social Sciences,CM,2023,2
Social Sciences,CM,2024,2
Social Sciences,CN,2015,15
Social Sciences,CN,2016,19
Social Sciences,CN,2017,20
Social Sciences,CN,2018,26
Social Sciences,CN,2019,29
Social Sciences,CN,2020,34
Social Sciences,CN,2021,48
Social Sciences,CN,2022,57
Social Sciences,CN,2023,67
Social Sciences,CN,2024,78
Social Sciences,CNX,2015,30
Social Sciences,CNX,2016,36
Social Sciences,CNX,2017,41
Social Sciences,CNX,2018,46
Social Sciences,CNX,2019,51
Social Sciences,CNX,2020,61
Social Sciences,CNX,2021,81
Social Sciences,CNX,2022,89
Social Sciences,CNX,2023,100
Social Sciences,CNX,2024,113
Social Sciences,CU,2015,1
Social Sciences,CU,2016,1
Social Sciences,CU,2017,1
Social Sciences,CU,2018,1
Social Sciences,CU,2019,1
Social Sciences,CU,2020,1
Social Sciences,CU,2021,1
Social Sciences,CU,2022,1
Social Sciences,CU,2023,1
Social Sciences,CU,2024,1
Social Sciences,CY,2018,1
Social Sciences,CY,2019,1
Social Sciences,CY,2020,1
Social Sciences,CY,2021,1
Social Sciences,CY,2022,1
Social Sciences,CY,2023,1
Social Sciences,CY,2024,1
Social Sciences,CZ,2017,2
Social Sciences,CZ,2018,2
Social Sciences,CZ,2019,2
Social Sciences,CZ,2020,2
Social Sciences,CZ,2021,2
Social Sciences,CZ,2022,2
Social Sciences,CZ,2023,3
Social Sciences,CZ,2024,3
Social Sciences,DE,2015,113
Social Sciences,DE,2016,107
Social Sciences,DE,2017,109
Social Sciences,DE,2018,111
Social Sciences,DE,2019,115
Social Sciences,DE,2020,112
Social Sciences,DE,2021,116
Social Sciences,DE,2022,119
Social Sciences,DE,2023,120
Social Sciences,DE,2024,124
Social Sciences,DK,2015,10
Social Sciences,DK,2016,9
Social Sciences,DK,2017,9
Social Sciences,DK,2018,10
Social Sciences,DK,2019,11
Social Sciences,DK,2020,12
Social Sciences,DK,2021,12
Social Sciences,DK,2022,12
Social Sciences,DK,2023,12
Social Sciences,DK,2024,13
Social Sciences,EE,2015,1
Social Sciences,EE,2016,1
Social Sciences,EE,2017,1
Social Sciences,EE,2020,1
Social Sciences,EE,2021,1
Social Sciences,EE,2022,1
Social Sciences,EE,2023,1
Social Sciences,EE,2024,1
Social Sciences,EG,2015,1
Social Sciences,EG,2018,1
Social Sciences,EG,2019,1
Social Sciences,EG,2020,1
Social Sciences,EG,2021,1
Social Sciences,EG,2022,1
Social Sciences,EG,2023,1
Social Sciences,EG,2024,1
Social Sciences,ES,2015,6
Social Sciences,ES,2016,8
Social Sciences,ES,2017,8
Social Sciences,ES,2018,9
Social Sciences,ES,2019,9
Social Sciences,ES,2020,10
Social Sciences,ES,2021,10
Social Sciences,ES,2022,10
Social Sciences,ES,2023,10
Social Sciences,ES,2024,11
Social Sciences,FI,2015,9
Social Sciences,FI,2016,10
Social Sciences,FI,2017,11
Social Sciences,FI,2018,11
Social Sciences,FI,2019,14
Social Sciences,FI,2020,15
Social Sciences,FI,2021,15
Social Sciences,FI,2022,16
Social Sciences,FI,2023,17
Social Sciences,FI,2024,18
Social Sciences,FR,2015,32
Social Sciences,FR,2016,34
Social Sciences,FR,2017,37
Social Sciences,FR,2018,35
Social Sciences,FR,2019,35
Social Sciences,FR,2020,35
Social Sciences,FR,2021,32
Social Sciences,FR,2022,32
Social Sciences,FR,2023,29
Social Sciences,FR,2024,31
Social Sciences,GB,2015,406
Social Sciences,GB,2016,415
Social Sciences,GB,2017,422
Social Sciences,GB,2018,417
Social Sciences,GB,2019,418
Social Sciences,GB,2020,419
Social Sciences,GB,2021,416
Social Sciences,GB,2022,417
Social Sciences,GB,2023,414
Social Sciences,GB,2024,421
Social Sciences,GH,2015,2
Social Sciences,GH,2016,2
Social Sciences,GH,2017,2
Social Sciences,GH,2018,2
Social Sciences,GH,2019,2
Social Sciences,GH,2020,2
Social Sciences,GH,2021,2
Social Sciences,GH,2022,2
Social Sciences,GH,2023,2
Social Sciences,GH,2024,2
Social Sciences,GR,2017,1
Social Sciences,GR,2018,1
Social Sciences,GR,2019,2
Social Sciences,GR,2020,2
Social Sciences,GR,2021,2
Social Sciences,GR,2022,3
Social Sciences,GR,2023,3
Social Sciences,GR,2024,3
Social Sciences,HK,2015,15
Social Sciences,HK,2016,17
Social Sciences,HK,2017,21
Social Sciences,HK,2018,19
Social Sciences,HK,2019,20
Social Sciences,HK,2020,22
Social Sciences,HK,2021,27
Social Sciences,HK,2022,26
Social Sciences,HK,2023,27
Social Sciences,HK,2024,31
Social Sciences,HR,2019,1
Social Sciences,HR,2020,1
Social Sciences,HR,2021,1
Social Sciences,HU,2015,4
Social Sciences,HU,2016,4
Social Sciences,HU,2017,4
Social Sciences,HU,2018,4
Social Sciences,HU,2019,4
Social Sciences,HU,2020,6
Social Sciences,HU,2021,6
Social Sciences,HU,2022,6
Social Sciences,HU,2023,6
Social Sciences,HU,2024,6
Social Sciences,ID,2018,1
Social Sciences,ID,2019,1
Social Sciences,ID,2020,1
Social Sciences,ID,2021,1
Social Sciences,ID,2022,2
Social Sciences,ID,2023,2
Social Sciences,ID,2024,3
Social Sciences,IE,2015,10
Social Sciences,IE,2016,10
Social Sciences,IE,2017,10
Social Sciences,IE,2018,9
Social Sciences,IE,2019,9
Social Sciences,IE,2020,8
Social Sciences,IE,2021,7
Social Sciences,IE,2022,7
Social Sciences,IE,2023,8
Social Sciences,IE,2024,9
Social Sciences,IL,2015,15
Social Sciences,IL,2016,16
Social Sciences,IL,2017,17
Social Sciences,IL,2018,17
Social Sciences,IL,2019,18
Social Sciences,IL,2020,18
Social Sciences,IL,2021,17
Social Sciences,IL,2022,16
Social Sciences,IL,2023,16
Social Sciences,IL,2024,16
Social Sciences,IN,2015,12
Social Sciences,IN,2016,12
Social Sciences,IN,2017,12
Social Sciences,IN,2018,12
Social Sciences,IN,2019,12
Social Sciences,IN,2020,11
Social Sciences,IN,2021,12
Social Sciences,IN,2022,13
Social Sciences,IN,2023,14
Social Sciences,IN,2024,14
Social Sciences,IR,2015,1
Social Sciences,IR,2016,1
Social Sciences,IR,2017,1
Social Sciences,IR,2018,1
Social Sciences,IR,2019,1
Social Sciences,IR,2020,2
Social Sciences,IR,2021,2
Social Sciences,IR,2022,2
Social Sciences,IR,2023,2
Social Sciences,IR,2024,2
Social Sciences,IT,2015,22
Social Sciences,IT,2016,20
Social Sciences,IT,2017,20
Social Sciences,IT,2018,22
Social Sciences,IT,2019,22
Social Sciences,IT,2020,21
Social Sciences,IT,2021,22
Social Sciences,IT,2022,22
Social Sciences,IT,2023,19
Social Sciences,IT,2024,21
Social Sciences,JP,2015,12
Social Sciences,JP,2016,11
Social Sciences,JP,2017,9
Social Sciences,JP,2018,10
Social Sciences,JP,2019,9
Social Sciences,JP,2020,9
Social Sciences,JP,2021,9
Social Sciences,JP,2022,8
Social Sciences,JP,2023,8
Social Sciences,JP,2024,8
Social Sciences,KE,2015,1
Social Sciences,KE,2016,1
Social Sciences,KE,2017,1
Social Sciences,KE,2018,1
Social Sciences,KH,2015,1
Social Sciences,KH,2016,1
Social Sciences,KH,2017,1
Social Sciences,KH,2018,1
Social Sciences,KH,2019,1
Social Sciences,KH,2020,1
Social Sciences,KH,2021,1
Social Sciences,KH,2022,1
Social Sciences,KH,2023,1
Social Sciences,KH,2024,1
Social Sciences,KR,2015,11
Social Sciences,KR,2016,15
Social Sciences,KR,2017,16
Social Sciences,KR,2018,16
Social Sciences,KR,2019,19
Social Sciences,KR,2020,20
Social Sciences,KR,2021,22
Social Sciences,KR,2022,24
Social Sciences,KR,2023,28
Social Sciences,KR,2024,28
Social Sciences,LB,2015,1
Social Sciences,LB,2016,1
Social Sciences,LU,2015,3
Social Sciences,LU,2016,3
Social Sciences,LU,2017,3
Social Sciences,LU,2018,3
Social Sciences,LU,2019,3
Social Sciences,LU,2020,4
Social Sciences,LU,2021,3
Social Sciences,LU,2022,3
Social Sciences,LU,2023,3
Social Sciences,LU,2024,3
Social Sciences,LV,2015,1
Social Sciences,LV,2016,1
Social Sciences,LV,2017,1
Social Sciences,LV,2018,1
Social Sciences,LV,2019,1
Social Sciences,LV,2020,1
Social Sciences,LV,2021,1
Social Sciences,MO,2015,1
Social Sciences,MO,2016,1
Social Sciences,MO,2017,1
Social Sciences,MO,2018,1
Social Sciences,MO,2019,1
Social Sciences,MO,2020,1
Social Sciences,MO,2021,1
Social Sciences,MO,2022,3
Social Sciences,MO,2023,3
Social Sciences,MO,2024,3
Social Sciences,MW,2015,1
Social Sciences,MW,2016,1
Social Sciences,MW,2017,1
Social Sciences,MW,2018,1
Social Sciences,MW,2019,1
Social Sciences,MX,2015,11
Social Sciences,MX,2016,11
Social Sciences,MX,2017,11
Social Sciences,MX,2018,10
Social Sciences,MX,2019,13
Social Sciences,MX,2020,13
Social Sciences,MX,2021,12
Social Sciences,MX,2022,11
Social Sciences,MX,2023,12
Social Sciences,MX,2024,10
Social Sciences,MY,2015,2
Social Sciences,MY,2016,2
Social Sciences,MY,2017,2
Social Sciences,MY,2018,2
Social Sciences,MY,2019,2
Social Sciences,MY,2020,2
Social Sciences,MY,2021,2
Social Sciences,MY,2022,1
Social Sciences,NG,2015,2
Social Sciences,NG,2016,2
Social Sciences,NG,2017,2
Social Sciences,NG,2018,2
Social Sciences,NG,2019,2
Social Sciences,NG,2020,2
Social Sciences,NG,2021,2
Social Sciences,NG,2022,2
Social Sciences,NG,2023,1
Social Sciences,NG,2024,1
Social Sciences,NL,2015,76
Social Sciences,NL,2016,76
Social Sciences,NL,2017,77
Social Sciences,NL,2018,84
Social Sciences,NL,2019,86
Social Sciences,NL,2020,86
Social Sciences,NL,2021,87
Social Sciences,NL,2022,92
Social Sciences,NL,2023,95
Social Sciences,NL,2024,98
Social Sciences,NO,2015,24
Social Sciences,NO,2016,24
Social Sciences,NO,2017,25
Social Sciences,NO,2018,24
Social Sciences,NO,2019,23
Social Sciences,NO,2020,25
Social Sciences,NO,2021,24
Social Sciences,NO,2022,24
Social Sciences,NO,2023,25
Social Sciences,NO,2024,26
Social Sciences,NZ,2015,13
Social Sciences,NZ,2016,15
Social Sciences,NZ,2017,18
Social Sciences,NZ,2018,20
Social Sciences,NZ,2019,20
Social Sciences,NZ,2020,19
Social Sciences,NZ,2021,21
Social Sciences,NZ,2022,23
Social Sciences,NZ,2023,23
Social Sciences,NZ,2024,24
Social Sciences,PE,2015,1
Social Sciences,PE,2016,1
Social Sciences,PE,2017,1
Social Sciences,PE,2018,1
Social Sciences,PH,2015,3
Social Sciences,PH,2016,3
Social Sciences,PH,2017,3
Social Sciences,PH,2018,3
Social Sciences,PH,2019,2
Social Sciences,PH,2020,1
Social Sciences,PH,2021,1
Social Sciences,PH,2022,1
Social Sciences,PH,2023,1
Social Sciences,PH,2024,1
Social Sciences,PK,2015,1
Social Sciences,PK,2016,1
Social Sciences,PK,2017,1
Social Sciences,PK,2018,1
Social Sciences,PK,2019,2
Social Sciences,PK,2020,1
Social Sciences,PK,2021,2
Social Sciences,PK,2022,1
Social Sciences,PK,2023,2
Social Sciences,PK,2024,3
Social Sciences,PL,2015,1
Social Sciences,PL,2016,1
Social Sciences,PL,2017,1
Social Sciences,PL,2018,1
Social Sciences,PL,2019,2
Social Sciences,PL,2020,3
Social Sciences,PL,2021,3
Social Sciences,PL,2022,3
Social Sciences,PL,2023,3
Social Sciences,PL,2024,3
Social Sciences,PR,2018,1
Social Sciences,PR,2019,1
Social Sciences,PR,2020,1
Social Sciences,PR,2021,1
Social Sciences,PR,2022,1
Social Sciences,PR,2023,1
Social Sciences,PR,2024,1
Social Sciences,PT,2015,3
Social Sciences,PT,2016,3
Social Sciences,PT,2017,3
Social Sciences,PT,2018,3
Social Sciences,PT,2019,3
Social Sciences,PT,2020,3
Social Sciences,PT,2021,3
Social Sciences,PT,2022,3
Social Sciences,PT,2023,3
Social Sciences,PT,2024,3
Social Sciences,QA,2015,4
Social Sciences,QA,2016,4
Social Sciences,QA,2017,4
Social Sciences,QA,2018,4
Social Sciences,QA,2019,4
Social Sciences,QA,2020,4
Social Sciences,QA,2021,5
Social Sciences,QA,2022,5
Social Sciences,QA,2023,5
Social Sciences,QA,2024,6
Social Sciences,RO,2015,1
Social Sciences,RO,2016,1
Social Sciences,RO,2017,1
Social Sciences,RO,2018,1
Social Sciences,RO,2019,1
Social Sciences,RO,2020,1
Social Sciences,RO,2021,1
Social Sciences,RO,2022,1
Social Sciences,RO,2023,1
Social Sciences,RU,2015,17
Social Sciences,RU,2016,16
Social Sciences,RU,2017,14
Social Sciences,RU,2018,12
Social Sciences,RU,2019,9
Social Sciences,RU,2020,10
Social Sciences,RU,2021,11
Social Sciences,RU,2022,12
Social Sciences,RU,2023,12
Social Sciences,RU,2024,12
Social Sciences,SA,2015,2
Social Sciences,SA,2016,3
Social Sciences,SA,2017,3
Social Sciences,SA,2018,3
Social Sciences,SA,2019,3
Social Sciences,SA,2020,3
Social Sciences,SA,2021,3
Social Sciences,SA,2022,3
Social Sciences,SA,2023,2
Social Sciences,SA,2024,1
Social Sciences,SE,2015,29
Social Sciences,SE,2016,29
Social Sciences,SE,2017,28
Social Sciences,SE,2018,28
Social Sciences,SE,2019,29
Social Sciences,SE,2020,31
Social Sciences,SE,2021,34
Social Sciences,SE,2022,35
Social Sciences,SE,2023,35
Social Sciences,SE,2024,35
Social Sciences,SG,2015,14
Social Sciences,SG,2016,15
Social Sciences,SG,2017,16
Social Sciences,SG,2018,15
Social Sciences,SG,2019,15
Social Sciences,SG,2020,16
Social Sciences,SG,2021,17
Social Sciences,SG,2022,19
Social Sciences,SG,2023,19
Social Sciences,SG,2024,19
Social Sciences,SI,2015,15
Social Sciences,SI,2016,15
Social Sciences,SI,2017,16
Social Sciences,SI,2018,15
Social Sciences,SI,2019,15
Social Sciences,SI,2020,14
Social Sciences,SI,2021,13
Social Sciences,SI,2022,11
Social Sciences,SI,2023,11
Social Sciences,SI,2024,11
Social Sciences,SK,2015,4
Social Sciences,SK,2016,5
Social Sciences,SK,2017,5
Social Sciences,SK,2018,7
Social Sciences,SK,2019,6
Social Sciences,SK,2020,6
Social Sciences,SK,2021,5
Social Sciences,SK,2022,4
Social Sciences,SK,2023,4
Social Sciences,SK,2024,4
Social Sciences,SS,2015,2
Social Sciences,SS,2016,2
Social Sciences,SS,2017,2
Social Sciences,SS,2018,1
Social Sciences,SS,2019,2
Social Sciences,SS,2020,2
Social Sciences,SS,2021,2
Social Sciences,SS,2022,2
Social Sciences,SS,2023,2
Social Sciences,SS,2024,2
Social Sciences,TH,2015,2
Social Sciences,TH,2016,2
Social Sciences,TH,2017,2
Social Sciences,TH,2018,2
Social Sciences,TH,2019,2
Social Sciences,TH,2020,2
Social Sciences,TH,2021,2
Social Sciences,TH,2022,2
Social Sciences,TH,2023,2
Social Sciences,TH,2024,3
Social Sciences,TJ,2015,1
Social Sciences,TJ,2016,1
Social Sciences,TJ,2017,1
Social Sciences,TJ,2018,1
Social Sciences,TR,2022,1
Social Sciences,TR,2023,1
Social Sciences,TR,2024,1
Social Sciences,TW,2016,1
Social Sciences,TW,2017,1
Social Sciences,TW,2018,3
Social Sciences,TW,2019,4
Social Sciences,TW,2020,7
Social Sciences,TW,2021,9
Social Sciences,TW,2022,8
Social Sciences,TW,2023,8
Social Sciences,TW,2024,8
Social Sciences,TZ,2015,1
Social Sciences,TZ,2016,1
Social Sciences,TZ,2017,1
Social Sciences,TZ,2018,1
Social Sciences,TZ,2019,1
Social Sciences,TZ,2020,1
Social Sciences,UA,2015,2
Social Sciences,UA,2016,2
Social Sciences,UA,2017,2
Social Sciences,UA,2018,2
Social Sciences,UA,2019,2
Social Sciences,UA,2020,2
Social Sciences,UA,2021,2
Social Sciences,UA,2022,2
Social Sciences,UA,2023,2
Social Sciences,UA,2024,2
Social Sciences,US,2015,1769
Social Sciences,US,2016,1753
Social Sciences,US,2017,1740
Social Sciences,US,2018,1734
Social Sciences,US,2019,1718
Social Sciences,US,2020,1699
Social Sciences,US,2021,1686
Social Sciences,US,2022,1659
Social Sciences,US,2023,1638
Social Sciences,US,2024,1612
Social Sciences,VN,2015,1
Social Sciences,VN,2016,1
Social Sciences,VN,2017,1
Social Sciences,VN,2018,1
Social Sciences,VN,2019,1
Social Sciences,VN,2020,1
Social Sciences,VN,2021,1
Social Sciences,VN,2022,1
Social Sciences,VN,2023,2
Social Sciences,VN,2024,2
Social Sciences,ZA,2015,12
Social Sciences,ZA,2016,14
Social Sciences,ZA,2017,15
Social Sciences,ZA,2018,16
Social Sciences,ZA,2019,18
Social Sciences,ZA,2020,21
Social Sciences,ZA,2021,20
Social Sciences,ZA,2022,23
Social Sciences,ZA,2023,25
Social Sciences,ZA,2024,27
Veterinary,AT,2015,1
Veterinary,AT,2016,1
Veterinary,AT,2017,1
Veterinary,AT,2018,1
Veterinary,AT,2019,1
Veterinary,AT,2020,1
Veterinary,AT,2021,1
Veterinary,AT,2022,1
Veterinary,AT,2023,1
Veterinary,AT,2024,1
Veterinary,AU,2015,4
Veterinary,AU,2016,4
Veterinary,AU,2017,4
Veterinary,AU,2018,4
Veterinary,AU,2019,4
Veterinary,AU,2020,4
Veterinary,AU,2021,4
Veterinary,AU,2022,5
Veterinary,AU,2023,6
Veterinary,AU,2024,5
Veterinary,BE,2017,1
Veterinary,BE,2018,1
Veterinary,BE,2019,1
Veterinary,BE,2020,1
Veterinary,BE,2021,1
Veterinary,BE,2022,1
Veterinary,BE,2023,1
Veterinary,BE,2024,1
Veterinary,CA,2015,4
Veterinary,CA,2016,4
Veterinary,CA,2017,4
Veterinary,CA,2018,4
Veterinary,CA,2019,5
Veterinary,CA,2020,5
Veterinary,CA,2021,5
Veterinary,CA,2022,5
Veterinary,CA,2023,5
Veterinary,CA,2024,5
Veterinary,DE,2015,1
Veterinary,DE,2016,1
Veterinary,DE,2017,1
Veterinary,DE,2018,1
Veterinary,DE,2019,1
Veterinary,DE,2020,1
Veterinary,DE,2021,1
Veterinary,DE,2022,1
Veterinary,DE,2023,1
Veterinary,DE,2024,1
Veterinary,DK,2015,1
Veterinary,DK,2016,1
Veterinary,ES,2024,1
Veterinary,GB,2015,8
Veterinary,GB,2016,9
Veterinary,GB,2017,8
Veterinary,GB,2018,9
Veterinary,GB,2019,8
Veterinary,GB,2020,8
Veterinary,GB,2021,7
Veterinary,GB,2022,8
Veterinary,GB,2023,8
Veterinary,GB,2024,9
Veterinary,GR,2015,1
Veterinary,GR,2016,1
Veterinary,GR,2017,1
Veterinary,GR,2018,1
Veterinary,GR,2019,1
Veterinary,GR,2020,1
Veterinary,GR,2021,1
Veterinary,GR,2022,1
Veterinary,GR,2023,1
Veterinary,GR,2024,1
Veterinary,IE,2015,1
Veterinary,IE,2016,1
Veterinary,IE,2017,1
Veterinary,IE,2018,1
Veterinary,IE,2019,1
Veterinary,IE,2020,1
Veterinary,IE,2021,1
Veterinary,IE,2022,1
Veterinary,IE,2023,1
Veterinary,IE,2024,1
Veterinary,IT,2015,2
Veterinary,IT,2016,1
Veterinary,IT,2017,1
Veterinary,IT,2018,1
Veterinary,IT,2019,1
Veterinary,IT,2020,1
Veterinary,IT,2021,1
Veterinary,IT,2022,1
Veterinary,IT,2023,1
Veterinary,IT,2024,1
Veterinary,NL,2021,1
Veterinary,NL,2022,1
Veterinary,NL,2023,1
Veterinary,NL,2024,1
Veterinary,US,2015,7
Veterinary,US,2016,7
Veterinary,US,2017,8
Veterinary,US,2018,7
Veterinary,US,2019,7
Veterinary,US,2020,7
Veterinary,US,2021,7
Veterinary,US,2022,6
Veterinary,US,2023,5
Veterinary,US,2024,5
