Prize,Year,Winner,Citation,Wikipedia_URL,OpenAlex_URL,Subfield,Subfield_ID,Field,Domain,Verified,Corrected_OpenAlex_URL,Best_Subfield,Best_Subfield_ID,Best_Field,Verification_Notes,laureate_type,n_winners,plotFinestField
A. M. Turing Award,2015,Martin Hellman,For inventing asymmetric public-key cryptography and digital signatures,https://en.wikipedia.org/wiki/Martin_Hellman,https://openalex.org/authors/A5016990841,Computer Vision and Pattern Recognition,1707.0,Computer Science,Physical Sciences,Yes,,Artificial Intelligence,1702,Computer Science,Profile correct (Martin E. Hellman). Subfield changed from Computer Vision to Artificial Intelligence - most crypto topics map to AI in OpenAlex.,individual,1.0,"Computing, electrical"
A. M. Turing Award,2015,Whitfield Diffie,For inventing asymmetric public-key cryptography and digital signatures,https://en.wikipedia.org/wiki/Whitfield_Diffie,https://openalex.org/authors/A5055867345,Computer Vision and Pattern Recognition,1707.0,Computer Science,Physical Sciences,Yes,,Computer Networks and Communications,1705,Computer Science,Profile correct. Subfield changed from Computer Vision to Computer Networks and Communications - his top topic.,individual,1.0,"Computing, electrical"
A. M. Turing Award,2016,Tim Berners-Lee,For inventing the World Wide Web,https://en.wikipedia.org/wiki/Tim_Berners-Lee,https://openalex.org/authors/A5025908133,Artificial Intelligence,1702.0,Computer Science,Physical Sciences,Yes,,Artificial Intelligence,1702,Computer Science,Profile correct. Subfield Artificial Intelligence is plausible (Semantic Web is his top topic in OpenAlex).,individual,1.0,"Computing, electrical"
A. M. Turing Award,2017,David Patterson,"For pioneering a systematic, quantitative approach to computer architecture design",https://en.wikipedia.org/wiki/David_Patterson,https://openalex.org/authors/A5101927146,Hardware and Architecture,1708.0,Computer Science,Physical Sciences,Yes,,Hardware and Architecture,1708,Computer Science,"Profile correct (David A. Patterson, Google/UC Berkeley). Hardware and Architecture correct.",individual,1.0,"Computing, electrical"
A. M. Turing Award,2017,John Hennessy,"For pioneering a systematic, quantitative approach to computer architecture design",https://en.wikipedia.org/wiki/John_Hennessy,https://openalex.org/authors/A5022706180,Hardware and Architecture,1708.0,Computer Science,Physical Sciences,Yes,,Hardware and Architecture,1708,Computer Science,Profile correct (John L. Hennessy). Hardware and Architecture correct.,individual,1.0,"Computing, electrical"
A. M. Turing Award,2018,Geoffrey Hinton,For conceptual and engineering breakthroughs that made deep neural networks a critical component of computing,https://en.wikipedia.org/wiki/Geoffrey_Hinton,https://openalex.org/authors/A5108093963,Artificial Intelligence,1702.0,Computer Science,Physical Sciences,Yes,,Artificial Intelligence,1702,Computer Science,"Profile correct (Geoffrey E. Hinton, U of Toronto). Artificial Intelligence correct.",individual,1.0,"Computing, electrical"
A. M. Turing Award,2018,Yann LeCun,For conceptual and engineering breakthroughs that made deep neural networks a critical component of computing,https://en.wikipedia.org/wiki/Yann_LeCun,https://openalex.org/authors/A5001226970,Artificial Intelligence,1702.0,Computer Science,Physical Sciences,Yes,,Artificial Intelligence,1702,Computer Science,"Profile correct (Yann LeCun, NYU/Courant). Artificial Intelligence correct.",individual,1.0,"Computing, electrical"
A. M. Turing Award,2018,Yoshua Bengio,For conceptual and engineering breakthroughs that made deep neural networks a critical component of computing,https://en.wikipedia.org/wiki/Yoshua_Bengio,https://openalex.org/authors/A5086198262,Artificial Intelligence,1702.0,Computer Science,Physical Sciences,Yes,,Artificial Intelligence,1702,Computer Science,"Profile correct (Yoshua Bengio, Mila/U Montreal). Artificial Intelligence correct.",individual,1.0,"Computing, electrical"
A. M. Turing Award,2019,Edwin Catmull,For fundamental contributions to 3-D computer graphics,https://en.wikipedia.org/wiki/Edwin_Catmull,https://openalex.org/authors/A5071952193,Computer Graphics and Computer-Aided Design,1704.0,Computer Science,Physical Sciences,Yes,,Computer Graphics and Computer-Aided Design,1704,Computer Science,Profile correct (Edwin Catmull). Computer Graphics and Computer-Aided Design correct.,individual,1.0,"Computing, electrical"
A. M. Turing Award,2019,Patrick Hanrahan,For fundamental contributions to 3-D computer graphics,https://en.wikipedia.org/wiki/Patrick_Hanrahan,https://openalex.org/authors/A5111907242,Computer Graphics and Computer-Aided Design,1704.0,Computer Science,Physical Sciences,Yes,,Computer Graphics and Computer-Aided Design,1704,Computer Science,"Profile correct (Patrick Hanrahan, Stanford). Computer Graphics and Computer-Aided Design correct.",individual,1.0,"Computing, electrical"
A. M. Turing Award,2020,Alfred Aho,For the algorithms and theory underlying programming language implementation,https://en.wikipedia.org/wiki/Alfred_Aho,https://openalex.org/authors/A5047516262,Artificial Intelligence,1702.0,Computer Science,Physical Sciences,Yes,,Computational Theory and Mathematics,1703,Computer Science,"Profile correct (Alfred V. Aho, Columbia). Subfield changed from AI to Computational Theory and Mathematics - better represents his work on algorithms and programming language theory.",individual,1.0,"Computing, electrical"
A. M. Turing Award,2020,Jeffrey Ullman,For the algorithms and theory underlying programming language implementation,https://en.wikipedia.org/wiki/Jeffrey_Ullman,https://openalex.org/authors/A5089065417,Computer Networks and Communications,1705.0,Computer Science,Physical Sciences,Yes,,Computer Networks and Communications,1705,Computer Science,Profile correct (Jeffrey D. Ullman). Computer Networks and Communications is plausible (databases/data management is his top topic).,individual,1.0,"Computing, electrical"
A. M. Turing Award,2021,Jack Dongarra,For pioneering contributions to numerical algorithms and libraries for high performance computing,https://en.wikipedia.org/wiki/Jack_Dongarra,https://openalex.org/authors/A5075517045,Hardware and Architecture,1708.0,Computer Science,Physical Sciences,Yes,,Hardware and Architecture,1708,Computer Science,"Profile correct (Jack Dongarra, UT/ORNL). Hardware and Architecture correct for HPC work.",individual,1.0,"Computing, electrical"
A. M. Turing Award,2022,Robert Metcalfe,"For the invention, standardization, and commercialization of Ethernet",https://en.wikipedia.org/wiki/Robert_Metcalfe,https://openalex.org/authors/A5039241368,Safety Research,3311.0,Social Sciences,Social Sciences,Yes,https://openalex.org/authors/A5039241368,Computer Networks and Communications,1705,Computer Science,Wrong person. Original profile is behavioral economist Robert Metcalfe at Columbia. Corrected to Robert M. Metcalfe at MIT (inventor of Ethernet).,individual,1.0,"Computing, electrical"
A. M. Turing Award,2023,Avi Wigderson,For foundational contributions to the theory of computation,https://en.wikipedia.org/wiki/Avi_Wigderson,https://openalex.org/authors/A5039043184,Computational Theory and Mathematics,1703.0,Computer Science,Physical Sciences,Yes,,Computational Theory and Mathematics,1703,Computer Science,"Profile correct (Avi Wigderson, IAS). Computational Theory and Mathematics correct.",individual,1.0,"Computing, electrical"
A. M. Turing Award,2024,Andrew Barto,For developing the conceptual and algorithmic foundations of reinforcement learning,https://en.wikipedia.org/wiki/Andrew_Barto,https://openalex.org/authors/A5089808068,Artificial Intelligence,1702.0,Computer Science,Physical Sciences,Yes,,Artificial Intelligence,1702,Computer Science,"Profile correct (Andrew G. Barto, UMass Amherst). Artificial Intelligence correct for RL pioneer.",individual,1.0,"Computing, electrical"
A. M. Turing Award,2024,Richard Sutton,For developing the conceptual and algorithmic foundations of reinforcement learning,https://en.wikipedia.org/wiki/Richard_Sutton,https://openalex.org/authors/A5004923102,Artificial Intelligence,1702.0,Computer Science,Physical Sciences,Yes,,Artificial Intelligence,1702,Computer Science,"Profile correct (Richard S. Sutton, U Alberta). Artificial Intelligence correct for RL pioneer.",individual,1.0,"Computing, electrical"
Abel Prize,2015,John Nash,For striking contributions to the theory of nonlinear partial differential equations and geometric analysis,https://en.wikipedia.org/wiki/John_Forbes_Nash_Jr.,https://openalex.org/authors/A5112787212,Computational Mechanics,2206.0,Engineering,Physical Sciences,Yes,,Applied Mathematics,2604,Mathematics,Profile correct. Assigned Applied Mathematics.,individual,1.0,Math
Abel Prize,2015,Louis Nirenberg,For striking contributions to the theory of nonlinear partial differential equations and geometric analysis,https://en.wikipedia.org/wiki/Louis_Nirenberg,https://openalex.org/authors/A5062156030,Computational Theory and Mathematics,1703.0,Computer Science,Physical Sciences,Yes,,Applied Mathematics,2604,Mathematics,Profile correct. Changed to Applied Mathematics - PDE mathematician.,individual,1.0,Math
Abel Prize,2016,Andrew Wiles,For his stunning proof of Fermat's Last Theorem,https://en.wikipedia.org/wiki/Andrew_Wiles,https://openalex.org/authors/A5108430356,Geometry and Topology,2608.0,Mathematics,Physical Sciences,Yes,,Geometry and Topology,2608,Mathematics,Profile correct. Existing subfield correct.,individual,1.0,Math
Abel Prize,2017,Yves Meyer,For his pivotal role in the development of the mathematical theory of wavelets,https://en.wikipedia.org/wiki/Yves_Meyer,https://openalex.org/authors/A5015773159,Computer Vision and Pattern Recognition,1707.0,Computer Science,Physical Sciences,Yes,,Applied Mathematics,2604,Mathematics,Profile correct. Changed to Applied Mathematics.,individual,1.0,Math
Abel Prize,2018,Robert Langlands,For his visionary program connecting representation theory to number theory,https://en.wikipedia.org/wiki/Robert_Langlands,https://openalex.org/authors/A5038965296,Mathematical Physics,2610.0,Mathematics,Physical Sciences,Yes,,Mathematical Physics,2610,Mathematics,Profile correct. Existing subfield correct.,individual,1.0,Math
Abel Prize,2019,Karen Uhlenbeck,"For her pioneering achievements in geometric partial differential equations, gauge theory and integrable systems",https://en.wikipedia.org/wiki/Karen_Uhlenbeck,https://openalex.org/authors/A5077518717,Applied Mathematics,2604.0,Mathematics,Physical Sciences,Yes,,Applied Mathematics,2604,Mathematics,Profile correct. Existing subfield correct.,individual,1.0,Math
Abel Prize,2020,Gregory Margulis,"For pioneering the use of methods from probability and dynamics in group theory, number theory and combinatorics",https://en.wikipedia.org/wiki/Gregory_Margulis,https://openalex.org/authors/A5109905437,Mathematical Physics,2610.0,Mathematics,Physical Sciences,Yes,,Mathematical Physics,2610,Mathematics,Profile correct. Existing subfield correct.,individual,1.0,Math
Abel Prize,2020,Hillel Furstenberg,"For pioneering the use of methods from probability and dynamics in group theory, number theory and combinatorics",https://en.wikipedia.org/wiki/Hillel_Furstenberg,https://openalex.org/authors/A5110887809,Mathematical Physics,2610.0,Mathematics,Physical Sciences,Yes,,Mathematical Physics,2610,Mathematics,Profile correct. Existing subfield correct.,individual,1.0,Math
Abel Prize,2021,Avi Wigderson,For foundational contributions to theoretical computer science and discrete mathematics,https://en.wikipedia.org/wiki/Avi_Wigderson,https://openalex.org/authors/A5039043184,Computational Theory and Mathematics,1703.0,Computer Science,Physical Sciences,Yes,,Discrete Mathematics and Combinatorics,2607,Mathematics,Profile correct. Assigned Discrete Math - all topics CS.,individual,1.0,Math
Abel Prize,2021,Laszlo Lovasz,For foundational contributions to theoretical computer science and discrete mathematics,https://en.wikipedia.org/wiki/L%C3%A1szl%C3%B3_Lov%C3%A1sz,https://openalex.org/authors/A5067889485,Computational Theory and Mathematics,1703.0,Computer Science,Physical Sciences,Yes,,Discrete Mathematics and Combinatorics,2607,Mathematics,Profile correct. Changed to Discrete Math.,individual,1.0,Math
Abel Prize,2022,Dennis Sullivan,For his groundbreaking contributions to topology in its broadest sense,https://en.wikipedia.org/wiki/Dennis_Sullivan,https://openalex.org/authors/A5113531422,Mathematical Physics,2610.0,Mathematics,Physical Sciences,Yes,,Mathematical Physics,2610,Mathematics,Profile correct. Existing subfield correct.,individual,1.0,Math
Abel Prize,2023,Luis Caffarelli,For his seminal contributions to regularity theory for nonlinear partial differential equations,https://en.wikipedia.org/wiki/Luis_Caffarelli,https://openalex.org/authors/A5070686513,Computational Theory and Mathematics,1703.0,Computer Science,Physical Sciences,Yes,,Applied Mathematics,2604,Mathematics,Profile correct. Changed to Applied Mathematics.,individual,1.0,Math
Abel Prize,2024,Michel Talagrand,For his groundbreaking contributions to probability theory and functional analysis,https://en.wikipedia.org/wiki/Michel_Talagrand,https://openalex.org/authors/A5077443351,Mathematical Physics,2610.0,Mathematics,Physical Sciences,Yes,,Mathematical Physics,2610,Mathematics,Profile correct. Existing subfield correct.,individual,1.0,Math
Albert Einstein World Award of Science,2015,Ewine Fleur van Dishoeck,Molecular astrophysics: pioneering understanding of the chemical processes in space,https://en.wikipedia.org/wiki/Ewine_Fleur_van_Dishoeck,https://openalex.org/authors/A5104142705,Spectroscopy,1607.0,Chemistry,Physical Sciences,Yes,,Astronomy and Astrophysics,3103,Physics and Astronomy,Profile correct. Changed subfield from Spectroscopy to Astronomy and Astrophysics (her #2 topic) to better match molecular astrophysics prize citation.,individual,1.0,Physics & Astronomy
Albert Einstein World Award of Science,2016,Edward Witten,"Contributions to physics and mathematics, including superstring theory",https://en.wikipedia.org/wiki/Edward_Witten,https://openalex.org/authors/A5032512426,Nuclear and High Energy Physics,3106.0,Physics and Astronomy,Physical Sciences,Yes,,Nuclear and High Energy Physics,3106,Physics and Astronomy,,individual,1.0,Physics & Astronomy
Albert Einstein World Award of Science,2017,Omar M. Yaghi,Reticular chemistry: invention of metal-organic frameworks and covalent organic frameworks,https://en.wikipedia.org/wiki/Omar_M._Yaghi,https://openalex.org/authors/A5044268160,Inorganic Chemistry,1604.0,Chemistry,Physical Sciences,Yes,,Inorganic Chemistry,1604,Chemistry,,individual,1.0,Chemistry
Albert Einstein World Award of Science,2018,Jean-Pierre Changeux,Neurosciences: pioneering work on nicotinic acetylcholine receptors and neural signal transduction,https://en.wikipedia.org/wiki/Jean-Pierre_Changeux,https://openalex.org/authors/A5056074308,Molecular Biology,1312.0,"Biochemistry, Genetics and Molecular Biology",Life Sciences,Yes,,Cellular and Molecular Neuroscience,https://openalex.org/subfields/2804,Neuroscience,"Reclassified: neuroscience pioneer (nicotinic receptors), not general biochemistry",individual,1.0,Life Sciences & Medicine
Albert Einstein World Award of Science,2019,Zhong Lin Wang,Nanotechnology: pioneering contributions to nanogenerators and self-powered nanosystems,https://en.wikipedia.org/wiki/Zhong_Lin_Wang,https://openalex.org/authors/A5100376569,Biomedical Engineering,2204.0,Engineering,Physical Sciences,Yes,,"Electronic, Optical and Magnetic Materials",https://openalex.org/subfields/2504,Materials Science,Reclassified: nanogenerator/piezoelectric researcher -> materials science not biomedical eng,individual,1.0,Materials and mining engineering
Albert Einstein World Award of Science,2022,Victoria M. Kaspi,"Astrophysics: transformative research on neutron stars, pulsars, and magnetars",https://en.wikipedia.org/wiki/Victoria_M._Kaspi,https://openalex.org/authors/A5066105866,Astronomy and Astrophysics,3103.0,Physics and Astronomy,Physical Sciences,Yes,https://openalex.org/authors/A5066105866,Astronomy and Astrophysics,3103,Physics and Astronomy,"Wrong profile: A5013125693 is Kiyoshi W. Masui. Corrected to A5066105866 (V. M. Kaspi, McGill University, pulsar research).",individual,1.0,Physics & Astronomy
Albert Einstein World Award of Science,2023,Christoph Gerber,Nanoscale science: co-invention of atomic force microscopy and contributions to nanomechanics,https://en.wikipedia.org/wiki/Christoph_Gerber,https://openalex.org/authors/A5004070941,"Atomic and Molecular Physics, and Optics",3107.0,Physics and Astronomy,Physical Sciences,Yes,,"Atomic and Molecular Physics, and Optics",3107,Physics and Astronomy,,individual,1.0,Physics & Astronomy
Albert Einstein World Award of Science,2024,Eske Willerslev,Evolutionary biology: pioneering use of ancient environmental DNA to reshape understanding of past ecosystems,https://en.wikipedia.org/wiki/Eske_Willerslev,https://openalex.org/authors/A5028667558,Genetics,1311.0,"Biochemistry, Genetics and Molecular Biology",Life Sciences,Yes,,Genetics,1311,"Biochemistry, Genetics and Molecular Biology",,individual,1.0,Life Sciences & Medicine
Albert Lasker Basic Medical Research Award,2015,Evelyn Witkin,For discoveries concerning the DNA-damage response,https://en.wikipedia.org/wiki/Evelyn_M._Witkin,https://openalex.org/authors/A5039213904,Molecular Biology,1312.0,"Biochemistry, Genetics and Molecular Biology",Life Sciences,Yes,,Molecular Biology,1312.0,"Biochemistry, Genetics and Molecular Biology",,individual,1.0,Life Sciences & Medicine
Albert Lasker Basic Medical Research Award,2015,Stephen Elledge,For discoveries concerning the DNA-damage response,https://en.wikipedia.org/wiki/Stephen_J._Elledge,https://openalex.org/authors/A5025914907,Molecular Biology,1312.0,"Biochemistry, Genetics and Molecular Biology",Life Sciences,Yes,,Molecular Biology,1312.0,"Biochemistry, Genetics and Molecular Biology",,individual,1.0,Life Sciences & Medicine
Albert Lasker Basic Medical Research Award,2016,Gregg Semenza,For discoveries concerning how human cells sense and adapt to changes in oxygen availability,https://en.wikipedia.org/wiki/Gregg_Semenza,https://openalex.org/authors/A5051276665,Cancer Research,1306.0,"Biochemistry, Genetics and Molecular Biology",Life Sciences,Yes,,Cancer Research,1306.0,"Biochemistry, Genetics and Molecular Biology",,individual,1.0,Life Sciences & Medicine
Albert Lasker Basic Medical Research Award,2016,Peter Ratcliffe,For discoveries concerning how human cells sense and adapt to changes in oxygen availability,https://en.wikipedia.org/wiki/Peter_Ratcliffe,https://openalex.org/authors/A5064727417,Cancer Research,1306.0,"Biochemistry, Genetics and Molecular Biology",Life Sciences,Yes,,Cancer Research,1306.0,"Biochemistry, Genetics and Molecular Biology",,individual,1.0,Life Sciences & Medicine
Albert Lasker Basic Medical Research Award,2016,William Kaelin Jr.,For discoveries concerning how human cells sense and adapt to changes in oxygen availability,https://en.wikipedia.org/wiki/William_Kaelin_Jr.,https://openalex.org/authors/A5088456751,Oncology,2730.0,Medicine,Health Sciences,Yes,https://openalex.org/authors/A5088456751,Oncology,2730.0,Medicine,"No original OpenAlex URL. Found A5088456751 (William G. Kaelin, Dana-Farber/Harvard, 490 works).",individual,1.0,Life Sciences & Medicine
Albert Lasker Basic Medical Research Award,2017,Michael Hall,For discoveries concerning the nutrient-activated TOR proteins and cell growth,https://en.wikipedia.org/wiki/Michael_N._Hall,https://openalex.org/authors/A5003476561,Sociology and Political Science,3312.0,Social Sciences,Social Sciences,Yes,https://openalex.org/authors/A5003476561,Molecular Biology,1312.0,"Biochemistry, Genetics and Molecular Biology","Wrong profile: A5051839223 is C. Michael Hall (tourism). Corrected to A5003476561 (Michael N. Hall, Basel, mTOR).",individual,1.0,Life Sciences & Medicine
Albert Lasker Basic Medical Research Award,2018,C. David Allis,For discoveries on how gene expression is influenced by chemical modification of histones,https://en.wikipedia.org/wiki/C._David_Allis,https://openalex.org/authors/A5052967210,Molecular Biology,1312.0,"Biochemistry, Genetics and Molecular Biology",Life Sciences,Yes,,Molecular Biology,1312.0,"Biochemistry, Genetics and Molecular Biology",,individual,1.0,Life Sciences & Medicine
Albert Lasker Basic Medical Research Award,2018,Michael Grunstein,For discoveries on how gene expression is influenced by chemical modification of histones,https://en.wikipedia.org/wiki/Michael_Grunstein,https://openalex.org/authors/A5001625476,Molecular Biology,1312.0,"Biochemistry, Genetics and Molecular Biology",Life Sciences,Yes,,Molecular Biology,1312.0,"Biochemistry, Genetics and Molecular Biology",,individual,1.0,Life Sciences & Medicine
Albert Lasker Basic Medical Research Award,2019,Jacques Miller,"For discovery of the two distinct classes of lymphocytes, B and T cells",https://en.wikipedia.org/wiki/Jacques_Miller,https://openalex.org/authors/A5075643780,Immunology,2403.0,Immunology and Microbiology,Life Sciences,Yes,,Immunology,2403.0,Immunology and Microbiology,,individual,1.0,Life Sciences & Medicine
Albert Lasker Basic Medical Research Award,2019,Max Cooper,"For discovery of the two distinct classes of lymphocytes, B and T cells",https://en.wikipedia.org/wiki/Max_D._Cooper,https://openalex.org/authors/A5031308976,Immunology,2403.0,Immunology and Microbiology,Life Sciences,Yes,,Immunology,2403.0,Immunology and Microbiology,,individual,1.0,Life Sciences & Medicine
Albert Lasker Basic Medical Research Award,2021,Dieter Oesterhelt,For the discovery and development of optogenetics,https://en.wikipedia.org/wiki/Dieter_Oesterhelt,https://openalex.org/authors/A5077404586,Cellular and Molecular Neuroscience,2804.0,Neuroscience,Life Sciences,Yes,,Molecular Biology,1312.0,"Biochemistry, Genetics and Molecular Biology",Changed from Cellular and Molecular Neuroscience to Molecular Biology (bacteriorhodopsin discoverer).,individual,1.0,Life Sciences & Medicine
Albert Lasker Basic Medical Research Award,2021,Karl Deisseroth,For the discovery and development of optogenetics,https://en.wikipedia.org/wiki/Karl_Deisseroth,https://openalex.org/authors/A5014360828,Cellular and Molecular Neuroscience,2804.0,Neuroscience,Life Sciences,Yes,,Cellular and Molecular Neuroscience,2804.0,Neuroscience,,individual,1.0,Life Sciences & Medicine
Albert Lasker Basic Medical Research Award,2021,Peter Hegemann,For the discovery and development of optogenetics,https://en.wikipedia.org/wiki/Peter_Hegemann,https://openalex.org/authors/A5032787107,Cellular and Molecular Neuroscience,2804.0,Neuroscience,Life Sciences,Yes,,Cellular and Molecular Neuroscience,2804.0,Neuroscience,,individual,1.0,Life Sciences & Medicine
Albert Lasker Basic Medical Research Award,2022,Erkki Ruoslahti,For discoveries concerning integrins,https://en.wikipedia.org/wiki/Erkki_Ruoslahti,https://openalex.org/authors/A5088477154,Immunology and Allergy,2723.0,Medicine,Health Sciences,Yes,,Immunology and Allergy,2723.0,Medicine,,individual,1.0,Life Sciences & Medicine
Albert Lasker Basic Medical Research Award,2022,Richard Hynes,For discoveries concerning integrins,https://en.wikipedia.org/wiki/Richard_Hynes,https://openalex.org/authors/A5030647867,Immunology and Allergy,2723.0,Medicine,Health Sciences,Yes,,Immunology and Allergy,2723.0,Medicine,,individual,1.0,Life Sciences & Medicine
Albert Lasker Basic Medical Research Award,2022,Timothy Springer,For discoveries concerning integrins,https://en.wikipedia.org/wiki/Timothy_Springer,https://openalex.org/authors/A5003615852,Immunology and Allergy,2723.0,Medicine,Health Sciences,Yes,,Immunology and Allergy,2723.0,Medicine,,individual,1.0,Life Sciences & Medicine
Albert Lasker Basic Medical Research Award,2023,Demis Hassabis,For the invention of AlphaFold,https://en.wikipedia.org/wiki/Demis_Hassabis,https://openalex.org/authors/A5005349213,Cognitive Neuroscience,2805.0,Neuroscience,Life Sciences,Yes,,Artificial Intelligence,1702.0,Computer Science,"Changed from Cognitive Neuroscience to Artificial Intelligence (DeepMind founder, AlphaFold).",individual,1.0,"Computing, electrical"
Albert Lasker Basic Medical Research Award,2023,John Jumper,For the invention of AlphaFold,https://en.wikipedia.org/wiki/John_Jumper,https://openalex.org/authors/A5059179935,Molecular Biology,1312.0,"Biochemistry, Genetics and Molecular Biology",Life Sciences,Yes,,Molecular Biology,1312.0,"Biochemistry, Genetics and Molecular Biology",,individual,1.0,Life Sciences & Medicine
Albert Lasker Basic Medical Research Award,2024,Zhijian Chen,For the discovery of the cGAS enzyme that senses foreign and self-DNA,https://en.wikipedia.org/wiki/Zhijian_%22James%22_Chen,https://openalex.org/authors/A5000591490,Immunology,2403.0,Immunology and Microbiology,Life Sciences,Yes,,Immunology,2403.0,Immunology and Microbiology,,individual,1.0,Life Sciences & Medicine
Arthur L. Day Prize and Lectureship,2017,Susan Solomon,"For research on atmospheric chemistry, stratospheric ozone depletion, and leadership in communicating climate change science",https://en.wikipedia.org/wiki/Susan_Solomon,https://openalex.org/authors/A5019124017,Atmospheric Science,1902.0,Earth and Planetary Sciences,Physical Sciences,Yes,,Atmospheric Science,1902.0,Earth and Planetary Sciences,,individual,1.0,Earth Sciences
Arthur L. Day Prize and Lectureship,2020,Linda T. Elkins-Tanton,"For work combining geodynamic modeling, petrology, geochemistry and field investigations to provide fundamental insights into planetary chemical differentiation",https://en.wikipedia.org/wiki/Linda_T._Elkins-Tanton,https://openalex.org/authors/A5033726538,Astronomy and Astrophysics,3103.0,Physics and Astronomy,Physical Sciences,Yes,,Geophysics,1908.0,Earth and Planetary Sciences,Changed from Astronomy and Astrophysics to Geophysics (her #5 topic) to better match geodynamic/petrology prize citation and NAS Earth sciences context.,individual,1.0,Earth Sciences
Arthur L. Day Prize and Lectureship,2023,Jerry X. Mitrovica,"For enhancing comprehension of the connection between sea level rise and ice sheet melting, and their effects on historical and contemporary human communities",https://en.wikipedia.org/wiki/Jerry_X._Mitrovica,https://openalex.org/authors/A5036784791,Atmospheric Science,1902.0,Earth and Planetary Sciences,Physical Sciences,Yes,,Geophysics,1908.0,Earth and Planetary Sciences,Changed from Atmospheric Science to Geophysics (his #3 topic) to better match sea level/ice sheet/geodynamics research.,individual,1.0,Earth Sciences
Balzan Prize,2015,David Karl,Oceanography,https://en.wikipedia.org/wiki/David_Karl,https://openalex.org/authors/A5050834581,Cognitive Neuroscience,2805.0,Neuroscience,Life Sciences,Yes,https://openalex.org/authors/A5050834581,Oceanography,1910,Earth and Planetary Sciences,Wrong: A5086852785=Karl Friston. Corrected to A5050834581 David M Karl U Hawaii,individual,1.0,Earth Sciences
Balzan Prize,2015,Francis Halzen,Astroparticle physics including neutrino and gamma-ray observation,https://en.wikipedia.org/wiki/Francis_Halzen,https://openalex.org/authors/A5023747159,Nuclear and High Energy Physics,3106.0,Physics and Astronomy,Physical Sciences,Yes,,Nuclear and High Energy Physics,3106,Physics and Astronomy,,individual,1.0,Physics & Astronomy
Balzan Prize,2015,Hans Belting,History of European art (since 1900),https://en.wikipedia.org/wiki/Hans_Belting,https://openalex.org/authors/A5009154018,History,1202.0,Arts and Humanities,Social Sciences,Yes,,History,1202,Arts and Humanities,,individual,1.0,Other Social Sciences
Balzan Prize,2015,Joel Mokyr,Economic history,https://en.wikipedia.org/wiki/Joel_Mokyr,https://openalex.org/authors/A5110900731,Economics and Econometrics,2002.0,"Economics, Econometrics and Finance",Social Sciences,Yes,,Economics and Econometrics,2002,"Economics, Econometrics and Finance",,individual,1.0,Business & Econ
Balzan Prize,2016,Federico Capasso,Applied photonics,https://en.wikipedia.org/wiki/Federico_Capasso,https://openalex.org/authors/A5066671589,Spectroscopy,1607.0,Chemistry,Physical Sciences,Yes,,"Atomic and Molecular Physics, and Optics",https://openalex.org/subfields/3107,Physics and Astronomy,"Reclassified: photonics/quantum cascade laser physicist, not electronic materials",individual,1.0,Physics & Astronomy
Balzan Prize,2016,Piero Boitani,,,https://openalex.org/authors/A5009204730,Classics,1205.0,Arts and Humanities,Social Sciences,Yes,,Classics,1205,Arts and Humanities,"2026-09-11 coverage audit: added, add colaureate; id from the snapshot name scan, largest field-consistent profile (153 works). Source: https://www.balzan.org/en/prizewinners/piero-boitani",individual,1.0,Other Social Sciences
Balzan Prize,2016,Reinhard Jahn,Molecular and cellular neuroscience,https://en.wikipedia.org/wiki/Reinhard_Jahn,https://openalex.org/authors/A5077214003,Cell Biology,1307.0,"Biochemistry, Genetics and Molecular Biology",Life Sciences,Yes,,Cell Biology,1307,"Biochemistry, Genetics and Molecular Biology",,individual,1.0,Life Sciences & Medicine
Balzan Prize,2016,Robert O. Keohane,International relations: history and theory,https://en.wikipedia.org/wiki/Robert_O._Keohane,https://openalex.org/authors/A5017194047,Political Science and International Relations,3320.0,Social Sciences,Social Sciences,Yes,,Political Science and International Relations,3320,Social Sciences,,individual,1.0,Other Social Sciences
Balzan Prize,2017,Aleida Assmann,Collective memory,https://en.wikipedia.org/wiki/Aleida_Assmann,https://openalex.org/authors/A5023553870,Philosophy,1211.0,Arts and Humanities,Social Sciences,Yes,,Philosophy,1211,Arts and Humanities,,individual,1.0,Other Social Sciences
Balzan Prize,2017,Bina Agarwal,Gender studies,https://en.wikipedia.org/wiki/Bina_Agarwal,https://openalex.org/authors/A5072160473,Soil Science,1111.0,Agricultural and Biological Sciences,Life Sciences,Yes,,Development,https://openalex.org/subfields/3303,Social Sciences,"Reclassified: development economist/gender studies, not agricultural science",individual,1.0,Other Social Sciences
Balzan Prize,2017,James P. Allison,Immunological approaches in cancer therapy,https://en.wikipedia.org/wiki/James_P._Allison,https://openalex.org/authors/A5047117233,Oncology,2730.0,Medicine,Health Sciences,Yes,,Oncology,2730,Medicine,,individual,1.0,Life Sciences & Medicine
Balzan Prize,2017,Jan Assmann,Collective memory,https://en.wikipedia.org/wiki/Jan_Assmann,https://openalex.org/authors/A5080273181,Archeology,1204.0,Arts and Humanities,Social Sciences,Yes,,Archeology,1204,Arts and Humanities,,individual,1.0,Other Social Sciences
Balzan Prize,2017,Michaell Gillon,The Sun's planetary system and exoplanets,https://en.wikipedia.org/wiki/Micha%C3%ABl_Gillon,https://openalex.org/authors/A5014845463,Astronomy and Astrophysics,3103.0,Physics and Astronomy,Physical Sciences,Yes,https://openalex.org/authors/A5014845463,Astronomy and Astrophysics,3103,Physics and Astronomy,No original URL. Found A5014845463 M Gillon U Liege,individual,1.0,Physics & Astronomy
Balzan Prize,2017,Robert D. Schreiber,Immunological approaches in cancer therapy,https://en.wikipedia.org/wiki/Robert_D._Schreiber,https://openalex.org/authors/A5086001447,Immunology,2403.0,Immunology and Microbiology,Life Sciences,Yes,,Immunology,2403,Immunology and Microbiology,,individual,1.0,Life Sciences & Medicine
Balzan Prize,2018,Detlef Lohse,Fluid dynamics,https://en.wikipedia.org/wiki/Detlef_Lohse,https://openalex.org/authors/A5066010665,Computational Mechanics,2206.0,Engineering,Physical Sciences,Yes,,Computational Mechanics,2206,Engineering,,individual,1.0,Mechanical engineering
Balzan Prize,2018,Eva Kondorosi,Chemical ecology,https://en.wikipedia.org/wiki/%C3%89va_Kondorosi,https://openalex.org/authors/A5073353439,Plant Science,1110.0,Agricultural and Biological Sciences,Life Sciences,Yes,,Plant Science,1110,Agricultural and Biological Sciences,,individual,1.0,Ag. & natural resources
Balzan Prize,2018,Jurgen Osterhammel,Global history (19th and 20th centuries),https://en.wikipedia.org/wiki/J%C3%BCrgen_Osterhammel,https://openalex.org/authors/A5050720944,Political Science and International Relations,3320.0,Social Sciences,Social Sciences,Yes,,Political Science and International Relations,3320,Social Sciences,,individual,1.0,Other Social Sciences
Balzan Prize,2018,Marilyn Strathern,Social anthropology,https://en.wikipedia.org/wiki/Marilyn_Strathern,https://openalex.org/authors/A5015340910,Anthropology,3314.0,Social Sciences,Social Sciences,Yes,,Anthropology,3314,Social Sciences,,individual,1.0,Other Social Sciences
Balzan Prize,2019,Erika von Mutius,Pathophysiology of respiration: from basic science to the bedside,https://en.wikipedia.org/wiki/Erika_von_Mutius,https://openalex.org/authors/A5044164531,Physiology,2737.0,Medicine,Health Sciences,Yes,https://openalex.org/authors/A5044164531,Immunology and Allergy,2723,Medicine,Wrong URL same as Klaus Rabe. Corrected to A5044164531 Erika von Mutius LMU,individual,1.0,Life Sciences & Medicine
Balzan Prize,2019,Jacques Aumont,Film studies,https://en.wikipedia.org/wiki/Jacques_Aumont,https://openalex.org/authors/A5109003310,Sociology and Political Science,3312.0,Social Sciences,Social Sciences,Yes,,Sociology and Political Science,3312,Social Sciences,,individual,1.0,Other Social Sciences
Balzan Prize,2019,Klaus F. Rabe,Pathophysiology of respiration: from basic science to the bedside,https://en.wikipedia.org/wiki/Klaus_F._Rabe,https://openalex.org/authors/A5028265360,Physiology,2737.0,Medicine,Health Sciences,Yes,,Pulmonary and Respiratory Medicine,2740,Medicine,Changed from Physiology (#1 topic),individual,1.0,Life Sciences & Medicine
Balzan Prize,2019,Luigi Ambrosio,Theory of partial differential equations,https://en.wikipedia.org/wiki/Luigi_Ambrosio,https://openalex.org/authors/A5070558970,Applied Mathematics,2604.0,Mathematics,Physical Sciences,Yes,,Applied Mathematics,2604,Mathematics,,individual,1.0,Math
Balzan Prize,2019,Michael Cook,Islamic studies,https://en.wikipedia.org/wiki/Michael_Cook,,Materials Chemistry,2505.0,Materials Science,Physical Sciences,Yes,,History,1202,Arts and Humanities,"Wrong: A5103491062 is chemist. Historian not found in OpenAlex | 2026-09-09 snapshot audit: id removed (A5103491062 = Michael J. Cook, materials chemist); Islamic-studies historian has no usable profile",individual,1.0,Other Social Sciences
Balzan Prize,2019,Tobias Welte,Pathophysiology of respiration: from basic science to the bedside,https://en.wikipedia.org/wiki/Tobias_Welte,https://openalex.org/authors/A5059857876,Pulmonary and Respiratory Medicine,2740.0,Medicine,Health Sciences,Yes,,Pulmonary and Respiratory Medicine,2740,Medicine,,individual,1.0,Life Sciences & Medicine
Balzan Prize,2019,Werner Seeger,Pathophysiology of respiration: from basic science to the bedside,https://en.wikipedia.org/wiki/Werner_Seeger,https://openalex.org/authors/A5016511599,Pulmonary and Respiratory Medicine,2740.0,Medicine,Health Sciences,Yes,,Pulmonary and Respiratory Medicine,2740,Medicine,,individual,1.0,Life Sciences & Medicine
Balzan Prize,2020,Antonio Augusto Cancado Trindade,Human rights,https://en.wikipedia.org/wiki/Ant%C3%B4nio_Augusto_Can%C3%A7ado_Trindade,https://openalex.org/authors/A5113863774,Political Science and International Relations,3320.0,Social Sciences,Social Sciences,Yes,,Political Science and International Relations,3320,Social Sciences,,individual,1.0,Other Social Sciences
Balzan Prize,2020,Jean-Marie Tarascon,Environmental challenges: materials science for renewable energy,https://en.wikipedia.org/wiki/Jean-Marie_Tarascon,https://openalex.org/authors/A5019830612,Electrical and Electronic Engineering,2208.0,Engineering,Physical Sciences,Yes,,Electrical and Electronic Engineering,2208,Engineering,,individual,1.0,"Computing, electrical"
Balzan Prize,2020,Joan Martinez-Alier,Environmental challenges: responses from the social sciences and the humanities,https://en.wikipedia.org/wiki/Joan_Martinez-Alier,https://openalex.org/authors/A5004042357,"Management, Monitoring, Policy and Law",2308.0,Environmental Science,Physical Sciences,Yes,,"Management, Monitoring, Policy and Law",2308,Environmental Science,,individual,1.0,Earth Sciences
Balzan Prize,2020,Susan Trumbore,Earth system dynamics,https://en.wikipedia.org/wiki/Susan_Trumbore,https://openalex.org/authors/A5004247637,Soil Science,1111.0,Agricultural and Biological Sciences,Life Sciences,Yes,,Geochemistry and Petrology,https://openalex.org/subfields/1906,Earth and Planetary Sciences,"Reclassified: biogeochemist/carbon cycle scientist, not agricultural science",individual,1.0,Earth Sciences
Balzan Prize,2021,Alessandra Buonanno,Gravity: physical and astrophysical aspects,https://en.wikipedia.org/wiki/Alessandra_Buonanno,https://openalex.org/authors/A5004437377,Astronomy and Astrophysics,3103.0,Physics and Astronomy,Physical Sciences,Yes,,Astronomy and Astrophysics,3103,Physics and Astronomy,,individual,1.0,Physics & Astronomy
Balzan Prize,2021,Giorgio Buccellati,Art and archaeology of the ancient Near East,https://en.wikipedia.org/wiki/Giorgio_Buccellati,https://openalex.org/authors/A5060017729,Archeology,1204.0,Arts and Humanities,Social Sciences,Yes,,Archeology,1204,Arts and Humanities,,individual,1.0,Other Social Sciences
Balzan Prize,2021,Jeffrey Gordon,Microbiome in health and disease,https://en.wikipedia.org/wiki/Jeffrey_Gordon,https://openalex.org/authors/A5063884903,Molecular Biology,1312.0,"Biochemistry, Genetics and Molecular Biology",Life Sciences,Yes,,Molecular Biology,1312,"Biochemistry, Genetics and Molecular Biology",,individual,1.0,Life Sciences & Medicine
Balzan Prize,2021,Marilyn Kelly-Buccellati,Art and archaeology of the ancient Near East,https://en.wikipedia.org/wiki/Marilyn_Kelly-Buccellati,https://openalex.org/authors/A5015229353,Anthropology,3314.0,Social Sciences,Social Sciences,Yes,,Archeology,1204,Arts and Humanities,Changed from Anthropology,individual,1.0,Other Social Sciences
Balzan Prize,2021,Saul Friedlander,Holocaust and genocide studies,https://en.wikipedia.org/wiki/Saul_Friedl%C3%A4nder,https://openalex.org/authors/A5047547666,Cultural Studies,3316.0,Social Sciences,Social Sciences,Yes,https://openalex.org/authors/A5047547666,History,1202,Arts and Humanities,Wrong: A5109806520=Erich Fromm. Corrected to A5047547666,individual,1.0,Other Social Sciences
Balzan Prize,2021,Thibault Damour,Gravity: physical and astrophysical aspects,https://en.wikipedia.org/wiki/Thibault_Damour,https://openalex.org/authors/A5068574814,Astronomy and Astrophysics,3103.0,Physics and Astronomy,Physical Sciences,Yes,,Astronomy and Astrophysics,3103,Physics and Astronomy,,individual,1.0,Physics & Astronomy
Balzan Prize,2022,Dorthe Dahl-Jensen,Glaciation and ice-sheet dynamics,https://en.wikipedia.org/wiki/Dorthe_Dahl-Jensen,https://openalex.org/authors/A5087263950,Atmospheric Science,1902.0,Earth and Planetary Sciences,Physical Sciences,Yes,,Atmospheric Science,1902,Earth and Planetary Sciences,,individual,1.0,Earth Sciences
Balzan Prize,2022,Johannes Oerlemans,Glaciation and ice-sheet dynamics,https://en.wikipedia.org/wiki/Johannes_Oerlemans,https://openalex.org/authors/A5020338088,Atmospheric Science,1902.0,Earth and Planetary Sciences,Physical Sciences,Yes,,Atmospheric Science,1902,Earth and Planetary Sciences,,individual,1.0,Earth Sciences
Balzan Prize,2022,Martha C. Nussbaum,Moral philosophy,https://en.wikipedia.org/wiki/Martha_C._Nussbaum,https://openalex.org/authors/A5025473979,Philosophy,1211.0,Arts and Humanities,Social Sciences,Yes,,Philosophy,1211,Arts and Humanities,,individual,1.0,Other Social Sciences
Balzan Prize,2022,Philip Bohlman,Ethnomusicology,https://en.wikipedia.org/wiki/Philip_Bohlman,https://openalex.org/authors/A5084738604,Language and Linguistics,1203.0,Arts and Humanities,Social Sciences,Yes,https://openalex.org/authors/A5084738604,Language and Linguistics,1203,Arts and Humanities,Wrong: A5054819575=Otto Jespersen. Corrected to A5084738604 Bohlman,individual,1.0,Other Social Sciences
Balzan Prize,2022,Robert Langer,Biomaterials for nanomedicine and tissue engineering,https://en.wikipedia.org/wiki/Robert_Langer,https://openalex.org/authors/A5042597057,Molecular Biology,1312.0,"Biochemistry, Genetics and Molecular Biology",Life Sciences,Yes,,Molecular Biology,1312,"Biochemistry, Genetics and Molecular Biology",,individual,1.0,Life Sciences & Medicine
Balzan Prize,2023,David Damrosch,World literature,https://en.wikipedia.org/wiki/David_Damrosch,https://openalex.org/authors/A5057441366,Literature and Literary Theory,1208.0,Arts and Humanities,Social Sciences,Yes,,Literature and Literary Theory,1208,Arts and Humanities,,individual,1.0,Other Social Sciences
Balzan Prize,2023,Eske Willerslev,Evolution of humankind: ancient DNA and human evolution,https://en.wikipedia.org/wiki/Eske_Willerslev,https://openalex.org/authors/A5028667558,Genetics,1311.0,"Biochemistry, Genetics and Molecular Biology",Life Sciences,Yes,,Genetics,1311,"Biochemistry, Genetics and Molecular Biology",,individual,1.0,Life Sciences & Medicine
Balzan Prize,2023,Heino Falcke,High-resolution images: from planetary to cosmic objects,https://en.wikipedia.org/wiki/Heino_Falcke,https://openalex.org/authors/A5050345412,Astronomy and Astrophysics,3103.0,Physics and Astronomy,Physical Sciences,Yes,https://openalex.org/authors/A5050345412,Astronomy and Astrophysics,3103,Physics and Astronomy,Wrong: A5059915304=Joseph Farah. Corrected to A5050345412 H Falcke,individual,1.0,Physics & Astronomy
Balzan Prize,2023,Jean-Jacques Hublin,Evolution of humankind: paleoanthropology,https://en.wikipedia.org/wiki/Jean-Jacques_Hublin,https://openalex.org/authors/A5037700111,Anthropology,3314.0,Social Sciences,Social Sciences,Yes,,Anthropology,3314,Social Sciences,,individual,1.0,Other Social Sciences
Balzan Prize,2024,John Braithwaite,Restorative justice,https://en.wikipedia.org/wiki/John_Braithwaite,https://openalex.org/authors/A5114377816,Sociology and Political Science,3312.0,Social Sciences,Social Sciences,Yes,,Sociology and Political Science,3312,Social Sciences,,individual,1.0,Other Social Sciences
Balzan Prize,2024,Lorraine Daston,History of modern and contemporary science,https://en.wikipedia.org/wiki/Lorraine_Daston,https://openalex.org/authors/A5059333899,History and Philosophy of Science,1207.0,Arts and Humanities,Social Sciences,Yes,,History and Philosophy of Science,1207,Arts and Humanities,,individual,1.0,Other Social Sciences
Balzan Prize,2024,Michael N. Hall,Biological mechanisms of ageing,https://en.wikipedia.org/wiki/Michael_N._Hall,https://openalex.org/authors/A5003476561,Molecular Biology,1312.0,"Biochemistry, Genetics and Molecular Biology",Life Sciences,Yes,,Molecular Biology,1312,"Biochemistry, Genetics and Molecular Biology",,individual,1.0,Life Sciences & Medicine
Balzan Prize,2024,Omar Yaghi,Nanoporous materials for environmental applications,https://en.wikipedia.org/wiki/Omar_Yaghi,https://openalex.org/authors/A5044268160,Inorganic Chemistry,1604.0,Chemistry,Physical Sciences,Yes,,Inorganic Chemistry,1604,Chemistry,,individual,1.0,Chemistry
Benjamin Franklin Medal in Chemistry,2015,Stephen J. Lippard,For pioneering research and wide-ranging contributions to bioinorganic chemistry,https://en.wikipedia.org/wiki/Stephen_J._Lippard,https://openalex.org/authors/A5034625027,Oncology,2730.0,Medicine,Health Sciences,Yes,,Inorganic Chemistry,1604.0,Chemistry,"Changed from Oncology to Inorganic Chemistry (his #2 topic, better fits chemistry prize)",individual,1.0,Chemistry
Benjamin Franklin Medal in Chemistry,2016,Nadrian C. Seeman,"For his conceptualization and demonstration that DNA can be used as a construction material that can spontaneously form sub-microscopic structures of diverse shapes and functions, with potential applications in disease treatment, mechanics, and computation.",https://en.wikipedia.org/wiki/Nadrian_Seeman,https://openalex.org/authors/A5003005300,Molecular Biology,1312.0,"Biochemistry, Genetics and Molecular Biology",,Yes,,Molecular Biology,1312.0,"Biochemistry, Genetics and Molecular Biology",2026-09-11 fi.edu re-derivation: added from the Institute's own laureate record; our file had this prize-year as a non-award,individual,1.0,Life Sciences & Medicine
Benjamin Franklin Medal in Chemistry,2017,Krzysztof Matyjaszewski,For seminal contributions to the development of atom transfer radical polymerization (ATRP),https://en.wikipedia.org/wiki/Krzysztof_Matyjaszewski,https://openalex.org/authors/A5056539244,Organic Chemistry,1605.0,Chemistry,Physical Sciences,Yes,,Organic Chemistry,1605.0,Chemistry,,individual,1.0,Chemistry
Benjamin Franklin Medal in Chemistry,2017,Mitsuo Sawamoto,For seminal contributions to the development of living radical polymerization using metal catalysts,https://en.wikipedia.org/wiki/Mitsuo_Sawamoto,https://openalex.org/authors/A5009874386,Organic Chemistry,1605.0,Chemistry,Physical Sciences,Yes,,Organic Chemistry,1605.0,Chemistry,,individual,1.0,Chemistry
Benjamin Franklin Medal in Chemistry,2018,John B. Goodenough,"For his development of the first practical, rechargeable lithium-ion battery cathode material, lithium cobalt oxide, which has revolutionized lightweight, portable electric power.",https://en.wikipedia.org/wiki/John_B._Goodenough,https://openalex.org/authors/A5088016695,"Electronic, Optical and Magnetic Materials",2504.0,Materials Science,,Yes,,"Electronic, Optical and Magnetic Materials",2504.0,Materials Science,2026-09-11 fi.edu re-derivation: added from the Institute's own laureate record; our file had this prize-year as a non-award,individual,1.0,Materials and mining engineering
Benjamin Franklin Medal in Chemistry,2021,Michele Parrinello,For inventing an efficient computational method combining molecular dynamics with quantum mechanics (Car-Parrinello method),https://en.wikipedia.org/wiki/Michele_Parrinello,https://openalex.org/authors/A5023487560,"Atomic and Molecular Physics, and Optics",3107.0,Physics and Astronomy,Physical Sciences,Yes,,"Atomic and Molecular Physics, and Optics",3107.0,Physics and Astronomy,"2026-09-11 fi.edu re-derivation: year 2020 -> 2021, the Institute re-tagged this cohort after the cancelled 2020 gala",individual,1.0,Physics & Astronomy
Benjamin Franklin Medal in Chemistry,2021,Roberto Car,For inventing an efficient computational method combining molecular dynamics with quantum mechanics (Car-Parrinello method),https://en.wikipedia.org/wiki/Roberto_Car,https://openalex.org/authors/A5007841515,"Atomic and Molecular Physics, and Optics",3107.0,Physics and Astronomy,Physical Sciences,Yes,,"Atomic and Molecular Physics, and Optics",3107.0,Physics and Astronomy,"2026-09-11 fi.edu re-derivation: year 2020 -> 2021, the Institute re-tagged this cohort after the cancelled 2020 gala",individual,1.0,Physics & Astronomy
Benjamin Franklin Medal in Chemistry,2022,Carol V. Robinson,"For developing techniques for analyzing interactions of biological molecules such as proteins and lipids, elucidating their biological functions",https://en.wikipedia.org/wiki/Carol_V._Robinson,https://openalex.org/authors/A5003402066,Spectroscopy,1607.0,Chemistry,Physical Sciences,Yes,,Spectroscopy,1607.0,Chemistry,,individual,1.0,Chemistry
Benjamin Franklin Medal in Chemistry,2023,Richard N. Zare,For pioneering contributions to laser chemistry and molecular spectroscopy,https://en.wikipedia.org/wiki/Richard_N._Zare,https://openalex.org/authors/A5024513735,"Atomic and Molecular Physics, and Optics",3107.0,Physics and Astronomy,Physical Sciences,Yes,,"Atomic and Molecular Physics, and Optics",3107.0,Physics and Astronomy,,individual,1.0,Physics & Astronomy
Benjamin Franklin Medal in Chemistry,2024,Paula T. Hammond,For innovative contributions to self-assembly of polyelectrolytes and development of nanomedicine drug delivery systems,https://en.wikipedia.org/wiki/Paula_T._Hammond,https://openalex.org/authors/A5069094503,"Surfaces, Coatings and Films",2508.0,Materials Science,Physical Sciences,Yes,,"Surfaces, Coatings and Films",2508.0,Materials Science,,individual,1.0,Materials and mining engineering
Benjamin Franklin Medal in Electrical Engineering,2015,Roger F. Harrington,For pioneering the Method of Moments for electromagnetic modeling (posthumous),https://en.wikipedia.org/wiki/Roger_F._Harrington,https://openalex.org/authors/A5004931853,"Atomic and Molecular Physics, and Optics",3107.0,Physics and Astronomy,Physical Sciences,Yes,,Electrical and Electronic Engineering,2208,Engineering,"Changed from Atomic/Molecular Physics to EE (his #2 topic, better fits EE prize)",individual,1.0,"Computing, electrical"
Benjamin Franklin Medal in Electrical Engineering,2016,Solomon W. Golomb,"For pioneering digital communications, shift register sequences for radar and telephony",https://en.wikipedia.org/wiki/Solomon_W._Golomb,https://openalex.org/authors/A5109178350,Electrical and Electronic Engineering,2208.0,Engineering,Physical Sciences,Yes,,Electrical and Electronic Engineering,2208,Engineering,,individual,1.0,"Computing, electrical"
Benjamin Franklin Medal in Electrical Engineering,2017,Nick Holonyak Jr.,For inventing the first visible-spectrum LED and the quantum-well laser,https://en.wikipedia.org/wiki/Nick_Holonyak_Jr.,https://openalex.org/authors/A5014677470,"Atomic and Molecular Physics, and Optics",3107.0,Physics and Astronomy,Physical Sciences,Yes,,"Atomic and Molecular Physics, and Optics",3107,Physics and Astronomy,,individual,1.0,Physics & Astronomy
Benjamin Franklin Medal in Electrical Engineering,2018,Manijeh Razeghi,For high-power terahertz sources using semiconductor lasers at room temperature,https://en.wikipedia.org/wiki/Manijeh_Razeghi,https://openalex.org/authors/A5010738983,"Atomic and Molecular Physics, and Optics",3107.0,Physics and Astronomy,Physical Sciences,Yes,,"Atomic and Molecular Physics, and Optics",3107,Physics and Astronomy,,individual,1.0,Physics & Astronomy
Benjamin Franklin Medal in Electrical Engineering,2019,Eli Yablonovitch,For improvements to wireless communications and solar energy technologies,https://en.wikipedia.org/wiki/Eli_Yablonovitch,https://openalex.org/authors/A5017829753,Electrical and Electronic Engineering,2208.0,Engineering,Physical Sciences,Yes,,Electrical and Electronic Engineering,2208,Engineering,,individual,1.0,"Computing, electrical"
Benjamin Franklin Medal in Electrical Engineering,2022,P. Daniel Dapkus,"For pioneering MOCVD technology for LEDs, transistors, and lasers",https://en.wikipedia.org/wiki/P._Daniel_Dapkus,https://openalex.org/authors/A5071897797,Electrical and Electronic Engineering,2208.0,Engineering,Physical Sciences,Yes,,Electrical and Electronic Engineering,2208,Engineering,,individual,1.0,"Computing, electrical"
Benjamin Franklin Medal in Electrical Engineering,2022,Russell D. Dupuis,"For pioneering MOCVD technology for LEDs, transistors, and lasers",https://en.wikipedia.org/wiki/Russell_D._Dupuis,https://openalex.org/authors/A5037158638,Condensed Matter Physics,3104.0,Physics and Astronomy,Physical Sciences,Yes,,Condensed Matter Physics,3104,Physics and Astronomy,,individual,1.0,Physics & Astronomy
Benjamin Franklin Medal in Electrical Engineering,2023,Nader Engheta,For engineering metamaterials with applications in computing and communication,https://en.wikipedia.org/wiki/Nader_Engheta,https://openalex.org/authors/A5022669149,"Electronic, Optical and Magnetic Materials",2504.0,Materials Science,Physical Sciences,Yes,,"Atomic and Molecular Physics, and Optics",https://openalex.org/subfields/3107,Physics and Astronomy,"Reclassified: metamaterials/nanophotonics physicist, not electronic materials",individual,1.0,Physics & Astronomy
Benjamin Franklin Medal in Electrical Engineering,2024,Robert M. Metcalfe,"For the design, development, and commercialization of Ethernet",https://en.wikipedia.org/wiki/Robert_M._Metcalfe,https://openalex.org/authors/A5039241368,Computer Networks and Communications,1705.0,Computer Science,Physical Sciences,Yes,,Computer Networks and Communications,1705,Computer Science,,individual,1.0,"Computing, electrical"
Benjamin Franklin Medal in Life Science,2015,Cori Bargmann,"For research on the relationships between genes, neural circuits and behavior, using C. elegans as a model organism",https://en.wikipedia.org/wiki/Cori_Bargmann,https://openalex.org/authors/A5069833977,Aging,1302.0,"Biochemistry, Genetics and Molecular Biology",Life Sciences,Yes,,Cellular and Molecular Neuroscience,2804.0,Neuroscience,"Changed from Aging to Cellular and Molecular Neuroscience (her #3 topic, better fits neuroscience prize context)",individual,1.0,Life Sciences & Medicine
Benjamin Franklin Medal in Life Science,2016,Robert S. Langer,"For revolutionary contributions to biomedical engineering, polymer science, and drug delivery systems",https://en.wikipedia.org/wiki/Robert_S._Langer,https://openalex.org/authors/A5042597057,Molecular Biology,1312.0,"Biochemistry, Genetics and Molecular Biology",Life Sciences,Yes,,Molecular Biology,1312.0,"Biochemistry, Genetics and Molecular Biology",,individual,1.0,Life Sciences & Medicine
Benjamin Franklin Medal in Life Science,2017,Douglas C. Wallace,"For being the first to show that mutations in mitochondrial DNA can cause inherited human disease, pioneering mitochondrial biology",https://en.wikipedia.org/wiki/Douglas_C._Wallace,https://openalex.org/authors/A5085274471,Molecular Biology,1312.0,"Biochemistry, Genetics and Molecular Biology",Life Sciences,Yes,,Molecular Biology,1312.0,"Biochemistry, Genetics and Molecular Biology",,individual,1.0,Life Sciences & Medicine
Benjamin Franklin Medal in Life Science,2019,James P. Allison,For furthering understanding of the immune system and conceiving a new therapeutic approach using the immune system to treat cancer,https://en.wikipedia.org/wiki/James_P._Allison,https://openalex.org/authors/A5047117233,Oncology,2730.0,Medicine,Health Sciences,Yes,,Oncology,2730.0,Medicine,,individual,1.0,Life Sciences & Medicine
Benjamin Franklin Medal in Life Science,2021,Jeremy Nathans,"For his groundbreaking research on the genetics of the visual system, including the identification of key genes involved in eye development, eye diseases, and color vision.",https://en.wikipedia.org/wiki/Jeremy_Nathans,https://openalex.org/authors/A5089697603,Molecular Biology,1312.0,"Biochemistry, Genetics and Molecular Biology",,Yes,,Molecular Biology,1312.0,"Biochemistry, Genetics and Molecular Biology",2026-09-11 fi.edu re-derivation: added from the Institute's own laureate record; our file had this prize-year as a non-award,individual,1.0,Life Sciences & Medicine
Benjamin Franklin Medal in Life Science,2022,Drew Weissman,"For fundamental research enabling the use of mRNA as a safe, effective, and life-saving vaccine platform for the prevention of infectious disease, including COVID-19.",https://en.wikipedia.org/wiki/Drew_Weissman,https://openalex.org/authors/A5068253145,Molecular Biology,1312.0,"Biochemistry, Genetics and Molecular Biology",,Yes,,Molecular Biology,1312.0,"Biochemistry, Genetics and Molecular Biology",2026-09-11 fi.edu re-derivation: added from the Institute's own laureate record; our file had this prize-year as a non-award,individual,1.0,Life Sciences & Medicine
Benjamin Franklin Medal in Life Science,2022,Katalin Kariko,"For fundamental research enabling the use of mRNA as a safe, effective, and life-saving vaccine platform for the prevention of infectious disease, including COVID-19.",https://en.wikipedia.org/wiki/Katalin_Karik%C3%B3,https://openalex.org/authors/A5030598859,Molecular Biology,1312.0,"Biochemistry, Genetics and Molecular Biology",,Yes,,Molecular Biology,1312.0,"Biochemistry, Genetics and Molecular Biology",2026-09-11 fi.edu re-derivation: added from the Institute's own laureate record; our file had this prize-year as a non-award,individual,1.0,Life Sciences & Medicine
Benjamin Franklin Medal in Life Science,2023,Elaine Fuchs,"For elucidating the genetics of skin diseases and mechanisms that guide skin renewal, yielding insights into aging, inflammation, and cancer.",https://en.wikipedia.org/wiki/Elaine_Fuchs,https://openalex.org/authors/A5014504040,Cell Biology,1307.0,"Biochemistry, Genetics and Molecular Biology",,Yes,,Cell Biology,1307.0,"Biochemistry, Genetics and Molecular Biology",2026-09-11 fi.edu re-derivation: added from the Institute's own laureate record; our file had this prize-year as a non-award,individual,1.0,Life Sciences & Medicine
Benjamin Franklin Medal in Life Science,2024,Joanne Chory,For applying genetics to understanding how plants sense and respond to light and for inspiring new strategies for using plants to combat environmental challenges,https://en.wikipedia.org/wiki/Joanne_Chory,https://openalex.org/authors/A5003016098,Plant Science,1110.0,Agricultural and Biological Sciences,Life Sciences,Yes,,Plant Science,1110.0,Agricultural and Biological Sciences,,individual,1.0,Ag. & natural resources
Benjamin Franklin Medal in Materials Science and Engineering,2017,Mildred S. Dresselhaus,"For her research in carbon science and nanostructures, including the electronic structure and phonon physics of carbon nanotubes and graphene",https://en.wikipedia.org/wiki/Mildred_Dresselhaus,https://openalex.org/authors/A5000793722,Artificial Intelligence,1702.0,Computer Science,Physical Sciences,Yes,https://openalex.org/authors/A5000793722,Materials Chemistry,2505.0,Materials Science,"Wrong profile: A5035953017 is not Dresselhaus. Corrected to A5000793722 (M.S. Dresselhaus, MIT). Changed subfield from AI to Materials Chemistry.",individual,1.0,Materials and mining engineering
Benjamin Franklin Medal in Materials Science and Engineering,2019,John A. Rogers,For pioneering the engineering of flexible and stretchable electronic systems for e-health and exploratory neuroscience,https://en.wikipedia.org/wiki/John_A._Rogers,https://openalex.org/authors/A5045551635,Biomedical Engineering,2204.0,Engineering,Physical Sciences,Yes,https://openalex.org/authors/A5045551635,Biomedical Engineering,2204.0,Engineering,"2026-09-09 snapshot audit: id -> A5045551635 (John A. Rogers, Northwestern, 110,357 cites); previous A5011255000 = Yonggang Huang",individual,1.0,Bioengineering and biomedical engineering
Benjamin Franklin Medal in Mechanical Engineering,2016,Shu Chien,For contributions to the understanding of the physics of blood flow and for applying this knowledge to better diagnose cardiovascular disease,https://en.wikipedia.org/wiki/Shu_Chien,https://openalex.org/authors/A5068335042,Pulmonary and Respiratory Medicine,2740.0,Medicine,Health Sciences,Yes,,Biomedical Engineering,2204.0,Engineering,Changed from Pulmonary to Biomedical Engineering (better fits biomechanics/bioengineering work),individual,1.0,Bioengineering and biomedical engineering
Benjamin Franklin Medal in Mechanical Engineering,2018,Adrian Bejan,"For pioneering interdisciplinary contributions in thermodynamics and convection heat transfer, and for constructal theory predicting natural design and its evolution",https://en.wikipedia.org/wiki/Adrian_Bejan,https://openalex.org/authors/A5028586003,Mechanical Engineering,2210.0,Engineering,Physical Sciences,Yes,,Mechanical Engineering,2210.0,Engineering,,individual,1.0,Mechanical engineering
Benjamin Franklin Medal in Mechanical Engineering,2021,C. Daniel Mote Jr.,"For his outstanding contributions, through application of theory, analysis, and inventive experimentation, to the understanding of the dynamics of practical systems such as saws, skis, and conveyor belts, thereby increasing their safety, efficiency, and economy.",https://en.wikipedia.org/wiki/C._D._Mote_Jr.,https://openalex.org/authors/A5029828245,Control and Systems Engineering,2207.0,Engineering,,Yes,,Control and Systems Engineering,2207.0,Engineering,2026-09-11 fi.edu re-derivation: added from the Institute's own laureate record; our file had this prize-year as a non-award,individual,1.0,"Engineering, other"
Benjamin Franklin Medal in Mechanical Engineering,2024,Mary Boyce,"For transformative contributions to understanding the physical behavior of polymers, leading to innovative product development of rubber and other soft materials",https://en.wikipedia.org/wiki/Mary_Cunningham_Boyce,https://openalex.org/authors/A5083522877,Polymers and Plastics,2507.0,Materials Science,Physical Sciences,Yes,,Polymers and Plastics,2507.0,Materials Science,,individual,1.0,Materials and mining engineering
Blue Planet Prize,2015,Jeffrey Sachs,For leadership in sustainable development,https://en.wikipedia.org/wiki/Jeffrey_Sachs,https://openalex.org/authors/A5053249725,Finance,2003.0,"Economics, Econometrics and Finance",Social Sciences,Yes,,Economics and Econometrics,2002,"Economics, Econometrics and Finance",Changed from Finance to Economics and Econometrics (better fits development economics),individual,1.0,Business & Econ
Blue Planet Prize,2015,Partha Dasgupta,For pioneering ecological economics and inclusive wealth,https://en.wikipedia.org/wiki/Partha_Dasgupta,https://openalex.org/authors/A5109204185,"Management, Monitoring, Policy and Law",2308.0,Environmental Science,Physical Sciences,Yes,,Economics and Econometrics,2002,"Economics, Econometrics and Finance","Subfield corrected from Management, Monitoring, Policy and Law for consistency. Dasgupta is an economist (Cambridge). His Tyler Prize and Frontiers entries both use Economics and Econometrics.",individual,1.0,Business & Econ
Blue Planet Prize,2016,Markus Borner,For wildlife conservation in Africa,https://en.wikipedia.org/wiki/Markus_Borner,https://openalex.org/authors/A5109702662,Oncology,2730.0,Medicine,Health Sciences,Yes,https://openalex.org/authors/A5109702662,Nature and Landscape Conservation,2309,Environmental Science,Wrong profile: A5110403217 is oncologist. Corrected to A5109702662 (ecology/conservation). Changed subfield from Oncology.,individual,1.0,Earth Sciences
Blue Planet Prize,2016,Pavan Sukhdev,For promoting the economic value of biodiversity,https://en.wikipedia.org/wiki/Pavan_Sukhdev,https://openalex.org/authors/A5012262450,Economics and Econometrics,2002.0,"Economics, Econometrics and Finance",Social Sciences,Yes,,Economics and Econometrics,2002,"Economics, Econometrics and Finance",,individual,1.0,Business & Econ
Blue Planet Prize,2017,Gretchen C. Daily,For pioneering natural capital and ecosystem services,https://en.wikipedia.org/wiki/Gretchen_C._Daily,https://openalex.org/authors/A5009013374,Global and Planetary Change,2306.0,Environmental Science,Physical Sciences,Yes,,Global and Planetary Change,2306,Environmental Science,,individual,1.0,Earth Sciences
Blue Planet Prize,2017,Hans Joachim Schellnhuber,For founding the Potsdam Institute and Earth system analysis,https://en.wikipedia.org/wiki/Hans_Joachim_Schellnhuber,https://openalex.org/authors/A5010661076,Global and Planetary Change,2306.0,Environmental Science,Physical Sciences,Yes,,Global and Planetary Change,2306,Environmental Science,,individual,1.0,Earth Sciences
Blue Planet Prize,2018,Brian Walker,For advancing resilience science in social-ecological systems,https://en.wikipedia.org/wiki/Brian_Walker,https://openalex.org/authors/A5081516513,Nature and Landscape Conservation,2309.0,Environmental Science,Physical Sciences,Yes,,Nature and Landscape Conservation,2309,Environmental Science,,individual,1.0,Earth Sciences
Blue Planet Prize,2018,Malin Falkenmark,For pioneering global water resources research,https://en.wikipedia.org/wiki/Malin_Falkenmark,https://openalex.org/authors/A5052717137,Ocean Engineering,2212.0,Engineering,Physical Sciences,Yes,,Ocean Engineering,2212,Engineering,,individual,1.0,"Civil, environmental, and transportation engineering"
Blue Planet Prize,2019,Eric Lambin,For revealing causes of tropical deforestation and land-use change,https://en.wikipedia.org/wiki/Eric_Lambin,https://openalex.org/authors/A5072199060,Global and Planetary Change,2306.0,Environmental Science,Physical Sciences,Yes,,Global and Planetary Change,2306,Environmental Science,,individual,1.0,Earth Sciences
Blue Planet Prize,2019,Jared Diamond,For contributions to environmental history,https://en.wikipedia.org/wiki/Jared_Diamond,https://openalex.org/authors/A5113911784,"Geography, Planning and Development",3305.0,Social Sciences,Social Sciences,Yes,,"Geography, Planning and Development",3305,Social Sciences,,individual,1.0,Other Social Sciences
Blue Planet Prize,2020,David Tilman,"For biodiversity ecology, conservation, and sustainable food systems",https://en.wikipedia.org/wiki/David_Tilman,https://openalex.org/authors/A5023335715,Nature and Landscape Conservation,2309.0,Environmental Science,Physical Sciences,Yes,,Nature and Landscape Conservation,2309,Environmental Science,,individual,1.0,Earth Sciences
Blue Planet Prize,2020,Simon Stuart,For species conservation and leading the IUCN Red List,https://en.wikipedia.org/wiki/Simon_Stuart,https://openalex.org/authors/A5065667381,Ecological Modeling,2302.0,Environmental Science,Physical Sciences,Yes,,Ecological Modeling,2303,Environmental Science,,individual,1.0,Earth Sciences
Blue Planet Prize,2021,Mohan Munasinghe,For pioneering sustainable development and climate economics,https://en.wikipedia.org/wiki/Mohan_Munasinghe,https://openalex.org/authors/A5089413024,"Management, Monitoring, Policy and Law",2308.0,Environmental Science,Physical Sciences,Yes,,"Management, Monitoring, Policy and Law",2308,Environmental Science,,individual,1.0,Earth Sciences
Blue Planet Prize,2021,Veerabhadran Ramanathan,For discovering greenhouse effects of CFCs and black carbon,https://en.wikipedia.org/wiki/Veerabhadran_Ramanathan,https://openalex.org/authors/A5101990054,Atmospheric Science,1902.0,Earth and Planetary Sciences,Physical Sciences,Yes,,Atmospheric Science,1902,Earth and Planetary Sciences,,individual,1.0,Earth Sciences
Blue Planet Prize,2022,Jigme Singye Wangchuck,For environmental conservation leadership as Fourth King of Bhutan,https://en.wikipedia.org/wiki/Jigme_Singye_Wangchuck,,Global and Planetary Change,2306.0,Environmental Science,Physical Sciences,,,,,,,individual,1.0,Earth Sciences
Blue Planet Prize,2022,Stephen Carpenter,"For research on lakes, freshwater ecosystems, and ecological resilience",https://en.wikipedia.org/wiki/Stephen_Carpenter,https://openalex.org/authors/A5034039087,Environmental Chemistry,2304.0,Environmental Science,Physical Sciences,Yes,,Ecology,2303,Environmental Science,Changed from Environmental Chemistry to Ecology,individual,1.0,Earth Sciences
Blue Planet Prize,2023,Debarati Guha-Sapir,For creating the world's most comprehensive natural disaster database,https://en.wikipedia.org/wiki/Debarati_Guha-Sapir,https://openalex.org/authors/A5083009480,General Health Professions,3600.0,Health Professions,Health Sciences,Yes,,Health Policy,https://openalex.org/subfields/2719,Medicine,"Reclassified: disaster epidemiologist/public health, not general medicine",individual,1.0,Life Sciences & Medicine
Blue Planet Prize,2023,Penelope Lindeque,For research on microplastics impact on marine organisms,https://en.wikipedia.org/wiki/Penelope_Lindeque,https://openalex.org/authors/A5087581804,Pollution,2310.0,Environmental Science,Physical Sciences,Yes,,Pollution,2310,Environmental Science,,individual,1.0,Earth Sciences
Blue Planet Prize,2023,Richard Thompson,For pioneering microplastic pollution research,https://en.wikipedia.org/wiki/Richard_Thompson,https://openalex.org/authors/A5034506802,Cognitive Neuroscience,2805.0,Neuroscience,Life Sciences,Yes,https://openalex.org/authors/A5034506802,Pollution,2310,Environmental Science,"Wrong profile: A5086271713 is Gordon Winocur. Corrected to A5034506802 (Richard C. Thompson, Plymouth, microplastics). Changed from Cognitive Neuroscience.",individual,1.0,Earth Sciences
Blue Planet Prize,2023,Tamara Galloway,For ecotoxicological effects of microplastics research,https://en.wikipedia.org/wiki/Tamara_Galloway,https://openalex.org/authors/A5048146972,Pollution,2310.0,Environmental Science,Physical Sciences,Yes,,Pollution,2310,Environmental Science,,individual,1.0,Earth Sciences
Blue Planet Prize,2024,Robert Costanza,For pioneering ecological economics and ecosystem services valuation,https://en.wikipedia.org/wiki/Robert_Costanza,https://openalex.org/authors/A5091724650,Global and Planetary Change,2306.0,Environmental Science,Physical Sciences,Yes,,Global and Planetary Change,2306,Environmental Science,,individual,1.0,Earth Sciences
Bower Award and Prize for Achievement in Science,2015,Jean-Pierre Kruth,"For pioneering research in additive manufacturing (3D printing), which led to many technological innovations and several global companies",https://en.wikipedia.org/wiki/Jean-Pierre_Kruth,https://openalex.org/authors/A5055038868,Automotive Engineering,2203.0,Engineering,Physical Sciences,Yes,,Mechanical Engineering,2210,Engineering,Changed from Automotive to Mechanical Engineering (additive manufacturing),individual,1.0,Mechanical engineering
Bower Award and Prize for Achievement in Science,2016,William J. Borucki,"For his vision and perseverance in developing techniques for measuring the brightness of stars to unprecedented accuracy, and for providing the scientific leadership for NASA's Kepler space mission, which discovered thousands of planetary systems and demonstrated that Earth-sized exoplanets are as common as stars.",https://en.wikipedia.org/wiki/William_J._Borucki,https://openalex.org/authors/A5107857658,Astronomy and Astrophysics,3103.0,Physics and Astronomy,,Yes,,Astronomy and Astrophysics,3103,Physics and Astronomy,2026-09-11 fi.edu re-derivation: added from the Institute's own laureate record; our file had this prize-year as a non-award,individual,1.0,Physics & Astronomy
Bower Award and Prize for Achievement in Science,2017,Claude Lorius,For iconic contributions to the understanding of global climate change from the analysis of greenhouse gas concentrations in ice cores from Antarctica,https://en.wikipedia.org/wiki/Claude_Lorius,https://openalex.org/authors/A5074436562,Atmospheric Science,1902.0,Earth and Planetary Sciences,Physical Sciences,Yes,,Atmospheric Science,1902,Earth and Planetary Sciences,,individual,1.0,Earth Sciences
Bower Award and Prize for Achievement in Science,2018,Philippe Horvath,For his foundational discovery of the role of CRISPR-Cas as a microbial system of adaptive immunity,https://en.wikipedia.org/wiki/Philippe_Horvath,https://openalex.org/authors/A5008191157,Immunology,2403.0,Immunology and Microbiology,Life Sciences,Yes,https://openalex.org/authors/A5008191157,Molecular Biology,1312,"Biochemistry, Genetics and Molecular Biology","No original URL. Found A5008191157 (Philippe Horvath, CRISPR pioneer). Changed from Immunology to Molecular Biology.",individual,1.0,Life Sciences & Medicine
Bower Award and Prize for Achievement in Science,2019,Frances H. Arnold,For pioneering the development of directed protein evolution,https://en.wikipedia.org/wiki/Frances_Arnold,https://openalex.org/authors/A5043841592,Atmospheric Science,1902.0,Earth and Planetary Sciences,Physical Sciences,Yes,,Molecular Biology,1312,"Biochemistry, Genetics and Molecular Biology","Changed from Atmospheric Science to Molecular Biology (her #1 topic, directed evolution). Her Atmospheric Science topics are from a name collision in OpenAlex.",individual,1.0,Life Sciences & Medicine
Bower Award and Prize for Achievement in Science,2021,Kunihiko Fukushima,"For pioneering contributions to deep learning and neural network architectures, including the neocognitron",https://en.wikipedia.org/wiki/Kunihiko_Fukushima,https://openalex.org/authors/A5087391146,Artificial Intelligence,1702.0,Computer Science,Physical Sciences,Yes,,Artificial Intelligence,1702,Computer Science,"2026-09-11 fi.edu re-derivation: year 2020 -> 2021, the Institute re-tagged this cohort after the cancelled 2020 gala",individual,1.0,"Computing, electrical"
Bower Award and Prize for Achievement in Science,2022,Paul Slovic,"For research on human judgment, decision making, risk perception and apathy, shaping policy in health, medicine, government and industry",https://en.wikipedia.org/wiki/Paul_Slovic,https://openalex.org/authors/A5054406412,Sociology and Political Science,3312.0,Social Sciences,Social Sciences,Yes,,Sociology and Political Science,3312,Social Sciences,,individual,1.0,Other Social Sciences
Bower Award and Prize for Achievement in Science,2023,Deb Niemeier,For research into improving crucial infrastructure decisions that contribute to a more equitable society,https://en.wikipedia.org/wiki/Debbie_Niemeier,https://openalex.org/authors/A5082124758,Automotive Engineering,2203.0,Engineering,Physical Sciences,Yes,,Transportation,https://openalex.org/subfields/2205,Engineering,"Reclassified: transportation/environmental engineer, not mechanical engineer",individual,1.0,"Civil, environmental, and transportation engineering"
Bower Award and Prize for Achievement in Science,2024,David A. Weitz,For transforming our fundamental understanding of squishy materials from gels and polymers to living organisms,https://en.wikipedia.org/wiki/David_A._Weitz,https://openalex.org/authors/A5038905661,Biomedical Engineering,2204.0,Engineering,Physical Sciences,Yes,,Biomedical Engineering,2204,Engineering,,individual,1.0,Bioengineering and biomedical engineering
Brain Prize,2015,Arthur Konnerth,For development and use of two-photon microscopy to monitor the activity of nerve cells and synapses,https://en.wikipedia.org/wiki/Arthur_Konnerth,https://openalex.org/authors/A5002256276,Cellular and Molecular Neuroscience,2804.0,Neuroscience,Life Sciences,Yes,,Cellular and Molecular Neuroscience,2804,Neuroscience,,individual,1.0,Life Sciences & Medicine
Brain Prize,2015,David W. Tank,For development and use of two-photon microscopy to monitor the activity of nerve cells and synapses,https://en.wikipedia.org/wiki/David_W._Tank,https://openalex.org/authors/A5042778805,Cognitive Neuroscience,2805.0,Neuroscience,Life Sciences,Yes,,Cognitive Neuroscience,2805,Neuroscience,,individual,1.0,Life Sciences & Medicine
Brain Prize,2015,Karel Svoboda,For development and use of two-photon microscopy to monitor the activity of nerve cells and synapses,https://en.wikipedia.org/wiki/Karel_Svoboda,https://openalex.org/authors/A5088944052,Cognitive Neuroscience,2805.0,Neuroscience,Life Sciences,Yes,,Cognitive Neuroscience,2805,Neuroscience,,individual,1.0,Life Sciences & Medicine
Brain Prize,2015,Winfried Denk,For invention and development of two-photon microscopy to study brain function,https://en.wikipedia.org/wiki/Winfried_Denk,https://openalex.org/authors/A5020934124,Biophysics,1304.0,"Biochemistry, Genetics and Molecular Biology",Life Sciences,Yes,,Cellular and Molecular Neuroscience,2804,Neuroscience,Changed from Biophysics to Cellular and Molecular Neuroscience (neuroscientist),individual,1.0,Life Sciences & Medicine
Brain Prize,2016,Graham Collingridge,For discovery of mechanisms of long-term potentiation (LTP) in the brain,https://en.wikipedia.org/wiki/Graham_Collingridge,https://openalex.org/authors/A5011841451,Cellular and Molecular Neuroscience,2804.0,Neuroscience,Life Sciences,Yes,,Cellular and Molecular Neuroscience,2804,Neuroscience,,individual,1.0,Life Sciences & Medicine
Brain Prize,2016,Richard Morris,For research on spatial memory and the role of LTP in learning and memory,https://en.wikipedia.org/wiki/Richard_Morris,https://openalex.org/authors/A5002375093,Cellular and Molecular Neuroscience,2804.0,Neuroscience,Life Sciences,Yes,,Cellular and Molecular Neuroscience,2804,Neuroscience,,individual,1.0,Life Sciences & Medicine
Brain Prize,2016,Tim Bliss,"For co-discovery of long-term potentiation, the cellular mechanism underlying learning and memory",https://en.wikipedia.org/wiki/Tim_Bliss,https://openalex.org/authors/A5111657469,Cellular and Molecular Neuroscience,2804.0,Neuroscience,Life Sciences,Yes,,Cellular and Molecular Neuroscience,2804,Neuroscience,,individual,1.0,Life Sciences & Medicine
Brain Prize,2017,Peter Dayan,"For research on brain mechanisms of reward and decision-making, and computational models of learning",https://en.wikipedia.org/wiki/Peter_Dayan,https://openalex.org/authors/A5075063030,Cognitive Neuroscience,2805.0,Neuroscience,Life Sciences,Yes,,Cognitive Neuroscience,2805,Neuroscience,,individual,1.0,Life Sciences & Medicine
Brain Prize,2017,Ray Dolan,For research on emotional learning and decision-making in the human brain,https://en.wikipedia.org/wiki/Ray_Dolan,https://openalex.org/authors/A5026197656,Cognitive Neuroscience,2805.0,Neuroscience,Life Sciences,Yes,https://openalex.org/authors/A5026197656,Cognitive Neuroscience,2805,Neuroscience,"2026-09-09 snapshot audit: id -> A5026197656 (Raymond J. Dolan, 162,035 cites); previous A5073942244 = Yunzhe Liu",individual,1.0,Life Sciences & Medicine
Brain Prize,2017,Wolfram Schultz,For discovery of the role of dopamine neurons in reward prediction and learning,https://en.wikipedia.org/wiki/Wolfram_Schultz,https://openalex.org/authors/A5066653099,Cognitive Neuroscience,2805.0,Neuroscience,Life Sciences,Yes,,Cognitive Neuroscience,2805,Neuroscience,,individual,1.0,Life Sciences & Medicine
Brain Prize,2018,Bart De Strooper,For research on the molecular and cellular mechanisms of Alzheimer's disease,https://en.wikipedia.org/wiki/Bart_De_Strooper,https://openalex.org/authors/A5021772353,Physiology,2737.0,Medicine,Health Sciences,Yes,,Cellular and Molecular Neuroscience,2804,Neuroscience,Changed from Physiology,individual,1.0,Life Sciences & Medicine
Brain Prize,2018,Christian Haass,For research on the molecular and cellular mechanisms of Alzheimer's disease,https://en.wikipedia.org/wiki/Christian_Haass,https://openalex.org/authors/A5065084452,Physiology,2737.0,Medicine,Health Sciences,Yes,,Cellular and Molecular Neuroscience,2804,Neuroscience,Changed from Physiology,individual,1.0,Life Sciences & Medicine
Brain Prize,2018,John Hardy,For the amyloid cascade hypothesis of Alzheimer's disease,https://en.wikipedia.org/wiki/John_Hardy,https://openalex.org/authors/A5020514779,Physiology,2737.0,Medicine,Health Sciences,Yes,,Neurology,2728,Medicine,Changed from Physiology to Neurology (neurodegeneration),individual,1.0,Life Sciences & Medicine
Brain Prize,2018,Michel Goedert,For research on tau protein and neurofibrillary tangles in Alzheimer's disease,https://en.wikipedia.org/wiki/Michel_Goedert,https://openalex.org/authors/A5037379608,Physiology,2737.0,Medicine,Health Sciences,Yes,,Cellular and Molecular Neuroscience,2804,Neuroscience,Changed from Physiology,individual,1.0,Life Sciences & Medicine
Brain Prize,2019,Anne Joutel,For research on the genetics and mechanisms of CADASIL and cerebral small vessel disease,https://en.wikipedia.org/wiki/Anne_Joutel,https://openalex.org/authors/A5061123357,Neurology,2728.0,Medicine,Health Sciences,Yes,,Neurology,2728,Medicine,,individual,1.0,Life Sciences & Medicine
Brain Prize,2019,Elisabeth Tournier-Lasserve,For research on the genetics of cerebral small vessel diseases,https://en.wikipedia.org/wiki/Elisabeth_Tournier-Lasserve,https://openalex.org/authors/A5030900693,Neurology,2728.0,Medicine,Health Sciences,Yes,,Neurology,2728,Medicine,,individual,1.0,Life Sciences & Medicine
Brain Prize,2019,Hugues Chabriat,For clinical characterization of CADASIL and cerebral small vessel disease,https://en.wikipedia.org/wiki/Hugues_Chabriat,https://openalex.org/authors/A5087289959,Neurology,2728.0,Medicine,Health Sciences,Yes,,Neurology,2728,Medicine,,individual,1.0,Life Sciences & Medicine
Brain Prize,2019,Marie-Germaine Bousser,For research on cerebrovascular diseases and stroke,https://en.wikipedia.org/wiki/Marie-Germaine_Bousser,https://openalex.org/authors/A5020503013,Epidemiology,2713.0,Medicine,Health Sciences,Yes,,Neurology,2728,Medicine,Changed from Epidemiology to Neurology,individual,1.0,Life Sciences & Medicine
Brain Prize,2020,Adrian Bird,"For discovery of the role of DNA methylation and MeCP2 in brain function, leading to understanding of Rett syndrome",https://en.wikipedia.org/wiki/Adrian_Bird,https://openalex.org/authors/A5052906260,Molecular Biology,1312.0,"Biochemistry, Genetics and Molecular Biology",Life Sciences,Yes,,Molecular Biology,1312,"Biochemistry, Genetics and Molecular Biology",,individual,1.0,Life Sciences & Medicine
Brain Prize,2020,Huda Zoghbi,For discovery of the genetic basis of Rett syndrome and spinocerebellar ataxia,https://en.wikipedia.org/wiki/Huda_Zoghbi,https://openalex.org/authors/A5020701219,Genetics,1311.0,"Biochemistry, Genetics and Molecular Biology",Life Sciences,Yes,,Genetics,1311,"Biochemistry, Genetics and Molecular Biology",,individual,1.0,Life Sciences & Medicine
Brain Prize,2021,Jes Olesen,For research on the pathophysiology of migraine and headache disorders,https://en.wikipedia.org/wiki/Jes_Olesen,https://openalex.org/authors/A5057969496,Psychiatry and Mental health,2738.0,Medicine,Health Sciences,Yes,,Neurology,2728,Medicine,Changed from Psychiatry to Neurology (headache researcher),individual,1.0,Life Sciences & Medicine
Brain Prize,2021,Lars Edvinsson,For discovery of CGRP as a key mediator of migraine,https://en.wikipedia.org/wiki/Lars_Edvinsson,https://openalex.org/authors/A5084413123,Cellular and Molecular Neuroscience,2804.0,Neuroscience,Life Sciences,Yes,,Cellular and Molecular Neuroscience,2804,Neuroscience,,individual,1.0,Life Sciences & Medicine
Brain Prize,2021,Michael A. Moskowitz,For research on the neurovascular mechanisms of migraine,https://en.wikipedia.org/wiki/Michael_A._Moskowitz,https://openalex.org/authors/A5078007632,Cellular and Molecular Neuroscience,2804.0,Neuroscience,Life Sciences,Yes,,Cellular and Molecular Neuroscience,2804,Neuroscience,,individual,1.0,Life Sciences & Medicine
Brain Prize,2021,Peter Goadsby,For research on the trigeminovascular system and development of migraine treatments,https://en.wikipedia.org/wiki/Peter_Goadsby,https://openalex.org/authors/A5004525209,Psychiatry and Mental health,2738.0,Medicine,Health Sciences,Yes,,Neurology,2728,Medicine,Changed from Psychiatry to Neurology (headache/migraine researcher),individual,1.0,Life Sciences & Medicine
Brain Prize,2022,Martyn Goulding,For research on spinal cord circuits controlling locomotion,https://en.wikipedia.org/wiki/Martyn_Goulding,https://openalex.org/authors/A5090823484,Cell Biology,1307.0,"Biochemistry, Genetics and Molecular Biology",Life Sciences,Yes,,Cellular and Molecular Neuroscience,https://openalex.org/subfields/2804,Neuroscience,"Reclassified: spinal cord neuroscientist, not developmental biologist",individual,1.0,Life Sciences & Medicine
Brain Prize,2022,Ole Kiehn,For research on the neural circuits controlling locomotion,https://en.wikipedia.org/wiki/Ole_Kiehn,https://openalex.org/authors/A5016994205,Cell Biology,1307.0,"Biochemistry, Genetics and Molecular Biology",Life Sciences,Yes,,Cellular and Molecular Neuroscience,https://openalex.org/subfields/2804,Neuroscience,"Reclassified: motor circuit neuroscientist, not developmental biologist",individual,1.0,Life Sciences & Medicine
Brain Prize,2022,Silvia Arber,For research on the neural circuits controlling movement,https://en.wikipedia.org/wiki/Silvia_Arber,https://openalex.org/authors/A5020694621,Cell Biology,1307.0,"Biochemistry, Genetics and Molecular Biology",Life Sciences,Yes,,Cellular and Molecular Neuroscience,https://openalex.org/subfields/2804,Neuroscience,"Reclassified: motor neuroscientist, not developmental biologist",individual,1.0,Life Sciences & Medicine
Brain Prize,2023,Christine Holt,For research on axon guidance and local mRNA translation in growth cones,https://en.wikipedia.org/wiki/Christine_Holt,https://openalex.org/authors/A5079094223,Cellular and Molecular Neuroscience,2804.0,Neuroscience,Life Sciences,Yes,,Cellular and Molecular Neuroscience,2804,Neuroscience,,individual,1.0,Life Sciences & Medicine
Brain Prize,2023,Erin Schuman,For research on local protein synthesis at synapses,https://en.wikipedia.org/wiki/Erin_Schuman,https://openalex.org/authors/A5015863270,Cellular and Molecular Neuroscience,2804.0,Neuroscience,Life Sciences,Yes,,Cellular and Molecular Neuroscience,2804,Neuroscience,,individual,1.0,Life Sciences & Medicine
Brain Prize,2023,Michael Greenberg,For research on activity-dependent gene expression in neurons,https://en.wikipedia.org/wiki/Michael_Greenberg,https://openalex.org/authors/A5068099853,Cellular and Molecular Neuroscience,2804.0,Neuroscience,Life Sciences,Yes,,Cellular and Molecular Neuroscience,2804,Neuroscience,,individual,1.0,Life Sciences & Medicine
Brain Prize,2024,Haim Sompolinsky,For pioneering contributions to computational and theoretical neuroscience,https://en.wikipedia.org/wiki/Haim_Sompolinsky,https://openalex.org/authors/A5073266403,Cognitive Neuroscience,2805.0,Neuroscience,Life Sciences,Yes,,Cognitive Neuroscience,2805,Neuroscience,,individual,1.0,Life Sciences & Medicine
Brain Prize,2024,Larry F. Abbott,For fundamental contributions to computational and theoretical neuroscience,https://en.wikipedia.org/wiki/Larry_F._Abbott,https://openalex.org/authors/A5110860328,Cognitive Neuroscience,2805.0,Neuroscience,Life Sciences,Yes,,Cognitive Neuroscience,2805,Neuroscience,,individual,1.0,Life Sciences & Medicine
Brain Prize,2024,Terrence J. Sejnowski,For pioneering contributions to computational and theoretical neuroscience,https://en.wikipedia.org/wiki/Terrence_J._Sejnowski,https://openalex.org/authors/A5044141636,Cognitive Neuroscience,2805.0,Neuroscience,Life Sciences,Yes,,Cognitive Neuroscience,2805,Neuroscience,,individual,1.0,Life Sciences & Medicine
Breakthrough Prize in Fundamental Physics,2015,Adam Riess,,,https://openalex.org/authors/A5017158718,Astronomy and Astrophysics,3103.0,Physics and Astronomy,Physical Sciences,Yes,,Astronomy and Astrophysics,3103,Physics and Astronomy,"2026-09-11 coverage audit: added, add colaureate; id from the snapshot name scan, largest field-consistent profile (672 works). Source: https://breakthroughprize.org/Laureates/1/P1/Y2015",individual,1.0,Physics & Astronomy
Breakthrough Prize in Fundamental Physics,2015,Brian P. Schmidt,,,https://openalex.org/authors/A5023063594,Astronomy and Astrophysics,3103.0,Physics and Astronomy,Physical Sciences,Yes,,Astronomy and Astrophysics,3103,Physics and Astronomy,"2026-09-11 coverage audit: added, add colaureate; id from the snapshot name scan, largest field-consistent profile (472 works); HAND_OVERRIDE: found as 'B. Schmidt': 472 works; Astronomy and Astrophysics; Australian National University -- the supernova cosmologist. Source: https://breakthroughprize.org/Laureates/1/P1/Y2015",individual,1.0,Physics & Astronomy
Breakthrough Prize in Fundamental Physics,2015,Saul Perlmutter,,,https://openalex.org/authors/A5030135192,Astronomy and Astrophysics,3103.0,Physics and Astronomy,Physical Sciences,Yes,,Astronomy and Astrophysics,3103,Physics and Astronomy,"2026-09-11 coverage audit: added, add colaureate; id from the snapshot name scan, largest field-consistent profile (748 works); HAND_OVERRIDE: found as 'S. Perlmutter': 748 works; Astronomy and Astrophysics. Source: https://breakthroughprize.org/Laureates/1/P1/Y2015",individual,1.0,Physics & Astronomy
Breakthrough Prize in Fundamental Physics,2016,Arthur B. McDonald,For the fundamental discovery of neutrino oscillations (SNO Collaboration),https://en.wikipedia.org/wiki/Arthur_B._McDonald,https://openalex.org/authors/A5003241485,Nuclear and High Energy Physics,3106.0,Physics and Astronomy,Physical Sciences,,https://openalex.org/authors/A5003241485,Nuclear and High Energy Physics,3106,Physics and Astronomy,"No OpenAlex URL. Neutrino physicist. | 2026-09-09 snapshot audit: id -> A5003241485 (A. B. McDonald, Queen's University, 11,970 cites); previous no id | 2026-09-11 coverage audit: year 2015 -> 2016; breakthroughprize.org/Laureates/1/P1/Y2015 vs Y2016: 2015 was the supernova prize (Perlmutter, Riess, Schmidt); the neutrino-experiment leaders are the 2016 pri",individual,1.0,Physics & Astronomy
Breakthrough Prize in Fundamental Physics,2016,Atsuto Suzuki,For the fundamental discovery of neutrino oscillations (KamLAND Collaboration),https://en.wikipedia.org/wiki/Atsuto_Suzuki,https://openalex.org/authors/A5049554125,Nuclear and High Energy Physics,3106.0,Physics and Astronomy,Physical Sciences,Yes,,Nuclear and High Energy Physics,3106,Physics and Astronomy,2026-09-11 coverage audit: year 2015 -> 2016; same,individual,1.0,Physics & Astronomy
Breakthrough Prize in Fundamental Physics,2016,Kam-Biu Luk,For the fundamental discovery of neutrino oscillations (Daya Bay Collaboration),https://en.wikipedia.org/wiki/Kam-Biu_Luk,https://openalex.org/authors/A5112347701,Nuclear and High Energy Physics,3106.0,Physics and Astronomy,Physical Sciences,Yes,,Nuclear and High Energy Physics,3106,Physics and Astronomy,2026-09-11 coverage audit: year 2015 -> 2016; same,individual,1.0,Physics & Astronomy
Breakthrough Prize in Fundamental Physics,2016,Kip S. Thorne,Special Breakthrough Prize for the detection of gravitational waves (LIGO),https://en.wikipedia.org/wiki/Kip_S._Thorne,https://openalex.org/authors/A5103423628,Astronomy and Astrophysics,3103.0,Physics and Astronomy,Physical Sciences,Yes,,Astronomy and Astrophysics,3103,Physics and Astronomy,,individual,1.0,Physics & Astronomy
Breakthrough Prize in Fundamental Physics,2016,Koichiro Nishikawa,For the fundamental discovery of neutrino oscillations (K2K/T2K Collaboration),https://en.wikipedia.org/wiki/Koichiro_Nishikawa,https://openalex.org/authors/A5103337917,Electrical and Electronic Engineering,2208.0,Engineering,Physical Sciences,Yes,https://openalex.org/authors/A5103337917,Nuclear and High Energy Physics,3106,Physics and Astronomy,"Wrong: A5050866744 is Kei Nishikawa (batteries). Corrected to A5103337917 (Koichiro Nishikawa, KEK, neutrino). Changed from EE. | 2026-09-11 coverage audit: year 2015 -> 2016; same",individual,1.0,Physics & Astronomy
Breakthrough Prize in Fundamental Physics,2016,Rainer Weiss,Special Breakthrough Prize for the detection of gravitational waves (LIGO),https://en.wikipedia.org/wiki/Rainer_Weiss,https://openalex.org/authors/A5103619207,Astronomy and Astrophysics,3103.0,Physics and Astronomy,Physical Sciences,Yes,,Astronomy and Astrophysics,3103,Physics and Astronomy,,individual,1.0,Physics & Astronomy
Breakthrough Prize in Fundamental Physics,2016,Ronald W. P. Drever,Special Breakthrough Prize for the detection of gravitational waves (LIGO),https://en.wikipedia.org/wiki/Ronald_W._P._Drever,https://openalex.org/authors/A5108734472,Astronomy and Astrophysics,3103.0,Physics and Astronomy,Physical Sciences,,https://openalex.org/authors/A5108734472,Astronomy and Astrophysics,3103,Physics and Astronomy,"No OpenAlex URL. | 2026-09-09 snapshot audit: id -> A5108734472 (R. W. P. Drever, Caltech, 22,941 cites); previous no id",individual,1.0,Physics & Astronomy
Breakthrough Prize in Fundamental Physics,2016,Takaaki Kajita,"For the fundamental discovery of neutrino oscillations, revealing a new frontier beyond, and possibly above, the standard model of particle physics (Super-Kamiokande Collaboration)",https://en.wikipedia.org/wiki/Takaaki_Kajita,https://openalex.org/authors/A5003388103,Nuclear and High Energy Physics,3106.0,Physics and Astronomy,Physical Sciences,Yes,https://openalex.org/authors/A5003388103,Nuclear and High Energy Physics,3106,Physics and Astronomy,"2026-09-09 snapshot audit: id -> A5003388103 (T. Kajita, 13,720 cites); previous A5090552021 = H. Takei | 2026-09-11 coverage audit: year 2015 -> 2016; same",individual,1.0,Physics & Astronomy
Breakthrough Prize in Fundamental Physics,2016,Yifang Wang,For the fundamental discovery of neutrino oscillations (Daya Bay Collaboration),https://en.wikipedia.org/wiki/Yifang_Wang,https://openalex.org/authors/A5115602028,Materials Chemistry,2505.0,Materials Science,Physical Sciences,Yes,https://openalex.org/authors/A5115602028,Nuclear and High Energy Physics,3106,Physics and Astronomy,"Wrong profile: A5100672274 is materials scientist. Correct Yifang Wang (IHEP Beijing, particle physics) not found. Kept subfield as Nuclear and High Energy Physics. | 2026-09-09 snapshot audit: id -> A5115602028 (Yifang Wang, Chinese Academy of Sciences, high-energy physics); previous A5100672274 = a Tianjin materials chemist | 2026-09-11 coverage audit: year 2015 -> 2016; same",individual,1.0,Physics & Astronomy
Breakthrough Prize in Fundamental Physics,2016,Yoichiro Suzuki,For the fundamental discovery of neutrino oscillations (Super-Kamiokande Collaboration),https://en.wikipedia.org/wiki/Yoichiro_Suzuki,,"Endocrinology, Diabetes and Metabolism",2712.0,Medicine,Health Sciences,Yes,,Nuclear and High Energy Physics,3106,Physics and Astronomy,Wrong profile: A5060103965 is endocrinologist. Correct Yoichiro Suzuki not found. Changed from Endocrinology. | 2026-09-09 snapshot audit: id removed (A5060103965 = an endocrinologist); no unambiguous Super-Kamiokande profile; 'Y. Suzuki' cannot be separated | 2026-09-11 coverage audit: year 2015 -> 2016; same,individual,1.0,Physics & Astronomy
Breakthrough Prize in Fundamental Physics,2017,Andrew Strominger,"For transformative advances in quantum field theory, string theory, and quantum gravity",https://en.wikipedia.org/wiki/Andrew_Strominger,https://openalex.org/authors/A5035107940,Nuclear and High Energy Physics,3106.0,Physics and Astronomy,Physical Sciences,Yes,,Nuclear and High Energy Physics,3106,Physics and Astronomy,,individual,1.0,Physics & Astronomy
Breakthrough Prize in Fundamental Physics,2017,Cumrun Vafa,"For transformative advances in quantum field theory, string theory, and quantum gravity",https://en.wikipedia.org/wiki/Cumrun_Vafa,https://openalex.org/authors/A5112582417,Nuclear and High Energy Physics,3106.0,Physics and Astronomy,Physical Sciences,Yes,,Nuclear and High Energy Physics,3106,Physics and Astronomy,,individual,1.0,Physics & Astronomy
Breakthrough Prize in Fundamental Physics,2017,Joseph Polchinski,"For transformative advances in quantum field theory, string theory, and quantum gravity",https://en.wikipedia.org/wiki/Joseph_Polchinski,https://openalex.org/authors/A5113446179,Nuclear and High Energy Physics,3106.0,Physics and Astronomy,Physical Sciences,Yes,,Nuclear and High Energy Physics,3106,Physics and Astronomy,,individual,1.0,Physics & Astronomy
Breakthrough Prize in Fundamental Physics,2018,Charles L. Bennett,For detailed maps of the early universe that greatly improved our knowledge of the evolution of the cosmos and the fluctuations that seeded the formation of galaxies (WMAP),https://en.wikipedia.org/wiki/Charles_L._Bennett,https://openalex.org/authors/A5065163729,Economics and Econometrics,2002.0,"Economics, Econometrics and Finance",Social Sciences,Yes,https://openalex.org/authors/A5065163729,Astronomy and Astrophysics,3103,Physics and Astronomy,"Wrong: A5037456539 is health economist. Corrected to A5065163729 (C.L. Bennett, JHU, WMAP cosmologist). Changed from Economics.",individual,1.0,Physics & Astronomy
Breakthrough Prize in Fundamental Physics,2018,David N. Spergel,For detailed maps of the early universe (WMAP),https://en.wikipedia.org/wiki/David_N._Spergel,https://openalex.org/authors/A5091900050,Astronomy and Astrophysics,3103.0,Physics and Astronomy,Physical Sciences,Yes,,Astronomy and Astrophysics,3103,Physics and Astronomy,,individual,1.0,Physics & Astronomy
Breakthrough Prize in Fundamental Physics,2018,Gary Hinshaw,For detailed maps of the early universe (WMAP),https://en.wikipedia.org/wiki/Gary_Hinshaw,https://openalex.org/authors/A5014747097,Astronomy and Astrophysics,3103.0,Physics and Astronomy,Physical Sciences,Yes,,Astronomy and Astrophysics,3103,Physics and Astronomy,,individual,1.0,Physics & Astronomy
Breakthrough Prize in Fundamental Physics,2018,Jocelyn Bell Burnell,,,https://openalex.org/authors/A5001892714,Astronomy and Astrophysics,3103.0,Physics and Astronomy,Physical Sciences,Yes,,Astronomy and Astrophysics,3103,Physics and Astronomy,"2026-09-11 coverage audit: added, add colaureate; id and field copied from the laureate's existing row (Copley Medal 2021). Source: https://breakthroughprize.org/News/45",individual,1.0,Physics & Astronomy
Breakthrough Prize in Fundamental Physics,2018,Lyman Page Jr.,For detailed maps of the early universe (WMAP),https://en.wikipedia.org/wiki/Lyman_Page_Jr.,https://openalex.org/authors/A5052249023,Astronomy and Astrophysics,3103.0,Physics and Astronomy,Physical Sciences,Yes,https://openalex.org/authors/A5052249023,Astronomy and Astrophysics,3103,Physics and Astronomy,"2026-09-09 snapshot audit: id -> A5052249023 (Lyman A. Page, Princeton, 62,299 cites); previous A5107119107 does not exist in the snapshot",individual,1.0,Physics & Astronomy
Breakthrough Prize in Fundamental Physics,2018,Norman Jarosik,For detailed maps of the early universe (WMAP),https://en.wikipedia.org/wiki/Norman_Jarosik,https://openalex.org/authors/A5108274208,Astronomy and Astrophysics,3103.0,Physics and Astronomy,Physical Sciences,Yes,,Astronomy and Astrophysics,3103,Physics and Astronomy,,individual,1.0,Physics & Astronomy
Breakthrough Prize in Fundamental Physics,2019,Charles L. Kane,"For new ideas about topology and symmetry in physics, leading to the prediction of a new class of materials that conduct electricity only on their surface",https://en.wikipedia.org/wiki/Charles_L._Kane,https://openalex.org/authors/A5003262716,"Atomic and Molecular Physics, and Optics",3107.0,Physics and Astronomy,Physical Sciences,Yes,,Condensed Matter Physics,3104,Physics and Astronomy,Changed from Atomic/Molecular to Condensed Matter (topological insulators),individual,1.0,Physics & Astronomy
Breakthrough Prize in Fundamental Physics,2019,Daniel Z. Freedman,,,https://openalex.org/authors/A5070161627,Nuclear and High Energy Physics,3106.0,Physics and Astronomy,Physical Sciences,Yes,,Nuclear and High Energy Physics,3106,Physics and Astronomy,"2026-09-11 coverage audit: added, add colaureate; id from the snapshot name scan, largest field-consistent profile (332 works); SPLIT_ACROSS_2. Source: https://breakthroughprize.org/News/53",individual,1.0,Physics & Astronomy
Breakthrough Prize in Fundamental Physics,2019,Eugene J. Mele,"For new ideas about topology and symmetry in physics, leading to the prediction of a new class of materials that conduct electricity only on their surface",https://en.wikipedia.org/wiki/Eugene_J._Mele,https://openalex.org/authors/A5068161598,Materials Chemistry,2505.0,Materials Science,Physical Sciences,Yes,,Condensed Matter Physics,3104,Physics and Astronomy,Changed from Materials Chemistry to Condensed Matter Physics,individual,1.0,Physics & Astronomy
Breakthrough Prize in Fundamental Physics,2019,Peter van Nieuwenhuizen,,,https://openalex.org/authors/A5002694782,Nuclear and High Energy Physics,3106.0,Physics and Astronomy,Physical Sciences,Yes,,Nuclear and High Energy Physics,3106,Physics and Astronomy,"2026-09-11 coverage audit: added, add colaureate; id from the snapshot name scan, largest field-consistent profile (353 works); HAND_OVERRIDE: found as 'P. van Nieuwenhuizen': 353 works; High Energy Physics. Source: https://breakthroughprize.org/News/53",individual,1.0,Physics & Astronomy
Breakthrough Prize in Fundamental Physics,2019,Sergio Ferrara,,,https://openalex.org/authors/A5045196939,Nuclear and High Energy Physics,3106.0,Physics and Astronomy,Physical Sciences,Yes,,Nuclear and High Energy Physics,3106,Physics and Astronomy,"2026-09-11 coverage audit: added, add colaureate; id from the snapshot name scan, largest field-consistent profile (605 works); HAND_OVERRIDE: found as 'S. Ferrara': 605 works; Nuclear and High Energy Physics. Source: https://breakthroughprize.org/News/53",individual,1.0,Physics & Astronomy
Breakthrough Prize in Fundamental Physics,2020,Event Horizon Telescope Collaboration,"For the first image of a supermassive black hole, taken by means of an Earth-sized alliance of telescopes [Collaboration award shared by 347 scientists]",,https://openalex.org/authors/A5023737919,Nuclear and High Energy Physics,3106.0,Physics and Astronomy,Physical Sciences,,https://openalex.org/authors/A5023737919,Nuclear and High Energy Physics,3106,Physics and Astronomy,"Collaboration, not individual. | 2026-09-11 coverage audit: Awarded to the 347 scientists of the EHT Collaboration (breakthroughprize.org). Leader id used for field allocation only. Leader: Sheperd S. Doeleman (A5023737919)",collaboration,347.0,Physics & Astronomy
Breakthrough Prize in Fundamental Physics,2021,Blayne Heckel,"For precision fundamental measurements that test our understanding of gravity, probe the nature of dark energy, and establish limits on couplings to dark matter",https://en.wikipedia.org/wiki/Blayne_Heckel,https://openalex.org/authors/A5079357304,"Atomic and Molecular Physics, and Optics",3107.0,Physics and Astronomy,Physical Sciences,Yes,,Nuclear and High Energy Physics,3106,Physics and Astronomy,Changed from Atomic/Molecular to Nuclear/High Energy (gravity measurements),individual,1.0,Physics & Astronomy
Breakthrough Prize in Fundamental Physics,2021,Eric Adelberger,"For precision fundamental measurements that test our understanding of gravity, probe the nature of dark energy, and establish limits on couplings to dark matter",https://en.wikipedia.org/wiki/Eric_Adelberger,https://openalex.org/authors/A5029850494,Nuclear and High Energy Physics,3106.0,Physics and Astronomy,Physical Sciences,Yes,,Nuclear and High Energy Physics,3106,Physics and Astronomy,,individual,1.0,Physics & Astronomy
Breakthrough Prize in Fundamental Physics,2021,Jens Gundlach,"For precision fundamental measurements that test our understanding of gravity, probe the nature of dark energy, and establish limits on couplings to dark matter",https://en.wikipedia.org/wiki/Jens_Gundlach,https://openalex.org/authors/A5036527909,Biomedical Engineering,2204.0,Engineering,Physical Sciences,Yes,,Nuclear and High Energy Physics,3106,Physics and Astronomy,Changed from Biomedical Engineering. Gundlach does gravity experiments.,individual,1.0,Physics & Astronomy
Breakthrough Prize in Fundamental Physics,2021,Steven Weinberg,,,https://openalex.org/authors/A5043632498,Nuclear and High Energy Physics,3106.0,Physics and Astronomy,Physical Sciences,Yes,,Nuclear and High Energy Physics,3106,Physics and Astronomy,"2026-09-11 coverage audit: added, add colaureate; id from the snapshot name scan, largest field-consistent profile (567 works). Source: https://breakthroughprize.org/News/61",individual,1.0,Physics & Astronomy
Breakthrough Prize in Fundamental Physics,2022,Hidetoshi Katori,For outstanding contributions to the invention and development of the optical lattice clock,https://en.wikipedia.org/wiki/Hidetoshi_Katori,https://openalex.org/authors/A5081417357,"Atomic and Molecular Physics, and Optics",3107.0,Physics and Astronomy,Physical Sciences,Yes,,"Atomic and Molecular Physics, and Optics",3107,Physics and Astronomy,,individual,1.0,Physics & Astronomy
Breakthrough Prize in Fundamental Physics,2022,Jun Ye,For outstanding contributions to the invention and development of the optical lattice clock,https://en.wikipedia.org/wiki/Jun_Ye,https://openalex.org/authors/A5100382923,"Atomic and Molecular Physics, and Optics",3107.0,Physics and Astronomy,Physical Sciences,Yes,,"Atomic and Molecular Physics, and Optics",3107,Physics and Astronomy,,individual,1.0,Physics & Astronomy
Breakthrough Prize in Fundamental Physics,2023,Charles H. Bennett,For foundational work in the field of quantum information,https://en.wikipedia.org/wiki/Charles_H._Bennett,https://openalex.org/authors/A5053166798,Artificial Intelligence,1702.0,Computer Science,Physical Sciences,Yes,,"Atomic and Molecular Physics, and Optics",3107,Physics and Astronomy,Changed from AI. Quantum info/computing is classified under Atomic/Molecular in OpenAlex.,individual,1.0,Physics & Astronomy
Breakthrough Prize in Fundamental Physics,2023,David Deutsch,For foundational work in the field of quantum information,https://en.wikipedia.org/wiki/David_Deutsch,https://openalex.org/authors/A5050850280,"Atomic and Molecular Physics, and Optics",3107.0,Physics and Astronomy,Physical Sciences,Yes,,"Atomic and Molecular Physics, and Optics",3107,Physics and Astronomy,,individual,1.0,Physics & Astronomy
Breakthrough Prize in Fundamental Physics,2023,Gilles Brassard,For foundational work in the field of quantum information,https://en.wikipedia.org/wiki/Gilles_Brassard,https://openalex.org/authors/A5110284072,Artificial Intelligence,1702.0,Computer Science,Physical Sciences,Yes,,"Atomic and Molecular Physics, and Optics",3107,Physics and Astronomy,Changed from AI to Atomic/Molecular (quantum computing),individual,1.0,Physics & Astronomy
Breakthrough Prize in Fundamental Physics,2023,Peter Shor,For foundational work in the field of quantum information,https://en.wikipedia.org/wiki/Peter_Shor,https://openalex.org/authors/A5020744800,Artificial Intelligence,1702.0,Computer Science,Physical Sciences,Yes,,"Atomic and Molecular Physics, and Optics",3107,Physics and Astronomy,Changed from AI to Atomic/Molecular (quantum computing),individual,1.0,Physics & Astronomy
Breakthrough Prize in Fundamental Physics,2024,Alexander Zamolodchikov,"For profound contributions to statistical physics and quantum field theory, with diverse and far-reaching applications in different branches of physics and mathematics",https://en.wikipedia.org/wiki/Alexander_Zamolodchikov,https://openalex.org/authors/A5103338438,Geometry and Topology,2608.0,Mathematics,Physical Sciences,Yes,,Nuclear and High Energy Physics,3106,Physics and Astronomy,"Changed from Geometry and Topology to Nuclear/High Energy Physics (theoretical physicist, conformal field theory)",individual,1.0,Physics & Astronomy
Breakthrough Prize in Fundamental Physics,2024,John Cardy,"For profound contributions to statistical physics and quantum field theory, with diverse and far-reaching applications in different branches of physics and mathematics",https://en.wikipedia.org/wiki/John_Cardy,https://openalex.org/authors/A5008391443,Condensed Matter Physics,3104.0,Physics and Astronomy,Physical Sciences,Yes,,Condensed Matter Physics,3104,Physics and Astronomy,,individual,1.0,Physics & Astronomy
Breakthrough Prize in Life Sciences,2015,Alim Louis Benabid,For the discovery and development of high-frequency deep brain stimulation for the treatment of Parkinson's disease,https://en.wikipedia.org/wiki/Alim_Louis_Benabid,https://openalex.org/authors/A5109187180,Neurology,2728.0,Medicine,Health Sciences,Yes,,Neurology,2728,Medicine,,individual,1.0,Life Sciences & Medicine
Breakthrough Prize in Life Sciences,2015,C. David Allis,For the discovery of covalent modifications of histone proteins and their role in gene expression regulation,https://en.wikipedia.org/wiki/C._David_Allis,https://openalex.org/authors/A5052967210,Molecular Biology,1312.0,"Biochemistry, Genetics and Molecular Biology",Life Sciences,Yes,,Molecular Biology,1312,"Biochemistry, Genetics and Molecular Biology",,individual,1.0,Life Sciences & Medicine
Breakthrough Prize in Life Sciences,2015,Emmanuelle Charpentier,,,https://openalex.org/authors/A5074743574,Molecular Biology,1312.0,"Biochemistry, Genetics and Molecular Biology",Life Sciences,Yes,,Molecular Biology,1312,"Biochemistry, Genetics and Molecular Biology","2026-09-11 coverage audit: added, add colaureate; id and field copied from the laureate's existing row (Canada Gairdner International Award 2016). Source: https://breakthroughprize.org/News/21",individual,1.0,Life Sciences & Medicine
Breakthrough Prize in Life Sciences,2015,Gary Ruvkun,,,https://openalex.org/authors/A5066998461,Aging,1302.0,"Biochemistry, Genetics and Molecular Biology",Life Sciences,Yes,,Molecular Biology,1312,"Biochemistry, Genetics and Molecular Biology","2026-09-11 coverage audit: added, add colaureate; id and field copied from the laureate's existing row (Nobel Prize in Physiology or Medicine 2024). Source: https://breakthroughprize.org/News/21",individual,1.0,Life Sciences & Medicine
Breakthrough Prize in Life Sciences,2015,Jennifer A. Doudna,,,https://openalex.org/authors/A5067184382,Molecular Biology,1312.0,"Biochemistry, Genetics and Molecular Biology",Life Sciences,Yes,,Molecular Biology,1312,"Biochemistry, Genetics and Molecular Biology","2026-09-11 coverage audit: added, add colaureate; id and field copied from the laureate's existing row (Japan Prize 2017). Source: https://breakthroughprize.org/Laureates/2/L63",individual,1.0,Life Sciences & Medicine
Breakthrough Prize in Life Sciences,2015,Victor Ambros,,,https://openalex.org/authors/A5067882558,Aging,1302.0,"Biochemistry, Genetics and Molecular Biology",Life Sciences,Yes,,Molecular Biology,1312,"Biochemistry, Genetics and Molecular Biology","2026-09-11 coverage audit: added, add colaureate; id and field copied from the laureate's existing row (Nobel Prize in Physiology or Medicine 2024). Source: https://breakthroughprize.org/News/21",individual,1.0,Life Sciences & Medicine
Breakthrough Prize in Life Sciences,2016,Edward S. Boyden,For the development and implementation of optogenetics,https://en.wikipedia.org/wiki/Edward_S._Boyden,https://openalex.org/authors/A5109593948,Cellular and Molecular Neuroscience,2804.0,Neuroscience,Life Sciences,Yes,,Cellular and Molecular Neuroscience,2804,Neuroscience,,individual,1.0,Life Sciences & Medicine
Breakthrough Prize in Life Sciences,2016,Helen Hobbs,For genetic studies revealing biological mechanisms underlying the regulation of cholesterol and lipids,https://en.wikipedia.org/wiki/Helen_Hobbs,https://openalex.org/authors/A5024723638,Surgery,2746.0,Medicine,Health Sciences,Yes,,Surgery,2746,Medicine,,individual,1.0,Life Sciences & Medicine
Breakthrough Prize in Life Sciences,2016,John Hardy,For discovering mutations responsible for early onset Alzheimer's disease,https://en.wikipedia.org/wiki/John_Hardy,https://openalex.org/authors/A5020514779,Physiology,2737.0,Medicine,Health Sciences,Yes,,Neurology,2728,Medicine,Subfield changed from Physiology to Neurology (Alzheimer mutations),individual,1.0,Life Sciences & Medicine
Breakthrough Prize in Life Sciences,2016,Karl Deisseroth,For the development and implementation of optogenetics,https://en.wikipedia.org/wiki/Karl_Deisseroth,https://openalex.org/authors/A5014360828,Cellular and Molecular Neuroscience,2804.0,Neuroscience,Life Sciences,Yes,,Cellular and Molecular Neuroscience,2804,Neuroscience,,individual,1.0,Life Sciences & Medicine
Breakthrough Prize in Life Sciences,2016,Svante Paabo,"For pioneering the sequencing of ancient DNA, including the Neanderthal genome",https://en.wikipedia.org/wiki/Svante_P%C3%A4%C3%A4bo,https://openalex.org/authors/A5012216367,Genetics,1311.0,"Biochemistry, Genetics and Molecular Biology",Life Sciences,Yes,,Genetics,1311,"Biochemistry, Genetics and Molecular Biology",,individual,1.0,Life Sciences & Medicine
Breakthrough Prize in Life Sciences,2017,Harry F. Noller,For discovering the role of ribosomal RNA in protein synthesis,https://en.wikipedia.org/wiki/Harry_F._Noller,https://openalex.org/authors/A5089776171,Molecular Biology,1312.0,"Biochemistry, Genetics and Molecular Biology",Life Sciences,Yes,,Molecular Biology,1312,"Biochemistry, Genetics and Molecular Biology",,individual,1.0,Life Sciences & Medicine
Breakthrough Prize in Life Sciences,2017,Huda Yahya Zoghbi,For the discovery of the genetic causes of spinocerebellar ataxia and Rett syndrome,https://en.wikipedia.org/wiki/Huda_Yahya_Zoghbi,https://openalex.org/authors/A5020701219,Cellular and Molecular Neuroscience,2804.0,Neuroscience,Life Sciences,Yes,https://openalex.org/authors/A5020701219,Cellular and Molecular Neuroscience,2804,Neuroscience,OpenAlex URL was missing; found Huda Y. Zoghbi A5020701219 at Baylor/HHMI,individual,1.0,Life Sciences & Medicine
Breakthrough Prize in Life Sciences,2017,Roeland Nusse,For the elucidation of the Wnt signaling pathway,https://en.wikipedia.org/wiki/Roeland_Nusse,https://openalex.org/authors/A5110217019,Molecular Biology,1312.0,"Biochemistry, Genetics and Molecular Biology",Life Sciences,Yes,,Molecular Biology,1312,"Biochemistry, Genetics and Molecular Biology",,individual,1.0,Life Sciences & Medicine
Breakthrough Prize in Life Sciences,2017,Stephen J. Elledge,For the elucidation of the DNA damage response,https://en.wikipedia.org/wiki/Stephen_J._Elledge,https://openalex.org/authors/A5025914907,Molecular Biology,1312.0,"Biochemistry, Genetics and Molecular Biology",Life Sciences,Yes,,Molecular Biology,1312,"Biochemistry, Genetics and Molecular Biology",,individual,1.0,Life Sciences & Medicine
Breakthrough Prize in Life Sciences,2017,Yoshinori Ohsumi,For the elucidation of autophagy,https://en.wikipedia.org/wiki/Yoshinori_Ohsumi,https://openalex.org/authors/A5056765809,Epidemiology,2713.0,Medicine,Health Sciences,Yes,,Cell Biology,1307,"Biochemistry, Genetics and Molecular Biology",Subfield changed from Epidemiology to Cell Biology (autophagy),individual,1.0,Life Sciences & Medicine
Breakthrough Prize in Life Sciences,2018,Don W. Cleveland,For elucidating mechanisms of neurodegeneration,https://en.wikipedia.org/wiki/Don_W._Cleveland,https://openalex.org/authors/A5033998542,Cell Biology,1307.0,"Biochemistry, Genetics and Molecular Biology",Life Sciences,Yes,,Cell Biology,1307,"Biochemistry, Genetics and Molecular Biology",,individual,1.0,Life Sciences & Medicine
Breakthrough Prize in Life Sciences,2018,Joanne Chory,For discovering mechanisms by which plants optimize their growth and development,https://en.wikipedia.org/wiki/Joanne_Chory,https://openalex.org/authors/A5003016098,Plant Science,1110.0,Agricultural and Biological Sciences,Life Sciences,Yes,,Plant Science,1110,Agricultural and Biological Sciences,,individual,1.0,Ag. & natural resources
Breakthrough Prize in Life Sciences,2018,Kazutoshi Mori,For the discovery of the unfolded protein response,https://en.wikipedia.org/wiki/Kazutoshi_Mori,https://openalex.org/authors/A5024825620,Cell Biology,1307.0,"Biochemistry, Genetics and Molecular Biology",Life Sciences,Yes,,Cell Biology,1307,"Biochemistry, Genetics and Molecular Biology",,individual,1.0,Life Sciences & Medicine
Breakthrough Prize in Life Sciences,2018,Kim Nasmyth,For elucidating the mechanism of chromosome segregation during cell division,https://en.wikipedia.org/wiki/Kim_Nasmyth,https://openalex.org/authors/A5025297651,Molecular Biology,1312.0,"Biochemistry, Genetics and Molecular Biology",Life Sciences,Yes,,Molecular Biology,1312,"Biochemistry, Genetics and Molecular Biology",,individual,1.0,Life Sciences & Medicine
Breakthrough Prize in Life Sciences,2018,Peter Walter,For the discovery of the unfolded protein response,https://en.wikipedia.org/wiki/Peter_Walter,https://openalex.org/authors/A5087493059,Cell Biology,1307.0,"Biochemistry, Genetics and Molecular Biology",Life Sciences,Yes,,Cell Biology,1307,"Biochemistry, Genetics and Molecular Biology",,individual,1.0,Life Sciences & Medicine
Breakthrough Prize in Life Sciences,2019,Adrian R. Krainer,For the development of antisense oligonucleotide therapy for spinal muscular atrophy,https://en.wikipedia.org/wiki/Adrian_R._Krainer,https://openalex.org/authors/A5113482239,Molecular Biology,1312.0,"Biochemistry, Genetics and Molecular Biology",Life Sciences,Yes,,Molecular Biology,1312,"Biochemistry, Genetics and Molecular Biology",,individual,1.0,Life Sciences & Medicine
Breakthrough Prize in Life Sciences,2019,Angelika Amon,For determining the consequences of aneuploidy on cell physiology,https://en.wikipedia.org/wiki/Angelika_Amon,https://openalex.org/authors/A5006607755,Cell Biology,1307.0,"Biochemistry, Genetics and Molecular Biology",Life Sciences,Yes,,Cell Biology,1307,"Biochemistry, Genetics and Molecular Biology",,individual,1.0,Life Sciences & Medicine
Breakthrough Prize in Life Sciences,2019,C. Frank Bennett,For the development of antisense oligonucleotide therapy for spinal muscular atrophy,https://en.wikipedia.org/wiki/C._Frank_Bennett,https://openalex.org/authors/A5083296071,Genetics,2716.0,Medicine,Health Sciences,Yes,,Genetics,2716,Medicine,,individual,1.0,Life Sciences & Medicine
Breakthrough Prize in Life Sciences,2019,Xiaowei Zhuang,For developing super-resolution imaging using single molecules,https://en.wikipedia.org/wiki/Xiaowei_Zhuang,https://openalex.org/authors/A5087959577,Biophysics,1304.0,"Biochemistry, Genetics and Molecular Biology",Life Sciences,Yes,,Biophysics,1304,"Biochemistry, Genetics and Molecular Biology",,individual,1.0,Life Sciences & Medicine
Breakthrough Prize in Life Sciences,2019,Zhijian Chen,For the discovery of the cGAS enzyme that senses DNA to activate innate immunity,https://en.wikipedia.org/wiki/Zhijian_Chen,https://openalex.org/authors/A5000591490,Immunology,2403.0,Immunology and Microbiology,Life Sciences,Yes,,Immunology,2403,Immunology and Microbiology,,individual,1.0,Life Sciences & Medicine
Breakthrough Prize in Life Sciences,2020,Arthur L. Horwich,For discovering chaperone-mediated protein folding,https://en.wikipedia.org/wiki/Arthur_L._Horwich,https://openalex.org/authors/A5034561133,Molecular Biology,1312.0,"Biochemistry, Genetics and Molecular Biology",Life Sciences,Yes,,Molecular Biology,1312,"Biochemistry, Genetics and Molecular Biology",,individual,1.0,Life Sciences & Medicine
Breakthrough Prize in Life Sciences,2020,David Julius,For discovering molecular mechanisms by which the skin senses temperature and pain,https://en.wikipedia.org/wiki/David_Julius,https://openalex.org/authors/A5014886042,Sensory Systems,2809.0,Neuroscience,Life Sciences,Yes,,Sensory Systems,2809,Neuroscience,,individual,1.0,Life Sciences & Medicine
Breakthrough Prize in Life Sciences,2020,F. Ulrich Hartl,For discovering chaperone-mediated protein folding,https://en.wikipedia.org/wiki/F._Ulrich_Hartl,https://openalex.org/authors/A5086048712,Molecular Biology,1312.0,"Biochemistry, Genetics and Molecular Biology",Life Sciences,Yes,,Molecular Biology,1312,"Biochemistry, Genetics and Molecular Biology",,individual,1.0,Life Sciences & Medicine
Breakthrough Prize in Life Sciences,2020,Jeffrey M. Friedman,For the discovery of leptin and its role in regulating body weight,https://en.wikipedia.org/wiki/Jeffrey_M._Friedman,https://openalex.org/authors/A5065622211,Endocrine and Autonomic Systems,2807.0,Neuroscience,Life Sciences,Yes,,Endocrine and Autonomic Systems,2807,Neuroscience,,individual,1.0,Life Sciences & Medicine
Breakthrough Prize in Life Sciences,2020,Virginia Man-Yee Lee,For the discovery of TDP-43 aggregation in frontotemporal dementia and ALS,https://en.wikipedia.org/wiki/Virginia_Man-Yee_Lee,https://openalex.org/authors/A5109194113,Neurology,2728.0,Medicine,Health Sciences,Yes,,Neurology,2728,Medicine,,individual,1.0,Life Sciences & Medicine
Breakthrough Prize in Life Sciences,2021,Catherine Dulac,For demonstrating neural circuits governing parenting behaviors are present in both sexes,https://en.wikipedia.org/wiki/Catherine_Dulac,https://openalex.org/authors/A5089691588,Sensory Systems,2809.0,Neuroscience,Life Sciences,Yes,,Sensory Systems,2809,Neuroscience,,individual,1.0,Life Sciences & Medicine
Breakthrough Prize in Life Sciences,2021,David Baker,For developing technology for the design of novel proteins,https://en.wikipedia.org/wiki/David_Baker,https://openalex.org/authors/A5053192926,Molecular Biology,1312.0,"Biochemistry, Genetics and Molecular Biology",Life Sciences,Yes,,Molecular Biology,1312,"Biochemistry, Genetics and Molecular Biology",,individual,1.0,Life Sciences & Medicine
Breakthrough Prize in Life Sciences,2021,Dennis Lo,For discovering fetal DNA in maternal blood for prenatal testing,https://en.wikipedia.org/wiki/Dennis_Lo,https://openalex.org/authors/A5005665172,"Pediatrics, Perinatology and Child Health",2735.0,Medicine,Health Sciences,Yes,,"Pediatrics, Perinatology and Child Health",2735,Medicine,,individual,1.0,Life Sciences & Medicine
Breakthrough Prize in Life Sciences,2021,Richard J. Youle,"For elucidating the quality control pathway that clears damaged mitochondria, shedding light on Parkinson's disease",https://en.wikipedia.org/wiki/Richard_J._Youle,https://openalex.org/authors/A5016723424,Molecular Biology,1312.0,"Biochemistry, Genetics and Molecular Biology",Life Sciences,Yes,,Molecular Biology,1312,"Biochemistry, Genetics and Molecular Biology",,individual,1.0,Life Sciences & Medicine
Breakthrough Prize in Life Sciences,2022,David Klenerman,For developing next-generation DNA sequencing on a massive scale,https://en.wikipedia.org/wiki/David_Klenerman,https://openalex.org/authors/A5042822683,Physiology,2737.0,Medicine,Health Sciences,Yes,,Biophysics,1304,"Biochemistry, Genetics and Molecular Biology",Subfield changed from Physiology to Biophysics (DNA sequencing techniques),individual,1.0,Life Sciences & Medicine
Breakthrough Prize in Life Sciences,2022,Drew Weissman,For engineering modified RNA technology enabling effective COVID-19 vaccines,https://en.wikipedia.org/wiki/Drew_Weissman,https://openalex.org/authors/A5068253145,Molecular Biology,1312.0,"Biochemistry, Genetics and Molecular Biology",Life Sciences,Yes,,Molecular Biology,1312,"Biochemistry, Genetics and Molecular Biology",,individual,1.0,Life Sciences & Medicine
Breakthrough Prize in Life Sciences,2022,Jeffery W. Kelly,For elucidating molecular basis of transthyretin diseases and developing tafamidis,https://en.wikipedia.org/wiki/Jeffery_W._Kelly,https://openalex.org/authors/A5081499831,Physiology,2737.0,Medicine,Health Sciences,Yes,https://openalex.org/authors/A5081499831,Molecular Biology,1312,"Biochemistry, Genetics and Molecular Biology",Wrong profile (Ralph A. Nixon); corrected to Jeffery W. Kelly A5081499831 at Scripps,individual,1.0,Life Sciences & Medicine
Breakthrough Prize in Life Sciences,2022,Katalin Kariko,For engineering modified RNA technology enabling effective COVID-19 vaccines,https://en.wikipedia.org/wiki/Katalin_Karik%C3%B3,https://openalex.org/authors/A5030598859,Molecular Biology,1312.0,"Biochemistry, Genetics and Molecular Biology",Life Sciences,Yes,,Molecular Biology,1312,"Biochemistry, Genetics and Molecular Biology",,individual,1.0,Life Sciences & Medicine
Breakthrough Prize in Life Sciences,2022,Pascal Mayer,For developing next-generation DNA sequencing on a massive scale,https://en.wikipedia.org/wiki/Pascal_Mayer,https://openalex.org/authors/A5050699304,Biomedical Engineering,2204.0,Engineering,Physical Sciences,Yes,,Genetics,https://openalex.org/subfields/1311,"Biochemistry, Genetics and Molecular Biology","Reclassified: DNA sequencing innovator (Solexa), not biomedical engineer",individual,1.0,Life Sciences & Medicine
Breakthrough Prize in Life Sciences,2022,Shankar Balasubramanian,For developing next-generation DNA sequencing on a massive scale,https://en.wikipedia.org/wiki/Shankar_Balasubramanian,https://openalex.org/authors/A5040551102,Molecular Biology,1312.0,"Biochemistry, Genetics and Molecular Biology",Life Sciences,Yes,,Molecular Biology,1312,"Biochemistry, Genetics and Molecular Biology",,individual,1.0,Life Sciences & Medicine
Breakthrough Prize in Life Sciences,2023,Anthony A. Hyman,For discovering a fundamental mechanism of cellular organization through phase separation,https://en.wikipedia.org/wiki/Anthony_A._Hyman,https://openalex.org/authors/A5006441261,Cell Biology,1307.0,"Biochemistry, Genetics and Molecular Biology",Life Sciences,Yes,,Cell Biology,1307,"Biochemistry, Genetics and Molecular Biology",,individual,1.0,Life Sciences & Medicine
Breakthrough Prize in Life Sciences,2023,Clifford P. Brangwynne,For discovering a fundamental mechanism of cellular organization through phase separation,https://en.wikipedia.org/wiki/Clifford_P._Brangwynne,https://openalex.org/authors/A5042735526,Molecular Biology,1312.0,"Biochemistry, Genetics and Molecular Biology",Life Sciences,Yes,,Molecular Biology,1312,"Biochemistry, Genetics and Molecular Biology",,individual,1.0,Life Sciences & Medicine
Breakthrough Prize in Life Sciences,2023,Demis Hassabis,For developing AlphaFold to accurately predict the structure of proteins,https://en.wikipedia.org/wiki/Demis_Hassabis,https://openalex.org/authors/A5005349213,Cognitive Neuroscience,2805.0,Neuroscience,Life Sciences,Yes,,Artificial Intelligence,1702,Computer Science,Subfield changed from Cognitive Neuroscience to Artificial Intelligence (AlphaFold),individual,1.0,"Computing, electrical"
Breakthrough Prize in Life Sciences,2023,Emmanuel Mignot,For discovering the causes of narcolepsy,https://en.wikipedia.org/wiki/Emmanuel_Mignot,https://openalex.org/authors/A5107994045,Cognitive Neuroscience,2805.0,Neuroscience,Life Sciences,Yes,,Cognitive Neuroscience,2805,Neuroscience,,individual,1.0,Life Sciences & Medicine
Breakthrough Prize in Life Sciences,2023,John Jumper,For developing AlphaFold to accurately predict the structure of proteins,https://en.wikipedia.org/wiki/John_Jumper,https://openalex.org/authors/A5059179935,Molecular Biology,1312.0,"Biochemistry, Genetics and Molecular Biology",Life Sciences,Yes,,Molecular Biology,1312,"Biochemistry, Genetics and Molecular Biology",,individual,1.0,Life Sciences & Medicine
Breakthrough Prize in Life Sciences,2023,Masashi Yanagisawa,For discovering the causes of narcolepsy,https://en.wikipedia.org/wiki/Masashi_Yanagisawa,https://openalex.org/authors/A5006145523,Cognitive Neuroscience,2805.0,Neuroscience,Life Sciences,Yes,,Cognitive Neuroscience,2805,Neuroscience,,individual,1.0,Life Sciences & Medicine
Breakthrough Prize in Life Sciences,2024,Andrew Singleton,For research identifying genetic risk factors for Parkinson's disease,https://en.wikipedia.org/wiki/Andrew_Singleton,https://openalex.org/authors/A5100694605,Physiology,2737.0,Medicine,Health Sciences,Yes,https://openalex.org/authors/A5100694605,Neurology,2728,Medicine,Had John Hardy URL (A5020514779); corrected to Andrew Singleton A5100694605 at NIH/NIA,individual,1.0,Life Sciences & Medicine
Breakthrough Prize in Life Sciences,2024,Carl H. June,For the development of CAR-T cell therapy for cancer,https://en.wikipedia.org/wiki/Carl_H._June,https://openalex.org/authors/A5008558372,Oncology,2730.0,Medicine,Health Sciences,Yes,,Oncology,2730,Medicine,,individual,1.0,Life Sciences & Medicine
Breakthrough Prize in Life Sciences,2024,Ellen Sidransky,For research identifying genetic risk factors for Parkinson's disease,https://en.wikipedia.org/wiki/Ellen_Sidransky,https://openalex.org/authors/A5009140419,Physiology,2737.0,Medicine,Health Sciences,Yes,,Genetics,1311,"Biochemistry, Genetics and Molecular Biology",Subfield changed from Physiology to Genetics (genetic risk factors for Parkinsons),individual,1.0,Life Sciences & Medicine
Breakthrough Prize in Life Sciences,2024,Fredrick Van Goor,For the development of a transformative cystic fibrosis drug (elexacaftor),https://en.wikipedia.org/wiki/Fredrick_Van_Goor,https://openalex.org/authors/A5108094434,Pulmonary and Respiratory Medicine,2740.0,Medicine,Health Sciences,Yes,,Pulmonary and Respiratory Medicine,2740,Medicine,,individual,1.0,Life Sciences & Medicine
Breakthrough Prize in Life Sciences,2024,Michel Sadelain,For the development of CAR-T cell therapy for cancer,https://en.wikipedia.org/wiki/Michel_Sadelain,https://openalex.org/authors/A5059625599,Oncology,2730.0,Medicine,Health Sciences,Yes,,Oncology,2730,Medicine,,individual,1.0,Life Sciences & Medicine
Breakthrough Prize in Life Sciences,2024,Paul Negulescu,For the development of a transformative cystic fibrosis drug (elexacaftor),https://en.wikipedia.org/wiki/Paul_Negulescu,https://openalex.org/authors/A5109316639,Molecular Biology,1312.0,"Biochemistry, Genetics and Molecular Biology",Life Sciences,Yes,,Pulmonary and Respiratory Medicine,2740,Medicine,Subfield changed from Molecular Biology to Pulmonary and Respiratory Medicine (CF drug),individual,1.0,Life Sciences & Medicine
Breakthrough Prize in Life Sciences,2024,Sabine Hadida,For the development of a transformative cystic fibrosis drug (elexacaftor),https://en.wikipedia.org/wiki/Sabine_Hadida,https://openalex.org/authors/A5011486449,Pharmaceutical Science,3003.0,"Pharmacology, Toxicology and Pharmaceutics",Life Sciences,Yes,,Pharmaceutical Science,3003,"Pharmacology, Toxicology and Pharmaceutics",,individual,1.0,Life Sciences & Medicine
Breakthrough Prize in Life Sciences,2024,Thomas Gasser,For research identifying genetic risk factors for Parkinson's disease,https://en.wikipedia.org/wiki/Thomas_Gasser,https://openalex.org/authors/A5067744605,Neurology,2728.0,Medicine,Health Sciences,Yes,,Neurology,2728,Medicine,,individual,1.0,Life Sciences & Medicine
Breakthrough Prize in Mathematics,2015,Jacob Lurie,,,https://openalex.org/authors/A5006401706,Mathematical Physics,2610.0,Mathematics,Physical Sciences,Yes,,Mathematical Physics,2610.0,Mathematics,"2026-09-11 coverage audit: added, add colaureate; id from the snapshot name scan, largest field-consistent profile (51 works). Source: https://breakthroughprize.org/Laureates/3/P1/Y2015",individual,1.0,Math
Breakthrough Prize in Mathematics,2015,Maxim Kontsevich,,,https://openalex.org/authors/A5018376358,Geometry and Topology,2608.0,Mathematics,Physical Sciences,Yes,,Geometry and Topology,2608.0,Mathematics,"2026-09-11 coverage audit: added, add colaureate; id from the snapshot name scan, largest field-consistent profile (134 works). Source: https://breakthroughprize.org/Laureates/3/P1/Y2015",individual,1.0,Math
Breakthrough Prize in Mathematics,2015,Richard Taylor,,,,,,Mathematics,,No,,,,Mathematics,"2026-09-11 coverage audit: added, add colaureate; NO OpenAlex id: only fragmentary profiles in the snapshot; field set to the prize's modal field. Source: https://breakthroughprize.org/Laureates/3/P1/Y2015",individual,1.0,Math
Breakthrough Prize in Mathematics,2015,Simon Donaldson,,,https://openalex.org/authors/A5028118630,Geometry and Topology,2608.0,Mathematics,Physical Sciences,Yes,,Geometry and Topology,2608.0,Mathematics,"2026-09-11 coverage audit: added, add colaureate; id and field copied from the laureate's existing row (Wolf Prize in Mathematics 2020). Source: https://breakthroughprize.org/Laureates/3/P1/Y2015",individual,1.0,Math
Breakthrough Prize in Mathematics,2015,Terence Tao,,,https://openalex.org/authors/A5066728260,Discrete Mathematics and Combinatorics,2607.0,Mathematics,Physical Sciences,Yes,,Discrete Mathematics and Combinatorics,2607.0,Mathematics,"2026-09-11 coverage audit: added, add colaureate; id from the snapshot name scan, largest field-consistent profile (964 works). Source: https://breakthroughprize.org/Laureates/3/P1/Y2015",individual,1.0,Math
Breakthrough Prize in Mathematics,2016,Ian Agol,"For outstanding contributions to low-dimensional topology, including proofs of the virtual Haken and virtual fibering conjectures",https://en.wikipedia.org/wiki/Ian_Agol,https://openalex.org/authors/A5019853612,Geometry and Topology,2608.0,Mathematics,Physical Sciences,Yes,,Geometry and Topology,2608.0,Mathematics,Profile correct. Existing subfield correct. | 2026-09-11 coverage audit: year 2015 -> 2016; breakthroughprize.org labels the founding five-laureate award 2015 and Agol's single-laureate award 2016; our file had Agol at 2015 and 2016 blank. Found by the,individual,1.0,Math
Breakthrough Prize in Mathematics,2017,Jean Bourgain,"For multiple transformative contributions to analysis, combinatorics, PDEs, high-dimensional geometry and number theory",https://en.wikipedia.org/wiki/Jean_Bourgain,https://openalex.org/authors/A5029411281,Algebra and Number Theory,2602.0,Mathematics,Physical Sciences,Yes,,Algebra and Number Theory,2602.0,Mathematics,Profile correct. Existing subfield correct.,individual,1.0,Math
Breakthrough Prize in Mathematics,2018,Christopher Hacon,"For transformative contributions to algebraic geometry, particularly the minimal model program in all dimensions",https://en.wikipedia.org/wiki/Christopher_Hacon,https://openalex.org/authors/A5010639436,Geometry and Topology,2608.0,Mathematics,Physical Sciences,Yes,,Geometry and Topology,2608.0,Mathematics,Profile correct. Existing subfield correct.,individual,1.0,Math
Breakthrough Prize in Mathematics,2018,James McKernan,,,https://openalex.org/authors/A5066538320,Geometry and Topology,2608.0,Mathematics,Physical Sciences,Yes,,Geometry and Topology,2608.0,Mathematics,"2026-09-11 coverage audit: added, add colaureate; id from the snapshot name scan, largest field-consistent profile (60 works). Source: https://breakthroughprize.org/Laureates/3/P1/Y2018",individual,1.0,Math
Breakthrough Prize in Mathematics,2019,Vincent Lafforgue,For groundbreaking contributions to the Langlands program over function fields,https://en.wikipedia.org/wiki/Vincent_Lafforgue,https://openalex.org/authors/A5107894431,Mathematical Physics,2610.0,Mathematics,Physical Sciences,Yes,,Mathematical Physics,2610.0,Mathematics,Profile correct. Existing subfield correct.,individual,1.0,Math
Breakthrough Prize in Mathematics,2020,Alex Eskin,For revolutionary discoveries in the dynamics and geometry of moduli spaces of Abelian differentials,https://en.wikipedia.org/wiki/Alex_Eskin,https://openalex.org/authors/A5005010569,Mathematical Physics,2610.0,Mathematics,Physical Sciences,Yes,,Mathematical Physics,2610.0,Mathematics,Profile correct. Existing subfield correct.,individual,1.0,Math
Breakthrough Prize in Mathematics,2021,Martin Hairer,"For transformative contributions to stochastic analysis, particularly the theory of regularity structures",https://en.wikipedia.org/wiki/Martin_Hairer,https://openalex.org/authors/A5016315238,Finance,2003.0,"Economics, Econometrics and Finance",Social Sciences,Yes,,Mathematical Physics,2610.0,Mathematics,Profile correct. Changed from Finance to Mathematical Physics.,individual,1.0,Math
Breakthrough Prize in Mathematics,2022,Takuro Mochizuki,For monumental contributions to the theory of bundles with flat connections,https://en.wikipedia.org/wiki/Takuro_Mochizuki,https://openalex.org/authors/A5014022629,Geometry and Topology,2608.0,Mathematics,Physical Sciences,Yes,,Geometry and Topology,2608.0,Mathematics,Profile correct. Existing subfield correct.,individual,1.0,Math
Breakthrough Prize in Mathematics,2023,Daniel A. Spielman,"For breakthrough contributions to theoretical computer science and mathematics, including spectral graph theory",https://en.wikipedia.org/wiki/Daniel_A._Spielman,https://openalex.org/authors/A5061644327,Computational Theory and Mathematics,1703.0,Computer Science,Physical Sciences,Yes,,Discrete Mathematics and Combinatorics,2607.0,Mathematics,Profile correct. Assigned Discrete Math - top topics all CS.,individual,1.0,Math
Breakthrough Prize in Mathematics,2024,Simon Brendle,"For transformative contributions to differential geometry, including sharp geometric inequalities and Ricci flow",https://en.wikipedia.org/wiki/Simon_Brendle,https://openalex.org/authors/A5076363880,Applied Mathematics,2604.0,Mathematics,Physical Sciences,Yes,,Applied Mathematics,2604.0,Mathematics,Profile correct. Existing subfield correct.,individual,1.0,Math
Bruce Medal,2015,Douglas N.C. Lin,For outstanding contributions to planetary formation theory and astrophysical fluid dynamics,https://en.wikipedia.org/wiki/Douglas_N.C._Lin,https://openalex.org/authors/A5024380351,Astronomy and Astrophysics,3103.0,Physics and Astronomy,Physical Sciences,Yes,https://openalex.org/authors/A5024380351,Astronomy and Astrophysics,3103.0,Physics and Astronomy,OpenAlex URL was missing; found D. N. C. Lin A5024380351 at UCSC/Tsinghua,individual,1.0,Physics & Astronomy
Bruce Medal,2016,Andrew Fabian,For contributions to X-ray astronomy and study of galaxy clusters,https://en.wikipedia.org/wiki/Andrew_Fabian,https://openalex.org/authors/A5024983697,Astronomy and Astrophysics,3103.0,Physics and Astronomy,Physical Sciences,Yes,,Astronomy and Astrophysics,3103.0,Physics and Astronomy,,individual,1.0,Physics & Astronomy
Bruce Medal,2017,Nick Scoville,For contributions to understanding the interstellar medium and galaxy evolution,https://en.wikipedia.org/wiki/Nick_Scoville,https://openalex.org/authors/A5104349129,Instrumentation,3105.0,Physics and Astronomy,Physical Sciences,Yes,,Astronomy and Astrophysics,3103.0,Physics and Astronomy,Subfield changed from Instrumentation to Astronomy and Astrophysics,individual,1.0,Physics & Astronomy
Bruce Medal,2018,Timothy Heckman,For contributions to understanding active galactic nuclei and galactic winds,https://en.wikipedia.org/wiki/Timothy_Heckman,https://openalex.org/authors/A5035116183,Astronomy and Astrophysics,3103.0,Physics and Astronomy,Physical Sciences,Yes,,Astronomy and Astrophysics,3103.0,Physics and Astronomy,,individual,1.0,Physics & Astronomy
Bruce Medal,2019,Martha P. Haynes,For contributions to radio astronomy and study of galaxies,https://en.wikipedia.org/wiki/Martha_P._Haynes,https://openalex.org/authors/A5024494537,Instrumentation,3105.0,Physics and Astronomy,Physical Sciences,Yes,,Astronomy and Astrophysics,3103.0,Physics and Astronomy,Subfield changed from Instrumentation to Astronomy and Astrophysics,individual,1.0,Physics & Astronomy
Bruce Medal,2021,Bruce Elmegreen,For contributions to understanding star formation and interstellar medium,https://en.wikipedia.org/wiki/Bruce_Elmegreen,https://openalex.org/authors/A5034838591,Astronomy and Astrophysics,3103.0,Physics and Astronomy,Physical Sciences,Yes,,Astronomy and Astrophysics,3103.0,Physics and Astronomy,,individual,1.0,Physics & Astronomy
Bruce Medal,2022,Ellen Gould Zweibel,For contributions to theoretical astrophysics and plasma physics,https://en.wikipedia.org/wiki/Ellen_Gould_Zweibel,https://openalex.org/authors/A5062425188,Astronomy and Astrophysics,3103.0,Physics and Astronomy,Physical Sciences,Yes,,Astronomy and Astrophysics,3103.0,Physics and Astronomy,,individual,1.0,Physics & Astronomy
Bruce Medal,2023,Marcia Rieke,For contributions to infrared astronomy and the James Webb Space Telescope,https://en.wikipedia.org/wiki/Marcia_Rieke,https://openalex.org/authors/A5078592653,Instrumentation,3105.0,Physics and Astronomy,Physical Sciences,Yes,,Astronomy and Astrophysics,3103.0,Physics and Astronomy,Subfield changed from Instrumentation to Astronomy and Astrophysics,individual,1.0,Physics & Astronomy
Bruce Medal,2024,Chryssa Kouveliotou,For contributions to the study of gamma-ray bursts and magnetars,https://en.wikipedia.org/wiki/Chryssa_Kouveliotou,https://openalex.org/authors/A5013979618,Astronomy and Astrophysics,3103.0,Physics and Astronomy,Physical Sciences,Yes,,Astronomy and Astrophysics,3103.0,Physics and Astronomy,,individual,1.0,Physics & Astronomy
Canada Gairdner Global Health Award,2015,Peter Piot,"For pioneering global health research, including co-discovery of Ebola virus and HIV/AIDS leadership",https://en.wikipedia.org/wiki/Peter_Piot,https://openalex.org/authors/A5027320613,Microbiology,2404.0,Immunology and Microbiology,Life Sciences,Yes,,Infectious Diseases,2725,Medicine,Subfield changed from Microbiology to Infectious Diseases (Ebola/HIV),individual,1.0,Life Sciences & Medicine
Canada Gairdner Global Health Award,2016,Anthony Fauci,For HIV/AIDS research leadership and understanding immune-mediated diseases,https://en.wikipedia.org/wiki/Anthony_Fauci,https://openalex.org/authors/A5031736334,Virology,2406.0,Immunology and Microbiology,Life Sciences,Yes,,Virology,2406,Immunology and Microbiology,Subfield changed from unspecified; Virology is top topic,individual,1.0,Life Sciences & Medicine
Canada Gairdner Global Health Award,2017,Cesar Victora,"For contributions to child health and nutrition, demonstrating breastfeeding impact on survival",https://en.wikipedia.org/wiki/Cesar_Victora,https://openalex.org/authors/A5061355571,Immunology,2403.0,Immunology and Microbiology,Life Sciences,Yes,https://openalex.org/authors/A5061355571,Nutrition and Dietetics,2916,Nursing,Wrong profile (Gabriel D. Victora); corrected to Cesar G. Victora A5061355571,individual,1.0,Life Sciences & Medicine
Canada Gairdner Global Health Award,2018,Alan Lopez,For pioneering the Global Burden of Disease study,https://en.wikipedia.org/wiki/Alan_Lopez,https://openalex.org/authors/A5107971582,"Pediatrics, Perinatology and Child Health",2735.0,Medicine,Health Sciences,Yes,,Epidemiology,2713,Medicine,Subfield changed from Pediatrics to Epidemiology (Global Burden of Disease),individual,1.0,Life Sciences & Medicine
Canada Gairdner Global Health Award,2018,Christopher J.L. Murray,For pioneering the Global Burden of Disease study,https://en.wikipedia.org/wiki/Christopher_J.L._Murray,https://openalex.org/authors/A5102733391,General Health Professions,3600.0,Health Professions,Health Sciences,Yes,https://openalex.org/authors/A5102733391,Epidemiology,2713,Medicine,Wrong profile (Mohammad Tavakkoli); corrected to Christopher J L Murray A5102733391 at IHME,individual,1.0,Life Sciences & Medicine
Canada Gairdner Global Health Award,2019,Vikram Patel,For contributions to global mental health and community-based interventions,https://en.wikipedia.org/wiki/Vikram_Patel,https://openalex.org/authors/A5070156674,Social Psychology,3207.0,Psychology,Social Sciences,Yes,,Psychiatry and Mental Health,2738,Medicine,Subfield changed from Social Psychology to Psychiatry and Mental Health (global mental health),individual,1.0,Life Sciences & Medicine
Canada Gairdner Global Health Award,2020,Quarraisha Abdool Karim,For groundbreaking HIV prevention and treatment research in South Africa,https://en.wikipedia.org/wiki/Quarraisha_Abdool_Karim,https://openalex.org/authors/A5071642396,Infectious Diseases,2725.0,Medicine,Health Sciences,Yes,,Infectious Diseases,2725,Medicine,,individual,1.0,Life Sciences & Medicine
Canada Gairdner Global Health Award,2020,Salim S. Abdool Karim,For groundbreaking HIV prevention and treatment research in South Africa,https://en.wikipedia.org/wiki/Salim_S._Abdool_Karim,https://openalex.org/authors/A5082618220,Infectious Diseases,2725.0,Medicine,Health Sciences,Yes,,Infectious Diseases,2725,Medicine,Subfield changed from unspecified; Infectious Diseases most relevant for HIV work,individual,1.0,Life Sciences & Medicine
Canada Gairdner Global Health Award,2021,Joseph Sriyal Malik Peiris,For work on avian influenza and SARS-CoV epidemiology,https://en.wikipedia.org/wiki/Joseph_Sriyal_Malik_Peiris,https://openalex.org/authors/A5081467500,Epidemiology,2713.0,Medicine,Health Sciences,Yes,,Epidemiology,2713,Medicine,,individual,1.0,Life Sciences & Medicine
Canada Gairdner Global Health Award,2021,Yi Guan,For work on avian influenza and SARS-CoV epidemiology,https://en.wikipedia.org/wiki/Yi_Guan,https://openalex.org/authors/A5067201995,Epidemiology,2713.0,Medicine,Health Sciences,Yes,,Epidemiology,2713,Medicine,,individual,1.0,Life Sciences & Medicine
Canada Gairdner Global Health Award,2022,Zulfiqar Bhutta,"For contributions to maternal, neonatal and child health in developing countries",https://en.wikipedia.org/wiki/Zulfiqar_Bhutta,https://openalex.org/authors/A5031009188,Nutrition and Dietetics,2916.0,Nursing,Health Sciences,Yes,,Nutrition and Dietetics,2916,Nursing,,individual,1.0,Life Sciences & Medicine
Canada Gairdner Global Health Award,2023,Jose Belizan,For improving maternal and perinatal health in low- and middle-income countries,https://en.wikipedia.org/wiki/Jos%C3%A9_Beliz%C3%A1n,https://openalex.org/authors/A5060660856,Pulmonary and Respiratory Medicine,2740.0,Medicine,Health Sciences,Yes,https://openalex.org/authors/A5060660856,"Pediatrics, Perinatology and Child Health",2735,Medicine,Wrong profile (Waldemar A. Carlo); corrected to Jose M. Belizan A5060660856,individual,1.0,Life Sciences & Medicine
Canada Gairdner Global Health Award,2024,Gagandeep Kang,For understanding infectious diseases in children and advancing vaccine development in India,https://en.wikipedia.org/wiki/Gagandeep_Kang,https://openalex.org/authors/A5087299636,Infectious Diseases,2725.0,Medicine,Health Sciences,Yes,,Infectious Diseases,2725,Medicine,,individual,1.0,Life Sciences & Medicine
Canada Gairdner International Award,2015,Lewis C. Cantley,For discovery of phosphoinositide 3-kinase (PI3K) and its role in cancer metabolism,https://en.wikipedia.org/wiki/Lewis_C._Cantley,https://openalex.org/authors/A5057032257,Molecular Biology,1312.0,"Biochemistry, Genetics and Molecular Biology",Life Sciences,Yes,,Molecular Biology,1312,"Biochemistry, Genetics and Molecular Biology",,individual,1.0,Life Sciences & Medicine
Canada Gairdner International Award,2015,Lynne E. Maquat,For discovery of nonsense-mediated mRNA decay pathway,https://en.wikipedia.org/wiki/Lynne_E._Maquat,https://openalex.org/authors/A5057074176,Molecular Biology,1312.0,"Biochemistry, Genetics and Molecular Biology",Life Sciences,Yes,,Molecular Biology,1312,"Biochemistry, Genetics and Molecular Biology",,individual,1.0,Life Sciences & Medicine
Canada Gairdner International Award,2015,Michael N. Hall,For discovery of Target of Rapamycin (TOR) and its role in cell growth control,https://en.wikipedia.org/wiki/Michael_N._Hall,https://openalex.org/authors/A5003476561,Molecular Biology,1312.0,"Biochemistry, Genetics and Molecular Biology",Life Sciences,Yes,,Molecular Biology,1312,"Biochemistry, Genetics and Molecular Biology",,individual,1.0,Life Sciences & Medicine
Canada Gairdner International Award,2015,Shimon Sakaguchi,For discovery of regulatory T cells and the transcription factor Foxp3,https://en.wikipedia.org/wiki/Shimon_Sakaguchi,https://openalex.org/authors/A5025764166,Immunology,2403.0,Immunology and Microbiology,Life Sciences,Yes,,Immunology,2403,Immunology and Microbiology,,individual,1.0,Life Sciences & Medicine
Canada Gairdner International Award,2015,Yoshinori Ohsumi,For elucidation of the molecular mechanisms of autophagy,https://en.wikipedia.org/wiki/Yoshinori_Ohsumi,https://openalex.org/authors/A5056765809,Epidemiology,2713.0,Medicine,Health Sciences,Yes,,Cell Biology,1307,"Biochemistry, Genetics and Molecular Biology",Subfield changed from Epidemiology to Cell Biology (autophagy),individual,1.0,Life Sciences & Medicine
Canada Gairdner International Award,2016,Emmanuelle Charpentier,For development of CRISPR-Cas9 gene editing technology,https://en.wikipedia.org/wiki/Emmanuelle_Charpentier,https://openalex.org/authors/A5074743574,Molecular Biology,1312.0,"Biochemistry, Genetics and Molecular Biology",Life Sciences,Yes,,Molecular Biology,1312,"Biochemistry, Genetics and Molecular Biology",,individual,1.0,Life Sciences & Medicine
Canada Gairdner International Award,2016,Feng Zhang,For development of CRISPR-Cas9 gene editing in human cells,https://en.wikipedia.org/wiki/Feng_Zhang_(geneticist),https://openalex.org/authors/A5100401298,Molecular Biology,1312.0,"Biochemistry, Genetics and Molecular Biology",Life Sciences,Yes,,Molecular Biology,1312,"Biochemistry, Genetics and Molecular Biology",,individual,1.0,Life Sciences & Medicine
Canada Gairdner International Award,2016,Jennifer Doudna,For development of CRISPR-Cas9 gene editing technology,https://en.wikipedia.org/wiki/Jennifer_Doudna,https://openalex.org/authors/A5067184382,Molecular Biology,1312.0,"Biochemistry, Genetics and Molecular Biology",Life Sciences,Yes,,Molecular Biology,1312,"Biochemistry, Genetics and Molecular Biology",,individual,1.0,Life Sciences & Medicine
Canada Gairdner International Award,2016,Philippe Horvath,For discovery of CRISPR-Cas as a bacterial adaptive immune system,https://en.wikipedia.org/wiki/Philippe_Horvath,https://openalex.org/authors/A5008191157,Molecular Biology,1312.0,"Biochemistry, Genetics and Molecular Biology",Life Sciences,Yes,,Molecular Biology,1312,"Biochemistry, Genetics and Molecular Biology",,individual,1.0,Life Sciences & Medicine
Canada Gairdner International Award,2016,Rodolphe Barrangou,For discovery of CRISPR-Cas as a bacterial adaptive immune system,https://en.wikipedia.org/wiki/Rodolphe_Barrangou,https://openalex.org/authors/A5085166852,Molecular Biology,1312.0,"Biochemistry, Genetics and Molecular Biology",Life Sciences,Yes,,Molecular Biology,1312,"Biochemistry, Genetics and Molecular Biology",,individual,1.0,Life Sciences & Medicine
Canada Gairdner International Award,2017,Akira Endo,For discovery of statins as cholesterol-lowering drugs,https://en.wikipedia.org/wiki/Akira_Endo_(biochemist),https://openalex.org/authors/A5102892254,Modeling and Simulation,2611.0,Mathematics,Physical Sciences,Yes,,Biochemistry,1303,"Biochemistry, Genetics and Molecular Biology",Profile is merged with other Akira Endos in OpenAlex; subfield changed from Modeling and Simulation to Biochemistry (statin discovery),individual,1.0,Life Sciences & Medicine
Canada Gairdner International Award,2017,David Julius,For discovery of molecular mechanisms of pain sensation,https://en.wikipedia.org/wiki/David_Julius,https://openalex.org/authors/A5014886042,Sensory Systems,2809.0,Neuroscience,Life Sciences,Yes,,Sensory Systems,2809,Neuroscience,,individual,1.0,Life Sciences & Medicine
Canada Gairdner International Award,2017,Huda Zoghbi,For discovery of the genetic basis of neurodegenerative and neurological diseases,https://en.wikipedia.org/wiki/Huda_Zoghbi,https://openalex.org/authors/A5020701219,Genetics,1311.0,"Biochemistry, Genetics and Molecular Biology",Life Sciences,Yes,,Genetics,1311,"Biochemistry, Genetics and Molecular Biology",,individual,1.0,Life Sciences & Medicine
Canada Gairdner International Award,2017,Lewis E. Kay,For development of NMR spectroscopy methods for protein structure and dynamics,https://en.wikipedia.org/wiki/Lewis_E._Kay,https://openalex.org/authors/A5020050875,Molecular Biology,1312.0,"Biochemistry, Genetics and Molecular Biology",Life Sciences,Yes,,Molecular Biology,1312,"Biochemistry, Genetics and Molecular Biology",,individual,1.0,Life Sciences & Medicine
Canada Gairdner International Award,2017,Rino Rappuoli,,,https://openalex.org/authors/A5086124703,Microbiology,2404.0,Immunology and Microbiology,Life Sciences,Yes,,Microbiology,2404,Immunology and Microbiology,"2026-09-11 coverage audit: added, add colaureate; id and field copied from the laureate's existing row (Robert Koch Award 2019). Source: https://www.theglobeandmail.com/life/health-and-fitness/health/gairdners-awards-2017-winners-medical-science/article34433286/",individual,1.0,Life Sciences & Medicine
Canada Gairdner International Award,2018,Azim Surani,For discovery of genomic imprinting and germ cell reprogramming,https://en.wikipedia.org/wiki/Azim_Surani,https://openalex.org/authors/A5002750540,Molecular Biology,1312.0,"Biochemistry, Genetics and Molecular Biology",Life Sciences,Yes,,Molecular Biology,1312,"Biochemistry, Genetics and Molecular Biology",,individual,1.0,Life Sciences & Medicine
Canada Gairdner International Award,2018,Davor Solter,For discovery of genomic imprinting and germ cell reprogramming,https://en.wikipedia.org/wiki/Davor_Solter,https://openalex.org/authors/A5001607845,Molecular Biology,1312.0,"Biochemistry, Genetics and Molecular Biology",Life Sciences,Yes,,Molecular Biology,1312,"Biochemistry, Genetics and Molecular Biology",,individual,1.0,Life Sciences & Medicine
Canada Gairdner International Award,2018,Edward Boyden,For development of optogenetics for studying brain circuits,https://en.wikipedia.org/wiki/Edward_Boyden,https://openalex.org/authors/A5109593948,Cellular and Molecular Neuroscience,2804.0,Neuroscience,Life Sciences,Yes,,Cellular and Molecular Neuroscience,2804,Neuroscience,,individual,1.0,Life Sciences & Medicine
Canada Gairdner International Award,2018,Karl Deisseroth,For development of optogenetics for studying brain circuits,https://en.wikipedia.org/wiki/Karl_Deisseroth,https://openalex.org/authors/A5014360828,Cellular and Molecular Neuroscience,2804.0,Neuroscience,Life Sciences,Yes,,Cellular and Molecular Neuroscience,2804,Neuroscience,,individual,1.0,Life Sciences & Medicine
Canada Gairdner International Award,2018,Peter Hegemann,For discovery of channelrhodopsins enabling optogenetics,https://en.wikipedia.org/wiki/Peter_Hegemann,https://openalex.org/authors/A5032787107,Cellular and Molecular Neuroscience,2804.0,Neuroscience,Life Sciences,Yes,,Cellular and Molecular Neuroscience,2804,Neuroscience,,individual,1.0,Life Sciences & Medicine
Canada Gairdner International Award,2019,Bruce Stillman,For seminal contributions to understanding DNA replication,https://en.wikipedia.org/wiki/Bruce_Stillman,https://openalex.org/authors/A5071437258,Molecular Biology,1312.0,"Biochemistry, Genetics and Molecular Biology",Life Sciences,Yes,,Molecular Biology,1312,"Biochemistry, Genetics and Molecular Biology",,individual,1.0,Life Sciences & Medicine
Canada Gairdner International Award,2019,John F.X. Diffley,For seminal contributions to understanding DNA replication,https://en.wikipedia.org/wiki/John_Diffley,https://openalex.org/authors/A5029333589,Molecular Biology,1312.0,"Biochemistry, Genetics and Molecular Biology",Life Sciences,Yes,,Molecular Biology,1312,"Biochemistry, Genetics and Molecular Biology",,individual,1.0,Life Sciences & Medicine
Canada Gairdner International Award,2019,Ronald Vale,For discovery of kinesin motor proteins,https://en.wikipedia.org/wiki/Ronald_Vale,https://openalex.org/authors/A5110231653,Cell Biology,1307.0,"Biochemistry, Genetics and Molecular Biology",Life Sciences,Yes,,Cell Biology,1307,"Biochemistry, Genetics and Molecular Biology",,individual,1.0,Life Sciences & Medicine
Canada Gairdner International Award,2019,Susan Band Horwitz,For elucidation of the mechanism of action of taxol as an anticancer drug,https://en.wikipedia.org/wiki/Susan_Band_Horwitz,https://openalex.org/authors/A5083740179,Oncology,2730.0,Medicine,Health Sciences,Yes,,Oncology,2730,Medicine,,individual,1.0,Life Sciences & Medicine
Canada Gairdner International Award,2019,Timothy A. Springer,For discoveries of integrin-mediated cell adhesion and therapeutic applications,https://en.wikipedia.org/wiki/Timothy_A._Springer,https://openalex.org/authors/A5003615852,Immunology and Allergy,2723.0,Medicine,Health Sciences,Yes,,Immunology and Allergy,2723,Medicine,,individual,1.0,Life Sciences & Medicine
Canada Gairdner International Award,2020,Elaine Fuchs,For discovery of skin stem cells and cell-matrix interactions in tissue architecture,https://en.wikipedia.org/wiki/Elaine_Fuchs,https://openalex.org/authors/A5014504040,Cell Biology,1307.0,"Biochemistry, Genetics and Molecular Biology",Life Sciences,Yes,,Cell Biology,1307,"Biochemistry, Genetics and Molecular Biology",,individual,1.0,Life Sciences & Medicine
Canada Gairdner International Award,2020,Masatoshi Takeichi,For discovery of cadherins and their role in cell adhesion,https://en.wikipedia.org/wiki/Masatoshi_Takeichi,https://openalex.org/authors/A5035344252,Molecular Biology,1312.0,"Biochemistry, Genetics and Molecular Biology",Life Sciences,Yes,,Molecular Biology,1312,"Biochemistry, Genetics and Molecular Biology",,individual,1.0,Life Sciences & Medicine
Canada Gairdner International Award,2020,Mina J. Bissell,For demonstrating role of extracellular matrix in gene expression and cancer,https://en.wikipedia.org/wiki/Mina_J._Bissell,https://openalex.org/authors/A5072917052,Oncology,2730.0,Medicine,Health Sciences,Yes,,Oncology,2730,Medicine,,individual,1.0,Life Sciences & Medicine
Canada Gairdner International Award,2020,Roel Nusse,For discovery of Wnt signaling pathway and its role in development and disease,https://en.wikipedia.org/wiki/Roel_Nusse,https://openalex.org/authors/A5048466506,Molecular Biology,1312.0,"Biochemistry, Genetics and Molecular Biology",Life Sciences,Yes,,Molecular Biology,1312,"Biochemistry, Genetics and Molecular Biology",,individual,1.0,Life Sciences & Medicine
Canada Gairdner International Award,2020,Rolf Kemler,For discovery of catenins linking cell adhesion and signaling,https://en.wikipedia.org/wiki/Rolf_Kemler,https://openalex.org/authors/A5043535434,Molecular Biology,1312.0,"Biochemistry, Genetics and Molecular Biology",Life Sciences,Yes,,Molecular Biology,1312,"Biochemistry, Genetics and Molecular Biology",,individual,1.0,Life Sciences & Medicine
Canada Gairdner International Award,2021,Daniel J. Drucker,For discovery of glucagon-like peptide biology leading to new diabetes and obesity treatments,https://en.wikipedia.org/wiki/Daniel_J._Drucker,https://openalex.org/authors/A5057472647,"Endocrinology, Diabetes and Metabolism",2712.0,Medicine,Health Sciences,Yes,,"Endocrinology, Diabetes and Metabolism",2712,Medicine,,individual,1.0,Life Sciences & Medicine
Canada Gairdner International Award,2021,Jens Juul Holst,For discovery of GLP-1 and its role in glucose metabolism,https://en.wikipedia.org/wiki/Jens_Juul_Holst,https://openalex.org/authors/A5085434984,"Endocrinology, Diabetes and Metabolism",2712.0,Medicine,Health Sciences,Yes,https://openalex.org/authors/A5085434984,"Endocrinology, Diabetes and Metabolism",2712,Medicine,Wrong profile (Jens Pedersen); corrected to Jens J. Holst A5085434984,individual,1.0,Life Sciences & Medicine
Canada Gairdner International Award,2021,Joel F. Habener,For discovery of glucagon-like peptide biology,https://en.wikipedia.org/wiki/Joel_F._Habener,https://openalex.org/authors/A5034913449,Surgery,2746.0,Medicine,Health Sciences,Yes,,"Endocrinology, Diabetes and Metabolism",2712,Medicine,Subfield changed from Surgery to Endocrinology,individual,1.0,Life Sciences & Medicine
Canada Gairdner International Award,2021,Mary-Claire King,For discovery of genetic basis of breast cancer susceptibility (BRCA1),https://en.wikipedia.org/wiki/Mary-Claire_King,https://openalex.org/authors/A5049132398,Genetics,1311.0,"Biochemistry, Genetics and Molecular Biology",Life Sciences,Yes,,Genetics,1311,"Biochemistry, Genetics and Molecular Biology",,individual,1.0,Life Sciences & Medicine
Canada Gairdner International Award,2022,Drew Weissman,For development of nucleoside-modified mRNA for COVID-19 vaccines,https://en.wikipedia.org/wiki/Drew_Weissman,https://openalex.org/authors/A5068253145,Molecular Biology,1312.0,"Biochemistry, Genetics and Molecular Biology",Life Sciences,Yes,,Molecular Biology,1312,"Biochemistry, Genetics and Molecular Biology",,individual,1.0,Life Sciences & Medicine
Canada Gairdner International Award,2022,John Dick,For discovery of cancer stem cells,https://en.wikipedia.org/wiki/John_Dick_(biologist),https://openalex.org/authors/A5090356933,Hematology,2720.0,Medicine,Health Sciences,Yes,,Hematology,2720,Medicine,,individual,1.0,Life Sciences & Medicine
Canada Gairdner International Award,2022,Katalin Kariko,For development of nucleoside-modified mRNA technology,https://en.wikipedia.org/wiki/Katalin_Karik%C3%B3,https://openalex.org/authors/A5030598859,Molecular Biology,1312.0,"Biochemistry, Genetics and Molecular Biology",Life Sciences,Yes,,Molecular Biology,1312,"Biochemistry, Genetics and Molecular Biology",,individual,1.0,Life Sciences & Medicine
Canada Gairdner International Award,2022,Pieter Cullis,For development of lipid nanoparticle delivery systems for mRNA therapeutics,https://en.wikipedia.org/wiki/Pieter_Cullis,https://openalex.org/authors/A5050350074,Molecular Biology,1312.0,"Biochemistry, Genetics and Molecular Biology",Life Sciences,Yes,,Molecular Biology,1312,"Biochemistry, Genetics and Molecular Biology",,individual,1.0,Life Sciences & Medicine
Canada Gairdner International Award,2022,Stuart Orkin,For discoveries leading to treatments for sickle cell disease,https://en.wikipedia.org/wiki/Stuart_Orkin,https://openalex.org/authors/A5079784932,Molecular Biology,1312.0,"Biochemistry, Genetics and Molecular Biology",Life Sciences,Yes,,Molecular Biology,1312,"Biochemistry, Genetics and Molecular Biology",,individual,1.0,Life Sciences & Medicine
Canada Gairdner International Award,2023,Bonnie L. Bassler,For discovery of quorum sensing chemical signaling in bacteria,https://en.wikipedia.org/wiki/Bonnie_L._Bassler,https://openalex.org/authors/A5034726213,Molecular Biology,1312.0,"Biochemistry, Genetics and Molecular Biology",Life Sciences,Yes,,Molecular Biology,1312,"Biochemistry, Genetics and Molecular Biology",,individual,1.0,Life Sciences & Medicine
Canada Gairdner International Award,2023,Demis Hassabis,For development of AlphaFold for predicting protein structures,https://en.wikipedia.org/wiki/Demis_Hassabis,https://openalex.org/authors/A5005349213,Cognitive Neuroscience,2805.0,Neuroscience,Life Sciences,Yes,,Artificial Intelligence,1702,Computer Science,Subfield changed from Cognitive Neuroscience to Artificial Intelligence (AlphaFold),individual,1.0,"Computing, electrical"
Canada Gairdner International Award,2023,E. Peter Greenberg,For discovery of quorum sensing chemical signaling in bacteria,https://en.wikipedia.org/wiki/E._Peter_Greenberg,https://openalex.org/authors/A5084243657,Molecular Biology,1312.0,"Biochemistry, Genetics and Molecular Biology",Life Sciences,Yes,,Molecular Biology,1312,"Biochemistry, Genetics and Molecular Biology",,individual,1.0,Life Sciences & Medicine
Canada Gairdner International Award,2023,John M. Jumper,For development of AlphaFold for predicting protein structures,https://en.wikipedia.org/wiki/John_M._Jumper,https://openalex.org/authors/A5059179935,Molecular Biology,1312.0,"Biochemistry, Genetics and Molecular Biology",Life Sciences,Yes,,Molecular Biology,1312,"Biochemistry, Genetics and Molecular Biology",,individual,1.0,Life Sciences & Medicine
Canada Gairdner International Award,2023,Michael R. Silverman,For discovery of quorum sensing chemical signaling in bacteria,https://en.wikipedia.org/wiki/Michael_Silverman_(biologist),https://openalex.org/authors/A5109093874,Genetics,1311.0,"Biochemistry, Genetics and Molecular Biology",Life Sciences,Yes,,Genetics,1311,"Biochemistry, Genetics and Molecular Biology",,individual,1.0,Life Sciences & Medicine
Canada Gairdner International Award,2024,David Klenerman,For invention of next-generation DNA sequencing,https://en.wikipedia.org/wiki/David_Klenerman,https://openalex.org/authors/A5042822683,Physiology,2737.0,Medicine,Health Sciences,Yes,,Biophysics,1304,"Biochemistry, Genetics and Molecular Biology",Subfield changed from Physiology to Biophysics,individual,1.0,Life Sciences & Medicine
Canada Gairdner International Award,2024,Michel Sadelain,For development of CAR T-cell therapy for cancer,https://en.wikipedia.org/wiki/Michel_Sadelain,https://openalex.org/authors/A5059625599,Oncology,2730.0,Medicine,Health Sciences,Yes,,Oncology,2730,Medicine,,individual,1.0,Life Sciences & Medicine
Canada Gairdner International Award,2024,Pascal Mayer,For invention of next-generation DNA sequencing,https://en.wikipedia.org/wiki/Pascal_Mayer_(scientist),https://openalex.org/authors/A5050699304,Biomedical Engineering,2204.0,Engineering,Physical Sciences,Yes,,Genetics,https://openalex.org/subfields/1311,"Biochemistry, Genetics and Molecular Biology","Reclassified: DNA sequencing innovator (Solexa), not biomedical engineer",individual,1.0,Life Sciences & Medicine
Canada Gairdner International Award,2024,Shankar Balasubramanian,For invention of next-generation DNA sequencing,https://en.wikipedia.org/wiki/Shankar_Balasubramanian,https://openalex.org/authors/A5040551102,Molecular Biology,1312.0,"Biochemistry, Genetics and Molecular Biology",Life Sciences,Yes,,Molecular Biology,1312,"Biochemistry, Genetics and Molecular Biology",,individual,1.0,Life Sciences & Medicine
Canada Gairdner International Award,2024,Zelig Eshhar,For development of CAR T-cell therapy for cancer,https://en.wikipedia.org/wiki/Zelig_Eshhar,https://openalex.org/authors/A5055773624,"Radiology, Nuclear Medicine and Imaging",2741.0,Medicine,Health Sciences,Yes,,Oncology,2730,Medicine,Subfield changed from Radiology to Oncology (CAR-T cell therapy),individual,1.0,Life Sciences & Medicine
Charles Stark Draper Prize for Engineering,2015,Isamu Akasaki,"For invention, development, and commercialization of LED lighting",https://en.wikipedia.org/wiki/Isamu_Akasaki,https://openalex.org/authors/A5081597179,Condensed Matter Physics,3104.0,Physics and Astronomy,Physical Sciences,Yes,,Condensed Matter Physics,3104.0,Physics and Astronomy,,individual,1.0,Physics & Astronomy
Charles Stark Draper Prize for Engineering,2015,M. George Craford,"For invention, development, and commercialization of LED lighting",https://en.wikipedia.org/wiki/M._George_Craford,https://openalex.org/authors/A5016316864,Electrical and Electronic Engineering,2208.0,Engineering,Physical Sciences,Yes,https://openalex.org/authors/A5016316864,Electrical and Electronic Engineering,2208.0,Engineering,2026-09-09 snapshot audit: id -> A5016316864 (George Craford); previous A5057791467 = Stephen R. Forrest,individual,1.0,"Computing, electrical"
Charles Stark Draper Prize for Engineering,2015,Nick Holonyak Jr.,"For invention, development, and commercialization of LED lighting",https://en.wikipedia.org/wiki/Nick_Holonyak,https://openalex.org/authors/A5014677470,"Atomic and Molecular Physics, and Optics",3107.0,Physics and Astronomy,Physical Sciences,Yes,,Electrical and Electronic Engineering,2208.0,Engineering,Subfield changed from Atomic Physics to Electrical and Electronic Engineering (LED),individual,1.0,"Computing, electrical"
Charles Stark Draper Prize for Engineering,2015,Russell Dupuis,"For invention, development, and commercialization of LED lighting",https://en.wikipedia.org/wiki/Russell_Dupuis,https://openalex.org/authors/A5037158638,Condensed Matter Physics,3104.0,Physics and Astronomy,Physical Sciences,Yes,,Condensed Matter Physics,3104.0,Physics and Astronomy,,individual,1.0,Physics & Astronomy
Charles Stark Draper Prize for Engineering,2015,Shuji Nakamura,"For invention, development, and commercialization of LED lighting",https://en.wikipedia.org/wiki/Shuji_Nakamura,https://openalex.org/authors/A5030709847,Condensed Matter Physics,3104.0,Physics and Astronomy,Physical Sciences,Yes,,Condensed Matter Physics,3104.0,Physics and Astronomy,,individual,1.0,Physics & Astronomy
Charles Stark Draper Prize for Engineering,2016,Andrew J. Viterbi,For the Viterbi algorithm and its transformational impact on digital wireless communications,https://en.wikipedia.org/wiki/Andrew_Viterbi,https://openalex.org/authors/A5078975478,Electrical and Electronic Engineering,2208.0,Engineering,Physical Sciences,Yes,,Electrical and Electronic Engineering,2208.0,Engineering,,individual,1.0,"Computing, electrical"
Charles Stark Draper Prize for Engineering,2018,Bjarne Stroustrup,For conceptualizing and developing the C++ programming language,https://en.wikipedia.org/wiki/Bjarne_Stroustrup,https://openalex.org/authors/A5109807287,Hardware and Architecture,1708.0,Computer Science,Physical Sciences,Yes,,Software,1712.0,Computer Science,Subfield changed from Hardware and Architecture to Software (C++ programming language),individual,1.0,"Computing, electrical"
Charles Stark Draper Prize for Engineering,2020,C. Grant Willson,For invention of chemically amplified photoresists for semiconductor manufacturing,https://en.wikipedia.org/wiki/C._Grant_Willson,https://openalex.org/authors/A5027381116,Electrical and Electronic Engineering,2208.0,Engineering,Physical Sciences,Yes,,Electrical and Electronic Engineering,2208.0,Engineering,,individual,1.0,"Computing, electrical"
Charles Stark Draper Prize for Engineering,2020,Jean Frechet,For invention of chemically amplified photoresists for semiconductor manufacturing,https://en.wikipedia.org/wiki/Jean_M._J._Fr%C3%A9chet,https://openalex.org/authors/A5002152167,Polymers and Plastics,2507.0,Materials Science,Physical Sciences,Yes,,Polymers and Plastics,2507.0,Materials Science,,individual,1.0,Materials and mining engineering
Charles Stark Draper Prize for Engineering,2022,David A. Patterson,"For contributions to invention, development and implementation of RISC chips",https://en.wikipedia.org/wiki/David_Patterson_(computer_scientist),https://openalex.org/authors/A5077202069,Nature and Landscape Conservation,2309.0,Environmental Science,Physical Sciences,Yes,,Hardware and Architecture,1708.0,Computer Science,Subfield changed from Nature and Landscape Conservation to Hardware and Architecture (RISC chips); profile merged with fish ecologist,individual,1.0,"Computing, electrical"
Charles Stark Draper Prize for Engineering,2022,John L. Hennessy,"For contributions to invention, development and implementation of RISC chips",https://en.wikipedia.org/wiki/John_L._Hennessy,https://openalex.org/authors/A5022706180,Hardware and Architecture,1708.0,Computer Science,Physical Sciences,Yes,,Hardware and Architecture,1708.0,Computer Science,,individual,1.0,"Computing, electrical"
Charles Stark Draper Prize for Engineering,2022,Sophie M. Wilson,"For contributions to invention, development and implementation of RISC chips",https://en.wikipedia.org/wiki/Sophie_Wilson,,Molecular Biology,1312.0,"Biochemistry, Genetics and Molecular Biology",Life Sciences,Yes,,Hardware and Architecture,1708.0,Computer Science,"Wrong profile (Richard K. Wilson, genomicist); Sophie Wilson (ARM co-designer) has no proper OpenAlex academic profile | 2026-09-09 snapshot audit: id removed (A5105786443 = Richard K. Wilson, genomicist); ARM co-designer has no snapshot profile",individual,1.0,"Computing, electrical"
Charles Stark Draper Prize for Engineering,2022,Stephen B. Furber,"For contributions to invention, development and implementation of RISC chips",https://en.wikipedia.org/wiki/Steve_Furber,https://openalex.org/authors/A5083177159,Electrical and Electronic Engineering,2208.0,Engineering,Physical Sciences,Yes,,Electrical and Electronic Engineering,2208.0,Engineering,,individual,1.0,"Computing, electrical"
Charles Stark Draper Prize for Engineering,2024,Stuart Parkin,For engineering spintronic technologies enabling digital information storage,https://en.wikipedia.org/wiki/Stuart_Parkin,https://openalex.org/authors/A5035053678,"Atomic and Molecular Physics, and Optics",3107.0,Physics and Astronomy,Physical Sciences,Yes,,Condensed Matter Physics,3104.0,Physics and Astronomy,,individual,1.0,Physics & Astronomy
Copley Medal,2015,Peter Higgs,For theoretical discovery of a mechanism contributing to understanding the origin of mass of subatomic particles (Higgs boson),https://en.wikipedia.org/wiki/Peter_Higgs,https://openalex.org/authors/A5103709169,Epidemiology,2713.0,Medicine,Health Sciences,Yes,https://openalex.org/authors/A5103709169,Nuclear and High Energy Physics,3106,Physics and Astronomy,Wrong profile (HIV researcher at Burnet Institute); corrected to Peter W. Higgs A5103709169,individual,1.0,Physics & Astronomy
Copley Medal,2016,Richard Henderson,For pioneering use of electron microscopy to determine structures of biological macromolecules at atomic resolution,https://en.wikipedia.org/wiki/Richard_Henderson_(biologist),https://openalex.org/authors/A5073357045,"Renewable Energy, Sustainability and the Environment",2105.0,Energy,Physical Sciences,Yes,,Structural Biology,1315,"Biochemistry, Genetics and Molecular Biology",Subfield changed from Renewable Energy to Structural Biology (cryo-EM),individual,1.0,Life Sciences & Medicine
Copley Medal,2017,Andrew Wiles,For proving Fermat's Last Theorem,https://en.wikipedia.org/wiki/Andrew_Wiles,https://openalex.org/authors/A5108430356,Geometry and Topology,2608.0,Mathematics,Physical Sciences,Yes,,Geometry and Topology,2608,Mathematics,,individual,1.0,Math
Copley Medal,2018,Jeffrey I. Gordon,"For founding the field of gut microbial community studies, transforming understanding of microbes, health and disease",https://en.wikipedia.org/wiki/Jeffrey_I._Gordon,https://openalex.org/authors/A5063884903,Molecular Biology,1312.0,"Biochemistry, Genetics and Molecular Biology",Life Sciences,Yes,,Molecular Biology,1312,"Biochemistry, Genetics and Molecular Biology",,individual,1.0,Life Sciences & Medicine
Copley Medal,2019,John B. Goodenough,"For exceptional contributions to materials science, including discoveries leading to the rechargeable lithium battery",https://en.wikipedia.org/wiki/John_B._Goodenough,https://openalex.org/authors/A5088016695,"Electronic, Optical and Magnetic Materials",2504.0,Materials Science,Physical Sciences,Yes,,"Electronic, Optical and Magnetic Materials",2504,Materials Science,,individual,1.0,Materials and mining engineering
Copley Medal,2020,Alan Fersht,"For pioneering protein engineering methods, revolutionizing understanding of protein folding and enzyme mechanisms",https://en.wikipedia.org/wiki/Alan_Fersht,https://openalex.org/authors/A5105408745,Molecular Biology,1312.0,"Biochemistry, Genetics and Molecular Biology",Life Sciences,Yes,,Molecular Biology,1312,"Biochemistry, Genetics and Molecular Biology",,individual,1.0,Life Sciences & Medicine
Copley Medal,2021,Jocelyn Bell Burnell,"For discovery of pulsars, one of the major astronomical discoveries of the 20th century",https://en.wikipedia.org/wiki/Jocelyn_Bell_Burnell,https://openalex.org/authors/A5001892714,Astronomy and Astrophysics,3103.0,Physics and Astronomy,Physical Sciences,Yes,,Astronomy and Astrophysics,3103,Physics and Astronomy,,individual,1.0,Physics & Astronomy
Copley Medal,2022,Oxford-AstraZeneca Vaccine Team,"For rapid design, clinical testing and global deployment of the Oxford-AstraZeneca COVID-19 vaccine (first team award in the medal's history)",https://en.wikipedia.org/wiki/Oxford%E2%80%93AstraZeneca_COVID-19_vaccine,https://openalex.org/authors/A5057807377,Infectious Diseases,2725.0,Medicine,Health Sciences,,https://openalex.org/authors/A5057807377,Infectious Diseases,2725,Medicine,"2026-09-11 coverage audit: Awarded to the Oxford-AstraZeneca vaccine team; the Royal Society names the team, not a count, so n_winners is left blank. Leader id used for field allocation only. Leader: Sarah C. Gilbert (A5057807377)",collaboration,,Life Sciences & Medicine
Copley Medal,2023,Martin Rees,"For outstanding contributions as a theoretical astrophysicist, with numerous conceptual breakthroughs",https://en.wikipedia.org/wiki/Martin_Rees,https://openalex.org/authors/A5110092412,Astronomy and Astrophysics,3103.0,Physics and Astronomy,Physical Sciences,Yes,https://openalex.org/authors/A5110092412,Astronomy and Astrophysics,3103,Physics and Astronomy,"Wrong profile (Roland Martin, geoscientist); corrected to M. J. Rees A5110092412",individual,1.0,Physics & Astronomy
Copley Medal,2024,Gregory Winter,"For pioneering protein engineering, especially antibody engineering for therapeutic antibodies",https://en.wikipedia.org/wiki/Greg_Winter,https://openalex.org/authors/A5112255695,"Radiology, Nuclear Medicine and Imaging",2741.0,Medicine,Health Sciences,Yes,,Immunology,2403,Immunology and Microbiology,Subfield changed from Radiology to Immunology (antibody engineering),individual,1.0,Life Sciences & Medicine
Crafoord Prize in Astronomy,2016,Roger Blandford,For fundamental work on rotating black holes and their astrophysical consequences,https://en.wikipedia.org/wiki/Roger_Blandford,https://openalex.org/authors/A5035206337,Nuclear and High Energy Physics,3106.0,Physics and Astronomy,Physical Sciences,Yes,,Astronomy and Astrophysics,3103.0,Physics and Astronomy,"Profile correct (R. D. Blandford at SLAC/Stanford). Top subfield is Nuclear and High Energy Physics but 4/5 topics are Astronomy and Astrophysics, which better fits this astronomy prize.",individual,1.0,Physics & Astronomy
Crafoord Prize in Astronomy,2016,Roy Kerr,For fundamental work on rotating black holes and their astrophysical consequences,https://en.wikipedia.org/wiki/Roy_Kerr,https://openalex.org/authors/A5080551106,Astronomy and Astrophysics,3103.0,Physics and Astronomy,Physical Sciences,Yes,,Astronomy and Astrophysics,3103.0,Physics and Astronomy,Profile correct (R. P. Kerr). Top subfield already Astronomy and Astrophysics.,individual,1.0,Physics & Astronomy
Crafoord Prize in Astronomy,2020,Eugene N. Parker,For pioneering and fundamental studies of the solar wind and magnetic fields from stellar to galactic scales,https://en.wikipedia.org/wiki/Eugene_N._Parker,https://openalex.org/authors/A5112586496,Astronomy and Astrophysics,3103.0,Physics and Astronomy,Physical Sciences,Yes,,Astronomy and Astrophysics,3103.0,Physics and Astronomy,Profile correct (E. N. Parker). Top subfield already Astronomy and Astrophysics.,individual,1.0,Physics & Astronomy
Crafoord Prize in Astronomy,2024,Conny Aerts,For pioneering contributions to asteroseismology,https://en.wikipedia.org/wiki/Conny_Aerts,https://openalex.org/authors/A5071357492,Astronomy and Astrophysics,3103.0,Physics and Astronomy,Physical Sciences,Yes,,Astronomy and Astrophysics,3103.0,Physics and Astronomy,Profile correct (C. Aerts at KU Leuven). Top subfield already Astronomy and Astrophysics.,individual,1.0,Physics & Astronomy
Crafoord Prize in Astronomy,2024,Douglas Gough,For pioneering contributions to helioseismology and stellar physics,https://en.wikipedia.org/wiki/Douglas_Gough,https://openalex.org/authors/A5080435077,Astronomy and Astrophysics,3103.0,Physics and Astronomy,Physical Sciences,Yes,,Astronomy and Astrophysics,3103.0,Physics and Astronomy,Profile correct (D. O. Gough at Cambridge). Top subfield already Astronomy and Astrophysics.,individual,1.0,Physics & Astronomy
Crafoord Prize in Astronomy,2024,Jorgen Christensen-Dalsgaard,For pioneering contributions to helioseismology and stellar physics,https://en.wikipedia.org/wiki/J%C3%B8rgen_Christensen-Dalsgaard,https://openalex.org/authors/A5010967180,Astronomy and Astrophysics,3103.0,Physics and Astronomy,Physical Sciences,Yes,,Astronomy and Astrophysics,3103.0,Physics and Astronomy,Profile correct (J. Christensen-Dalsgaard at Aarhus). Top subfield already Astronomy and Astrophysics.,individual,1.0,Physics & Astronomy
Crafoord Prize in Biosciences,2015,Richard Lewontin,For pioneering analyses and fundamental contributions to understanding of genetic polymorphism,https://en.wikipedia.org/wiki/Richard_Lewontin,https://openalex.org/authors/A5058028741,Genetics,1311.0,"Biochemistry, Genetics and Molecular Biology",Life Sciences,Yes,,Genetics,1311.0,"Biochemistry, Genetics and Molecular Biology",Profile correct (Richard C Lewontin). Top subfield Genetics matches prize citation.,individual,1.0,Life Sciences & Medicine
Crafoord Prize in Biosciences,2015,Tomoko Ohta,For pioneering analyses and fundamental contributions to understanding of genetic polymorphism,https://en.wikipedia.org/wiki/Tomoko_Ohta,https://openalex.org/authors/A5100810972,Genetics,1311.0,"Biochemistry, Genetics and Molecular Biology",Life Sciences,Yes,,Genetics,1311.0,"Biochemistry, Genetics and Molecular Biology","Profile correct (Tomoko Ohta at National Institute of Genetics, Japan). Top subfield Genetics matches.",individual,1.0,Life Sciences & Medicine
Crafoord Prize in Biosciences,2019,Sallie W. Chisholm,"For discovery and pioneering studies of Prochlorococcus, the most abundant photosynthetic organism on Earth",https://en.wikipedia.org/wiki/Penny_Chisholm,https://openalex.org/authors/A5045427029,Ecology,2303.0,Environmental Science,Physical Sciences,Yes,,Ecology,2303.0,Environmental Science,Profile correct (Sallie W. Chisholm at MIT). Ecology fits for Prochlorococcus/microbial ecology work.,individual,1.0,Earth Sciences
Crafoord Prize in Biosciences,2023,Dolph Schluter,For pioneering research on mechanisms of adaptive radiation and ecological speciation,https://en.wikipedia.org/wiki/Dolph_Schluter,https://openalex.org/authors/A5047110566,Genetics,1311.0,"Biochemistry, Genetics and Molecular Biology",Life Sciences,Yes,,"Ecology, Evolution, Behavior and Systematics",1105.0,Agricultural and Biological Sciences,"Profile correct (Dolph Schluter at UBC). Changed from Genetics to Ecology, Evolution, Behavior and Systematics which better fits adaptive radiation/ecological speciation work.",individual,1.0,Ag. & natural resources
Crafoord Prize in Geosciences,2018,Susan Solomon,For fundamental contributions to understanding how gases in the atmosphere affect Earth's climate,https://en.wikipedia.org/wiki/Susan_Solomon,https://openalex.org/authors/A5019124017,Atmospheric Science,1902.0,Earth and Planetary Sciences,Physical Sciences,Yes,,Atmospheric Science,1902.0,Earth and Planetary Sciences,Profile correct (Susan Solomon at MIT). Atmospheric Science matches prize citation.,individual,1.0,Earth Sciences
Crafoord Prize in Geosciences,2018,Syukuro Manabe,For fundamental contributions to understanding how gases in the atmosphere affect Earth's climate,https://en.wikipedia.org/wiki/Syukuro_Manabe,https://openalex.org/authors/A5045338372,Global and Planetary Change,2306.0,Environmental Science,Physical Sciences,Yes,,Atmospheric Science,1902.0,Earth and Planetary Sciences,Profile correct (Syukuro Manabe at Princeton). Changed from Global and Planetary Change to Atmospheric Science for better Earth and Planetary Sciences alignment.,individual,1.0,Earth Sciences
Crafoord Prize in Geosciences,2022,Andrew H. Knoll,For fundamental contributions to our understanding of the first three billion years of life on Earth and life's interactions with the physical environment through time,https://en.wikipedia.org/wiki/Andrew_H._Knoll,https://openalex.org/authors/A5016662094,Paleontology,1911.0,Earth and Planetary Sciences,Physical Sciences,Yes,,Paleontology,1911.0,Earth and Planetary Sciences,Profile correct (Andrew H. Knoll). Paleontology matches prize citation on early life on Earth.,individual,1.0,Earth Sciences
Crafoord Prize in Mathematics,2016,Yakov Eliashberg,For development of contact and symplectic topology and groundbreaking discoveries of rigidity and flexibility phenomena,https://en.wikipedia.org/wiki/Yakov_Eliashberg,https://openalex.org/authors/A5012294913,Geometry and Topology,2608.0,Mathematics,Physical Sciences,Yes,,Geometry and Topology,2608.0,Mathematics,Profile correct (Yakov Eliashberg at Stanford). Geometry and Topology matches.,individual,1.0,Math
Crafoord Prize in Mathematics,2020,Enrico Bombieri,"For outstanding and influential contributions in all major areas of mathematics, particularly number theory, analysis and algebraic geometry",https://en.wikipedia.org/wiki/Enrico_Bombieri,https://openalex.org/authors/A5060555951,Geometry and Topology,2608.0,Mathematics,Physical Sciences,Yes,,Algebra and Number Theory,2602.0,Mathematics,Profile correct (Enrico Bombieri). Changed from Geometry and Topology to Algebra and Number Theory which better matches citation emphasizing number theory.,individual,1.0,Math
Crafoord Prize in Mathematics,2024,Claire Voisin,"For outstanding contributions to complex algebraic geometry, including Hodge theory, algebraic cycles and hyperkahler geometry",https://en.wikipedia.org/wiki/Claire_Voisin,https://openalex.org/authors/A5111439625,Geometry and Topology,2608.0,Mathematics,Physical Sciences,Yes,,Geometry and Topology,2608.0,Mathematics,Profile correct (Claire Voisin at CNRS/Sorbonne). Geometry and Topology matches algebraic geometry work.,individual,1.0,Math
Crafoord Prize in Polyarthritis,2017,Alexander Rudensky,"For discoveries relating to regulatory T cells, which counteract harmful immune reactions in arthritis and autoimmune diseases",https://en.wikipedia.org/wiki/Alexander_Rudensky,https://openalex.org/authors/A5030125111,Immunology,2403.0,Immunology and Microbiology,Life Sciences,Yes,,Immunology,2403.0,Immunology and Microbiology,Profile correct (Alexander Y. Rudensky at Memorial Sloan Kettering). Immunology matches.,individual,1.0,Life Sciences & Medicine
Crafoord Prize in Polyarthritis,2017,Fred Ramsdell,"For discoveries relating to regulatory T cells, which counteract harmful immune reactions in arthritis and autoimmune diseases",https://en.wikipedia.org/wiki/Fred_Ramsdell,https://openalex.org/authors/A5050752577,Immunology,2403.0,Immunology and Microbiology,Life Sciences,Yes,,Immunology,2403.0,Immunology and Microbiology,Profile correct (Fred Ramsdell). Immunology matches.,individual,1.0,Life Sciences & Medicine
Crafoord Prize in Polyarthritis,2017,Shimon Sakaguchi,"For discoveries relating to regulatory T cells, which counteract harmful immune reactions in arthritis and autoimmune diseases",https://en.wikipedia.org/wiki/Shimon_Sakaguchi,https://openalex.org/authors/A5025764166,Immunology,2403.0,Immunology and Microbiology,Life Sciences,Yes,,Immunology,2403.0,Immunology and Microbiology,Profile correct (Shimon Sakaguchi at Osaka University). Immunology matches.,individual,1.0,Life Sciences & Medicine
Crafoord Prize in Polyarthritis,2021,Daniel L. Kastner,For defining autoinflammatory diseases where the innate immune system attacks the body's own tissues,https://en.wikipedia.org/wiki/Daniel_L._Kastner,https://openalex.org/authors/A5031169759,Molecular Biology,1312.0,"Biochemistry, Genetics and Molecular Biology",Life Sciences,Yes,,Immunology,2403.0,Immunology and Microbiology,"Profile correct (Daniel L. Kastner at NIH). Changed from Molecular Biology to Immunology which better fits autoinflammatory diseases/innate immune system work. | 2026-09-11 coverage audit: year 2022 -> 2021; crafoordprize.se: Polyarthritis is due every fourth year (2013, 2017, 2021, 2025); Kastner is the 2021 laureate, the 2022 date is the COVID-delayed ceremony. Fo",individual,1.0,Life Sciences & Medicine
Eni Award,2015,Helmut Schwarz,New Frontiers of Hydrocarbons - Downstream: catalytic research for energy applications,https://en.wikipedia.org/wiki/Helmut_Schwarz,https://openalex.org/authors/A5059088310,"Atomic and Molecular Physics, and Optics",3107.0,Physics and Astronomy,Physical Sciences,Yes,,Physical and Theoretical Chemistry,1606,Chemistry,Helmut Schwarz at TU Berlin. Changed from Atomic/Molecular Physics to Phys/Theor Chem.,individual,1.0,Chemistry
Eni Award,2015,Johan Olof Anders Robertsson,New Frontiers of Hydrocarbons - Upstream: seismic data processing research,https://en.wikipedia.org/wiki/Johan_Olof_Anders_Robertsson,https://openalex.org/authors/A5000290696,Geophysics,1907.0,Earth and Planetary Sciences,Physical Sciences,Yes,https://openalex.org/authors/A5000290696,Geophysics,1907,Earth and Planetary Sciences,Found: Johan O. A. Robertsson A5000290696 at ETH Zurich.,individual,1.0,Earth Sciences
Eni Award,2015,Menachem Elimelech,Protection of the Environment: application of stable isotope geochemistry for water resources,https://en.wikipedia.org/wiki/Menachem_Elimelech,https://openalex.org/authors/A5068569670,Water Science and Technology,2312.0,Environmental Science,Physical Sciences,Yes,,Water Science and Technology,2312,Environmental Science,Menachem Elimelech correct.,individual,1.0,Earth Sciences
Eni Award,2015,Mercouri Kanatzidis,Renewable Energy: research on advanced materials for solar energy conversion,https://en.wikipedia.org/wiki/Mercouri_Kanatzidis,https://openalex.org/authors/A5035758112,"Electronic, Optical and Magnetic Materials",2504.0,Materials Science,Physical Sciences,Yes,,"Electronic, Optical and Magnetic Materials",2504,Materials Science,Mercouri Kanatzidis at Northwestern correct.,individual,1.0,Materials and mining engineering
Eni Award,2016,Christopher Ballentine,,,https://openalex.org/authors/A5078244944,Geophysics,1908.0,Earth and Planetary Sciences,Physical Sciences,Yes,,Geophysics,1908,Earth and Planetary Sciences,"2026-09-11 coverage audit: added, add colaureate; id from the snapshot name scan, largest field-consistent profile (338 works); HAND_OVERRIDE: found as 'C. J. Ballentine': 338 works; Geophysics. Source: https://www.st-hughs.ox.ac.uk/professor-ballentine-eni/",individual,1.0,Earth Sciences
Eni Award,2016,David Milstein,,,https://openalex.org/authors/A5081692819,Inorganic Chemistry,1604.0,Chemistry,Physical Sciences,Yes,,Inorganic Chemistry,1604,Chemistry,"2026-09-11 coverage audit: added, add colaureate; id from the snapshot name scan, largest field-consistent profile (758 works). Source: https://www.greenplanner.it/2016/10/21/eni-award-vincitori-premio/",individual,1.0,Chemistry
Eni Award,2016,Emiliano Mutti,,,https://openalex.org/authors/A5013566849,Earth-Surface Processes,1904.0,Earth and Planetary Sciences,Physical Sciences,Yes,,Earth-Surface Processes,1904,Earth and Planetary Sciences,"2026-09-11 coverage audit: added, add colaureate; id from the snapshot name scan, largest field-consistent profile (55 works). Source: https://www.st-hughs.ox.ac.uk/professor-ballentine-eni/",individual,1.0,Earth Sciences
Eni Award,2016,Johannes Lercher,,,https://openalex.org/authors/A5057378771,Inorganic Chemistry,1604.0,Chemistry,Physical Sciences,Yes,,Inorganic Chemistry,1604,Chemistry,"2026-09-11 coverage audit: added, add colaureate; id from the snapshot name scan, largest field-consistent profile (866 works); HAND_OVERRIDE: found as 'Johannes A. Lercher': 866 works; Inorganic Chemistry. Source: https://www.greenplanner.it/2016/10/21/eni-award-vincitori-premio/",individual,1.0,Chemistry
Eni Award,2017,Graham Hutchings,Advanced Environmental Solutions: development of low environmental impact catalysts,https://en.wikipedia.org/wiki/Graham_Hutchings,https://openalex.org/authors/A5020068159,Materials Chemistry,2505.0,Materials Science,Physical Sciences,Yes,,Catalysis,1503,Chemical Engineering,Graham Hutchings at Cardiff. Changed to Catalysis.,individual,1.0,Chemistry
Eni Award,2017,Jens Nielsen,Energy Frontiers: engineering of microorganisms for fuels and chemicals from renewables,https://en.wikipedia.org/wiki/Jens_Nielsen,https://openalex.org/authors/A5083238115,Molecular Biology,1312.0,"Biochemistry, Genetics and Molecular Biology",Life Sciences,Yes,,Molecular Biology,1312,"Biochemistry, Genetics and Molecular Biology",Jens Nielsen correct.,individual,1.0,Life Sciences & Medicine
Eni Award,2017,Robert Schlogl,Energy Transition: hydrogen and methane production from renewable sources,https://en.wikipedia.org/wiki/Robert_Schl%C3%B6gl,https://openalex.org/authors/A5109860916,Materials Chemistry,2505.0,Materials Science,Physical Sciences,Yes,,Materials Chemistry,2505,Materials Science,Robert Schlogl correct.,individual,1.0,Materials and mining engineering
Eni Award,2018,Omar M. Yaghi,Energy Transition: research on crystalline-porous solids (MOFs and COFs),https://en.wikipedia.org/wiki/Omar_M._Yaghi,https://openalex.org/authors/A5044268160,Inorganic Chemistry,1604.0,Chemistry,Physical Sciences,Yes,,Inorganic Chemistry,1604,Chemistry,Omar Yaghi at UC Berkeley correct.,individual,1.0,Chemistry
Eni Award,2018,Sang Yup Lee,Advanced Environmental Solutions: engineering of microorganisms for chemical products,https://en.wikipedia.org/wiki/Sang_Yup_Lee,https://openalex.org/authors/A5100616675,Molecular Biology,1312.0,"Biochemistry, Genetics and Molecular Biology",Life Sciences,Yes,,Molecular Biology,1312,"Biochemistry, Genetics and Molecular Biology",Sang Yup Lee at KAIST correct.,individual,1.0,Life Sciences & Medicine
Eni Award,2018,Zhong Lin Wang,Energy Frontiers: triboelectric nanogenerators for energy harvesting,https://en.wikipedia.org/wiki/Zhong_Lin_Wang,https://openalex.org/authors/A5100376569,Biomedical Engineering,2204.0,Engineering,Physical Sciences,Yes,,Electrical and Electronic Engineering,2208,Engineering,Zhong Lin Wang. Changed from Biomedical Eng.,individual,1.0,"Computing, electrical"
Eni Award,2019,James A. Dumesic,Energy Transition: catalytic processes for converting biomass into useful chemicals and fuels,https://en.wikipedia.org/wiki/James_A._Dumesic,https://openalex.org/authors/A5060489151,Biomedical Engineering,2204.0,Engineering,Physical Sciences,Yes,,Catalysis,1503,Chemical Engineering,James Dumesic at UW-Madison. Changed from Biomedical Eng to Catalysis.,individual,1.0,Chemistry
Eni Award,2019,Michael Aziz,Energy Frontiers: development of new aqueous organic redox flow batteries,https://en.wikipedia.org/wiki/Michael_Aziz,https://openalex.org/authors/A5063775191,Electrical and Electronic Engineering,2208.0,Engineering,Physical Sciences,Yes,,Electrical and Electronic Engineering,2208,Engineering,Michael Aziz at Harvard correct.,individual,1.0,"Computing, electrical"
Eni Award,2019,Paul Chirik,Advanced Environmental Solutions: development of earth-abundant metal catalysts,https://en.wikipedia.org/wiki/Paul_Chirik,https://openalex.org/authors/A5087910041,Materials Chemistry,2505.0,Materials Science,Physical Sciences,Yes,,Inorganic Chemistry,1604,Chemistry,Paul Chirik at Princeton. Changed from Materials Chemistry.,individual,1.0,Chemistry
Eni Award,2019,Roy Gordon,Energy Frontiers: development of new aqueous organic redox flow batteries,https://en.wikipedia.org/wiki/Roy_G._Gordon,https://openalex.org/authors/A5005030015,Electrical and Electronic Engineering,2208.0,Engineering,Physical Sciences,Yes,,Physical and Theoretical Chemistry,https://openalex.org/subfields/1606,Chemistry,"Reclassified: chemical vapor deposition chemist, not electrical engineer",individual,1.0,Chemistry
Eni Award,2020,Chintamani Nagesa Ramachandra Rao,Energy Frontiers: fundamental research on nanomaterials and renewable energy,https://en.wikipedia.org/wiki/Chintamani_Nagesa_Ramachandra_Rao,https://openalex.org/authors/A5103390534,Materials Chemistry,2505.0,Materials Science,Physical Sciences,Yes,,Materials Chemistry,2505,Materials Science,C. N. R. Rao correct.,individual,1.0,Materials and mining engineering
Eni Award,2020,David T. Allen,Energy Transition: research on fugitive methane emissions reduction,https://en.wikipedia.org/wiki/David_T._Allen,https://openalex.org/authors/A5089467644,Atmospheric Science,1902.0,Earth and Planetary Sciences,Physical Sciences,Yes,,Atmospheric Science,1902,Earth and Planetary Sciences,David Allen at UT Austin correct.,individual,1.0,Earth Sciences
Eni Award,2020,Jorg Karger,Advanced Environmental Solutions: molecular diffusion in nanoporous materials,https://en.wikipedia.org/wiki/J%C3%B6rg_K%C3%A4rger,https://openalex.org/authors/A5023004833,Nuclear and High Energy Physics,3106.0,Physics and Astronomy,Physical Sciences,Yes,,Physical and Theoretical Chemistry,1606,Chemistry,Jorg Karger at Leipzig. Changed from Nuclear/HE Physics.,individual,1.0,Chemistry
Eni Award,2020,Jurgen Caro,Advanced Environmental Solutions: molecular diffusion in nanoporous materials,https://en.wikipedia.org/wiki/J%C3%BCrgen_Caro,https://openalex.org/authors/A5108313435,Inorganic Chemistry,1604.0,Chemistry,Physical Sciences,Yes,,Inorganic Chemistry,1604,Chemistry,Jurgen Caro correct.,individual,1.0,Chemistry
Eni Award,2022,Geoffrey W. Coates,Advanced Environmental Solutions: research on biodegradable polymers to address plastic pollution,https://en.wikipedia.org/wiki/Geoffrey_W._Coates,https://openalex.org/authors/A5068745499,Process Chemistry and Technology,1508.0,Chemical Engineering,Physical Sciences,Yes,,Organic Chemistry,1605,Chemistry,Geoffrey Coates at Cornell. Changed from Process Chem.,individual,1.0,Chemistry
Eni Award,2022,Ib Chorkendorff,Energy Frontiers: electrocatalysis for sustainable energy,https://en.wikipedia.org/wiki/Ib_Chorkendorff,https://openalex.org/authors/A5090008029,"Renewable Energy, Sustainability and the Environment",2105.0,Energy,Physical Sciences,Yes,,Physical and Theoretical Chemistry,https://openalex.org/subfields/1606,Chemistry,"Reclassified: heterogeneous catalysis chemist, not renewable energy",individual,1.0,Chemistry
Eni Award,2022,Jens Norskov,Energy Frontiers: computational catalysis for sustainable energy,https://en.wikipedia.org/wiki/Jens_N%C3%B8rskov,https://openalex.org/authors/A5055238911,"Renewable Energy, Sustainability and the Environment",2105.0,Energy,Physical Sciences,Yes,,Physical and Theoretical Chemistry,https://openalex.org/subfields/1606,Chemistry,"Reclassified: theoretical catalysis chemist, not renewable energy",individual,1.0,Chemistry
Eni Award,2022,Naomi Halas,Energy Transition: nanophotonic generation and sustainable distribution of hydrogen,https://en.wikipedia.org/wiki/Naomi_Halas,https://openalex.org/authors/A5069086177,"Electronic, Optical and Magnetic Materials",2504.0,Materials Science,Physical Sciences,Yes,,"Electronic, Optical and Magnetic Materials",2504,Materials Science,Naomi Halas at Rice correct.,individual,1.0,Materials and mining engineering
Eni Award,2022,Peter Nordlander,Energy Transition: nanophotonic generation and sustainable distribution of hydrogen,https://en.wikipedia.org/wiki/Peter_Nordlander,https://openalex.org/authors/A5007101561,"Electronic, Optical and Magnetic Materials",2504.0,Materials Science,Physical Sciences,Yes,,"Electronic, Optical and Magnetic Materials",2504,Materials Science,Peter Nordlander at Rice correct.,individual,1.0,Materials and mining engineering
Eni Award,2023,Jeffrey R. Long,Energy Transition: porous materials for carbon capture and gas storage,https://en.wikipedia.org/wiki/Jeffrey_R._Long,https://openalex.org/authors/A5042591801,Materials Chemistry,2505.0,Materials Science,Physical Sciences,Yes,,Materials Chemistry,2505,Materials Science,Jeffrey Long at UC Berkeley correct.,individual,1.0,Materials and mining engineering
Eni Award,2023,Matthew Rosseinsky,Energy Frontiers: machine learning approaches in materials discovery for energy,https://en.wikipedia.org/wiki/Matthew_Rosseinsky,https://openalex.org/authors/A5054755054,Materials Chemistry,2505.0,Materials Science,Physical Sciences,Yes,,Materials Chemistry,2505,Materials Science,Matthew Rosseinsky at Liverpool correct.,individual,1.0,Materials and mining engineering
Eni Award,2023,Thalappil Pradeep,Advanced Environmental Solutions: sustainable nanoscale materials for water treatment,https://en.wikipedia.org/wiki/Thalappil_Pradeep,https://openalex.org/authors/A5065042599,Materials Chemistry,2505.0,Materials Science,Physical Sciences,Yes,,Materials Chemistry,2505,Materials Science,Thalappil Pradeep at IIT Madras correct.,individual,1.0,Materials and mining engineering
Eni Award,2023,Yu Huang,Energy Transition: high performance materials for hydrogen fuel cells,https://en.wikipedia.org/wiki/Yu_Huang,https://openalex.org/authors/A5041318946,"Renewable Energy, Sustainability and the Environment",2105.0,Energy,Physical Sciences,Yes,,Physical and Theoretical Chemistry,https://openalex.org/subfields/1606,Chemistry,"Reclassified: nanomaterials/catalysis chemist, not renewable energy",individual,1.0,Chemistry
Eni Award,2024,Holger Braunschweig,Advanced Environmental Solutions: catalysts for nitrogen compounds production,https://en.wikipedia.org/wiki/Holger_Braunschweig,https://openalex.org/authors/A5038029240,Materials Chemistry,2505.0,Materials Science,Physical Sciences,Yes,,Inorganic Chemistry,1604,Chemistry,Holger Braunschweig at U Wurzburg. Changed from Materials Chemistry.,individual,1.0,Chemistry
Eni Award,2024,Marc Fontecave,Energy Transition: catalytic systems for carbon dioxide conversion,https://en.wikipedia.org/wiki/Marc_Fontecave,https://openalex.org/authors/A5062221634,"Renewable Energy, Sustainability and the Environment",2105.0,Energy,Physical Sciences,Yes,,Inorganic Chemistry,https://openalex.org/subfields/1604,Chemistry,"Reclassified: bioinorganic/catalysis chemist, not renewable energy",individual,1.0,Chemistry
Eni Award,2024,Nam-Gyu Park,Energy Frontiers: solid-state perovskite solar cells,https://en.wikipedia.org/wiki/Nam-Gyu_Park,https://openalex.org/authors/A5013544504,Electrical and Electronic Engineering,2208.0,Engineering,Physical Sciences,Yes,,Electrical and Electronic Engineering,2208,Engineering,Nam-Gyu Park at Sungkyunkwan correct.,individual,1.0,"Computing, electrical"
Erwin Plein Nemmers Prize in Economics,2016,Richard Blundell,"For contributions to labor economics, public finance and applied econometrics",https://en.wikipedia.org/wiki/Richard_Blundell,https://openalex.org/authors/A5089998471,Gender Studies,3318.0,Social Sciences,Social Sciences,Yes,,Economics and Econometrics,2002.0,"Economics, Econometrics and Finance",Profile correct (Richard Blundell). Changed from Gender Studies to Economics and Econometrics for labor economics/public finance.,individual,1.0,Business & Econ
Erwin Plein Nemmers Prize in Economics,2018,David Kreps,"For work in game theory, decision theory and finance",https://en.wikipedia.org/wiki/David_Kreps,https://openalex.org/authors/A5102978137,Economics and Econometrics,2002.0,"Economics, Econometrics and Finance",Social Sciences,Yes,,Economics and Econometrics,2002.0,"Economics, Econometrics and Finance",Profile correct (David M. Kreps). Economics and Econometrics matches game theory/decision theory.,individual,1.0,Business & Econ
Erwin Plein Nemmers Prize in Economics,2020,Claudia Goldin,"For insights into gender roles, the American economy, and labor markets",https://en.wikipedia.org/wiki/Claudia_Goldin,https://openalex.org/authors/A5000387389,Gender Studies,3318.0,Social Sciences,Social Sciences,Yes,,Economics and Econometrics,2002.0,"Economics, Econometrics and Finance",Profile correct (Claudia Goldin at Harvard). Changed from Gender Studies to Economics and Econometrics for labor/gender economics.,individual,1.0,Business & Econ
Erwin Plein Nemmers Prize in Economics,2022,Ariel Pakes,For contributions to structural analysis of markets and industrial organization,https://en.wikipedia.org/wiki/Ariel_Pakes,https://openalex.org/authors/A5065421458,Marketing,1406.0,"Business, Management and Accounting",Social Sciences,Yes,,Economics and Econometrics,2002.0,"Economics, Econometrics and Finance",Profile correct (Ariel Pakes at Harvard). Changed from Marketing to Economics and Econometrics for industrial organization.,individual,1.0,Business & Econ
Erwin Plein Nemmers Prize in Economics,2024,Michael Woodford,For contributions to monetary policy theory and macroeconomics,https://en.wikipedia.org/wiki/Michael_Woodford,https://openalex.org/authors/A5072791098,"General Economics, Econometrics and Finance",2000.0,"Economics, Econometrics and Finance",Social Sciences,Yes,,Economics and Econometrics,2002.0,"Economics, Econometrics and Finance",Profile correct (Michael Woodford at Columbia). Changed from General Econ to Economics and Econometrics for monetary policy.,individual,1.0,Business & Econ
Faraday Lectureship Prize,2016,Graham R. Fleming,For ultrafast spectroscopy and photosynthetic energy transfer,https://en.wikipedia.org/wiki/Graham_R._Fleming,https://openalex.org/authors/A5016483541,"Atomic and Molecular Physics, and Optics",3107.0,Physics and Astronomy,Physical Sciences,Yes,,Physical and Theoretical Chemistry,1606.0,Chemistry,Profile correct (Graham R. Fleming at UC Berkeley). Changed from Atomic/Molecular Physics to Physical and Theoretical Chemistry for Faraday chemistry prize.,individual,1.0,Chemistry
Faraday Lectureship Prize,2018,Graham Hutchings,"For catalysis, particularly gold catalysis and oxidation chemistry",https://en.wikipedia.org/wiki/Graham_Hutchings,https://openalex.org/authors/A5020068159,Materials Chemistry,2505.0,Materials Science,Physical Sciences,Yes,,Catalysis,1503.0,Chemical Engineering,Profile correct (Graham J. Hutchings at Cardiff). Changed from Materials Chemistry to Catalysis for gold catalysis work.,individual,1.0,Chemistry
Faraday Lectureship Prize,2020,Richard Catlow,For computational chemistry and materials science,https://en.wikipedia.org/wiki/Richard_Catlow,https://openalex.org/authors/A5042572313,Inorganic Chemistry,1604.0,Chemistry,Physical Sciences,Yes,,Inorganic Chemistry,1604.0,Chemistry,Profile correct (C. Richard A. Catlow at UCL/Cardiff). Inorganic Chemistry matches computational chemistry.,individual,1.0,Chemistry
Faraday Lectureship Prize,2021,Laura Gagliardi,For theoretical and computational chemistry,https://en.wikipedia.org/wiki/Laura_Gagliardi,https://openalex.org/authors/A5062631568,Materials Chemistry,2505.0,Materials Science,Physical Sciences,Yes,,Physical and Theoretical Chemistry,1606.0,Chemistry,Profile correct (Laura Gagliardi at U Chicago). Changed from Materials Chemistry to Physical and Theoretical Chemistry.,individual,1.0,Chemistry
Faraday Lectureship Prize,2022,Michael Wasielewski,For photochemistry and molecular materials for solar energy,https://en.wikipedia.org/wiki/Michael_Wasielewski,https://openalex.org/authors/A5072522213,Physical and Theoretical Chemistry,1606.0,Chemistry,Physical Sciences,Yes,,Physical and Theoretical Chemistry,1606.0,Chemistry,Profile correct (Michael R. Wasielewski). Physical and Theoretical Chemistry matches photochemistry.,individual,1.0,Chemistry
Faraday Lectureship Prize,2023,Enrique Iglesia,For heterogeneous catalysis and reaction engineering,https://en.wikipedia.org/wiki/Enrique_Iglesia,https://openalex.org/authors/A5086150545,Materials Chemistry,2505.0,Materials Science,Physical Sciences,Yes,,Catalysis,1503.0,Chemical Engineering,Profile correct (Enrique Iglesia at UC Berkeley). Changed from Materials Chemistry to Catalysis.,individual,1.0,Chemistry
Faraday Lectureship Prize,2024,Jenny Nelson,For physics of organic solar cells and photovoltaic materials,https://en.wikipedia.org/wiki/Jenny_Nelson,https://openalex.org/authors/A5032653394,Electrical and Electronic Engineering,2208.0,Engineering,Physical Sciences,Yes,,Electrical and Electronic Engineering,2208.0,Engineering,Profile correct (Jenny Nelson at Imperial College). Electrical and Electronic Engineering matches photovoltaics.,individual,1.0,"Computing, electrical"
Fields Medal,2018,Akshay Venkatesh,"For his synthesis of analytic number theory, homogeneous dynamics, topology, and representation theory, which has resolved long-standing problems in areas such as the equidistribution of arithmetic objects.",https://en.wikipedia.org/wiki/Akshay_Venkatesh,https://openalex.org/authors/A5114444440,Mathematical Physics,2610.0,Mathematics,Physical Sciences,Yes,,Mathematical Physics,2610.0,Mathematics,Profile correct. Existing subfield correct.,individual,1.0,Math
Fields Medal,2018,Alessio Figalli,"For contributions to the theory of optimal transport and its applications in partial differential equations, metric geometry and probability.",https://en.wikipedia.org/wiki/Alessio_Figalli,https://openalex.org/authors/A5021329629,Applied Mathematics,2604.0,Mathematics,Physical Sciences,Yes,,Applied Mathematics,2604.0,Mathematics,Profile correct. Existing subfield correct.,individual,1.0,Math
Fields Medal,2018,Caucher Birkar,For the proof of the boundedness of Fano varieties and for contributions to the minimal model program.,https://en.wikipedia.org/wiki/Caucher_Birkar,https://openalex.org/authors/A5032259921,Geometry and Topology,2608.0,Mathematics,Physical Sciences,Yes,,Geometry and Topology,2608.0,Mathematics,Profile correct. Existing subfield correct.,individual,1.0,Math
Fields Medal,2018,Peter Scholze,"For transforming arithmetic algebraic geometry over p-adic fields through his introduction of perfectoid spaces, with application to Galois representations, and for the development of new cohomology theories.",https://en.wikipedia.org/wiki/Peter_Scholze,https://openalex.org/authors/A5068026536,Geometry and Topology,2608.0,Mathematics,Physical Sciences,Yes,,Geometry and Topology,2608.0,Mathematics,Profile correct. Existing subfield correct.,individual,1.0,Math
Fields Medal,2022,Hugo Duminil-Copin,"For solving longstanding problems in the probabilistic theory of phase transitions in statistical physics, especially in dimensions three and four.",https://en.wikipedia.org/wiki/Hugo_Duminil-Copin,https://openalex.org/authors/A5081679083,Mathematical Physics,2610.0,Mathematics,Physical Sciences,Yes,,Mathematical Physics,2610.0,Mathematics,Profile correct. Existing subfield correct.,individual,1.0,Math
Fields Medal,2022,James Maynard,"For contributions to analytic number theory, which have led to major advances in the understanding of the structure of prime numbers and in Diophantine approximation.",https://en.wikipedia.org/wiki/James_Maynard_(mathematician),https://openalex.org/authors/A5074725717,Algebra and Number Theory,2602.0,Mathematics,Physical Sciences,Yes,,Algebra and Number Theory,2602.0,Mathematics,Profile correct. Existing subfield correct.,individual,1.0,Math
Fields Medal,2022,June Huh,"For bringing the ideas of Hodge theory to combinatorics, the proof of the Dowling-Wilson conjecture for geometric lattices, the proof of the Heron-Rota-Welsh conjecture for matroids, the development of the theory of Lorentzian polynomials, and the proof of the strong Mason conjecture.",https://en.wikipedia.org/wiki/June_Huh,https://openalex.org/authors/A5077920540,Materials Chemistry,2505.0,Materials Science,Physical Sciences,Yes,https://openalex.org/authors/A5077920540,Discrete Mathematics and Combinatorics,2607.0,Mathematics,WRONG PERSON. Original is materials scientist. Corrected to A5077920540.,individual,1.0,Math
Fields Medal,2022,Maryna Viazovska,"For the proof that the E8 lattice provides the densest packing of identical spheres in 8 dimensions, and further contributions to related extremal problems and interpolation problems in Fourier analysis.",https://en.wikipedia.org/wiki/Maryna_Viazovska,https://openalex.org/authors/A5084621926,Numerical Analysis,2612.0,Mathematics,Physical Sciences,Yes,,Numerical Analysis,2612.0,Mathematics,Profile correct. Existing subfield acceptable.,individual,1.0,Math
Frontiers of Knowledge Award in Basic Sciences,2015,Stephen L. Buchwald,For development of catalytic routes based on palladium and copper for efficient pharmaceutical synthesis,https://en.wikipedia.org/wiki/Stephen_Buchwald,https://openalex.org/authors/A5039233288,Organic Chemistry,1605.0,Chemistry,Physical Sciences,Yes,,Organic Chemistry,1605,Chemistry,Buchwald at MIT correct. Organic Chemistry matches.,individual,1.0,Chemistry
Frontiers of Knowledge Award in Basic Sciences,2016,Stephen Hawking,For discovering that galaxies were formed as a result of quantum fluctuations in the early Universe,https://en.wikipedia.org/wiki/Stephen_Hawking,https://openalex.org/authors/A5066175077,Astronomy and Astrophysics,3103.0,Physics and Astronomy,Physical Sciences,Yes,,Astronomy and Astrophysics,3103,Physics and Astronomy,S.W. Hawking correct. Astronomy and Astrophysics matches cosmology.,individual,1.0,Physics & Astronomy
Frontiers of Knowledge Award in Basic Sciences,2016,Viatcheslav Mukhanov,For discovering that galaxies were formed as a result of quantum fluctuations in the early Universe,https://en.wikipedia.org/wiki/Viatcheslav_Mukhanov,https://openalex.org/authors/A5108489761,Astronomy and Astrophysics,3103.0,Physics and Astronomy,Physical Sciences,Yes,,Astronomy and Astrophysics,3103,Physics and Astronomy,Viatcheslav Mukhanov correct. Astronomy and Astrophysics matches.,individual,1.0,Physics & Astronomy
Frontiers of Knowledge Award in Basic Sciences,2017,Bradley Efron,For pioneering contributions to statistical science including the bootstrap method,https://en.wikipedia.org/wiki/Bradley_Efron,https://openalex.org/authors/A5108567924,Statistics and Probability,2613.0,Mathematics,Physical Sciences,Yes,,Statistics and Probability,2613,Mathematics,Bradley Efron correct. Statistics and Probability matches bootstrap method.,individual,1.0,Math
Frontiers of Knowledge Award in Basic Sciences,2017,David Cox,For pioneering contributions to statistical science including Cox regression,https://en.wikipedia.org/wiki/David_Cox,https://openalex.org/authors/A5103803344,Molecular Biology,1312.0,"Biochemistry, Genetics and Molecular Biology",Life Sciences,Yes,https://openalex.org/authors/A5103803344,Statistics and Probability,2613,Mathematics,"WRONG PROFILE: A5100763987 is a molecular biologist. Corrected to D. R. Cox (A5103803344) - statistician with 174 works, 32905 citations.",individual,1.0,Math
Frontiers of Knowledge Award in Basic Sciences,2018,Omar Yaghi,For pioneering work in synthesis of new crystalline materials MOFs and COFs,https://en.wikipedia.org/wiki/Omar_Yaghi,https://openalex.org/authors/A5044268160,Inorganic Chemistry,1604.0,Chemistry,Physical Sciences,Yes,,Inorganic Chemistry,1604,Chemistry,Omar Yaghi at UC Berkeley correct. Inorganic Chemistry matches MOFs.,individual,1.0,Chemistry
Frontiers of Knowledge Award in Basic Sciences,2019,Charles L. Kane,For discovery of topological insulators,https://en.wikipedia.org/wiki/Charles_L._Kane,https://openalex.org/authors/A5003262716,"Atomic and Molecular Physics, and Optics",3107.0,Physics and Astronomy,Physical Sciences,Yes,,Condensed Matter Physics,3104,Physics and Astronomy,C. L. Kane at U Penn correct. Changed from Atomic/Molecular Physics to Condensed Matter Physics for topological insulators.,individual,1.0,Physics & Astronomy
Frontiers of Knowledge Award in Basic Sciences,2019,Eugene Mele,For discovery of topological insulators,https://en.wikipedia.org/wiki/Eugene_Mele,https://openalex.org/authors/A5068161598,Materials Chemistry,2505.0,Materials Science,Physical Sciences,Yes,,Condensed Matter Physics,3104,Physics and Astronomy,E. J. Mele at U Penn correct. Changed from Materials Chemistry to Condensed Matter Physics for topological insulators.,individual,1.0,Physics & Astronomy
Frontiers of Knowledge Award in Basic Sciences,2020,Charles Bennett,For outstanding contributions to quantum computation and communication,https://en.wikipedia.org/wiki/Charles_Bennett,https://openalex.org/authors/A5053166798,Artificial Intelligence,1702.0,Computer Science,Physical Sciences,Yes,,"Atomic and Molecular Physics, and Optics",3107,Physics and Astronomy,Charles H. Bennett correct. Changed from Artificial Intelligence to Atomic and Molecular Physics for quantum physics.,individual,1.0,Physics & Astronomy
Frontiers of Knowledge Award in Basic Sciences,2020,Gilles Brassard,For outstanding contributions to quantum computation and communication,https://en.wikipedia.org/wiki/Gilles_Brassard,https://openalex.org/authors/A5110284072,Artificial Intelligence,1702.0,Computer Science,Physical Sciences,Yes,,"Atomic and Molecular Physics, and Optics",3107,Physics and Astronomy,Gilles Brassard at U Montreal correct. Changed from Artificial Intelligence to Atomic and Molecular Physics for quantum physics.,individual,1.0,Physics & Astronomy
Frontiers of Knowledge Award in Basic Sciences,2020,Peter Shor,For outstanding contributions to quantum computation and communication,https://en.wikipedia.org/wiki/Peter_Shor,https://openalex.org/authors/A5020744800,Artificial Intelligence,1702.0,Computer Science,Physical Sciences,Yes,,"Atomic and Molecular Physics, and Optics",3107,Physics and Astronomy,Peter W. Shor at MIT correct. Changed from Artificial Intelligence to Atomic and Molecular Physics for quantum computation.,individual,1.0,Physics & Astronomy
Frontiers of Knowledge Award in Basic Sciences,2021,A. Paul Alivisatos,For developing new nanomaterials with applications in solar energy and electronics,https://en.wikipedia.org/wiki/Paul_Alivisatos,https://openalex.org/authors/A5009848674,Materials Chemistry,2505.0,Materials Science,Physical Sciences,Yes,,Materials Chemistry,2505,Materials Science,A. Paul Alivisatos at UC Berkeley correct. Materials Chemistry matches nanomaterials.,individual,1.0,Materials and mining engineering
Frontiers of Knowledge Award in Basic Sciences,2021,Michael Gratzel,For developing new nanomaterials with applications in solar energy and electronics,https://en.wikipedia.org/wiki/Michael_Gr%C3%A4tzel,https://openalex.org/authors/A5109160404,"Renewable Energy, Sustainability and the Environment",2105.0,Energy,Physical Sciences,Yes,,Physical and Theoretical Chemistry,https://openalex.org/subfields/1606,Chemistry,"Reclassified: photochemistry/solar cell chemist, not renewable energy",individual,1.0,Chemistry
Frontiers of Knowledge Award in Basic Sciences,2022,Charles Fefferman,For fundamental contributions in mathematics,https://en.wikipedia.org/wiki/Charles_Fefferman,https://openalex.org/authors/A5112466211,Applied Mathematics,2604.0,Mathematics,Physical Sciences,Yes,,Applied Mathematics,2604,Mathematics,Charles Fefferman at Princeton correct. Applied Mathematics matches.,individual,1.0,Math
Frontiers of Knowledge Award in Basic Sciences,2022,Jean-Francois Le Gall,For fundamental contributions in mathematics,https://en.wikipedia.org/wiki/Jean-Fran%C3%A7ois_Le_Gall,https://openalex.org/authors/A5041726377,Mathematical Physics,2610.0,Mathematics,Physical Sciences,Yes,,Statistics and Probability,2613,Mathematics,Jean-Francois Le Gall at Paris-Saclay correct. Changed from Mathematical Physics to Statistics and Probability for stochastic processes.,individual,1.0,Math
Frontiers of Knowledge Award in Basic Sciences,2023,Anne L'Huillier,For pioneering work in attosecond physics,https://en.wikipedia.org/wiki/Anne_L%27Huillier,https://openalex.org/authors/A5087194862,"Atomic and Molecular Physics, and Optics",3107.0,Physics and Astronomy,Physical Sciences,Yes,https://openalex.org/authors/A5087194862,"Atomic and Molecular Physics, and Optics",3107,Physics and Astronomy,"WRONG PROFILE: A5108087389 is F. Kelkensberg. Corrected to A. LHuillier (A5087194862) at Lund, 458 works.",individual,1.0,Physics & Astronomy
Frontiers of Knowledge Award in Basic Sciences,2023,Ferenc Krausz,For pioneering work in attosecond physics,https://en.wikipedia.org/wiki/Ferenc_Krausz,https://openalex.org/authors/A5049801219,"Atomic and Molecular Physics, and Optics",3107.0,Physics and Astronomy,Physical Sciences,Yes,,"Atomic and Molecular Physics, and Optics",3107,Physics and Astronomy,Ferenc Krausz at MPI correct. Atomic and Molecular Physics matches attosecond physics.,individual,1.0,Physics & Astronomy
Frontiers of Knowledge Award in Basic Sciences,2023,Paul Corkum,For pioneering work in attosecond physics,https://en.wikipedia.org/wiki/Paul_Corkum,https://openalex.org/authors/A5057695025,"Atomic and Molecular Physics, and Optics",3107.0,Physics and Astronomy,Physical Sciences,Yes,,"Atomic and Molecular Physics, and Optics",3107,Physics and Astronomy,P. B. Corkum at U Ottawa correct. Atomic and Molecular Physics matches attosecond physics.,individual,1.0,Physics & Astronomy
Frontiers of Knowledge Award in Basic Sciences,2024,Avelino Corma,,,https://openalex.org/authors/A5000454699,Inorganic Chemistry,1604.0,Chemistry,Physical Sciences,Yes,,Inorganic Chemistry,1604,Chemistry,"2026-09-11 coverage audit: added, add colaureate; id from the snapshot name scan, largest field-consistent profile (1927 works). Source: https://www.frontiersofknowledgeawards-fbbva.es/noticias/17-edition-basic-sciences-avelino-corma-john-hartwig-helmut-schwarz-chemistry-catalysis/",individual,1.0,Chemistry
Frontiers of Knowledge Award in Basic Sciences,2024,Claire Voisin,For contributions in algebraic geometry,https://en.wikipedia.org/wiki/Claire_Voisin,https://openalex.org/authors/A5111439625,Geometry and Topology,2608.0,Mathematics,Physical Sciences,Yes,,Geometry and Topology,2608,Mathematics,Claire Voisin at CNRS correct. Geometry and Topology matches algebraic geometry.,individual,1.0,Math
Frontiers of Knowledge Award in Basic Sciences,2024,Helmut Schwarz,,,https://openalex.org/authors/A5059088310,"Atomic and Molecular Physics, and Optics",3107.0,Physics and Astronomy,Physical Sciences,Yes,,Physical and Theoretical Chemistry,1606,Chemistry,"2026-09-11 coverage audit: added, add colaureate; id and field copied from the laureate's existing row (Eni Award 2015). Source: https://www.frontiersofknowledgeawards-fbbva.es/noticias/17-edition-basic-sciences-avelino-corma-john-hartwig-helmut-schwarz-chemistry-catalysis/",individual,1.0,Chemistry
Frontiers of Knowledge Award in Basic Sciences,2024,John F. Hartwig,,,https://openalex.org/authors/A5088865204,Organic Chemistry,1605.0,Chemistry,Physical Sciences,Yes,,Organic Chemistry,1605,Chemistry,"2026-09-11 coverage audit: added, add colaureate; id from the snapshot name scan, largest field-consistent profile (1116 works); REUSED_FROM:Wolf Prize in Chemistry 2019. Source: https://www.frontiersofknowledgeawards-fbbva.es/noticias/17-edition-basic-sciences-avelino-corma-john-hartwig-helmut-schwarz-chemistry-catalysis/",individual,1.0,Chemistry
Frontiers of Knowledge Award in Basic Sciences,2024,Yakov Eliashberg,For contributions in symplectic geometry and topology,https://en.wikipedia.org/wiki/Yakov_Eliashberg,https://openalex.org/authors/A5012294913,Geometry and Topology,2608.0,Mathematics,Physical Sciences,Yes,,Geometry and Topology,2608,Mathematics,Yakov Eliashberg at Stanford correct. Geometry and Topology matches symplectic geometry.,individual,1.0,Math
Frontiers of Knowledge Award in Biology and Biomedicine,2015,Charles L. Sawyers,For discovery of tyrosine phosphorylation and development of targeted cancer therapies,https://en.wikipedia.org/wiki/Charles_Sawyers,https://openalex.org/authors/A5034963668,Pulmonary and Respiratory Medicine,2740.0,Medicine,Health Sciences,Yes,,Oncology,2730,Medicine,Sawyers at MSKCC correct. Changed from Pulmonary Medicine to Oncology for cancer research.,individual,1.0,Life Sciences & Medicine
Frontiers of Knowledge Award in Biology and Biomedicine,2015,Joseph Schlessinger,For discovery of tyrosine phosphorylation and development of targeted cancer therapies,https://en.wikipedia.org/wiki/Joseph_Schlessinger,https://openalex.org/authors/A5067994300,"Radiology, Nuclear Medicine and Imaging",2741.0,Medicine,Health Sciences,Yes,,Molecular Biology,1312,"Biochemistry, Genetics and Molecular Biology",Schlessinger at Yale correct. Changed from Radiology to Molecular Biology for tyrosine phosphorylation.,individual,1.0,Life Sciences & Medicine
Frontiers of Knowledge Award in Biology and Biomedicine,2015,Tony Hunter,For discovery of tyrosine phosphorylation and development of targeted cancer therapies,https://en.wikipedia.org/wiki/Tony_Hunter,https://openalex.org/authors/A5010612497,Molecular Biology,1312.0,"Biochemistry, Genetics and Molecular Biology",Life Sciences,Yes,,Molecular Biology,1312,"Biochemistry, Genetics and Molecular Biology",Tony Hunter correct. Molecular Biology matches.,individual,1.0,Life Sciences & Medicine
Frontiers of Knowledge Award in Biology and Biomedicine,2016,Edward Boyden,For development of optogenetics to study brain function,https://en.wikipedia.org/wiki/Edward_Boyden,https://openalex.org/authors/A5109593948,Cellular and Molecular Neuroscience,2804.0,Neuroscience,Life Sciences,Yes,,Cellular and Molecular Neuroscience,2804,Neuroscience,Edward Boyden correct. Cellular/Molecular Neuro matches optogenetics.,individual,1.0,Life Sciences & Medicine
Frontiers of Knowledge Award in Biology and Biomedicine,2016,Gero Miesenboeck,For development of optogenetics to study brain function,https://en.wikipedia.org/wiki/Gero_Miesenb%C3%B6ck,https://openalex.org/authors/A5041526781,Cellular and Molecular Neuroscience,2804.0,Neuroscience,Life Sciences,Yes,,Cellular and Molecular Neuroscience,2804,Neuroscience,Gero Miesenboeck correct. Matches.,individual,1.0,Life Sciences & Medicine
Frontiers of Knowledge Award in Biology and Biomedicine,2016,Karl Deisseroth,For development of optogenetics to study brain function,https://en.wikipedia.org/wiki/Karl_Deisseroth,https://openalex.org/authors/A5014360828,Cellular and Molecular Neuroscience,2804.0,Neuroscience,Life Sciences,Yes,,Cellular and Molecular Neuroscience,2804,Neuroscience,Karl Deisseroth correct. Matches.,individual,1.0,Life Sciences & Medicine
Frontiers of Knowledge Award in Biology and Biomedicine,2017,Emmanuelle Charpentier,For creating the CRISPR/Cas9 genome editing technique,https://en.wikipedia.org/wiki/Emmanuelle_Charpentier,https://openalex.org/authors/A5074743574,Molecular Biology,1312.0,"Biochemistry, Genetics and Molecular Biology",Life Sciences,Yes,,Molecular Biology,1312,"Biochemistry, Genetics and Molecular Biology",Emmanuelle Charpentier correct. Molecular Biology matches CRISPR.,individual,1.0,Life Sciences & Medicine
Frontiers of Knowledge Award in Biology and Biomedicine,2017,Francisco Martinez Mojica,For creating the CRISPR/Cas9 genome editing technique,https://en.wikipedia.org/wiki/Francisco_Mojica,https://openalex.org/authors/A5086383762,Genetics,1311.0,"Biochemistry, Genetics and Molecular Biology",Life Sciences,Yes,https://openalex.org/authors/A5086383762,Genetics,1311,"Biochemistry, Genetics and Molecular Biology","Found: Francisco J. M. Mojica (A5086383762) at U Alicante, 51 works.",individual,1.0,Life Sciences & Medicine
Frontiers of Knowledge Award in Biology and Biomedicine,2017,Jennifer Doudna,For creating the CRISPR/Cas9 genome editing technique,https://en.wikipedia.org/wiki/Jennifer_Doudna,https://openalex.org/authors/A5067184382,Molecular Biology,1312.0,"Biochemistry, Genetics and Molecular Biology",Life Sciences,Yes,,Molecular Biology,1312,"Biochemistry, Genetics and Molecular Biology",Jennifer Doudna correct. Molecular Biology matches CRISPR.,individual,1.0,Life Sciences & Medicine
Frontiers of Knowledge Award in Biology and Biomedicine,2018,James P. Allison,,,https://openalex.org/authors/A5047117233,Oncology,2730.0,Medicine,Health Sciences,Yes,,Oncology,2730,Medicine,"2026-09-11 coverage audit: added, add colaureate; id and field copied from the laureate's existing row (Balzan Prize 2017). Source: https://ascopost.com/issues/february-25-2018/james-p-allison-phd-granted-bbva-foundation-award-for-groundbreaking-work-in-immunotherapy",individual,1.0,Life Sciences & Medicine
Frontiers of Knowledge Award in Biology and Biomedicine,2019,Jeffrey I. Gordon,For discovering the key role of gut microbial community in human health,https://en.wikipedia.org/wiki/Jeffrey_I._Gordon,https://openalex.org/authors/A5063884903,Molecular Biology,1312.0,"Biochemistry, Genetics and Molecular Biology",Life Sciences,Yes,,Molecular Biology,1312,"Biochemistry, Genetics and Molecular Biology",Jeffrey Gordon correct. Molecular Biology matches.,individual,1.0,Life Sciences & Medicine
Frontiers of Knowledge Award in Biology and Biomedicine,2020,David M. Sabatini,For discovering the mTOR cellular mechanism regulating cell growth,https://en.wikipedia.org/wiki/David_M._Sabatini,https://openalex.org/authors/A5013582936,Molecular Biology,1312.0,"Biochemistry, Genetics and Molecular Biology",Life Sciences,Yes,,Molecular Biology,1312,"Biochemistry, Genetics and Molecular Biology",David Sabatini correct. Molecular Biology matches mTOR.,individual,1.0,Life Sciences & Medicine
Frontiers of Knowledge Award in Biology and Biomedicine,2020,Michael N. Hall,For discovering the TOR/mTOR cellular mechanism regulating cell growth,https://en.wikipedia.org/wiki/Michael_N._Hall,https://openalex.org/authors/A5003476561,Molecular Biology,1312.0,"Biochemistry, Genetics and Molecular Biology",Life Sciences,Yes,,Molecular Biology,1312,"Biochemistry, Genetics and Molecular Biology",Michael Hall correct. Molecular Biology matches TOR.,individual,1.0,Life Sciences & Medicine
Frontiers of Knowledge Award in Biology and Biomedicine,2021,Ardem Patapoutian,"For identifying the receptors that enable sensing of temperature, pain and pressure",https://en.wikipedia.org/wiki/Ardem_Patapoutian,https://openalex.org/authors/A5066449841,Physiology,2737.0,Medicine,Health Sciences,Yes,,Sensory Systems,2809,Neuroscience,Ardem Patapoutian at Scripps correct. Changed from Physiology to Sensory Systems for mechanosensation.,individual,1.0,Life Sciences & Medicine
Frontiers of Knowledge Award in Biology and Biomedicine,2021,David Julius,"For identifying the receptors that enable sensing of temperature, pain and pressure",https://en.wikipedia.org/wiki/David_Julius,https://openalex.org/authors/A5014886042,Sensory Systems,2809.0,Neuroscience,Life Sciences,Yes,,Sensory Systems,2809,Neuroscience,David Julius correct. Sensory Systems matches temperature/pain receptors.,individual,1.0,Life Sciences & Medicine
Frontiers of Knowledge Award in Biology and Biomedicine,2022,Drew Weissman,For contributions to mRNA therapeutics and delivery technology,https://en.wikipedia.org/wiki/Drew_Weissman,https://openalex.org/authors/A5068253145,Molecular Biology,1312.0,"Biochemistry, Genetics and Molecular Biology",Life Sciences,Yes,,Molecular Biology,1312,"Biochemistry, Genetics and Molecular Biology",Drew Weissman correct. Molecular Biology matches mRNA.,individual,1.0,Life Sciences & Medicine
Frontiers of Knowledge Award in Biology and Biomedicine,2022,Katalin Kariko,For contributions to mRNA therapeutics and delivery technology,https://en.wikipedia.org/wiki/Katalin_Karik%C3%B3,https://openalex.org/authors/A5030598859,Molecular Biology,1312.0,"Biochemistry, Genetics and Molecular Biology",Life Sciences,Yes,,Molecular Biology,1312,"Biochemistry, Genetics and Molecular Biology",Katalin Kariko correct. Molecular Biology matches mRNA.,individual,1.0,Life Sciences & Medicine
Frontiers of Knowledge Award in Biology and Biomedicine,2022,Robert S. Langer,For contributions to mRNA therapeutics and delivery technology,https://en.wikipedia.org/wiki/Robert_S._Langer,https://openalex.org/authors/A5042597057,Molecular Biology,1312.0,"Biochemistry, Genetics and Molecular Biology",Life Sciences,Yes,,Molecular Biology,1312,"Biochemistry, Genetics and Molecular Biology",Robert Langer correct. Molecular Biology matches.,individual,1.0,Life Sciences & Medicine
Frontiers of Knowledge Award in Biology and Biomedicine,2023,David Baker,For contributions to AI-based prediction of three-dimensional protein structure,https://en.wikipedia.org/wiki/David_Baker,https://openalex.org/authors/A5053192926,Molecular Biology,1312.0,"Biochemistry, Genetics and Molecular Biology",Life Sciences,Yes,,Molecular Biology,1312,"Biochemistry, Genetics and Molecular Biology",David Baker correct. Molecular Biology matches protein structure.,individual,1.0,Life Sciences & Medicine
Frontiers of Knowledge Award in Biology and Biomedicine,2023,Demis Hassabis,For contributions to AI-based prediction of three-dimensional protein structure,https://en.wikipedia.org/wiki/Demis_Hassabis,https://openalex.org/authors/A5005349213,Cognitive Neuroscience,2805.0,Neuroscience,Life Sciences,Yes,,Artificial Intelligence,1702,Computer Science,Demis Hassabis at DeepMind correct. Changed from Cognitive Neuroscience to Artificial Intelligence for AI protein prediction.,individual,1.0,"Computing, electrical"
Frontiers of Knowledge Award in Biology and Biomedicine,2023,John Jumper,For contributions to AI-based prediction of three-dimensional protein structure,https://en.wikipedia.org/wiki/John_Jumper,https://openalex.org/authors/A5059179935,Molecular Biology,1312.0,"Biochemistry, Genetics and Molecular Biology",Life Sciences,Yes,,Molecular Biology,1312,"Biochemistry, Genetics and Molecular Biology",John Jumper correct. Molecular Biology matches.,individual,1.0,Life Sciences & Medicine
Frontiers of Knowledge Award in Biology and Biomedicine,2024,Arthur Horwich,For identifying cellular machinery that drives protein folding,https://en.wikipedia.org/wiki/Arthur_Horwich,https://openalex.org/authors/A5034561133,Molecular Biology,1312.0,"Biochemistry, Genetics and Molecular Biology",Life Sciences,Yes,,Molecular Biology,1312,"Biochemistry, Genetics and Molecular Biology",Arthur Horwich correct. Molecular Biology matches protein folding.,individual,1.0,Life Sciences & Medicine
Frontiers of Knowledge Award in Biology and Biomedicine,2024,Kazutoshi Mori,For identifying cellular machinery that drives protein folding,https://en.wikipedia.org/wiki/Kazutoshi_Mori,https://openalex.org/authors/A5024825620,Cell Biology,1307.0,"Biochemistry, Genetics and Molecular Biology",Life Sciences,Yes,,Cell Biology,1307,"Biochemistry, Genetics and Molecular Biology",Kazutoshi Mori correct. Cell Biology matches.,individual,1.0,Life Sciences & Medicine
Frontiers of Knowledge Award in Biology and Biomedicine,2024,Peter Walter,For identifying cellular machinery that drives protein folding,https://en.wikipedia.org/wiki/Peter_Walter,https://openalex.org/authors/A5087493059,Cell Biology,1307.0,"Biochemistry, Genetics and Molecular Biology",Life Sciences,Yes,,Cell Biology,1307,"Biochemistry, Genetics and Molecular Biology",Peter Walter correct. Cell Biology matches ER stress/protein folding.,individual,1.0,Life Sciences & Medicine
Frontiers of Knowledge Award in Biology and Biomedicine,2024,Ulrich Hartl,For identifying cellular machinery that drives protein folding,https://en.wikipedia.org/wiki/Ulrich_Hartl,https://openalex.org/authors/A5086048712,Molecular Biology,1312.0,"Biochemistry, Genetics and Molecular Biology",Life Sciences,Yes,,Molecular Biology,1312,"Biochemistry, Genetics and Molecular Biology",Ulrich Hartl correct. Molecular Biology matches protein folding.,individual,1.0,Life Sciences & Medicine
Frontiers of Knowledge Award in Climate Change,2015,Richard Alley,7th edition: For research into ice mechanics and abrupt climate change,https://en.wikipedia.org/wiki/Richard_Alley,https://openalex.org/authors/A5008987835,Atmospheric Science,1902.0,Earth and Planetary Sciences,Physical Sciences,Yes,,Atmospheric Science,1902,Earth and Planetary Sciences,Richard Alley correct. Atmospheric Science matches.,individual,1.0,Earth Sciences
Frontiers of Knowledge Award in Climate Change,2016,Veerabhadran Ramanathan,8th edition: For discovering that non-CO2 pollutants have huge power to alter climate,https://en.wikipedia.org/wiki/Veerabhadran_Ramanathan,https://openalex.org/authors/A5101990054,Atmospheric Science,1902.0,Earth and Planetary Sciences,Physical Sciences,Yes,,Atmospheric Science,1902,Earth and Planetary Sciences,Veerabhadran Ramanathan correct. Atmospheric Science matches.,individual,1.0,Earth Sciences
Frontiers of Knowledge Award in Climate Change,2017,James E. Hansen,9th edition: For mathematical models predicting global warming from CO2,https://en.wikipedia.org/wiki/James_E._Hansen,https://openalex.org/authors/A5069096450,Global and Planetary Change,2306.0,Environmental Science,Physical Sciences,Yes,,Atmospheric Science,1902,Earth and Planetary Sciences,James Hansen correct. Changed from Global/Planetary Change to Atmospheric Science for climate modeling.,individual,1.0,Earth Sciences
Frontiers of Knowledge Award in Climate Change,2017,Syukuro Manabe,9th edition: For mathematical models predicting global warming from CO2,https://en.wikipedia.org/wiki/Syukuro_Manabe,https://openalex.org/authors/A5045338372,Global and Planetary Change,2306.0,Environmental Science,Physical Sciences,Yes,,Atmospheric Science,1902,Earth and Planetary Sciences,Syukuro Manabe correct. Changed from Global/Planetary Change to Atmospheric Science.,individual,1.0,Earth Sciences
Frontiers of Knowledge Award in Climate Change,2018,William Nordhaus,10th edition: For founding climate change economics,https://en.wikipedia.org/wiki/William_Nordhaus,https://openalex.org/authors/A5040379196,Economics and Econometrics,2002.0,"Economics, Econometrics and Finance",Social Sciences,Yes,,Economics and Econometrics,2002,"Economics, Econometrics and Finance",William Nordhaus correct. Economics matches climate economics.,individual,1.0,Business & Econ
Frontiers of Knowledge Award in Climate Change,2019,Anny Cazenave,11th edition: For detecting sea level response to climate change,https://en.wikipedia.org/wiki/Anny_Cazenave,https://openalex.org/authors/A5050918085,Oceanography,1910.0,Earth and Planetary Sciences,Physical Sciences,Yes,,Oceanography,1910,Earth and Planetary Sciences,Anny Cazenave correct. Oceanography matches sea level.,individual,1.0,Earth Sciences
Frontiers of Knowledge Award in Climate Change,2019,John A. Church,11th edition: For detecting sea level response to climate change,https://en.wikipedia.org/wiki/John_A._Church,https://openalex.org/authors/A5000731317,Oceanography,1910.0,Earth and Planetary Sciences,Physical Sciences,Yes,,Oceanography,1910,Earth and Planetary Sciences,John Church correct. Oceanography matches sea level.,individual,1.0,Earth Sciences
Frontiers of Knowledge Award in Climate Change,2019,Jonathan Gregory,11th edition: For detecting sea level response to climate change,https://en.wikipedia.org/wiki/Jonathan_Gregory,https://openalex.org/authors/A5052200612,Global and Planetary Change,2306.0,Environmental Science,Physical Sciences,Yes,,Atmospheric Science,1902,Earth and Planetary Sciences,Jonathan Gregory correct. Changed from Global/Planetary Change to Atmospheric Science.,individual,1.0,Earth Sciences
Frontiers of Knowledge Award in Climate Change,2020,Kerry Emanuel,12th edition: For linking hurricane intensification with warming seas,https://en.wikipedia.org/wiki/Kerry_Emanuel,https://openalex.org/authors/A5111787253,Atmospheric Science,1902.0,Earth and Planetary Sciences,Physical Sciences,Yes,,Atmospheric Science,1902,Earth and Planetary Sciences,Kerry Emanuel correct. Atmospheric Science matches hurricane research.,individual,1.0,Earth Sciences
Frontiers of Knowledge Award in Climate Change,2021,Ian Burton,13th edition: For incorporating adaptation into climate change action,https://en.wikipedia.org/wiki/Ian_Burton,https://openalex.org/authors/A5045281357,Sociology and Political Science,3312.0,Social Sciences,Social Sciences,Yes,,Global and Planetary Change,2306,Environmental Science,Ian Burton at U Toronto correct. Changed from Sociology to Global and Planetary Change for climate adaptation.,individual,1.0,Earth Sciences
Frontiers of Knowledge Award in Climate Change,2021,Karen O'Brien,13th edition: For incorporating adaptation into climate change action,https://en.wikipedia.org/wiki/Karen_O'Brien,https://openalex.org/authors/A5040738971,Global and Planetary Change,2306.0,Environmental Science,Physical Sciences,Yes,,Global and Planetary Change,2306,Environmental Science,Karen OBrien at U Oslo correct. Global and Planetary Change matches.,individual,1.0,Earth Sciences
Frontiers of Knowledge Award in Climate Change,2021,Neil Adger,13th edition: For incorporating adaptation into climate change action,https://en.wikipedia.org/wiki/Neil_Adger,https://openalex.org/authors/A5000089168,Sociology and Political Science,3312.0,Social Sciences,Social Sciences,Yes,,Global and Planetary Change,2306,Environmental Science,Neil Adger at U Exeter correct. Changed from Sociology to Global and Planetary Change for climate adaptation.,individual,1.0,Earth Sciences
Frontiers of Knowledge Award in Climate Change,2022,Ellen Mosley-Thompson,14th edition: For demonstrating climate change impacts through glacier ice studies,https://en.wikipedia.org/wiki/Ellen_Mosley-Thompson,https://openalex.org/authors/A5000171258,Atmospheric Science,1902.0,Earth and Planetary Sciences,Physical Sciences,Yes,,Atmospheric Science,1902,Earth and Planetary Sciences,Ellen Mosley-Thompson correct. Atmospheric Science matches.,individual,1.0,Earth Sciences
Frontiers of Knowledge Award in Climate Change,2022,Lonnie Thompson,14th edition: For demonstrating climate change impacts through glacier ice studies,https://en.wikipedia.org/wiki/Lonnie_Thompson,https://openalex.org/authors/A5006831636,Atmospheric Science,1902.0,Earth and Planetary Sciences,Physical Sciences,Yes,,Atmospheric Science,1902,Earth and Planetary Sciences,Lonnie Thompson correct. Atmospheric Science matches.,individual,1.0,Earth Sciences
Frontiers of Knowledge Award in Climate Change,2023,Ellen Thomas,15th edition: For identifying ancient greenhouse effect predicting today's warming impacts,https://en.wikipedia.org/wiki/Ellen_Thomas,https://openalex.org/authors/A5082968355,Atmospheric Science,1902.0,Earth and Planetary Sciences,Physical Sciences,Yes,,Paleontology,1911,Earth and Planetary Sciences,Ellen Thomas correct. Changed from Atmospheric Science to Paleontology for ancient greenhouse research.,individual,1.0,Earth Sciences
Frontiers of Knowledge Award in Climate Change,2023,James Zachos,15th edition: For identifying ancient greenhouse effect predicting today's warming impacts,https://en.wikipedia.org/wiki/James_Zachos,https://openalex.org/authors/A5017746355,Atmospheric Science,1902.0,Earth and Planetary Sciences,Physical Sciences,Yes,,Atmospheric Science,1902,Earth and Planetary Sciences,James Zachos correct. Atmospheric Science matches paleoclimatology.,individual,1.0,Earth Sciences
Frontiers of Knowledge Award in Climate Change,2024,Dorthe Dahl-Jensen,16th edition: For discovering greenhouse gas-temperature links in polar ice,https://en.wikipedia.org/wiki/Dorthe_Dahl-Jensen,https://openalex.org/authors/A5087263950,Atmospheric Science,1902.0,Earth and Planetary Sciences,Physical Sciences,Yes,,Atmospheric Science,1902,Earth and Planetary Sciences,Dorthe Dahl-Jensen correct. Atmospheric Science matches.,individual,1.0,Earth Sciences
Frontiers of Knowledge Award in Climate Change,2024,Jakob Schwander,16th edition: For discovering greenhouse gas-temperature links in polar ice,https://en.wikipedia.org/wiki/Jakob_Schwander,https://openalex.org/authors/A5003719906,Atmospheric Science,1902.0,Earth and Planetary Sciences,Physical Sciences,Yes,,Atmospheric Science,1902,Earth and Planetary Sciences,Jakob Schwander correct. Atmospheric Science matches.,individual,1.0,Earth Sciences
Frontiers of Knowledge Award in Climate Change,2024,Jean Jouzel,16th edition: For discovering greenhouse gas-temperature links in polar ice,https://en.wikipedia.org/wiki/Jean_Jouzel,https://openalex.org/authors/A5111561048,Atmospheric Science,1902.0,Earth and Planetary Sciences,Physical Sciences,Yes,,Atmospheric Science,1902,Earth and Planetary Sciences,Jean Jouzel correct. Atmospheric Science matches.,individual,1.0,Earth Sciences
Frontiers of Knowledge Award in Climate Change,2024,Thomas Stocker,16th edition: For discovering greenhouse gas-temperature links in polar ice,https://en.wikipedia.org/wiki/Thomas_Stocker,https://openalex.org/authors/A5006344650,Atmospheric Science,1902.0,Earth and Planetary Sciences,Physical Sciences,Yes,,Atmospheric Science,1902,Earth and Planetary Sciences,Thomas Stocker correct. Atmospheric Science matches.,individual,1.0,Earth Sciences
Frontiers of Knowledge Award in Climate Change,2024,Valerie Masson-Delmotte,16th edition: For discovering greenhouse gas-temperature links in polar ice,https://en.wikipedia.org/wiki/Val%C3%A9rie_Masson-Delmotte,https://openalex.org/authors/A5054087600,Atmospheric Science,1902.0,Earth and Planetary Sciences,Physical Sciences,Yes,,Atmospheric Science,1902,Earth and Planetary Sciences,Valerie Masson-Delmotte correct. Atmospheric Science matches.,individual,1.0,Earth Sciences
Frontiers of Knowledge Award in Ecology and Conservation Biology,2015,David Tilman,"7th edition: For establishing the value of biodiversity, quantifying how it makes ecosystems more productive, resilient, and stable",https://en.wikipedia.org/wiki/David_Tilman,https://openalex.org/authors/A5023335715,Nature and Landscape Conservation,2309.0,Environmental Science,Physical Sciences,Yes,,Ecology,2303,Environmental Science,David Tilman correct. Changed from Nature/Landscape Conserv to Ecology for biodiversity/ecosystem work.,individual,1.0,Earth Sciences
Frontiers of Knowledge Award in Ecology and Conservation Biology,2016,Ilkka Hanski,8th edition: For understanding how species are affected by man-made habitat fragmentation,https://en.wikipedia.org/wiki/Ilkka_Hanski,https://openalex.org/authors/A5028523124,Nature and Landscape Conservation,2309.0,Environmental Science,Physical Sciences,Yes,,Ecology,2303,Environmental Science,Ilkka Hanski correct. Changed from Nature/Landscape Conserv to Ecology for habitat fragmentation.,individual,1.0,Earth Sciences
Frontiers of Knowledge Award in Ecology and Conservation Biology,2017,Gene E. Likens,9th edition: For seminal contributions to long-term ecosystem research and discovering acid rain in North America,https://en.wikipedia.org/wiki/Gene_E._Likens,https://openalex.org/authors/A5027576315,Environmental Chemistry,2304.0,Environmental Science,Physical Sciences,Yes,,Ecology,2303,Environmental Science,Gene Likens correct. Changed from Environmental Chemistry to Ecology for long-term ecosystem research.,individual,1.0,Earth Sciences
Frontiers of Knowledge Award in Ecology and Conservation Biology,2017,Marten Scheffer,9th edition: For pioneering work on critical transitions in ecosystems and early warning signals for tipping points,https://en.wikipedia.org/wiki/Marten_Scheffer,https://openalex.org/authors/A5045054843,Global and Planetary Change,2306.0,Environmental Science,Physical Sciences,Yes,,Ecology,2303,Environmental Science,Marten Scheffer correct. Changed from Global/Planetary Change to Ecology for ecosystem tipping points.,individual,1.0,Earth Sciences
Frontiers of Knowledge Award in Ecology and Conservation Biology,2018,Peter Grant,10th edition: For understanding mechanisms by which evolution occurs in the wild,https://en.wikipedia.org/wiki/Peter_Grant,https://openalex.org/authors/A5002833217,"Ecology, Evolution, Behavior and Systematics",1105.0,Agricultural and Biological Sciences,Life Sciences,Yes,,"Ecology, Evolution, Behavior and Systematics",1105,Agricultural and Biological Sciences,Peter R. Grant at Princeton correct. Ecology/Evolution matches Darwin finch research.,individual,1.0,Ag. & natural resources
Frontiers of Knowledge Award in Ecology and Conservation Biology,2018,Rosemary Grant,10th edition: For understanding mechanisms by which evolution occurs in the wild,https://en.wikipedia.org/wiki/Rosemary_Grant,https://openalex.org/authors/A5110347180,Genetics,1311.0,"Biochemistry, Genetics and Molecular Biology",Life Sciences,Yes,,"Ecology, Evolution, Behavior and Systematics",1105,Agricultural and Biological Sciences,B. Rosemary Grant at Princeton correct. Changed from Genetics to Ecology/Evolution.,individual,1.0,Ag. & natural resources
Frontiers of Knowledge Award in Ecology and Conservation Biology,2019,Georgina Mace,11th edition: For developing currencies of conservation and biodiversity protection policies,https://en.wikipedia.org/wiki/Georgina_Mace,https://openalex.org/authors/A5018062208,Ecological Modeling,2302.0,Environmental Science,Physical Sciences,Yes,,Nature and Landscape Conservation,2309,Environmental Science,Georgina Mace correct. Changed from Ecological Modeling to Nature/Landscape Conservation for biodiversity policy.,individual,1.0,Earth Sciences
Frontiers of Knowledge Award in Ecology and Conservation Biology,2019,Gretchen C. Daily,11th edition: For developing tools facilitating science-based policies to combat species loss,https://en.wikipedia.org/wiki/Gretchen_C._Daily,https://openalex.org/authors/A5009013374,Global and Planetary Change,2306.0,Environmental Science,Physical Sciences,Yes,,Ecology,2303,Environmental Science,Gretchen Daily correct. Changed from Global/Planetary Change to Ecology.,individual,1.0,Earth Sciences
Frontiers of Knowledge Award in Ecology and Conservation Biology,2020,Carlos M. Duarte,12th edition: For seminal contributions to understanding and protecting marine biodiversity,https://en.wikipedia.org/wiki/Carlos_M._Duarte,https://openalex.org/authors/A5087569260,Oceanography,1910.0,Earth and Planetary Sciences,Physical Sciences,Yes,,Oceanography,1910,Earth and Planetary Sciences,Carlos Duarte correct. Oceanography matches marine biodiversity.,individual,1.0,Earth Sciences
Frontiers of Knowledge Award in Ecology and Conservation Biology,2020,Daniel Pauly,12th edition: For documenting the decline in global fisheries,https://en.wikipedia.org/wiki/Daniel_Pauly,https://openalex.org/authors/A5008317354,Global and Planetary Change,2306.0,Environmental Science,Physical Sciences,Yes,,Ecology,2303,Environmental Science,Daniel Pauly correct. Changed from Global/Planetary Change to Ecology for fisheries.,individual,1.0,Earth Sciences
Frontiers of Knowledge Award in Ecology and Conservation Biology,2020,Terence P. Hughes,12th edition: For drawing attention to the global loss of coral ecosystems,https://en.wikipedia.org/wiki/Terence_P._Hughes,https://openalex.org/authors/A5006299972,Ecology,2303.0,Environmental Science,Physical Sciences,Yes,,Ecology,2303,Environmental Science,Terence Hughes correct. Ecology matches coral ecosystems.,individual,1.0,Earth Sciences
Frontiers of Knowledge Award in Ecology and Conservation Biology,2021,Mark Westoby,13th edition: For linking plant functional traits to ecosystem functioning at a global scale,https://en.wikipedia.org/wiki/Mark_Westoby,https://openalex.org/authors/A5006801508,Nature and Landscape Conservation,2309.0,Environmental Science,Physical Sciences,Yes,,Ecology,2303,Environmental Science,Mark Westoby correct. Changed from Nature/Landscape Conserv to Ecology for plant functional traits.,individual,1.0,Earth Sciences
Frontiers of Knowledge Award in Ecology and Conservation Biology,2021,Sandra Diaz,13th edition: For linking plant functional traits to ecosystem functioning at a global scale,https://en.wikipedia.org/wiki/Sandra_D%C3%ADaz_(ecologist),https://openalex.org/authors/A5008623763,Nature and Landscape Conservation,2309.0,Environmental Science,Physical Sciences,Yes,,Ecology,2303,Environmental Science,Sandra Diaz correct. Changed from Nature/Landscape Conserv to Ecology.,individual,1.0,Earth Sciences
Frontiers of Knowledge Award in Ecology and Conservation Biology,2021,Sandra Lavorel,13th edition: For linking plant functional traits to ecosystem functioning at a global scale,https://en.wikipedia.org/wiki/Sandra_Lavorel,https://openalex.org/authors/A5083258082,Nature and Landscape Conservation,2309.0,Environmental Science,Physical Sciences,Yes,,Ecology,2303,Environmental Science,Sandra Lavorel correct. Changed from Nature/Landscape Conserv to Ecology.,individual,1.0,Earth Sciences
Frontiers of Knowledge Award in Ecology and Conservation Biology,2022,Lenore Fahrig,14th edition: For incorporating the spatial dimension into ecological science,https://en.wikipedia.org/wiki/Lenore_Fahrig,https://openalex.org/authors/A5034472885,Nature and Landscape Conservation,2309.0,Environmental Science,Physical Sciences,Yes,,Ecology,2303,Environmental Science,Lenore Fahrig correct. Changed from Nature/Landscape Conserv to Ecology for spatial ecology.,individual,1.0,Earth Sciences
Frontiers of Knowledge Award in Ecology and Conservation Biology,2022,Simon Levin,14th edition: For incorporating the spatial dimension into ecological science,https://en.wikipedia.org/wiki/Simon_Levin,https://openalex.org/authors/A5077712228,Genetics,1311.0,"Biochemistry, Genetics and Molecular Biology",Life Sciences,Yes,,Ecology,2303,Environmental Science,Simon Levin at Princeton correct. Changed from Genetics to Ecology for spatial ecology.,individual,1.0,Earth Sciences
Frontiers of Knowledge Award in Ecology and Conservation Biology,2022,Steward Pickett,14th edition: For incorporating the spatial dimension into ecological science,https://en.wikipedia.org/wiki/Steward_Pickett,https://openalex.org/authors/A5062031872,Global and Planetary Change,2306.0,Environmental Science,Physical Sciences,Yes,,Ecology,2303,Environmental Science,Steward Pickett correct. Changed from Global/Planetary Change to Ecology for spatial ecology.,individual,1.0,Earth Sciences
Frontiers of Knowledge Award in Ecology and Conservation Biology,2023,Jeanne Altmann,15th edition: For establishing the key role of social behavior in animal evolution,https://en.wikipedia.org/wiki/Jeanne_Altmann,https://openalex.org/authors/A5054843918,Social Psychology,3207.0,Psychology,Social Sciences,Yes,,"Ecology, Evolution, Behavior and Systematics",1105,Agricultural and Biological Sciences,Jeanne Altmann correct. Changed from Social Psychology to Ecology/Evolution for animal behavior.,individual,1.0,Ag. & natural resources
Frontiers of Knowledge Award in Ecology and Conservation Biology,2023,Marlene Zuk,15th edition: For establishing the key role of social behavior in animal evolution,https://en.wikipedia.org/wiki/Marlene_Zuk,https://openalex.org/authors/A5089066086,"Ecology, Evolution, Behavior and Systematics",1105.0,Agricultural and Biological Sciences,Life Sciences,Yes,,"Ecology, Evolution, Behavior and Systematics",1105,Agricultural and Biological Sciences,Marlene Zuk correct. Ecology/Evolution matches.,individual,1.0,Ag. & natural resources
Frontiers of Knowledge Award in Ecology and Conservation Biology,2023,Susan Alberts,15th edition: For establishing the key role of social behavior in animal evolution,https://en.wikipedia.org/wiki/Susan_Alberts,https://openalex.org/authors/A5007247836,Social Psychology,3207.0,Psychology,Social Sciences,Yes,,"Ecology, Evolution, Behavior and Systematics",1105,Agricultural and Biological Sciences,Susan Alberts at Duke correct. Changed from Social Psychology to Ecology/Evolution for primate behavior.,individual,1.0,Ag. & natural resources
Frontiers of Knowledge Award in Ecology and Conservation Biology,2024,Gerardo Ceballos,16th edition: For quantifying the scale of the Sixth Mass Extinction,https://en.wikipedia.org/wiki/Gerardo_Ceballos,https://openalex.org/authors/A5081365086,Ecology,2303.0,Environmental Science,Physical Sciences,Yes,,Ecology,2303,Environmental Science,Gerardo Ceballos correct. Ecology matches mass extinction work.,individual,1.0,Earth Sciences
Frontiers of Knowledge Award in Ecology and Conservation Biology,2024,Rodolfo Dirzo,16th edition: For quantifying the scale of the Sixth Mass Extinction,https://en.wikipedia.org/wiki/Rodolfo_Dirzo,https://openalex.org/authors/A5079237908,Nature and Landscape Conservation,2309.0,Environmental Science,Physical Sciences,Yes,,Ecology,2303,Environmental Science,Rodolfo Dirzo correct. Changed from Nature/Landscape Conserv to Ecology.,individual,1.0,Earth Sciences
"Frontiers of Knowledge Award in Economics, Finance and Management",2015,David Card,"7th edition: For contributions to empirical microeconomics, specifically labor economics and the economics of education",https://en.wikipedia.org/wiki/David_Card,https://openalex.org/authors/A5090324651,Economics and Econometrics,2002.0,"Economics, Econometrics and Finance",Social Sciences,Yes,,Economics and Econometrics,2002,"Economics, Econometrics and Finance",David Card correct. Economics matches.,individual,1.0,Business & Econ
"Frontiers of Knowledge Award in Economics, Finance and Management",2015,Richard Blundell,"7th edition: For contributions to empirical microeconomics, particularly the analysis of labor supply, consumer demand, and tax policy",https://en.wikipedia.org/wiki/Richard_Blundell,https://openalex.org/authors/A5089998471,Gender Studies,3318.0,Social Sciences,Social Sciences,Yes,,Economics and Econometrics,2002,"Economics, Econometrics and Finance",Richard Blundell correct. Changed from Gender Studies to Economics.,individual,1.0,Business & Econ
"Frontiers of Knowledge Award in Economics, Finance and Management",2016,Robert B. Wilson,8th edition: For pioneering contributions to the analysis of strategic interactions when economic agents have limited and different information,https://en.wikipedia.org/wiki/Robert_B._Wilson,,Astronomy and Astrophysics,3103.0,Physics and Astronomy,Physical Sciences,Yes,,Economics and Econometrics,2002,"Economics, Econometrics and Finance",Robert Wilson profile may be conflated but includes auction theory. Changed from Astronomy to Economics. | 2026-09-09 snapshot audit: id removed (A5103241693 is a merged astrophysics+economics profile); no clean profile for the Stanford economist,individual,1.0,Business & Econ
"Frontiers of Knowledge Award in Economics, Finance and Management",2017,Daron Acemoglu,9th edition: For establishing the key role of institutions in fostering economic development,https://en.wikipedia.org/wiki/Daron_Acemoglu,https://openalex.org/authors/A5012301204,Economics and Econometrics,2002.0,"Economics, Econometrics and Finance",Social Sciences,Yes,,Economics and Econometrics,2002,"Economics, Econometrics and Finance",Daron Acemoglu correct. Economics matches.,individual,1.0,Business & Econ
"Frontiers of Knowledge Award in Economics, Finance and Management",2018,Ariel Pakes,10th edition: For founding and shaping the field of empirical industrial organization,https://en.wikipedia.org/wiki/Ariel_Pakes,https://openalex.org/authors/A5065421458,Marketing,1406.0,"Business, Management and Accounting",Social Sciences,Yes,,Economics and Econometrics,2002,"Economics, Econometrics and Finance",Ariel Pakes at Harvard correct. Changed from Marketing to Economics for IO.,individual,1.0,Business & Econ
"Frontiers of Knowledge Award in Economics, Finance and Management",2018,Robert Porter,10th edition: For founding and shaping the field of empirical industrial organization,https://en.wikipedia.org/wiki/Robert_Porter,https://openalex.org/authors/A5084039091,Management Science and Operations Research,1803.0,Decision Sciences,Social Sciences,Yes,,Economics and Econometrics,2002,"Economics, Econometrics and Finance",Robert H. Porter correct. Changed from MSOR to Economics for IO.,individual,1.0,Business & Econ
"Frontiers of Knowledge Award in Economics, Finance and Management",2018,Timothy Bresnahan,10th edition: For founding and shaping the field of empirical industrial organization,https://en.wikipedia.org/wiki/Timothy_Bresnahan,https://openalex.org/authors/A5026846470,Strategy and Management,1408.0,"Business, Management and Accounting",Social Sciences,Yes,,Economics and Econometrics,2002,"Economics, Econometrics and Finance",Timothy Bresnahan at Stanford correct. Changed from Strategy to Economics for IO.,individual,1.0,Business & Econ
"Frontiers of Knowledge Award in Economics, Finance and Management",2019,Claudia Goldin,11th edition: For pioneering economic analysis of the gender gap and the role of women in the economy,https://en.wikipedia.org/wiki/Claudia_Goldin,https://openalex.org/authors/A5000387389,Gender Studies,3318.0,Social Sciences,Social Sciences,Yes,,Economics and Econometrics,2002,"Economics, Econometrics and Finance",Claudia Goldin correct. Changed from Gender Studies to Economics.,individual,1.0,Business & Econ
"Frontiers of Knowledge Award in Economics, Finance and Management",2020,Peter Howitt,12th edition: For developing economic growth theory based on innovation and creative destruction,https://en.wikipedia.org/wiki/Peter_Howitt,https://openalex.org/authors/A5053865318,Economics and Econometrics,2002.0,"Economics, Econometrics and Finance",Social Sciences,Yes,,Economics and Econometrics,2002,"Economics, Econometrics and Finance",Peter Howitt correct. Economics matches growth theory.,individual,1.0,Business & Econ
"Frontiers of Knowledge Award in Economics, Finance and Management",2020,Philippe Aghion,12th edition: For developing economic growth theory based on innovation and creative destruction,https://en.wikipedia.org/wiki/Philippe_Aghion,https://openalex.org/authors/A5084984675,Economics and Econometrics,2002.0,"Economics, Econometrics and Finance",Social Sciences,Yes,,Economics and Econometrics,2002,"Economics, Econometrics and Finance",Philippe Aghion correct. Economics matches.,individual,1.0,Business & Econ
"Frontiers of Knowledge Award in Economics, Finance and Management",2021,Ben S. Bernanke,13th edition: For establishing the nature of the linkage between the financial sector and the real economy and how it amplifies crises,https://en.wikipedia.org/wiki/Ben_S._Bernanke,https://openalex.org/authors/A5054650430,"General Economics, Econometrics and Finance",2000.0,"Economics, Econometrics and Finance",Social Sciences,Yes,,Economics and Econometrics,2002,"Economics, Econometrics and Finance",Ben Bernanke correct. Changed from General Econ to Economics.,individual,1.0,Business & Econ
"Frontiers of Knowledge Award in Economics, Finance and Management",2021,John Moore,13th edition: For establishing the nature of the linkage between the financial sector and the real economy and how it amplifies crises,https://en.wikipedia.org/wiki/John_Moore,https://openalex.org/authors/A5103444001,Economics and Econometrics,2002.0,"Economics, Econometrics and Finance",Social Sciences,Yes,,Economics and Econometrics,2002,"Economics, Econometrics and Finance",John Moore correct. Economics matches.,individual,1.0,Business & Econ
"Frontiers of Knowledge Award in Economics, Finance and Management",2021,Mark Gertler,13th edition: For establishing the nature of the linkage between the financial sector and the real economy and how it amplifies crises,https://en.wikipedia.org/wiki/Mark_Gertler,https://openalex.org/authors/A5003301823,"General Economics, Econometrics and Finance",2000.0,"Economics, Econometrics and Finance",Social Sciences,Yes,,Economics and Econometrics,2002,"Economics, Econometrics and Finance",Mark Gertler correct. Changed from General Econ to Economics.,individual,1.0,Business & Econ
"Frontiers of Knowledge Award in Economics, Finance and Management",2021,Nobuhiro Kiyotaki,13th edition: For establishing the nature of the linkage between the financial sector and the real economy and how it amplifies crises,https://en.wikipedia.org/wiki/Nobuhiro_Kiyotaki,https://openalex.org/authors/A5086180955,Economics and Econometrics,2002.0,"Economics, Econometrics and Finance",Social Sciences,Yes,,Economics and Econometrics,2002,"Economics, Econometrics and Finance",Nobuhiro Kiyotaki correct. Economics matches.,individual,1.0,Business & Econ
"Frontiers of Knowledge Award in Economics, Finance and Management",2022,Matthew O. Jackson,14th edition: For illuminating the key role of networks in the transactions of economic and social life,https://en.wikipedia.org/wiki/Matthew_O._Jackson,https://openalex.org/authors/A5044618645,Management Science and Operations Research,1803.0,Decision Sciences,Social Sciences,Yes,,Economics and Econometrics,2002,"Economics, Econometrics and Finance",Matthew O. Jackson at Stanford correct. Changed from MSOR to Economics for networks.,individual,1.0,Business & Econ
"Frontiers of Knowledge Award in Economics, Finance and Management",2023,Guido Tabellini,"15th edition: For transforming political economy into a modern, empirical, interdisciplinary science",https://en.wikipedia.org/wiki/Guido_Tabellini,https://openalex.org/authors/A5083259949,Economics and Econometrics,2002.0,"Economics, Econometrics and Finance",Social Sciences,Yes,,Economics and Econometrics,2002,"Economics, Econometrics and Finance",Guido Tabellini correct. Economics matches political economy.,individual,1.0,Business & Econ
"Frontiers of Knowledge Award in Economics, Finance and Management",2023,Timothy J. Besley,"15th edition: For transforming political economy into a modern, empirical, interdisciplinary science",https://en.wikipedia.org/wiki/Timothy_J._Besley,https://openalex.org/authors/A5042259760,Sociology and Political Science,3312.0,Social Sciences,Social Sciences,Yes,,Economics and Econometrics,2002,"Economics, Econometrics and Finance",Timothy Besley correct. Changed from Sociology to Economics for political economy.,individual,1.0,Business & Econ
"Frontiers of Knowledge Award in Economics, Finance and Management",2023,Torsten Persson,"15th edition: For transforming political economy into a modern, empirical, interdisciplinary science",https://en.wikipedia.org/wiki/Torsten_Persson,https://openalex.org/authors/A5103995182,Economics and Econometrics,2002.0,"Economics, Econometrics and Finance",Social Sciences,Yes,,Economics and Econometrics,2002,"Economics, Econometrics and Finance",Torsten Persson correct. Economics matches.,individual,1.0,Business & Econ
"Frontiers of Knowledge Award in Economics, Finance and Management",2024,Partha Dasgupta,16th edition: For defining the field of environmental economics by incorporating and quantifying the social value of nature,https://en.wikipedia.org/wiki/Partha_Dasgupta,https://openalex.org/authors/A5109204185,"Management, Monitoring, Policy and Law",2308.0,Environmental Science,Physical Sciences,Yes,,Economics and Econometrics,2002,"Economics, Econometrics and Finance",Partha Dasgupta correct. Changed from Management/Policy to Economics for environmental economics.,individual,1.0,Business & Econ
Godel Prize,2015,Daniel A. Spielman,For 'Smoothed Analysis of Algorithms: Why the Simplex Algorithm Usually Takes Polynomial Time',https://en.wikipedia.org/wiki/Daniel_A._Spielman,https://openalex.org/authors/A5061644327,Computational Theory and Mathematics,1703.0,Computer Science,Physical Sciences,Yes,,Computational Theory and Mathematics,1703.0,Computer Science,Profile correct. Computational Theory and Mathematics matches Godel Prize.,individual,1.0,"Computing, electrical"
Godel Prize,2015,Shang-Hua Teng,For 'Smoothed Analysis of Algorithms: Why the Simplex Algorithm Usually Takes Polynomial Time',https://en.wikipedia.org/wiki/Shang-Hua_Teng,https://openalex.org/authors/A5102005063,Computational Theory and Mathematics,1703.0,Computer Science,Physical Sciences,Yes,,Computational Theory and Mathematics,1703.0,Computer Science,Profile correct. Computational Theory and Mathematics matches Godel Prize.,individual,1.0,"Computing, electrical"
Godel Prize,2016,Peter W. O'Hearn,For papers on concurrent separation logic,https://en.wikipedia.org/wiki/Peter_W._O'Hearn,https://openalex.org/authors/A5068136684,Artificial Intelligence,1702.0,Computer Science,Physical Sciences,Yes,,Computational Theory and Mathematics,1703.0,Computer Science,Profile correct. Computational Theory and Mathematics matches Godel Prize.,individual,1.0,"Computing, electrical"
Godel Prize,2016,Stephen Brookes,For papers on concurrent separation logic,https://en.wikipedia.org/wiki/Stephen_Brookes,https://openalex.org/authors/A5075215244,Artificial Intelligence,1702.0,Computer Science,Physical Sciences,Yes,,Computational Theory and Mathematics,1703.0,Computer Science,Profile correct. Computational Theory and Mathematics matches Godel Prize.,individual,1.0,"Computing, electrical"
Godel Prize,2017,Adam Smith,For foundational work on differential privacy,https://en.wikipedia.org/wiki/Adam_D._Smith,https://openalex.org/authors/A5079131956,Artificial Intelligence,1702.0,Computer Science,Physical Sciences,Yes,,Computational Theory and Mathematics,1703.0,Computer Science,Profile correct. Computational Theory and Mathematics matches Godel Prize.,individual,1.0,"Computing, electrical"
Godel Prize,2017,Cynthia Dwork,For foundational work on differential privacy,https://en.wikipedia.org/wiki/Cynthia_Dwork,https://openalex.org/authors/A5011820318,Artificial Intelligence,1702.0,Computer Science,Physical Sciences,Yes,,Computational Theory and Mathematics,1703.0,Computer Science,Profile correct. Computational Theory and Mathematics matches Godel Prize.,individual,1.0,"Computing, electrical"
Godel Prize,2017,Frank McSherry,For foundational work on differential privacy,https://en.wikipedia.org/wiki/Frank_McSherry,https://openalex.org/authors/A5038292473,Artificial Intelligence,1702.0,Computer Science,Physical Sciences,Yes,,Computational Theory and Mathematics,1703.0,Computer Science,Profile correct. Computational Theory and Mathematics matches Godel Prize.,individual,1.0,"Computing, electrical"
Godel Prize,2017,Kobbi Nissim,For foundational work on differential privacy,https://en.wikipedia.org/wiki/Kobbi_Nissim,https://openalex.org/authors/A5066000219,Artificial Intelligence,1702.0,Computer Science,Physical Sciences,Yes,,Computational Theory and Mathematics,1703.0,Computer Science,Profile correct. Computational Theory and Mathematics matches Godel Prize.,individual,1.0,"Computing, electrical"
Godel Prize,2018,Oded Regev,"For 'On Lattices, Learning with Errors, Random Linear Codes, and Cryptography'",https://en.wikipedia.org/wiki/Oded_Regev,https://openalex.org/authors/A5049700941,Artificial Intelligence,1702.0,Computer Science,Physical Sciences,Yes,,Computational Theory and Mathematics,1703.0,Computer Science,Profile correct. Computational Theory and Mathematics matches Godel Prize.,individual,1.0,"Computing, electrical"
Godel Prize,2019,Irit Dinur,For 'The PCP Theorem by Gap Amplification',https://en.wikipedia.org/wiki/Irit_Dinur,https://openalex.org/authors/A5029616850,Computational Theory and Mathematics,1703.0,Computer Science,Physical Sciences,Yes,,Computational Theory and Mathematics,1703.0,Computer Science,Profile correct. Computational Theory and Mathematics matches Godel Prize.,individual,1.0,"Computing, electrical"
Godel Prize,2020,Gabor Tardos,For 'A Constructive Proof of the General Lovasz Local Lemma',https://en.wikipedia.org/wiki/G%C3%A1bor_Tardos,https://openalex.org/authors/A5031444562,Computational Theory and Mathematics,1703.0,Computer Science,Physical Sciences,Yes,,Computational Theory and Mathematics,1703.0,Computer Science,Profile correct. Computational Theory and Mathematics matches Godel Prize.,individual,1.0,"Computing, electrical"
Godel Prize,2020,Robin A. Moser,For 'A Constructive Proof of the General Lovasz Local Lemma',https://en.wikipedia.org/wiki/Robin_A._Moser,https://openalex.org/authors/A5073935967,Computational Theory and Mathematics,1703.0,Computer Science,Physical Sciences,Yes,,Computational Theory and Mathematics,1703.0,Computer Science,Profile correct. Computational Theory and Mathematics matches Godel Prize.,individual,1.0,"Computing, electrical"
Godel Prize,2021,Andrei Bulatov,For proving the Feder-Vardi Dichotomy Conjecture on constraint satisfaction,https://en.wikipedia.org/wiki/Andrei_Bulatov,https://openalex.org/authors/A5108247017,Computational Theory and Mathematics,1703.0,Computer Science,Physical Sciences,Yes,,Computational Theory and Mathematics,1703.0,Computer Science,Profile correct. Computational Theory and Mathematics matches Godel Prize.,individual,1.0,"Computing, electrical"
Godel Prize,2021,David Richerby,,,https://openalex.org/authors/A5074554452,Computational Theory and Mathematics,1703.0,Computer Science,Physical Sciences,Yes,,Computational Theory and Mathematics,1703.0,Computer Science,"2026-09-11 coverage audit: added, add colaureate; id from the snapshot name scan, largest field-consistent profile (61 works). Source: https://www.sigact.org/prizes/g%C3%B6del.html",individual,1.0,"Computing, electrical"
Godel Prize,2021,Jin-Yi Cai,,,https://openalex.org/authors/A5101599971,Computational Theory and Mathematics,1703.0,Computer Science,Physical Sciences,Yes,,Computational Theory and Mathematics,1703.0,Computer Science,"2026-09-11 coverage audit: added, add colaureate; id from the snapshot name scan, largest field-consistent profile (335 works). Source: https://www.cs.wisc.edu/?p=6552",individual,1.0,"Computing, electrical"
Godel Prize,2021,Martin E. Dyer,,,https://openalex.org/authors/A5019297501,Statistics and Probability,2613.0,Mathematics,Physical Sciences,Yes,,Statistics and Probability,2613.0,Mathematics,"2026-09-11 coverage audit: added, add colaureate; id from the snapshot name scan, largest field-consistent profile (212 works). Source: https://www.sigact.org/prizes/g%C3%B6del.html",individual,1.0,Math
Godel Prize,2021,Xi Chen,,,,,,Computer Science,,No,,,,Computer Science,"2026-09-11 coverage audit: added, add colaureate; NO OpenAlex id: only fragmentary profiles in the snapshot; field set to the prize's modal field. Source: https://www.engineering.columbia.edu/news/xi-chen-godel-fulkerson-prizes",individual,1.0,"Computing, electrical"
Godel Prize,2022,Craig Gentry,For papers on fully homomorphic encryption,https://en.wikipedia.org/wiki/Craig_Gentry,https://openalex.org/authors/A5044697595,Artificial Intelligence,1702.0,Computer Science,Physical Sciences,Yes,,Computational Theory and Mathematics,1703.0,Computer Science,Profile correct. Computational Theory and Mathematics matches Godel Prize.,individual,1.0,"Computing, electrical"
Godel Prize,2022,Vinod Vaikuntanathan,For papers on fully homomorphic encryption,https://en.wikipedia.org/wiki/Vinod_Vaikuntanathan,https://openalex.org/authors/A5000240220,Artificial Intelligence,1702.0,Computer Science,Physical Sciences,Yes,,Computational Theory and Mathematics,1703.0,Computer Science,Profile correct. Computational Theory and Mathematics matches Godel Prize.,individual,1.0,"Computing, electrical"
Godel Prize,2022,Zvika Brakerski,For papers on fully homomorphic encryption,https://en.wikipedia.org/wiki/Zvika_Brakerski,https://openalex.org/authors/A5023852532,Artificial Intelligence,1702.0,Computer Science,Physical Sciences,Yes,,Computational Theory and Mathematics,1703.0,Computer Science,Profile correct. Computational Theory and Mathematics matches Godel Prize.,individual,1.0,"Computing, electrical"
Godel Prize,2023,Hans Raj Tiwary,For papers on extension complexity of the TSP polytope,https://en.wikipedia.org/wiki/Hans_Raj_Tiwary,https://openalex.org/authors/A5036380953,Computational Theory and Mathematics,1703.0,Computer Science,Physical Sciences,Yes,,Computational Theory and Mathematics,1703.0,Computer Science,Profile correct. Computational Theory and Mathematics matches Godel Prize.,individual,1.0,"Computing, electrical"
Godel Prize,2023,Ronald de Wolf,For papers on extension complexity of the TSP polytope,https://en.wikipedia.org/wiki/Ronald_de_Wolf,https://openalex.org/authors/A5066563480,Artificial Intelligence,1702.0,Computer Science,Physical Sciences,Yes,,Computational Theory and Mathematics,1703.0,Computer Science,Profile correct. Computational Theory and Mathematics matches Godel Prize.,individual,1.0,"Computing, electrical"
Godel Prize,2023,Samuel Fiorini,For papers on extension complexity of the TSP polytope,https://en.wikipedia.org/wiki/Samuel_Fiorini,https://openalex.org/authors/A5001781037,Computational Theory and Mathematics,1703.0,Computer Science,Physical Sciences,Yes,,Computational Theory and Mathematics,1703.0,Computer Science,Profile correct. Computational Theory and Mathematics matches Godel Prize.,individual,1.0,"Computing, electrical"
Godel Prize,2023,Sebastian Pokutta,For papers on extension complexity of the TSP polytope,https://en.wikipedia.org/wiki/Sebastian_Pokutta,https://openalex.org/authors/A5043574831,Computational Theory and Mathematics,1703.0,Computer Science,Physical Sciences,Yes,,Computational Theory and Mathematics,1703.0,Computer Science,Profile correct. Computational Theory and Mathematics matches Godel Prize.,individual,1.0,"Computing, electrical"
Godel Prize,2023,Serge Massar,For papers on extension complexity of the TSP polytope,https://en.wikipedia.org/wiki/Serge_Massar,https://openalex.org/authors/A5024306150,Artificial Intelligence,1702.0,Computer Science,Physical Sciences,Yes,,Computational Theory and Mathematics,1703.0,Computer Science,Profile correct. Computational Theory and Mathematics matches Godel Prize.,individual,1.0,"Computing, electrical"
Godel Prize,2023,Thomas Rothvoss,For papers on extension complexity of the TSP polytope,https://en.wikipedia.org/wiki/Thomas_Rothvoss,https://openalex.org/authors/A5008952420,Computational Theory and Mathematics,1703.0,Computer Science,Physical Sciences,Yes,,Computational Theory and Mathematics,1703.0,Computer Science,Profile correct. Computational Theory and Mathematics matches Godel Prize.,individual,1.0,"Computing, electrical"
Godel Prize,2024,Ryan Williams,For 'Non-Uniform ACC Circuit Lower Bounds',https://en.wikipedia.org/wiki/Ryan_Williams,https://openalex.org/authors/A5063871533,Social Psychology,3207.0,Psychology,Social Sciences,Yes,https://openalex.org/authors/A5063871533,Computational Theory and Mathematics,1703.0,Computer Science,"WRONG PROFILE: A5001390698 is Richard M. Ryan (psychologist). Corrected to Ryan Williams (A5063871533) at MIT, 223 works in theoretical CS.",individual,1.0,"Computing, electrical"
Gold Medal of the Royal Astronomical Society,2015,Michel Mayor,Gold Medal (Astronomy): For pioneering detection of exoplanets,https://en.wikipedia.org/wiki/Michel_Mayor,https://openalex.org/authors/A5107428895,Astronomy and Astrophysics,3103.0,Physics and Astronomy,Physical Sciences,Yes,,Astronomy and Astrophysics,3103,Physics and Astronomy,,individual,1.0,Physics & Astronomy
Gold Medal of the Royal Astronomical Society,2015,Mike Lockwood,Gold Medal (Geophysics): For contributions to solar-terrestrial physics,https://en.wikipedia.org/wiki/Mike_Lockwood,https://openalex.org/authors/A5062628135,Astronomy and Astrophysics,3103.0,Physics and Astronomy,Physical Sciences,Yes,https://openalex.org/authors/A5062628135,Astronomy and Astrophysics,3103,Physics and Astronomy,"2026-09-09 snapshot audit: id -> A5062628135 (M. Lockwood, Reading, 23,123 cites); previous A5100389604 = Yuming Wang",individual,1.0,Physics & Astronomy
Gold Medal of the Royal Astronomical Society,2016,John D. Barrow,Gold Medal (Astronomy): For contributions to cosmology and mathematical physics,https://en.wikipedia.org/wiki/John_D._Barrow,https://openalex.org/authors/A5035769834,Astronomy and Astrophysics,3103.0,Physics and Astronomy,Physical Sciences,Yes,,Astronomy and Astrophysics,3103,Physics and Astronomy,,individual,1.0,Physics & Astronomy
Gold Medal of the Royal Astronomical Society,2016,Philip England,Gold Medal (Geophysics): For understanding continental deformation and tectonics,https://en.wikipedia.org/wiki/Philip_England,https://openalex.org/authors/A5066481236,Geophysics,1908.0,Earth and Planetary Sciences,Physical Sciences,Yes,,Geophysics,1908,Earth and Planetary Sciences,,individual,1.0,Earth Sciences
Gold Medal of the Royal Astronomical Society,2017,Michele Dougherty,"Gold Medal (Geophysics): For planetary magnetospheric science, particularly Saturn",https://en.wikipedia.org/wiki/Michele_Dougherty,https://openalex.org/authors/A5033225529,Astronomy and Astrophysics,3103.0,Physics and Astronomy,Physical Sciences,Yes,,Astronomy and Astrophysics,3103,Physics and Astronomy,,individual,1.0,Physics & Astronomy
Gold Medal of the Royal Astronomical Society,2017,Nick Kaiser,Gold Medal (Astronomy): For contributions to cosmological theory and gravitational lensing,https://en.wikipedia.org/wiki/Nick_Kaiser,https://openalex.org/authors/A5112583592,Instrumentation,3105.0,Physics and Astronomy,Physical Sciences,Yes,,Astronomy and Astrophysics,3103,Physics and Astronomy,Subfield changed from Instrumentation to Astronomy and Astrophysics,individual,1.0,Physics & Astronomy
Gold Medal of the Royal Astronomical Society,2018,James Hough,Gold Medal (Astronomy): For contributions to gravitational wave detection,https://en.wikipedia.org/wiki/James_Hough,https://openalex.org/authors/A5048761850,"Public Health, Environmental and Occupational Health",2739.0,Medicine,Health Sciences,Yes,https://openalex.org/authors/A5048761850,Astronomy and Astrophysics,3103,Physics and Astronomy,"Wrong profile (James A. Tulsky, palliative care); corrected to J. Hough A5048761850 at Glasgow",individual,1.0,Physics & Astronomy
Gold Medal of the Royal Astronomical Society,2018,Richard White,Gold Medal (Geophysics): For geomagnetic field modelling,https://en.wikipedia.org/wiki/Richard_White,https://openalex.org/authors/A5014652050,Oncology,2730.0,Medicine,Health Sciences,Yes,https://openalex.org/authors/A5014652050,Geophysics,1908,Earth and Planetary Sciences,"Wrong profile (Richard White, public health); corrected to R. S. White A5014652050 at Cambridge; name in file says Richard White but winner is Robert White",individual,1.0,Earth Sciences
Gold Medal of the Royal Astronomical Society,2019,Margaret Kivelson,Gold Medal (Geophysics): For magnetospheric physics and discovery of Europa's ocean,https://en.wikipedia.org/wiki/Margaret_Kivelson,https://openalex.org/authors/A5017051923,Astronomy and Astrophysics,3103.0,Physics and Astronomy,Physical Sciences,Yes,,Astronomy and Astrophysics,3103,Physics and Astronomy,,individual,1.0,Physics & Astronomy
Gold Medal of the Royal Astronomical Society,2019,Robert Kennicutt,Gold Medal (Astronomy): For understanding star formation in galaxies,https://en.wikipedia.org/wiki/Robert_Kennicutt,https://openalex.org/authors/A5070970580,Astronomy and Astrophysics,3103.0,Physics and Astronomy,Physical Sciences,Yes,,Astronomy and Astrophysics,3103,Physics and Astronomy,,individual,1.0,Physics & Astronomy
Gold Medal of the Royal Astronomical Society,2020,Sandra Faber,Gold Medal (Astronomy): For contributions to galaxy formation and evolution,https://en.wikipedia.org/wiki/Sandra_Faber,https://openalex.org/authors/A5062477074,Instrumentation,3105.0,Physics and Astronomy,Physical Sciences,Yes,,Astronomy and Astrophysics,3103,Physics and Astronomy,Subfield changed from Instrumentation to Astronomy and Astrophysics,individual,1.0,Physics & Astronomy
Gold Medal of the Royal Astronomical Society,2020,Yvonne Elsworth,Gold Medal (Geophysics): For contributions to helioseismology and asteroseismology,https://en.wikipedia.org/wiki/Yvonne_Elsworth,https://openalex.org/authors/A5109478870,Astronomy and Astrophysics,3103.0,Physics and Astronomy,Physical Sciences,Yes,,Astronomy and Astrophysics,3103,Physics and Astronomy,,individual,1.0,Physics & Astronomy
Gold Medal of the Royal Astronomical Society,2021,Jocelyn Bell Burnell,Gold Medal (Astronomy): For career contributions including discovery of pulsars,https://en.wikipedia.org/wiki/Jocelyn_Bell_Burnell,https://openalex.org/authors/A5001892714,Astronomy and Astrophysics,3103.0,Physics and Astronomy,Physical Sciences,Yes,,Astronomy and Astrophysics,3103,Physics and Astronomy,,individual,1.0,Physics & Astronomy
Gold Medal of the Royal Astronomical Society,2021,Thorne Lay,Gold Medal (Geophysics): For seismology and deep Earth structure,https://en.wikipedia.org/wiki/Thorne_Lay,https://openalex.org/authors/A5055979975,Geophysics,1908.0,Earth and Planetary Sciences,Physical Sciences,Yes,,Geophysics,1908,Earth and Planetary Sciences,,individual,1.0,Earth Sciences
Gold Medal of the Royal Astronomical Society,2022,George Efstathiou,Gold Medal (Astronomy): For contributions to Lambda-CDM cosmology,https://en.wikipedia.org/wiki/George_Efstathiou,https://openalex.org/authors/A5039911730,Astronomy and Astrophysics,3103.0,Physics and Astronomy,Physical Sciences,Yes,,Astronomy and Astrophysics,3103,Physics and Astronomy,,individual,1.0,Physics & Astronomy
Gold Medal of the Royal Astronomical Society,2022,Richard B. Horne,Gold Medal (Geophysics): For understanding space weather physics,https://en.wikipedia.org/wiki/Richard_B._Horne,https://openalex.org/authors/A5005989171,Astronomy and Astrophysics,3103.0,Physics and Astronomy,Physical Sciences,Yes,,Astronomy and Astrophysics,3103,Physics and Astronomy,,individual,1.0,Physics & Astronomy
Gold Medal of the Royal Astronomical Society,2023,John Peacock,Gold Medal (Astronomy): For contributions to cosmology,https://en.wikipedia.org/wiki/John_Peacock,https://openalex.org/authors/A5045208440,Pulmonary and Respiratory Medicine,2740.0,Medicine,Health Sciences,Yes,https://openalex.org/authors/A5045208440,Astronomy and Astrophysics,3103,Physics and Astronomy,"Wrong profile (Andrew J. Peacock, pulmonary); corrected to J. A. Peacock A5045208440 at Edinburgh",individual,1.0,Physics & Astronomy
Gold Medal of the Royal Astronomical Society,2023,Timothy Palmer,Gold Medal (Geophysics): For advancing climate and weather prediction,https://en.wikipedia.org/wiki/Timothy_Palmer,https://openalex.org/authors/A5013131077,Molecular Biology,1312.0,"Biochemistry, Genetics and Molecular Biology",Life Sciences,Yes,https://openalex.org/authors/A5013131077,Atmospheric Science,1902,Earth and Planetary Sciences,"Wrong profile (Timothy M. Palmer, molecular biology); corrected to T. N. Palmer A5013131077 at Oxford",individual,1.0,Earth Sciences
Gold Medal of the Royal Astronomical Society,2024,Gilles Chabrier,Gold Medal (Astronomy): For stellar physics and brown dwarfs,https://en.wikipedia.org/wiki/Gilles_Chabrier,https://openalex.org/authors/A5031836329,Astronomy and Astrophysics,3103.0,Physics and Astronomy,Physical Sciences,Yes,,Astronomy and Astrophysics,3103,Physics and Astronomy,,individual,1.0,Physics & Astronomy
Gold Medal of the Royal Astronomical Society,2024,John-Michael Kendall,Gold Medal (Geophysics): For seismology and Earth's interior,https://en.wikipedia.org/wiki/John-Michael_Kendall,https://openalex.org/authors/A5064503237,Geophysics,1908.0,Earth and Planetary Sciences,Physical Sciences,Yes,,Geophysics,1908,Earth and Planetary Sciences,,individual,1.0,Earth Sciences
Gruber Prize in Cosmology,2015,Jeremiah Ostriker,For individual and collective contributions to the study of the universe on the largest scales,https://en.wikipedia.org/wiki/Jeremiah_Ostriker,https://openalex.org/authors/A5045925716,Astronomy and Astrophysics,3103.0,Physics and Astronomy,Physical Sciences,Yes,,Astronomy and Astrophysics,3103,Physics and Astronomy,,individual,1.0,Physics & Astronomy
Gruber Prize in Cosmology,2015,John Carlstrom,For individual and collective contributions to the study of the universe on the largest scales,https://en.wikipedia.org/wiki/John_Carlstrom,https://openalex.org/authors/A5003740289,Astronomy and Astrophysics,3103.0,Physics and Astronomy,Physical Sciences,Yes,,Astronomy and Astrophysics,3103,Physics and Astronomy,,individual,1.0,Physics & Astronomy
Gruber Prize in Cosmology,2015,Lyman Page,For individual and collective contributions to the study of the universe on the largest scales,https://en.wikipedia.org/wiki/Lyman_Page,https://openalex.org/authors/A5052249023,Astronomy and Astrophysics,3103.0,Physics and Astronomy,Physical Sciences,Yes,https://openalex.org/authors/A5052249023,Astronomy and Astrophysics,3103,Physics and Astronomy,"2026-09-09 snapshot audit: id -> A5052249023 (Lyman A. Page, Princeton, 62,299 cites); previous A5033083354 = Michael D. Niemack",individual,1.0,Physics & Astronomy
Gruber Prize in Cosmology,2016,Kip Thorne,For the first detection of gravitational waves from the collision of two black holes,https://en.wikipedia.org/wiki/Kip_Thorne,https://openalex.org/authors/A5103423628,Astronomy and Astrophysics,3103.0,Physics and Astronomy,Physical Sciences,Yes,,Astronomy and Astrophysics,3103,Physics and Astronomy,,individual,1.0,Physics & Astronomy
Gruber Prize in Cosmology,2016,Rainer Weiss,For the first detection of gravitational waves from the collision of two black holes,https://en.wikipedia.org/wiki/Rainer_Weiss,https://openalex.org/authors/A5103619207,Astronomy and Astrophysics,3103.0,Physics and Astronomy,Physical Sciences,Yes,,Astronomy and Astrophysics,3103,Physics and Astronomy,,individual,1.0,Physics & Astronomy
Gruber Prize in Cosmology,2016,Ronald Drever,For the first detection of gravitational waves from the collision of two black holes,https://en.wikipedia.org/wiki/Ronald_Drever,https://openalex.org/authors/A5108734472,Nature and Landscape Conservation,2309.0,Environmental Science,Physical Sciences,Yes,https://openalex.org/authors/A5108734472,Astronomy and Astrophysics,3103,Physics and Astronomy,"Profile is a stub (1 work); wrong subfield; correct person but very limited OpenAlex record | 2026-09-09 snapshot audit: id -> A5108734472 (R. W. P. Drever, Caltech); previous A5002903096 = 'Ronald Beare Drever', an empty 0-work stub",individual,1.0,Physics & Astronomy
Gruber Prize in Cosmology,2017,Sandra M. Faber,For a body of work that has helped establish foundational principles underlying the modern understanding of the universe on the largest scales,https://en.wikipedia.org/wiki/Sandra_M._Faber,https://openalex.org/authors/A5062477074,Instrumentation,3105.0,Physics and Astronomy,Physical Sciences,Yes,,Astronomy and Astrophysics,3103,Physics and Astronomy,Subfield changed from Instrumentation to Astronomy and Astrophysics,individual,1.0,Physics & Astronomy
Gruber Prize in Cosmology,2018,Jean-Loup Puget,For measuring the universe's contents and geometry with the Planck satellite with unparalleled precision,https://en.wikipedia.org/wiki/Jean-Loup_Puget,https://openalex.org/authors/A5104978339,Instrumentation,3105.0,Physics and Astronomy,Physical Sciences,Yes,,Astronomy and Astrophysics,3103,Physics and Astronomy,Subfield changed from Instrumentation to Astronomy and Astrophysics,individual,1.0,Physics & Astronomy
Gruber Prize in Cosmology,2018,Nazzareno Mandolesi,For measuring the universe's contents and geometry with the Planck satellite with unparalleled precision,https://en.wikipedia.org/wiki/Nazzareno_Mandolesi,https://openalex.org/authors/A5106633491,Astronomy and Astrophysics,3103.0,Physics and Astronomy,Physical Sciences,Yes,,Astronomy and Astrophysics,3103,Physics and Astronomy,,individual,1.0,Physics & Astronomy
Gruber Prize in Cosmology,2019,Joseph Silk,For revolutionizing cosmology with contributions to dark matter and relic radiation from the Big Bang,https://en.wikipedia.org/wiki/Joseph_Silk,https://openalex.org/authors/A5005380504,Astronomy and Astrophysics,3103.0,Physics and Astronomy,Physical Sciences,Yes,,Astronomy and Astrophysics,3103,Physics and Astronomy,,individual,1.0,Physics & Astronomy
Gruber Prize in Cosmology,2019,Nicholas Kaiser,For revolutionizing cosmology with contributions to dark matter and relic radiation from the Big Bang,https://en.wikipedia.org/wiki/Nicholas_Kaiser,https://openalex.org/authors/A5112583592,Nuclear and High Energy Physics,3106.0,Physics and Astronomy,Physical Sciences,Yes,https://openalex.org/authors/A5112583592,Astronomy and Astrophysics,3103,Physics and Astronomy,"Wrong profile (Norbert Kaiser, particle physics); corrected to Nick Kaiser A5112583592",individual,1.0,Physics & Astronomy
Gruber Prize in Cosmology,2020,Lars Hernquist,For pioneering computer simulations that revolutionized the study of processes behind the structure of the cosmos,https://en.wikipedia.org/wiki/Lars_Hernquist,https://openalex.org/authors/A5081711451,Astronomy and Astrophysics,3103.0,Physics and Astronomy,Physical Sciences,Yes,,Astronomy and Astrophysics,3103,Physics and Astronomy,,individual,1.0,Physics & Astronomy
Gruber Prize in Cosmology,2020,Volker Springel,For pioneering computer simulations that revolutionized the study of processes behind the structure of the cosmos,https://en.wikipedia.org/wiki/Volker_Springel,https://openalex.org/authors/A5004531924,Astronomy and Astrophysics,3103.0,Physics and Astronomy,Physical Sciences,Yes,,Astronomy and Astrophysics,3103,Physics and Astronomy,,individual,1.0,Physics & Astronomy
Gruber Prize in Cosmology,2021,Marc Kamionkowski,"For work on the Cosmic Microwave Background, the most direct tracer of the primordial universe",https://en.wikipedia.org/wiki/Marc_Kamionkowski,https://openalex.org/authors/A5011447076,Astronomy and Astrophysics,3103.0,Physics and Astronomy,Physical Sciences,Yes,https://openalex.org/authors/A5011447076,Astronomy and Astrophysics,3103,Physics and Astronomy,"2026-09-09 snapshot audit: id -> A5011447076 (Marc Kamionkowski, JHU, 38,667 cites); previous A5017158718 = Adam G. Riess",individual,1.0,Physics & Astronomy
Gruber Prize in Cosmology,2021,Matias Zaldarriaga,"For work on the Cosmic Microwave Background, the most direct tracer of the primordial universe",https://en.wikipedia.org/wiki/Matias_Zaldarriaga,https://openalex.org/authors/A5089500886,Astronomy and Astrophysics,3103.0,Physics and Astronomy,Physical Sciences,Yes,,Astronomy and Astrophysics,3103,Physics and Astronomy,,individual,1.0,Physics & Astronomy
Gruber Prize in Cosmology,2021,Uros Seljak,"For work on the Cosmic Microwave Background, the most direct tracer of the primordial universe",https://en.wikipedia.org/wiki/Uroš_Seljak,https://openalex.org/authors/A5087071619,Astronomy and Astrophysics,3103.0,Physics and Astronomy,Physical Sciences,Yes,,Astronomy and Astrophysics,3103,Physics and Astronomy,,individual,1.0,Physics & Astronomy
Gruber Prize in Cosmology,2022,Frank Eisenhauer,For innovative design and construction of the GRAVITY instrument for the ESO Very Large Telescope Interferometer,https://en.wikipedia.org/wiki/Frank_Eisenhauer,https://openalex.org/authors/A5103575130,Instrumentation,3105.0,Physics and Astronomy,Physical Sciences,Yes,,Astronomy and Astrophysics,3103,Physics and Astronomy,Subfield changed from Instrumentation to Astronomy and Astrophysics,individual,1.0,Physics & Astronomy
Gruber Prize in Cosmology,2023,Richard S. Ellis,"For contributions to galaxy evolution, cosmic dawn, reionization, and detection of the earliest galaxies via the Hubble Ultra Deep Field",https://en.wikipedia.org/wiki/Richard_S._Ellis,https://openalex.org/authors/A5079173006,Instrumentation,3105.0,Physics and Astronomy,Physical Sciences,Yes,,Astronomy and Astrophysics,3103,Physics and Astronomy,Subfield changed from Instrumentation to Astronomy and Astrophysics,individual,1.0,Physics & Astronomy
Gruber Prize in Cosmology,2024,Marcia Rieke,For pioneering work on astronomical instrumentation to reveal the breadth and details of the infrared universe,https://en.wikipedia.org/wiki/Marcia_Rieke,https://openalex.org/authors/A5078592653,Instrumentation,3105.0,Physics and Astronomy,Physical Sciences,Yes,,Astronomy and Astrophysics,3103,Physics and Astronomy,Subfield changed from Instrumentation to Astronomy and Astrophysics,individual,1.0,Physics & Astronomy
Gruber Prize in Genetics,2015,Emmanuelle Charpentier,For establishing a framework for universal genome editing,https://en.wikipedia.org/wiki/Emmanuelle_Charpentier,https://openalex.org/authors/A5074743574,Molecular Biology,1312.0,"Biochemistry, Genetics and Molecular Biology",Life Sciences,Yes,,Molecular Biology,1312,"Biochemistry, Genetics and Molecular Biology",,individual,1.0,Life Sciences & Medicine
Gruber Prize in Genetics,2015,Jennifer Doudna,For establishing a framework for universal genome editing,https://en.wikipedia.org/wiki/Jennifer_Doudna,https://openalex.org/authors/A5067184382,Molecular Biology,1312.0,"Biochemistry, Genetics and Molecular Biology",Life Sciences,Yes,,Molecular Biology,1312,"Biochemistry, Genetics and Molecular Biology",,individual,1.0,Life Sciences & Medicine
Gruber Prize in Genetics,2016,C. David Allis,For discovery of the role of histone modification in regulation of gene expression,https://en.wikipedia.org/wiki/C._David_Allis,https://openalex.org/authors/A5052967210,Molecular Biology,1312.0,"Biochemistry, Genetics and Molecular Biology",Life Sciences,Yes,,Molecular Biology,1312,"Biochemistry, Genetics and Molecular Biology",,individual,1.0,Life Sciences & Medicine
Gruber Prize in Genetics,2016,Michael Grunstein,For discovery of the role of histone modification in regulation of gene expression,https://en.wikipedia.org/wiki/Michael_Grunstein,https://openalex.org/authors/A5001625476,Molecular Biology,1312.0,"Biochemistry, Genetics and Molecular Biology",Life Sciences,Yes,,Molecular Biology,1312,"Biochemistry, Genetics and Molecular Biology",,individual,1.0,Life Sciences & Medicine
Gruber Prize in Genetics,2017,Stephen Elledge,For discovering and characterizing the DNA damage response pathway in eukaryotic cells,https://en.wikipedia.org/wiki/Stephen_Elledge,https://openalex.org/authors/A5025914907,Molecular Biology,1312.0,"Biochemistry, Genetics and Molecular Biology",Life Sciences,Yes,,Molecular Biology,1312,"Biochemistry, Genetics and Molecular Biology",,individual,1.0,Life Sciences & Medicine
Gruber Prize in Genetics,2018,Elliot Meyerowitz,For pioneering discoveries in genetic regulatory mechanisms underlying plant development,https://en.wikipedia.org/wiki/Elliot_Meyerowitz,https://openalex.org/authors/A5082944327,Plant Science,1110.0,Agricultural and Biological Sciences,Life Sciences,Yes,,Plant Science,1110,Agricultural and Biological Sciences,,individual,1.0,Ag. & natural resources
Gruber Prize in Genetics,2018,Joanne Chory,For pioneering discoveries in genetic regulatory mechanisms underlying plant development,https://en.wikipedia.org/wiki/Joanne_Chory,https://openalex.org/authors/A5003016098,Plant Science,1110.0,Agricultural and Biological Sciences,Life Sciences,Yes,,Plant Science,1110,Agricultural and Biological Sciences,,individual,1.0,Ag. & natural resources
Gruber Prize in Genetics,2019,Bert Vogelstein,For discoveries of genetic pathways and processes contributing to cancer,https://en.wikipedia.org/wiki/Bert_Vogelstein,https://openalex.org/authors/A5072858943,Cancer Research,1306.0,"Biochemistry, Genetics and Molecular Biology",Life Sciences,Yes,,Cancer Research,1306,"Biochemistry, Genetics and Molecular Biology",,individual,1.0,Life Sciences & Medicine
Gruber Prize in Genetics,2020,Bonnie Bassler,For discoveries illuminating the molecular language of bacterial communication through quorum sensing,https://en.wikipedia.org/wiki/Bonnie_Bassler,https://openalex.org/authors/A5034726213,Molecular Biology,1312.0,"Biochemistry, Genetics and Molecular Biology",Life Sciences,Yes,,Molecular Biology,1312,"Biochemistry, Genetics and Molecular Biology",,individual,1.0,Life Sciences & Medicine
Gruber Prize in Genetics,2021,Stuart Orkin,For discoveries of the genetic and molecular basis of blood diseases and gene regulatory mechanisms,https://en.wikipedia.org/wiki/Stuart_Orkin,https://openalex.org/authors/A5079784932,Molecular Biology,1312.0,"Biochemistry, Genetics and Molecular Biology",Life Sciences,Yes,,Molecular Biology,1312,"Biochemistry, Genetics and Molecular Biology",,individual,1.0,Life Sciences & Medicine
Gruber Prize in Genetics,2022,Geraldine Seydoux,For discovering how embryos set aside particular cells during development,https://en.wikipedia.org/wiki/Geraldine_Seydoux,https://openalex.org/authors/A5048990338,Aging,1302.0,"Biochemistry, Genetics and Molecular Biology",Life Sciences,Yes,,Genetics,1311,"Biochemistry, Genetics and Molecular Biology",Subfield changed from Aging to Genetics (embryonic cell development),individual,1.0,Life Sciences & Medicine
Gruber Prize in Genetics,2022,James Priess,For discovering how embryos set aside particular cells during development,https://en.wikipedia.org/wiki/James_Priess,https://openalex.org/authors/A5017130142,Aging,1302.0,"Biochemistry, Genetics and Molecular Biology",Life Sciences,Yes,,Genetics,1311,"Biochemistry, Genetics and Molecular Biology",Subfield changed from Aging to Genetics (embryonic cell development),individual,1.0,Life Sciences & Medicine
Gruber Prize in Genetics,2022,Ruth Lehmann,For discovering how embryos set aside particular cells during development,https://en.wikipedia.org/wiki/Ruth_Lehmann,https://openalex.org/authors/A5052153816,Molecular Biology,1312.0,"Biochemistry, Genetics and Molecular Biology",Life Sciences,Yes,,Molecular Biology,1312,"Biochemistry, Genetics and Molecular Biology",,individual,1.0,Life Sciences & Medicine
Gruber Prize in Genetics,2023,Allan Jacobson,For discoveries on the mRNA surveillance mechanism known as Nonsense Mediated mRNA Decay,https://en.wikipedia.org/wiki/Allan_Jacobson,https://openalex.org/authors/A5052124121,Molecular Biology,1312.0,"Biochemistry, Genetics and Molecular Biology",Life Sciences,Yes,,Molecular Biology,1312,"Biochemistry, Genetics and Molecular Biology",,individual,1.0,Life Sciences & Medicine
Gruber Prize in Genetics,2023,Lynne Maquat,For discoveries on the mRNA surveillance mechanism known as Nonsense Mediated mRNA Decay,https://en.wikipedia.org/wiki/Lynne_Maquat,https://openalex.org/authors/A5057074176,Molecular Biology,1312.0,"Biochemistry, Genetics and Molecular Biology",Life Sciences,Yes,,Molecular Biology,1312,"Biochemistry, Genetics and Molecular Biology",,individual,1.0,Life Sciences & Medicine
Gruber Prize in Genetics,2024,Hugo J. Bellen,For ushering in a new era of model system genetics with direct impact on human disease,https://en.wikipedia.org/wiki/Hugo_J._Bellen,https://openalex.org/authors/A5026995692,Molecular Biology,1312.0,"Biochemistry, Genetics and Molecular Biology",Life Sciences,Yes,https://openalex.org/authors/A5026995692,Genetics,1311,"Biochemistry, Genetics and Molecular Biology",Wrong profile (Monte Westerfield); corrected to Hugo J. Bellen A5026995692,individual,1.0,Life Sciences & Medicine
Gruber Prize in Neuroscience,2015,Carla Shatz,For discoveries on activity-dependent development and plasticity of neural connections,https://en.wikipedia.org/wiki/Carla_Shatz,https://openalex.org/authors/A5030290673,Cellular and Molecular Neuroscience,2804.0,Neuroscience,Life Sciences,Yes,,Cellular and Molecular Neuroscience,2804,Neuroscience,,individual,1.0,Life Sciences & Medicine
Gruber Prize in Neuroscience,2015,Michael Greenberg,For discoveries on activity-dependent development and plasticity of neural connections,https://en.wikipedia.org/wiki/Michael_Greenberg,https://openalex.org/authors/A5068099853,Cellular and Molecular Neuroscience,2804.0,Neuroscience,Life Sciences,Yes,,Cellular and Molecular Neuroscience,2804,Neuroscience,,individual,1.0,Life Sciences & Medicine
Gruber Prize in Neuroscience,2016,Mu-ming Poo,For fundamental contributions to understanding synaptic plasticity and neural circuit development,https://en.wikipedia.org/wiki/Mu-ming_Poo,https://openalex.org/authors/A5033241216,Cellular and Molecular Neuroscience,2804.0,Neuroscience,Life Sciences,Yes,,Cellular and Molecular Neuroscience,2804,Neuroscience,,individual,1.0,Life Sciences & Medicine
Gruber Prize in Neuroscience,2017,Joshua R. Sanes,For contributions to understanding the molecular mechanisms of synapse formation,https://en.wikipedia.org/wiki/Joshua_R._Sanes,https://openalex.org/authors/A5091813085,Molecular Biology,1312.0,"Biochemistry, Genetics and Molecular Biology",Life Sciences,Yes,,Cellular and Molecular Neuroscience,2804,Neuroscience,Subfield changed from Molecular Biology to Cellular and Molecular Neuroscience (synapse formation),individual,1.0,Life Sciences & Medicine
Gruber Prize in Neuroscience,2018,Ann Graybiel,"For discoveries on the basal ganglia and their role in learning, motivation, and habit",https://en.wikipedia.org/wiki/Ann_Graybiel,https://openalex.org/authors/A5081686751,Cellular and Molecular Neuroscience,2804.0,Neuroscience,Life Sciences,Yes,,Cellular and Molecular Neuroscience,2804,Neuroscience,,individual,1.0,Life Sciences & Medicine
Gruber Prize in Neuroscience,2018,Okihide Hikosaka,"For discoveries on the basal ganglia and their role in learning, motivation, and habit",https://en.wikipedia.org/wiki/Okihide_Hikosaka,https://openalex.org/authors/A5009985808,Cognitive Neuroscience,2805.0,Neuroscience,Life Sciences,Yes,,Cognitive Neuroscience,2805,Neuroscience,,individual,1.0,Life Sciences & Medicine
Gruber Prize in Neuroscience,2018,Wolfram Schultz,"For discoveries on the basal ganglia and their role in learning, motivation, and habit",https://en.wikipedia.org/wiki/Wolfram_Schultz,https://openalex.org/authors/A5066653099,Cognitive Neuroscience,2805.0,Neuroscience,Life Sciences,Yes,,Cognitive Neuroscience,2805,Neuroscience,,individual,1.0,Life Sciences & Medicine
Gruber Prize in Neuroscience,2019,Joseph S. Takahashi,For discovery of molecular mechanisms controlling circadian rhythms,https://en.wikipedia.org/wiki/Joseph_S._Takahashi,https://openalex.org/authors/A5076767575,Endocrine and Autonomic Systems,2807.0,Neuroscience,Life Sciences,Yes,,Endocrine and Autonomic Systems,2807,Neuroscience,,individual,1.0,Life Sciences & Medicine
Gruber Prize in Neuroscience,2020,Corey Goodman,For fundamental discoveries on axon guidance and neural circuit formation,https://en.wikipedia.org/wiki/Corey_Goodman,https://openalex.org/authors/A5052674757,Cellular and Molecular Neuroscience,2804.0,Neuroscience,Life Sciences,Yes,,Cellular and Molecular Neuroscience,2804,Neuroscience,,individual,1.0,Life Sciences & Medicine
Gruber Prize in Neuroscience,2020,Friedrich Bonhoeffer,For fundamental discoveries on axon guidance and neural circuit formation,https://en.wikipedia.org/wiki/Friedrich_Bonhoeffer,https://openalex.org/authors/A5046141141,Cellular and Molecular Neuroscience,2804.0,Neuroscience,Life Sciences,Yes,,Cellular and Molecular Neuroscience,2804,Neuroscience,,individual,1.0,Life Sciences & Medicine
Gruber Prize in Neuroscience,2020,Marc Tessier-Lavigne,For fundamental discoveries on axon guidance and neural circuit formation,https://en.wikipedia.org/wiki/Marc_Tessier-Lavigne,https://openalex.org/authors/A5055429344,Cellular and Molecular Neuroscience,2804.0,Neuroscience,Life Sciences,Yes,,Cellular and Molecular Neuroscience,2804,Neuroscience,,individual,1.0,Life Sciences & Medicine
Gruber Prize in Neuroscience,2021,Christine Petit,For discoveries on the genetics of hearing and deafness,https://en.wikipedia.org/wiki/Christine_Petit,https://openalex.org/authors/A5072048458,Sensory Systems,2809.0,Neuroscience,Life Sciences,Yes,,Sensory Systems,2809,Neuroscience,,individual,1.0,Life Sciences & Medicine
Gruber Prize in Neuroscience,2021,Christopher A. Walsh,For discoveries on the genetics of brain development and neuronal migration,https://en.wikipedia.org/wiki/Christopher_A._Walsh,https://openalex.org/authors/A5009957197,Cognitive Neuroscience,2805.0,Neuroscience,Life Sciences,Yes,https://openalex.org/authors/A5009957197,Genetics,1311,"Biochemistry, Genetics and Molecular Biology","2026-09-09 snapshot audit: id -> A5009957197 (Christopher A. Walsh, Broad, 56,896 cites); previous A5043264677 = Daniel R. Weinberger",individual,1.0,Life Sciences & Medicine
Gruber Prize in Neuroscience,2022,Emery Neal Brown,For foundational contributions to computational and theoretical neuroscience,https://en.wikipedia.org/wiki/Emery_Neal_Brown,https://openalex.org/authors/A5030321614,Cognitive Neuroscience,2805.0,Neuroscience,Life Sciences,Yes,https://openalex.org/authors/A5030321614,Cognitive Neuroscience,2805,Neuroscience,OpenAlex URL was missing; found Emery N. Brown A5030321614 at Harvard/MIT,individual,1.0,Life Sciences & Medicine
Gruber Prize in Neuroscience,2022,Haim Sompolinsky,For foundational contributions to computational and theoretical neuroscience,https://en.wikipedia.org/wiki/Haim_Sompolinsky,https://openalex.org/authors/A5073266403,Cognitive Neuroscience,2805.0,Neuroscience,Life Sciences,Yes,,Cognitive Neuroscience,2805,Neuroscience,,individual,1.0,Life Sciences & Medicine
Gruber Prize in Neuroscience,2022,Larry Abbott,For foundational contributions to computational and theoretical neuroscience,https://en.wikipedia.org/wiki/Larry_Abbott,https://openalex.org/authors/A5110860328,Cognitive Neuroscience,2805.0,Neuroscience,Life Sciences,Yes,,Cognitive Neuroscience,2805,Neuroscience,,individual,1.0,Life Sciences & Medicine
Gruber Prize in Neuroscience,2022,Terrence Sejnowski,For foundational contributions to computational and theoretical neuroscience,https://en.wikipedia.org/wiki/Terrence_Sejnowski,https://openalex.org/authors/A5044141636,Cognitive Neuroscience,2805.0,Neuroscience,Life Sciences,Yes,,Cognitive Neuroscience,2805,Neuroscience,,individual,1.0,Life Sciences & Medicine
Gruber Prize in Neuroscience,2023,Huda Akil,"For pioneering research on the neurobiology of emotions, pain, and stress",https://en.wikipedia.org/wiki/Huda_Akil,https://openalex.org/authors/A5007964297,Cellular and Molecular Neuroscience,2804.0,Neuroscience,Life Sciences,Yes,,Cellular and Molecular Neuroscience,2804,Neuroscience,,individual,1.0,Life Sciences & Medicine
Gruber Prize in Neuroscience,2024,Cornelia Bargmann,For fundamental contributions to understanding neural circuits and behavior,https://en.wikipedia.org/wiki/Cornelia_Bargmann,https://openalex.org/authors/A5069833977,Aging,1302.0,"Biochemistry, Genetics and Molecular Biology",Life Sciences,Yes,,Cellular and Molecular Neuroscience,2804,Neuroscience,Subfield changed from Aging to Cellular and Molecular Neuroscience (neural circuits),individual,1.0,Life Sciences & Medicine
Gruber Prize in Neuroscience,2024,Gerald M. Rubin,For fundamental contributions to understanding neural circuits and behavior,https://en.wikipedia.org/wiki/Gerald_M._Rubin,https://openalex.org/authors/A5086255792,Cellular and Molecular Neuroscience,2804.0,Neuroscience,Life Sciences,Yes,,Cellular and Molecular Neuroscience,2804,Neuroscience,,individual,1.0,Life Sciences & Medicine
Harvey Prize,2015,Immanuel Bloch,Science and Technology: For contributions to quantum many-body systems,https://en.wikipedia.org/wiki/Immanuel_Bloch,https://openalex.org/authors/A5032954061,"Atomic and Molecular Physics, and Optics",3107.0,Physics and Astronomy,Physical Sciences,Yes,,"Atomic and Molecular Physics, and Optics",3107.0,Physics and Astronomy,,individual,1.0,Physics & Astronomy
Harvey Prize,2015,Marc W. Kirschner,,,https://openalex.org/authors/A5015176214,Cell Biology,1307.0,"Biochemistry, Genetics and Molecular Biology",Life Sciences,Yes,,Cell Biology,1307.0,"Biochemistry, Genetics and Molecular Biology","2026-09-11 coverage audit: added, add colaureate; id from the snapshot name scan, largest field-consistent profile (525 works). Source: https://www.technion.ac.il/en/2016/06/harvey-prize-winners-for-2015/",individual,1.0,Life Sciences & Medicine
Harvey Prize,2016,Karl Deisseroth,Human Health: For developing optogenetics,https://en.wikipedia.org/wiki/Karl_Deisseroth,https://openalex.org/authors/A5014360828,Cellular and Molecular Neuroscience,2804.0,Neuroscience,Life Sciences,Yes,,Cellular and Molecular Neuroscience,2804.0,Neuroscience,,individual,1.0,Life Sciences & Medicine
Harvey Prize,2016,Kip S. Thorne,,,https://openalex.org/authors/A5103423628,Astronomy and Astrophysics,3103.0,Physics and Astronomy,Physical Sciences,Yes,,Astronomy and Astrophysics,3103.0,Physics and Astronomy,"2026-09-11 coverage audit: added, add colaureate; id and field copied from the laureate's existing row (Breakthrough Prize in Fundamental Physics 2016). Source: harveypz.net.technion.ac.il laureate list: 2016 Science and Technology to the LIGO co-founders Thorne, Weiss and Drever",individual,1.0,Physics & Astronomy
Harvey Prize,2016,Peter Hegemann,Human Health: For discovery of channelrhodopsins enabling optogenetics,https://en.wikipedia.org/wiki/Peter_Hegemann,https://openalex.org/authors/A5032787107,Cellular and Molecular Neuroscience,2804.0,Neuroscience,Life Sciences,Yes,,Cellular and Molecular Neuroscience,2804.0,Neuroscience,,individual,1.0,Life Sciences & Medicine
Harvey Prize,2016,Rainer Weiss,,,https://openalex.org/authors/A5103619207,Astronomy and Astrophysics,3103.0,Physics and Astronomy,Physical Sciences,Yes,,Astronomy and Astrophysics,3103.0,Physics and Astronomy,"2026-09-11 coverage audit: added, add colaureate; id and field copied from the laureate's existing row (Breakthrough Prize in Fundamental Physics 2016). Source: https://www.technion.ac.il/en/2017/06/harvey-prize/",individual,1.0,Physics & Astronomy
Harvey Prize,2016,Ronald Drever,,,https://openalex.org/authors/A5108734472,Nature and Landscape Conservation,2309.0,Environmental Science,Physical Sciences,Yes,,Astronomy and Astrophysics,3103.0,Physics and Astronomy,"2026-09-11 coverage audit: added, add colaureate; id and field copied from the laureate's existing row (Breakthrough Prize in Fundamental Physics 2016). Source: https://www.technion.ac.il/en/2017/06/harvey-prize/",individual,1.0,Physics & Astronomy
Harvey Prize,2017,Carla Shatz,Human Health: For discoveries on neural circuit formation and brain plasticity,https://en.wikipedia.org/wiki/Carla_Shatz,https://openalex.org/authors/A5030290673,Cellular and Molecular Neuroscience,2804.0,Neuroscience,Life Sciences,Yes,,Cellular and Molecular Neuroscience,2804.0,Neuroscience,,individual,1.0,Life Sciences & Medicine
Harvey Prize,2017,Tobin Marks,Science and Technology: For contributions to organometallic chemistry and materials science,https://en.wikipedia.org/wiki/Tobin_Marks,https://openalex.org/authors/A5000731301,Electrical and Electronic Engineering,2208.0,Engineering,Physical Sciences,Yes,,Organic Chemistry,1605.0,Chemistry,Subfield changed from EE to Organic Chemistry (organometallic chemistry),individual,1.0,Chemistry
Harvey Prize,2018,Christos H. Papadimitriou,Science and Technology: For contributions to computational complexity and algorithmic game theory,https://en.wikipedia.org/wiki/Christos_H._Papadimitriou,https://openalex.org/authors/A5103200572,Management Science and Operations Research,1803.0,Decision Sciences,Social Sciences,Yes,,Computational Theory and Mathematics,1703.0,Computer Science,Subfield changed from Mgmt Sci to Computational Theory (computational complexity),individual,1.0,"Computing, electrical"
Harvey Prize,2018,Emmanuelle Charpentier,Science and Technology: For developing CRISPR-Cas9 genome editing,https://en.wikipedia.org/wiki/Emmanuelle_Charpentier,https://openalex.org/authors/A5074743574,Molecular Biology,1312.0,"Biochemistry, Genetics and Molecular Biology",Life Sciences,Yes,,Molecular Biology,1312.0,"Biochemistry, Genetics and Molecular Biology",,individual,1.0,Life Sciences & Medicine
Harvey Prize,2018,Feng Zhang,Science and Technology: For CRISPR-Cas9 genomic editing in eukaryotic cells,https://en.wikipedia.org/wiki/Feng_Zhang,https://openalex.org/authors/A5100401298,Molecular Biology,1312.0,"Biochemistry, Genetics and Molecular Biology",Life Sciences,Yes,,Molecular Biology,1312.0,"Biochemistry, Genetics and Molecular Biology",,individual,1.0,Life Sciences & Medicine
Harvey Prize,2018,Jennifer Doudna,Science and Technology: For developing CRISPR-Cas9 genome editing,https://en.wikipedia.org/wiki/Jennifer_Doudna,https://openalex.org/authors/A5067184382,Molecular Biology,1312.0,"Biochemistry, Genetics and Molecular Biology",Life Sciences,Yes,,Molecular Biology,1312.0,"Biochemistry, Genetics and Molecular Biology",,individual,1.0,Life Sciences & Medicine
Harvey Prize,2019,Joseph DeSimone,Science and Technology: For clean synthesis of fluoropolymers and 3D printing,https://en.wikipedia.org/wiki/Joseph_DeSimone,https://openalex.org/authors/A5090786744,Biomedical Engineering,2204.0,Engineering,Physical Sciences,Yes,,Biomedical Engineering,2204.0,Engineering,,individual,1.0,Bioengineering and biomedical engineering
Harvey Prize,2019,Raphael Mechoulam,Human Health: For pioneering cannabinoid system research,https://en.wikipedia.org/wiki/Raphael_Mechoulam,https://openalex.org/authors/A5065631892,Pharmacology,2736.0,Medicine,Health Sciences,Yes,,Pharmacology,2736.0,Medicine,,individual,1.0,Life Sciences & Medicine
Harvey Prize,2020,James R. Rice,"Science and Technology: For mechanics of materials, the J-integral, and geophysics",https://en.wikipedia.org/wiki/James_R._Rice,https://openalex.org/authors/A5012093892,Geophysics,1908.0,Earth and Planetary Sciences,Physical Sciences,Yes,,Geophysics,1908.0,Earth and Planetary Sciences,,individual,1.0,Earth Sciences
Harvey Prize,2022,Drew Weissman,Human Health: For enabling mRNA COVID-19 vaccines,https://en.wikipedia.org/wiki/Drew_Weissman,https://openalex.org/authors/A5068253145,Molecular Biology,1312.0,"Biochemistry, Genetics and Molecular Biology",Life Sciences,Yes,,Molecular Biology,1312.0,"Biochemistry, Genetics and Molecular Biology",,individual,1.0,Life Sciences & Medicine
Harvey Prize,2022,Helen Quinn,Science and Technology: For Peccei-Quinn Symmetry and particle physics,https://en.wikipedia.org/wiki/Helen_Quinn,https://openalex.org/authors/A5034788438,Health,3306.0,Social Sciences,Social Sciences,Yes,https://openalex.org/authors/A5034788438,Nuclear and High Energy Physics,3106.0,Physics and Astronomy,Wrong profile (vaccine researcher); corrected to Helen R. Quinn A5034788438 (particle physics),individual,1.0,Physics & Astronomy
Harvey Prize,2022,Katalin Kariko,Human Health: For enabling mRNA COVID-19 vaccines,https://en.wikipedia.org/wiki/Katalin_Karik%C3%B3,https://openalex.org/authors/A5030598859,Molecular Biology,1312.0,"Biochemistry, Genetics and Molecular Biology",Life Sciences,Yes,,Molecular Biology,1312.0,"Biochemistry, Genetics and Molecular Biology",,individual,1.0,Life Sciences & Medicine
Harvey Prize,2022,Pieter R. Cullis,Human Health: For delivery of mRNA COVID-19 vaccines,https://en.wikipedia.org/wiki/Pieter_R._Cullis,https://openalex.org/authors/A5050350074,Molecular Biology,1312.0,"Biochemistry, Genetics and Molecular Biology",Life Sciences,Yes,,Molecular Biology,1312.0,"Biochemistry, Genetics and Molecular Biology",,individual,1.0,Life Sciences & Medicine
Harvey Prize,2023,Chad A. Mirkin,Science and Technology: For reshaping nanoscience and nanomedicine,https://en.wikipedia.org/wiki/Chad_A._Mirkin,https://openalex.org/authors/A5055829204,Molecular Biology,1312.0,"Biochemistry, Genetics and Molecular Biology",Life Sciences,Yes,,Materials Chemistry,2505.0,Materials Science,Subfield changed from Molecular Biology to Materials Chemistry (nanoscience),individual,1.0,Materials and mining engineering
Harvey Prize,2023,David R. Liu,Human Health: For base editing and prime editing,https://en.wikipedia.org/wiki/David_R._Liu,https://openalex.org/authors/A5065535610,Molecular Biology,1312.0,"Biochemistry, Genetics and Molecular Biology",Life Sciences,Yes,,Molecular Biology,1312.0,"Biochemistry, Genetics and Molecular Biology",,individual,1.0,Life Sciences & Medicine
Harvey Prize,2024,Andrew Feinberg,Science and Technology: For cancer epigenetics research,https://en.wikipedia.org/wiki/Andrew_Feinberg,https://openalex.org/authors/A5074378026,Molecular Biology,1312.0,"Biochemistry, Genetics and Molecular Biology",Life Sciences,Yes,,Molecular Biology,1312.0,"Biochemistry, Genetics and Molecular Biology",,individual,1.0,Life Sciences & Medicine
Harvey Prize,2024,Peter Jones,Science and Technology: For cancer epigenetics research,https://en.wikipedia.org/wiki/Peter_Jones,https://openalex.org/authors/A5088347458,Molecular Biology,1312.0,"Biochemistry, Genetics and Molecular Biology",Life Sciences,Yes,,Molecular Biology,1312.0,"Biochemistry, Genetics and Molecular Biology",,individual,1.0,Life Sciences & Medicine
Harvey Prize,2024,Stephen Baylin,Science and Technology: For cancer epigenetics research,https://en.wikipedia.org/wiki/Stephen_Baylin,https://openalex.org/authors/A5058612163,Molecular Biology,1312.0,"Biochemistry, Genetics and Molecular Biology",Life Sciences,Yes,,Molecular Biology,1312.0,"Biochemistry, Genetics and Molecular Biology",,individual,1.0,Life Sciences & Medicine
Heineken Prize for Biochemistry and Biophysics,2016,Jennifer Doudna,For pioneering research into the structure and functioning of RNA molecules and CRISPR-Cas9,https://en.wikipedia.org/wiki/Jennifer_Doudna,https://openalex.org/authors/A5067184382,Molecular Biology,1312.0,"Biochemistry, Genetics and Molecular Biology",Life Sciences,Yes,,Molecular Biology,1312.0,"Biochemistry, Genetics and Molecular Biology",,individual,1.0,Life Sciences & Medicine
Heineken Prize for Biochemistry and Biophysics,2018,Xiaowei Zhuang,For development of super-resolution imaging methods including STORM microscopy,https://en.wikipedia.org/wiki/Xiaowei_Zhuang,https://openalex.org/authors/A5087959577,Biophysics,1304.0,"Biochemistry, Genetics and Molecular Biology",Life Sciences,Yes,,Biophysics,1304.0,"Biochemistry, Genetics and Molecular Biology",,individual,1.0,Life Sciences & Medicine
Heineken Prize for Biochemistry and Biophysics,2020,Bruce Stillman,For fundamental discoveries concerning the mechanism of DNA replication,https://en.wikipedia.org/wiki/Bruce_Stillman,https://openalex.org/authors/A5071437258,Molecular Biology,1312.0,"Biochemistry, Genetics and Molecular Biology",Life Sciences,Yes,,Molecular Biology,1312.0,"Biochemistry, Genetics and Molecular Biology",,individual,1.0,Life Sciences & Medicine
Heineken Prize for Biochemistry and Biophysics,2022,Carolyn Bertozzi,For development of bioorthogonal chemistry to study glycans in living systems,https://en.wikipedia.org/wiki/Carolyn_Bertozzi,https://openalex.org/authors/A5088409133,Molecular Biology,1312.0,"Biochemistry, Genetics and Molecular Biology",Life Sciences,Yes,,Molecular Biology,1312.0,"Biochemistry, Genetics and Molecular Biology",,individual,1.0,Life Sciences & Medicine
Heineken Prize for Biochemistry and Biophysics,2024,Matthias Mann,For pioneering mass-spectrometry-based proteomics,https://en.wikipedia.org/wiki/Matthias_Mann,https://openalex.org/authors/A5090940750,Spectroscopy,1607.0,Chemistry,Physical Sciences,Yes,,Spectroscopy,1607.0,Chemistry,,individual,1.0,Chemistry
Heineken Prize for Biochemistry and Biophysics,2024,Ruedi Aebersold,For pioneering mass-spectrometry-based proteomics,https://en.wikipedia.org/wiki/Ruedi_Aebersold,https://openalex.org/authors/A5053361384,Spectroscopy,1607.0,Chemistry,Physical Sciences,Yes,,Spectroscopy,1607.0,Chemistry,,individual,1.0,Chemistry
Heineken Prize for Environmental Sciences,2016,Georgina Mace,For pioneering work on measuring biodiversity loss and developing the IUCN Red List criteria,https://en.wikipedia.org/wiki/Georgina_Mace,https://openalex.org/authors/A5018062208,Ecological Modeling,2302.0,Environmental Science,Physical Sciences,Yes,,Ecological Modeling,2302.0,Environmental Science,,individual,1.0,Earth Sciences
Heineken Prize for Environmental Sciences,2018,Paul Hebert,For developing DNA barcoding as a tool for species identification and biodiversity assessment,https://en.wikipedia.org/wiki/Paul_D._N._Hebert,https://openalex.org/authors/A5083044232,Genetics,1311.0,"Biochemistry, Genetics and Molecular Biology",Life Sciences,Yes,,Ecology,2303.0,Environmental Science,Top topic is Ecology (eDNA/biodiversity); changed from Genetics,individual,1.0,Earth Sciences
Heineken Prize for Environmental Sciences,2020,Corinne Le Quere,For pioneering contributions to understanding the global carbon cycle and CO2 emissions,https://en.wikipedia.org/wiki/Corinne_Le_Quéré,https://openalex.org/authors/A5025145834,Global and Planetary Change,2306.0,Environmental Science,Physical Sciences,Yes,,Global and Planetary Change,2306.0,Environmental Science,,individual,1.0,Earth Sciences
Heineken Prize for Environmental Sciences,2022,Carl Folke,For research on resilience of social-ecological systems and planetary boundaries,https://en.wikipedia.org/wiki/Carl_Folke,https://openalex.org/authors/A5037095112,Global and Planetary Change,2306.0,Environmental Science,Physical Sciences,Yes,,Global and Planetary Change,2306.0,Environmental Science,,individual,1.0,Earth Sciences
Heineken Prize for Medicine,2016,Stephen P. Jackson,For pioneering research on DNA damage response and its applications in cancer therapy,https://en.wikipedia.org/wiki/Stephen_P._Jackson,https://openalex.org/authors/A5061795154,Molecular Biology,1312.0,"Biochemistry, Genetics and Molecular Biology",Life Sciences,Yes,,Molecular Biology,1312.0,"Biochemistry, Genetics and Molecular Biology",,individual,1.0,Life Sciences & Medicine
Heineken Prize for Medicine,2018,Peter Carmeliet,For research on growth factors affecting endothelial and nerve cells and developing treatments for vascular and neurological disorders,https://en.wikipedia.org/wiki/Peter_Carmeliet,https://openalex.org/authors/A5047152113,Molecular Biology,1312.0,"Biochemistry, Genetics and Molecular Biology",Life Sciences,Yes,,Molecular Biology,1312.0,"Biochemistry, Genetics and Molecular Biology",,individual,1.0,Life Sciences & Medicine
Heineken Prize for Medicine,2020,Karl Deisseroth,For developing optogenetics and hydrogel-tissue chemistry,https://en.wikipedia.org/wiki/Karl_Deisseroth,https://openalex.org/authors/A5014360828,Cellular and Molecular Neuroscience,2804.0,Neuroscience,Life Sciences,Yes,,Cellular and Molecular Neuroscience,2804.0,Neuroscience,,individual,1.0,Life Sciences & Medicine
Heineken Prize for Medicine,2022,Vishva M. Dixit,For pioneering biomedical research on apoptosis and necrosis,https://en.wikipedia.org/wiki/Vishva_M._Dixit,https://openalex.org/authors/A5084210146,Molecular Biology,1312.0,"Biochemistry, Genetics and Molecular Biology",Life Sciences,Yes,,Molecular Biology,1312.0,"Biochemistry, Genetics and Molecular Biology",,individual,1.0,Life Sciences & Medicine
ICTP Ramanujan Prize,2015,Amalendu Krishna,For outstanding contributions to algebraic K-theory and algebraic cycles,https://en.wikipedia.org/wiki/Amalendu_Krishna,https://openalex.org/authors/A5066114823,Geometry and Topology,2608.0,Mathematics,Physical Sciences,Yes,,Geometry and Topology,2608.0,Mathematics,Profile correct. Top topics all Mathematics.,individual,1.0,Math
ICTP Ramanujan Prize,2016,Chenyang Xu,"For outstanding contributions to algebraic geometry, particularly the minimal model program",https://en.wikipedia.org/wiki/Chenyang_Xu,https://openalex.org/authors/A5102008315,Computer Vision and Pattern Recognition,1707.0,Computer Science,Physical Sciences,Yes,https://openalex.org/authors/A5102008315,Geometry and Topology,2608.0,Mathematics,Wrong person. Original profile is CS researcher at Qingdao Agricultural Univ. Corrected to algebraic geometer at Princeton University.,individual,1.0,Math
ICTP Ramanujan Prize,2017,Eduardo Teixeira,For outstanding contributions to free boundary problems and elliptic PDEs,https://en.wikipedia.org/wiki/Eduardo_Teixeira,https://openalex.org/authors/A5009297138,Immunology,2403.0,Immunology and Microbiology,Life Sciences,Yes,https://openalex.org/authors/A5009297138,Applied Mathematics,2604.0,Mathematics,Wrong person. Original profile is immunologist Mauro Martins Teixeira. Corrected to Eduardo V. Teixeira at University of Central Florida (PDEs/free boundary problems).,individual,1.0,Math
ICTP Ramanujan Prize,2018,Ritabrata Munshi,For outstanding contributions to analytic number theory and L-functions,https://en.wikipedia.org/wiki/Ritabrata_Munshi,https://openalex.org/authors/A5045766064,Algebra and Number Theory,2602.0,Mathematics,Physical Sciences,Yes,,Algebra and Number Theory,2602.0,Mathematics,"Profile correct. Indian Statistical Institute, analytic number theory.",individual,1.0,Math
ICTP Ramanujan Prize,2019,Hoang Hiep Pham,"For outstanding work in complex analysis, particularly pluripotential theory",https://en.wikipedia.org/wiki/Ho%C3%A0ng_Hi%E1%BB%87p_Ph%E1%BA%A1m,https://openalex.org/authors/A5112456635,"Statistics, Probability and Uncertainty",1804.0,Decision Sciences,Social Sciences,Yes,https://openalex.org/authors/A5112456635,Geometry and Topology,2608.0,Mathematics,"Wrong person. Original profile is education researcher Hiep-Hung Pham. Corrected to Pham Hoang Hiep at Institute of Mathematics, Vietnam (complex analysis).",individual,1.0,Math
ICTP Ramanujan Prize,2020,Carolina Araujo,"For outstanding work in algebraic geometry, particularly birational geometry and foliations",https://en.wikipedia.org/wiki/Carolina_Araujo,https://openalex.org/authors/A5080804825,Geometry and Topology,2608.0,Mathematics,Physical Sciences,Yes,,Geometry and Topology,2608.0,Mathematics,"Profile correct. IMPA Brazil, algebraic geometry.",individual,1.0,Math
ICTP Ramanujan Prize,2021,Neena Gupta,For outstanding work solving the Zariski cancellation problem,https://en.wikipedia.org/wiki/Neena_Gupta,https://openalex.org/authors/A5102733949,Aerospace Engineering,2202.0,Engineering,Physical Sciences,Yes,https://openalex.org/authors/A5102733949,Algebra and Number Theory,2602.0,Mathematics,"Wrong person. Original profile is engineering researcher at Gurukul Kangri. Corrected to mathematician at Indian Statistical Institute (Zariski cancellation problem, commutative algebra).",individual,1.0,Math
ICTP Ramanujan Prize,2022,Mouhamed Moustapha Fall,For contributions to nonlocal PDEs and nonlocal minimal surfaces,https://en.wikipedia.org/wiki/Mouhamed_Moustapha_Fall,https://openalex.org/authors/A5063408184,Applied Mathematics,2604.0,Mathematics,Physical Sciences,Yes,,Applied Mathematics,2604.0,Mathematics,"Profile correct. AIMS Senegal, nonlocal PDEs.",individual,1.0,Math
ICTP Ramanujan Prize,2024,Ruochuan Liu,For contributions to p-adic Hodge theory and p-adic automorphic forms,https://en.wikipedia.org/wiki/Ruochuan_Liu,https://openalex.org/authors/A5102958404,Molecular Biology,1312.0,"Biochemistry, Genetics and Molecular Biology",Life Sciences,Yes,https://openalex.org/authors/A5102958404,Algebra and Number Theory,2602.0,Mathematics,Wrong person. Original profile is molecular biologist at Hangzhou Dianzi Univ. Corrected to mathematician at Peking University (p-adic Hodge theory).,individual,1.0,Math
IEEE Medal of Honor,2015,Mildred Dresselhaus,For leadership and contributions across many fields of science and engineering,https://en.wikipedia.org/wiki/Mildred_Dresselhaus,https://openalex.org/authors/A5000793722,Materials Chemistry,2505.0,Materials Science,Physical Sciences,Yes,,Materials Chemistry,2505,Materials Science,,individual,1.0,Materials and mining engineering
IEEE Medal of Honor,2016,G. David Forney Jr.,For pioneering contributions to error-correcting codes and reliable high-speed data communications,https://en.wikipedia.org/wiki/G._David_Forney_Jr.,https://openalex.org/authors/A5023619541,Computer Networks and Communications,1705.0,Computer Science,Physical Sciences,Yes,,Computer Networks and Communications,1705,Computer Science,,individual,1.0,"Computing, electrical"
IEEE Medal of Honor,2017,Kees Immink,"For pioneering contributions to video, audio, and data recording technology",https://en.wikipedia.org/wiki/Kees_Schouhamer_Immink,https://openalex.org/authors/A5020855511,Computational Theory and Mathematics,1703.0,Computer Science,Physical Sciences,Yes,,Computational Theory and Mathematics,1703,Computer Science,,individual,1.0,"Computing, electrical"
IEEE Medal of Honor,2018,Bradford Parkinson,For fundamental contributions to developing the Global Positioning System,https://en.wikipedia.org/wiki/Bradford_Parkinson,https://openalex.org/authors/A5112076013,Aerospace Engineering,2202.0,Engineering,Physical Sciences,Yes,,Aerospace Engineering,2202,Engineering,,individual,1.0,Mechanical engineering
IEEE Medal of Honor,2019,Kurt Petersen,For contributions to the development of MEMS,https://en.wikipedia.org/wiki/Kurt_Petersen,https://openalex.org/authors/A5109977948,Electrical and Electronic Engineering,2208.0,Engineering,Physical Sciences,Yes,,Electrical and Electronic Engineering,2208,Engineering,,individual,1.0,"Computing, electrical"
IEEE Medal of Honor,2020,Chenming Hu,For developing semiconductor models that have helped keep Moore's Law going,https://en.wikipedia.org/wiki/Chenming_Hu,https://openalex.org/authors/A5058605789,Electrical and Electronic Engineering,2208.0,Engineering,Physical Sciences,Yes,,Electrical and Electronic Engineering,2208,Engineering,,individual,1.0,"Computing, electrical"
IEEE Medal of Honor,2021,Jacob Ziv,For fundamental contributions to information theory and data compression technology,https://en.wikipedia.org/wiki/Jacob_Ziv,https://openalex.org/authors/A5009331032,Artificial Intelligence,1702.0,Computer Science,Physical Sciences,Yes,,Artificial Intelligence,1702,Computer Science,,individual,1.0,"Computing, electrical"
IEEE Medal of Honor,2022,Asad Madni,For pioneering contributions to innovative sensing and systems technologies,https://en.wikipedia.org/wiki/Asad_Madni,https://openalex.org/authors/A5001348829,Computer Networks and Communications,1705.0,Computer Science,Physical Sciences,Yes,,Computer Networks and Communications,1705,Computer Science,,individual,1.0,"Computing, electrical"
IEEE Medal of Honor,2023,Vinton Cerf,For co-creating the Internet architecture,https://en.wikipedia.org/wiki/Vint_Cerf,https://openalex.org/authors/A5083922056,Computer Networks and Communications,1705.0,Computer Science,Physical Sciences,Yes,,Computer Networks and Communications,1705,Computer Science,,individual,1.0,"Computing, electrical"
IEEE Medal of Honor,2024,Robert Kahn,For pioneering contributions in packet communication technologies and foundations of the Internet,https://en.wikipedia.org/wiki/Bob_Kahn,https://openalex.org/authors/A5113732030,Surgery,2746.0,Medicine,Health Sciences,Yes,https://openalex.org/authors/A5113732030,Computer Networks and Communications,1705,Computer Science,"Profile corrected: was A5086161192 (Robert L. Kahn, surgeon at U Michigan), now A5113732030 (Robert E. Kahn, internet pioneer at DARPA/CNRI)",individual,1.0,"Computing, electrical"
InBev-Baillet Latour Health Prize,2015,Bruce M. Spiegelman,For research on metabolic disorders,https://en.wikipedia.org/wiki/Bruce_M._Spiegelman,https://openalex.org/authors/A5022918796,Physiology,2737.0,Medicine,Health Sciences,Yes,,Physiology,2737.0,Medicine,,individual,1.0,Life Sciences & Medicine
InBev-Baillet Latour Health Prize,2016,Charles M. Rice,"For research on infectious diseases, particularly hepatitis C",https://en.wikipedia.org/wiki/Charles_M._Rice,https://openalex.org/authors/A5019683467,Hepatology,2721.0,Medicine,Health Sciences,Yes,,Hepatology,2721.0,Medicine,,individual,1.0,Life Sciences & Medicine
InBev-Baillet Latour Health Prize,2017,Adriano Aguzzi,"For research on neurological disorders, particularly prion diseases",https://en.wikipedia.org/wiki/Adriano_Aguzzi,https://openalex.org/authors/A5026438561,Molecular Biology,1312.0,"Biochemistry, Genetics and Molecular Biology",Life Sciences,Yes,,Molecular Biology,1312.0,"Biochemistry, Genetics and Molecular Biology",,individual,1.0,Life Sciences & Medicine
InBev-Baillet Latour Health Prize,2018,Guido Kroemer,For research on cancer immunology and cell death mechanisms,https://en.wikipedia.org/wiki/Guido_Kroemer,https://openalex.org/authors/A5075296559,Epidemiology,2713.0,Medicine,Health Sciences,Yes,,Epidemiology,2713.0,Medicine,,individual,1.0,Life Sciences & Medicine
InBev-Baillet Latour Health Prize,2018,Laurence Zitvogel,For research on cancer immunology and immunotherapy,https://en.wikipedia.org/wiki/Laurence_Zitvogel,https://openalex.org/authors/A5074612242,Oncology,2730.0,Medicine,Health Sciences,Yes,,Oncology,2730.0,Medicine,,individual,1.0,Life Sciences & Medicine
InBev-Baillet Latour Health Prize,2019,Catherine Boileau,For discoveries on genetic origins of vascular diseases and the role of PCSK9 in cholesterol metabolism,https://en.wikipedia.org/wiki/Catherine_Boileau,https://openalex.org/authors/A5055519983,Surgery,2746.0,Medicine,Health Sciences,Yes,https://openalex.org/authors/A5055519983,Genetics,1311.0,"Biochemistry, Genetics and Molecular Biology","Profile corrected: was A5061188268 (Victor Aboyans), now A5055519983 (Catherine Boileau at Inserm/Paris). Subfield changed from Surgery to Genetics.",individual,1.0,Life Sciences & Medicine
InBev-Baillet Latour Health Prize,2020,Andrew Hattersley,For fundamental discoveries about genetic forms of diabetes,https://en.wikipedia.org/wiki/Andrew_Hattersley,https://openalex.org/authors/A5060736941,"Endocrinology, Diabetes and Metabolism",2712.0,Medicine,Health Sciences,Yes,https://openalex.org/authors/A5060736941,"Endocrinology, Diabetes and Metabolism",2712.0,Medicine,"Profile corrected: was A5049488656 (wrong person), now A5060736941 (Andrew T. Hattersley at U Exeter)",individual,1.0,Life Sciences & Medicine
International Award of Merit in Structural Engineering,2015,Jose Calavera,"For outstanding contributions to structural engineering, Spain",https://en.wikipedia.org/wiki/Jos%C3%A9_Calavera,https://openalex.org/authors/A5003238680,Civil and Structural Engineering,2205.0,Engineering,Physical Sciences,Yes,,Civil and Structural Engineering,2205.0,Engineering,,individual,1.0,"Civil, environmental, and transportation engineering"
International Award of Merit in Structural Engineering,2017,Juan Jose Arenas,"For outstanding contributions to structural engineering, Spain",https://en.wikipedia.org/wiki/Juan_Jos%C3%A9_Arenas_de_Pablo,https://openalex.org/authors/A5043433729,"Atomic and Molecular Physics, and Optics",3107.0,Physics and Astronomy,Physical Sciences,Yes,,Civil and Structural Engineering,2205.0,Engineering,"Profile corrected: was A5043433729 (J.J. Mendoza-Arenas, quantum physicist). Juan Jose Arenas de Pablo not found in OpenAlex; no replacement profile available.",individual,1.0,"Civil, environmental, and transportation engineering"
International Award of Merit in Structural Engineering,2018,Tristram Carfrae,"For outstanding contributions to structural engineering, United Kingdom",https://en.wikipedia.org/wiki/Tristram_Carfrae,https://openalex.org/authors/A5078834862,Civil and Structural Engineering,2205.0,Engineering,Physical Sciences,Yes,,Civil and Structural Engineering,2205.0,Engineering,,individual,1.0,"Civil, environmental, and transportation engineering"
International Award of Merit in Structural Engineering,2019,Niels Jorgen Gimsing,"For outstanding contributions to structural engineering, Denmark",https://en.wikipedia.org/wiki/Niels_J%C3%B8rgen_Gimsing,https://openalex.org/authors/A5005262054,Civil and Structural Engineering,2205.0,Engineering,Physical Sciences,Yes,,Civil and Structural Engineering,2205.0,Engineering,,individual,1.0,"Civil, environmental, and transportation engineering"
International Award of Merit in Structural Engineering,2020,Ahsan Kareem,"For outstanding contributions to structural engineering, United States",https://en.wikipedia.org/wiki/Ahsan_Kareem,https://openalex.org/authors/A5069470138,Environmental Engineering,2305.0,Environmental Science,Physical Sciences,Yes,,Civil and Structural Engineering,2205.0,Engineering,Top topic is wind engineering (Environmental Engineering) but main work is structural; keeping Civil and Structural Engineering,individual,1.0,"Civil, environmental, and transportation engineering"
International Award of Merit in Structural Engineering,2021,Jurg Conzett,"For outstanding contributions to structural engineering, Switzerland",https://en.wikipedia.org/wiki/J%C3%BCrg_Conzett,https://openalex.org/authors/A5078391827,Civil and Structural Engineering,2205.0,Engineering,Physical Sciences,Yes,,Civil and Structural Engineering,2205.0,Engineering,,individual,1.0,"Civil, environmental, and transportation engineering"
International Award of Merit in Structural Engineering,2022,Yozo Fujino,"For outstanding contributions to structural engineering, Japan",https://en.wikipedia.org/wiki/Yozo_Fujino,https://openalex.org/authors/A5055278415,Civil and Structural Engineering,2205.0,Engineering,Physical Sciences,Yes,,Civil and Structural Engineering,2205.0,Engineering,,individual,1.0,"Civil, environmental, and transportation engineering"
International Award of Merit in Structural Engineering,2023,Tom Vrouwenvelder,"For outstanding contributions to structural engineering, The Netherlands",https://en.wikipedia.org/wiki/Tom_Vrouwenvelder,https://openalex.org/authors/A5108248893,Civil and Structural Engineering,2205.0,Engineering,Physical Sciences,Yes,https://openalex.org/authors/A5108248893,Civil and Structural Engineering,2205.0,Engineering,No OpenAlex URL. Found A5108248893 (A.C.W.M. Vrouwenvelder at TU Delft/TNO).,individual,1.0,"Civil, environmental, and transportation engineering"
International Award of Merit in Structural Engineering,2024,Klaus Ostenfeld,"For outstanding contributions to structural engineering, Denmark",https://en.wikipedia.org/wiki/Klaus_H._Ostenfeld,https://openalex.org/authors/A5064216861,Civil and Structural Engineering,2205.0,Engineering,Physical Sciences,Yes,,Civil and Structural Engineering,2205.0,Engineering,,individual,1.0,"Civil, environmental, and transportation engineering"
Isaac Newton Medal,2015,Eli Yablonovitch,For visionary contributions to photonic nanostructures and photonic band gaps,https://en.wikipedia.org/wiki/Eli_Yablonovitch,https://openalex.org/authors/A5017829753,Electrical and Electronic Engineering,2208.0,Engineering,Physical Sciences,Yes,,Electrical and Electronic Engineering,2208,Engineering,,individual,1.0,"Computing, electrical"
Isaac Newton Medal,2016,Tom Kibble,"For lifelong commitment to physics, particularly the Higgs mechanism (posthumous)",https://en.wikipedia.org/wiki/Tom_Kibble,https://openalex.org/authors/A5110480103,Nuclear and High Energy Physics,3106.0,Physics and Astronomy,Physical Sciences,Yes,,Nuclear and High Energy Physics,3106,Physics and Astronomy,,individual,1.0,Physics & Astronomy
Isaac Newton Medal,2017,Charles L. Bennett,"For leadership of WMAP, revolutionizing cosmology into a precision science",https://en.wikipedia.org/wiki/Charles_L._Bennett,https://openalex.org/authors/A5065163729,Economics and Econometrics,2002.0,"Economics, Econometrics and Finance",Social Sciences,Yes,https://openalex.org/authors/A5065163729,Astronomy and Astrophysics,3103,Physics and Astronomy,"Profile corrected: was A5037456539 (Charles L. Bennett, health economist at U South Carolina), now A5065163729 (C. L. Bennett, astrophysicist at Johns Hopkins/WMAP)",individual,1.0,Physics & Astronomy
Isaac Newton Medal,2018,Paul Corkum,For contributions to attosecond science and ultrafast laser physics,https://en.wikipedia.org/wiki/Paul_Corkum,https://openalex.org/authors/A5057695025,"Atomic and Molecular Physics, and Optics",3107.0,Physics and Astronomy,Physical Sciences,Yes,,"Atomic and Molecular Physics, and Optics",3107,Physics and Astronomy,,individual,1.0,Physics & Astronomy
Isaac Newton Medal,2019,Michael Pepper,For creating semiconductor nanoelectronics and discovering new quantum phenomena,https://en.wikipedia.org/wiki/Michael_Pepper,https://openalex.org/authors/A5101648159,"Atomic and Molecular Physics, and Optics",3107.0,Physics and Astronomy,Physical Sciences,Yes,,"Atomic and Molecular Physics, and Optics",3107,Physics and Astronomy,,individual,1.0,Physics & Astronomy
Isaac Newton Medal,2020,Nader Engheta,For contributions to electromagnetic metamaterials and optical nanocircuitry,https://en.wikipedia.org/wiki/Nader_Engheta,https://openalex.org/authors/A5022669149,"Electronic, Optical and Magnetic Materials",2504.0,Materials Science,Physical Sciences,Yes,,"Atomic and Molecular Physics, and Optics",https://openalex.org/subfields/3107,Physics and Astronomy,"Reclassified: metamaterials/nanophotonics physicist, not electronic materials",individual,1.0,Physics & Astronomy
Isaac Newton Medal,2021,David Deutsch,For founding quantum computation and the concept of the qubit,https://en.wikipedia.org/wiki/David_Deutsch,https://openalex.org/authors/A5050850280,"Atomic and Molecular Physics, and Optics",3107.0,Physics and Astronomy,Physical Sciences,Yes,,"Atomic and Molecular Physics, and Optics",3107,Physics and Astronomy,,individual,1.0,Physics & Astronomy
Isaac Newton Medal,2022,Margaret Murnane,For pioneering ultrafast lasers and coherent X-ray sources,https://en.wikipedia.org/wiki/Margaret_Murnane,https://openalex.org/authors/A5082853262,"Atomic and Molecular Physics, and Optics",3107.0,Physics and Astronomy,Physical Sciences,Yes,,"Atomic and Molecular Physics, and Optics",3107,Physics and Astronomy,,individual,1.0,Physics & Astronomy
Isaac Newton Medal,2023,James Binney,For advancing stellar dynamics and galaxy structure,https://en.wikipedia.org/wiki/James_Binney,https://openalex.org/authors/A5064352464,Astronomy and Astrophysics,3103.0,Physics and Astronomy,Physical Sciences,Yes,,Astronomy and Astrophysics,3103,Physics and Astronomy,,individual,1.0,Physics & Astronomy
Isaac Newton Medal,2024,Richard Friend,For pioneering work on molecular semiconductor electronics,https://en.wikipedia.org/wiki/Richard_Friend,https://openalex.org/authors/A5060458159,Electrical and Electronic Engineering,2208.0,Engineering,Physical Sciences,Yes,,Electrical and Electronic Engineering,2208,Engineering,,individual,1.0,"Computing, electrical"
James Craig Watson Medal,2016,Timothy M. Brown,,,https://openalex.org/authors/A5101881039,Astronomy and Astrophysics,3103.0,Physics and Astronomy,Physical Sciences,Yes,,Astronomy and Astrophysics,3103.0,Physics and Astronomy,"2026-09-11 coverage audit: added, add colaureate; id from the snapshot name scan, largest field-consistent profile (211 works); SPLIT_ACROSS_5,REJECTED_1_LARGER_WRONG_FIELD. Source: https://www.astroleague.org/dr-tim-brown-to-receive-distinguished-watson-medal/",individual,1.0,Physics & Astronomy
James Craig Watson Medal,2018,Ewine van Dishoeck,For her leading role in elucidating the molecular trail from interstellar clouds to planet-forming disks through astronomical observations and astrochemistry,https://en.wikipedia.org/wiki/Ewine_van_Dishoeck,https://openalex.org/authors/A5048537056,Astronomy and Astrophysics,3103.0,Physics and Astronomy,Physical Sciences,Yes,https://openalex.org/authors/A5048537056,Astronomy and Astrophysics,3103.0,Physics and Astronomy,"Profile corrected: was A5035126916 (Tyler L. Bourke), now A5048537056 (E. F. van Dishoeck at Leiden University, 1515 works)",individual,1.0,Physics & Astronomy
James Craig Watson Medal,2020,Lisa Kewley,For her leading contributions to the development and application of theoretical and observational diagnostics for determining the physical conditions within galaxies,https://en.wikipedia.org/wiki/Lisa_Kewley,https://openalex.org/authors/A5027796962,Astronomy and Astrophysics,3103.0,Physics and Astronomy,Physical Sciences,Yes,https://openalex.org/authors/A5027796962,Astronomy and Astrophysics,3103.0,Physics and Astronomy,"Profile corrected: was A5022259389 (N. B. Suntzeff), now A5027796962 (Lisa J. Kewley at ANU, 461 works)",individual,1.0,Physics & Astronomy
James Craig Watson Medal,2022,Samuel Harvey Moseley Jr.,For his fundamental contributions to far-infrared and submillimeter observational astrophysics through the invention of key detector technologies,https://en.wikipedia.org/wiki/Samuel_Harvey_Moseley_Jr.,https://openalex.org/authors/A5107912952,Astronomy and Astrophysics,3103.0,Physics and Astronomy,Physical Sciences,Yes,,Astronomy and Astrophysics,3103.0,Physics and Astronomy,,individual,1.0,Physics & Astronomy
James Craig Watson Medal,2024,James Stone,"For his outstanding contributions to computational astrophysics, including widely used simulation codes for astrophysical magnetohydrodynamics",https://en.wikipedia.org/wiki/James_Stone,https://openalex.org/authors/A5066125745,Astronomy and Astrophysics,3103.0,Physics and Astronomy,Physical Sciences,Yes,,Astronomy and Astrophysics,3103.0,Physics and Astronomy,,individual,1.0,Physics & Astronomy
Japan Prize,2015,Alain Fischer,Medical Science and Medicinal Science: Pioneering contributions to gene therapy,https://en.wikipedia.org/wiki/Alain_Fischer,https://openalex.org/authors/A5029004287,Immunology,2403.0,Immunology and Microbiology,Life Sciences,Yes,,Immunology,2403,Immunology and Microbiology,,individual,1.0,Life Sciences & Medicine
Japan Prize,2015,Theodore Friedmann,Medical Science and Medicinal Science: Pioneering contributions to gene therapy,https://en.wikipedia.org/wiki/Theodore_Friedmann,https://openalex.org/authors/A5022484519,Genetics,1311.0,"Biochemistry, Genetics and Molecular Biology",Life Sciences,Yes,,Genetics,1311,"Biochemistry, Genetics and Molecular Biology",,individual,1.0,Life Sciences & Medicine
Japan Prize,2015,Yutaka Takahashi,"Resources, Energy, and Social Infrastructure: Contributions to river basin management and reducing water-related disasters",https://en.wikipedia.org/wiki/Yutaka_Takahashi,,"Endocrinology, Diabetes and Metabolism",2712.0,Medicine,Health Sciences,Yes,,Ophthalmology,https://openalex.org/subfields/2731,Medicine,"Wrong person fix: Masayo Takahashi (iPS cell ophthalmologist), not Yutaka Takahashi | 2026-09-09 snapshot audit: id removed (A5000579686 = Ummay Sabi Tutul); no snapshot profile for the river-basin engineer",individual,1.0,Life Sciences & Medicine
Japan Prize,2016,Hideo Hosono,Materials and Production: Creation of unconventional inorganic materials with novel electronic functions based on nano-structure engineering,https://en.wikipedia.org/wiki/Hideo_Hosono,https://openalex.org/authors/A5007812423,"Electronic, Optical and Magnetic Materials",2504.0,Materials Science,Physical Sciences,Yes,,"Electronic, Optical and Magnetic Materials",2504,Materials Science,,individual,1.0,Materials and mining engineering
Japan Prize,2016,Steven D. Tanksley,Biological Production and Biological Environment: Molecular genetic analysis contributing to stable food crop production,https://en.wikipedia.org/wiki/Steven_D._Tanksley,https://openalex.org/authors/A5055448814,Genetics,1311.0,"Biochemistry, Genetics and Molecular Biology",Life Sciences,Yes,,Plant Science,https://openalex.org/subfields/1110,Agricultural and Biological Sciences,"Reclassified: plant genetics/tomato genomics, not molecular bio",individual,1.0,Ag. & natural resources
Japan Prize,2017,Adi Shamir,"Electronics, Information, Communication: Breakthrough research in the fields of cryptography and cybersecurity",https://en.wikipedia.org/wiki/Adi_Shamir,https://openalex.org/authors/A5009126679,Artificial Intelligence,1702.0,Computer Science,Physical Sciences,Yes,,Artificial Intelligence,1702,Computer Science,,individual,1.0,"Computing, electrical"
Japan Prize,2017,Emmanuelle Charpentier,Life Science: Development of the CRISPR-Cas9 genome editing tool,https://en.wikipedia.org/wiki/Emmanuelle_Charpentier,https://openalex.org/authors/A5074743574,Molecular Biology,1312.0,"Biochemistry, Genetics and Molecular Biology",Life Sciences,Yes,,Molecular Biology,1312,"Biochemistry, Genetics and Molecular Biology",,individual,1.0,Life Sciences & Medicine
Japan Prize,2017,Jennifer A. Doudna,Life Science: Development of the CRISPR-Cas9 genome editing tool,https://en.wikipedia.org/wiki/Jennifer_Doudna,https://openalex.org/authors/A5067184382,Molecular Biology,1312.0,"Biochemistry, Genetics and Molecular Biology",Life Sciences,Yes,,Molecular Biology,1312,"Biochemistry, Genetics and Molecular Biology",,individual,1.0,Life Sciences & Medicine
Japan Prize,2018,Akira Yoshino,Materials and Production: Invention of the lithium-ion battery,https://en.wikipedia.org/wiki/Akira_Yoshino,https://openalex.org/authors/A5103185273,Electrical and Electronic Engineering,2208.0,Engineering,Physical Sciences,Yes,,Electrical and Electronic Engineering,2208,Engineering,,individual,1.0,"Computing, electrical"
Japan Prize,2018,Jacques Miller,Medical Science and Medicinal Science: Discovery of the dual nature of adaptive immunity,https://en.wikipedia.org/wiki/Jacques_Miller,https://openalex.org/authors/A5075643780,Immunology,2403.0,Immunology and Microbiology,Life Sciences,Yes,,Immunology,2403,Immunology and Microbiology,,individual,1.0,Life Sciences & Medicine
Japan Prize,2018,Max D. Cooper,Medical Science and Medicinal Science: Discovery of the dual nature of adaptive immunity,https://en.wikipedia.org/wiki/Max_D._Cooper,https://openalex.org/authors/A5031308976,Immunology,2403.0,Immunology and Microbiology,Life Sciences,Yes,,Immunology,2403,Immunology and Microbiology,,individual,1.0,Life Sciences & Medicine
Japan Prize,2019,Rattan Lal,"Biological Production, Ecology: Contributions to food security through soil science",https://en.wikipedia.org/wiki/Rattan_Lal,https://openalex.org/authors/A5049890100,Soil Science,1111.0,Agricultural and Biological Sciences,Life Sciences,Yes,,Soil Science,1111,Agricultural and Biological Sciences,,individual,1.0,Ag. & natural resources
Japan Prize,2019,Yoshio Okamoto,Materials and Production: Discovery of asymmetric polymerization,https://en.wikipedia.org/wiki/Yoshio_Okamoto_(chemist),https://openalex.org/authors/A5101472985,Spectroscopy,1607.0,Chemistry,Physical Sciences,Yes,,Spectroscopy,1607,Chemistry,,individual,1.0,Chemistry
Japan Prize,2020,Robert G. Gallager,"Electronics, Information, Communication: Pioneering contributions to information theory and coding",https://en.wikipedia.org/wiki/Robert_G._Gallager,https://openalex.org/authors/A5018631955,Electrical and Electronic Engineering,2208.0,Engineering,Physical Sciences,Yes,,Electrical and Electronic Engineering,2208,Engineering,,individual,1.0,"Computing, electrical"
Japan Prize,2020,Svante Paabo,"Life Science: Contributions to paleogenomics, particularly sequencing the Neanderthal genome",https://en.wikipedia.org/wiki/Svante_P%C3%A4%C3%A4bo,https://openalex.org/authors/A5012216367,Genetics,1311.0,"Biochemistry, Genetics and Molecular Biology",Life Sciences,Yes,,Genetics,1311,"Biochemistry, Genetics and Molecular Biology",,individual,1.0,Life Sciences & Medicine
Japan Prize,2021,Bert Vogelstein,Medical Science and Medicinal Science: Elucidation of the molecular mechanisms of cancer,https://en.wikipedia.org/wiki/Bert_Vogelstein,https://openalex.org/authors/A5072858943,Cancer Research,1306.0,"Biochemistry, Genetics and Molecular Biology",Life Sciences,Yes,,Cancer Research,1306,"Biochemistry, Genetics and Molecular Biology",,individual,1.0,Life Sciences & Medicine
Japan Prize,2021,Martin Green,"Resources, Energy, the Environment, and Social Infrastructure: Contributions to high-efficiency silicon solar cells",https://en.wikipedia.org/wiki/Martin_Green,https://openalex.org/authors/A5060331758,Electrical and Electronic Engineering,2208.0,Engineering,Physical Sciences,Yes,,Electrical and Electronic Engineering,2208,Engineering,,individual,1.0,"Computing, electrical"
Japan Prize,2021,Robert A. Weinberg,Medical Science and Medicinal Science: Elucidation of the molecular mechanisms of cancer,https://en.wikipedia.org/wiki/Robert_A._Weinberg,https://openalex.org/authors/A5012557712,Oncology,2730.0,Medicine,Health Sciences,Yes,,Oncology,2730,Medicine,,individual,1.0,Life Sciences & Medicine
Japan Prize,2022,Christopher Field,"Biological Production, Ecology/Environment: Estimation of global biospheric productivity and climate change science",https://en.wikipedia.org/wiki/Christopher_Field,https://openalex.org/authors/A5016455866,Global and Planetary Change,2306.0,Environmental Science,Physical Sciences,Yes,,Global and Planetary Change,2306,Environmental Science,,individual,1.0,Earth Sciences
Japan Prize,2022,Drew Weissman,Materials and Production: Pioneering research contributing to the development of mRNA vaccines,https://en.wikipedia.org/wiki/Drew_Weissman,https://openalex.org/authors/A5068253145,Molecular Biology,1312.0,"Biochemistry, Genetics and Molecular Biology",Life Sciences,Yes,,Molecular Biology,1312,"Biochemistry, Genetics and Molecular Biology",,individual,1.0,Life Sciences & Medicine
Japan Prize,2022,Katalin Kariko,Materials and Production: Pioneering research contributing to the development of mRNA vaccines,https://en.wikipedia.org/wiki/Katalin_Karik%C3%B3,https://openalex.org/authors/A5030598859,Molecular Biology,1312.0,"Biochemistry, Genetics and Molecular Biology",Life Sciences,Yes,,Molecular Biology,1312,"Biochemistry, Genetics and Molecular Biology",,individual,1.0,Life Sciences & Medicine
Japan Prize,2023,Gero Miesenboeck,Life Science: Invention of optogenetics,https://en.wikipedia.org/wiki/Gero_Miesenboeck,https://openalex.org/authors/A5041526781,Cellular and Molecular Neuroscience,2804.0,Neuroscience,Life Sciences,Yes,,Cellular and Molecular Neuroscience,2804,Neuroscience,,individual,1.0,Life Sciences & Medicine
Japan Prize,2023,Karl Deisseroth,Life Science: Invention of optogenetics,https://en.wikipedia.org/wiki/Karl_Deisseroth,https://openalex.org/authors/A5014360828,Cellular and Molecular Neuroscience,2804.0,Neuroscience,Life Sciences,Yes,,Cellular and Molecular Neuroscience,2804,Neuroscience,,individual,1.0,Life Sciences & Medicine
Japan Prize,2023,Kazuo Hagimoto,"Electronics, Information, Communication: Contributions to ultra-high-speed optical fiber communication",https://en.wikipedia.org/wiki/Kazuo_Hagimoto,https://openalex.org/authors/A5035463290,Electrical and Electronic Engineering,2208.0,Engineering,Physical Sciences,Yes,,Electrical and Electronic Engineering,2208,Engineering,,individual,1.0,"Computing, electrical"
Japan Prize,2023,Masataka Nakazawa,"Electronics, Information, Communication: Contributions to ultra-high-speed optical fiber communication",https://en.wikipedia.org/wiki/Masataka_Nakazawa,https://openalex.org/authors/A5030709830,"Atomic and Molecular Physics, and Optics",3107.0,Physics and Astronomy,Physical Sciences,Yes,,"Atomic and Molecular Physics, and Optics",3107,Physics and Astronomy,,individual,1.0,Physics & Astronomy
Japan Prize,2024,Brian J. Hoskins,"Resources, Energy, the Environment, and Social Infrastructure: Fundamental contributions to understanding atmospheric dynamics and climate change",https://en.wikipedia.org/wiki/Brian_J._Hoskins,https://openalex.org/authors/A5016087138,Global and Planetary Change,2306.0,Environmental Science,Physical Sciences,Yes,,Global and Planetary Change,2306,Environmental Science,,individual,1.0,Earth Sciences
Japan Prize,2024,John Michael Wallace,"Resources, Energy, the Environment, and Social Infrastructure: Fundamental contributions to understanding atmospheric dynamics",https://en.wikipedia.org/wiki/John_Michael_Wallace,https://openalex.org/authors/A5081088978,Materials Chemistry,2505.0,Materials Science,Physical Sciences,Yes,https://openalex.org/authors/A5081088978,Global and Planetary Change,2306,Environmental Science,"Profile corrected: was A5039970456 (Stephen M. Foiles, materials scientist at Sandia), now A5081088978 (John M. Wallace, atmospheric scientist at U Washington)",individual,1.0,Earth Sciences
Japan Prize,2024,Ronald M. Evans,Medical Science and Pharmaceutical Science: Discovery of nuclear hormone receptors and elucidation of their function,https://en.wikipedia.org/wiki/Ronald_M._Evans,https://openalex.org/authors/A5087519016,Molecular Biology,1312.0,"Biochemistry, Genetics and Molecular Biology",Life Sciences,Yes,,Molecular Biology,1312,"Biochemistry, Genetics and Molecular Biology",,individual,1.0,Life Sciences & Medicine
Kavli Prize in Astrophysics,2016,Kip Thorne,For the direct detection of gravitational waves,https://en.wikipedia.org/wiki/Kip_Thorne,https://openalex.org/authors/A5103423628,Astronomy and Astrophysics,3103.0,Physics and Astronomy,Physical Sciences,Yes,,Astronomy and Astrophysics,3103.0,Physics and Astronomy,,individual,1.0,Physics & Astronomy
Kavli Prize in Astrophysics,2016,Rainer Weiss,For the direct detection of gravitational waves,https://en.wikipedia.org/wiki/Rainer_Weiss,https://openalex.org/authors/A5103619207,Astronomy and Astrophysics,3103.0,Physics and Astronomy,Physical Sciences,Yes,,Astronomy and Astrophysics,3103.0,Physics and Astronomy,,individual,1.0,Physics & Astronomy
Kavli Prize in Astrophysics,2016,Ronald Drever,For the direct detection of gravitational waves,https://en.wikipedia.org/wiki/Ronald_Drever,https://openalex.org/authors/A5108734472,Nature and Landscape Conservation,2309.0,Environmental Science,Physical Sciences,Yes,https://openalex.org/authors/A5108734472,Astronomy and Astrophysics,3103.0,Physics and Astronomy,"Profile corrected: was A5002903096 (Ronald Beare Drever, forest ecologist, 1 work), now A5108734472 (R. W. P. Drever at Caltech/Glasgow, LIGO physicist, 178 works)",individual,1.0,Physics & Astronomy
Kavli Prize in Astrophysics,2018,Ewine van Dishoeck,"For combined contributions to observational, theoretical and laboratory astrochemistry, elucidating the life cycle of interstellar clouds and formation of stars and planets",https://en.wikipedia.org/wiki/Ewine_van_Dishoeck,https://openalex.org/authors/A5048537056,Astronomy and Astrophysics,3103.0,Physics and Astronomy,Physical Sciences,Yes,https://openalex.org/authors/A5048537056,Astronomy and Astrophysics,3103.0,Physics and Astronomy,"Profile corrected: was A5035126916 (Tyler L. Bourke), now A5048537056 (E. F. van Dishoeck at Leiden, 1515 works)",individual,1.0,Physics & Astronomy
Kavli Prize in Astrophysics,2020,Andrew Fabian,"For pioneering research in X-ray astronomy, revealing gas flows in galaxy clusters and influence of supermassive black holes",https://en.wikipedia.org/wiki/Andrew_Fabian_(astrophysicist),https://openalex.org/authors/A5024983697,Astronomy and Astrophysics,3103.0,Physics and Astronomy,Physical Sciences,Yes,,Astronomy and Astrophysics,3103.0,Physics and Astronomy,,individual,1.0,Physics & Astronomy
Kavli Prize in Astrophysics,2022,Conny Aerts,For pioneering work in asteroseismology,https://en.wikipedia.org/wiki/Conny_Aerts,https://openalex.org/authors/A5071357492,Astronomy and Astrophysics,3103.0,Physics and Astronomy,Physical Sciences,Yes,,Astronomy and Astrophysics,3103.0,Physics and Astronomy,,individual,1.0,Physics & Astronomy
Kavli Prize in Astrophysics,2022,Jorgen Christensen-Dalsgaard,For pioneering work in helioseismology and asteroseismology,https://en.wikipedia.org/wiki/J%C3%B8rgen_Christensen-Dalsgaard,https://openalex.org/authors/A5010967180,Astronomy and Astrophysics,3103.0,Physics and Astronomy,Physical Sciences,Yes,,Astronomy and Astrophysics,3103.0,Physics and Astronomy,,individual,1.0,Physics & Astronomy
Kavli Prize in Astrophysics,2022,Roger Ulrich,For pioneering work in helioseismology,https://en.wikipedia.org/wiki/Roger_Ulrich_(astrophysicist),https://openalex.org/authors/A5101763051,"Health, Toxicology and Mutagenesis",2307.0,Environmental Science,Physical Sciences,Yes,https://openalex.org/authors/A5101763051,Astronomy and Astrophysics,3103.0,Physics and Astronomy,"Profile corrected: was A5066311330 (Roger S. Ulrich, environmental psychologist at Chalmers), now A5101763051 (R. K. Ulrich, solar physicist at UCLA)",individual,1.0,Physics & Astronomy
Kavli Prize in Astrophysics,2024,David Charbonneau,For discoveries of exoplanets and characterization of their atmospheres,https://en.wikipedia.org/wiki/David_Charbonneau,https://openalex.org/authors/A5049263167,Astronomy and Astrophysics,3103.0,Physics and Astronomy,Physical Sciences,Yes,,Astronomy and Astrophysics,3103.0,Physics and Astronomy,,individual,1.0,Physics & Astronomy
Kavli Prize in Astrophysics,2024,Sara Seager,For discoveries of exoplanets and characterization of their atmospheres,https://en.wikipedia.org/wiki/Sara_Seager,https://openalex.org/authors/A5041366168,Astronomy and Astrophysics,3103.0,Physics and Astronomy,Physical Sciences,Yes,,Astronomy and Astrophysics,3103.0,Physics and Astronomy,,individual,1.0,Physics & Astronomy
Kavli Prize in Nanoscience,2016,Calvin Quate,For the invention and realization of atomic force microscopy,https://en.wikipedia.org/wiki/Calvin_Quate,https://openalex.org/authors/A5023755434,"Atomic and Molecular Physics, and Optics",3107.0,Physics and Astronomy,Physical Sciences,Yes,,"Atomic and Molecular Physics, and Optics",3107,Physics and Astronomy,,individual,1.0,Physics & Astronomy
Kavli Prize in Nanoscience,2016,Christoph Gerber,For the invention and realization of atomic force microscopy,https://en.wikipedia.org/wiki/Christoph_Gerber,https://openalex.org/authors/A5004070941,"Atomic and Molecular Physics, and Optics",3107.0,Physics and Astronomy,Physical Sciences,Yes,,"Atomic and Molecular Physics, and Optics",3107,Physics and Astronomy,,individual,1.0,Physics & Astronomy
Kavli Prize in Nanoscience,2016,Gerd Binnig,For the invention and realization of atomic force microscopy,https://en.wikipedia.org/wiki/Gerd_Binnig,https://openalex.org/authors/A5071169826,"Atomic and Molecular Physics, and Optics",3107.0,Physics and Astronomy,Physical Sciences,Yes,,"Atomic and Molecular Physics, and Optics",3107,Physics and Astronomy,,individual,1.0,Physics & Astronomy
Kavli Prize in Nanoscience,2018,Emmanuelle Charpentier,"For the invention of CRISPR-Cas9, a revolutionary nanotool for editing DNA",https://en.wikipedia.org/wiki/Emmanuelle_Charpentier,https://openalex.org/authors/A5074743574,Molecular Biology,1312.0,"Biochemistry, Genetics and Molecular Biology",Life Sciences,Yes,,Molecular Biology,1312,"Biochemistry, Genetics and Molecular Biology",,individual,1.0,Life Sciences & Medicine
Kavli Prize in Nanoscience,2018,Jennifer A. Doudna,"For the invention of CRISPR-Cas9, a revolutionary nanotool for editing DNA",https://en.wikipedia.org/wiki/Jennifer_A._Doudna,https://openalex.org/authors/A5067184382,Molecular Biology,1312.0,"Biochemistry, Genetics and Molecular Biology",Life Sciences,Yes,,Molecular Biology,1312,"Biochemistry, Genetics and Molecular Biology",,individual,1.0,Life Sciences & Medicine
Kavli Prize in Nanoscience,2018,Virginijus Siksnys,"For the invention of CRISPR-Cas9, a revolutionary nanotool for editing DNA",https://en.wikipedia.org/wiki/Virginijus_%C5%A0ik%C5%A1nys,https://openalex.org/authors/A5001141726,Molecular Biology,1312.0,"Biochemistry, Genetics and Molecular Biology",Life Sciences,Yes,,Molecular Biology,1312,"Biochemistry, Genetics and Molecular Biology",,individual,1.0,Life Sciences & Medicine
Kavli Prize in Nanoscience,2020,Harald Rose,For sub-angstrom resolution imaging and chemical analysis using electron beams,https://en.wikipedia.org/wiki/Harald_Rose,https://openalex.org/authors/A5109124408,Structural Biology,1315.0,"Biochemistry, Genetics and Molecular Biology",Life Sciences,Yes,,"Surfaces, Coatings and Films",2508,Materials Science,Top topic is electron microscopy mapped to Structural Biology; using Surfaces Coatings and Films as more appropriate for physicist,individual,1.0,Materials and mining engineering
Kavli Prize in Nanoscience,2020,Knut Urban,For sub-angstrom resolution imaging and chemical analysis using electron beams,https://en.wikipedia.org/wiki/Knut_Urban,https://openalex.org/authors/A5102812716,Materials Chemistry,2505.0,Materials Science,Physical Sciences,Yes,,Materials Chemistry,2505,Materials Science,,individual,1.0,Materials and mining engineering
Kavli Prize in Nanoscience,2020,Maximilian Haider,For sub-angstrom resolution imaging and chemical analysis using electron beams,https://en.wikipedia.org/wiki/Maximilian_Haider,https://openalex.org/authors/A5085200056,"Surfaces, Coatings and Films",2508.0,Materials Science,Physical Sciences,Yes,,"Surfaces, Coatings and Films",2508,Materials Science,,individual,1.0,Materials and mining engineering
Kavli Prize in Nanoscience,2020,Ondrej L. Krivanek,For sub-angstrom resolution imaging and chemical analysis using electron beams,https://en.wikipedia.org/wiki/Ondrej_Krivanek,https://openalex.org/authors/A5071810663,"Surfaces, Coatings and Films",2508.0,Materials Science,Physical Sciences,Yes,,"Surfaces, Coatings and Films",2508,Materials Science,,individual,1.0,Materials and mining engineering
Kavli Prize in Nanoscience,2022,David Allara,For the development of self-assembled monolayers on solid substrates,https://en.wikipedia.org/wiki/David_Allara,https://openalex.org/authors/A5032114931,Electrical and Electronic Engineering,2208.0,Engineering,Physical Sciences,Yes,,Physical and Theoretical Chemistry,https://openalex.org/subfields/1606,Chemistry,"Reclassified: SAM surface chemistry pioneer, not electronic materials",individual,1.0,Chemistry
Kavli Prize in Nanoscience,2022,George M. Whitesides,For the development of self-assembled monolayers on solid substrates,https://en.wikipedia.org/wiki/George_M._Whitesides,https://openalex.org/authors/A5051537916,Electrical and Electronic Engineering,2208.0,Engineering,Physical Sciences,Yes,,Physical and Theoretical Chemistry,https://openalex.org/subfields/1606,Chemistry,"Reclassified: surface/materials chemist, not electronic materials",individual,1.0,Chemistry
Kavli Prize in Nanoscience,2022,Jacob Sagiv,For the development of self-assembled monolayers on solid substrates,https://en.wikipedia.org/wiki/Jacob_Sagiv,https://openalex.org/authors/A5091813644,Electrical and Electronic Engineering,2208.0,Engineering,Physical Sciences,Yes,,Physical and Theoretical Chemistry,https://openalex.org/subfields/1606,Chemistry,"Reclassified: SAM surface chemistry pioneer, not electronic materials",individual,1.0,Chemistry
Kavli Prize in Nanoscience,2022,Ralph Nuzzo,For the development of self-assembled monolayers on solid substrates,https://en.wikipedia.org/wiki/Ralph_Nuzzo,https://openalex.org/authors/A5024392988,Electrical and Electronic Engineering,2208.0,Engineering,Physical Sciences,Yes,,Physical and Theoretical Chemistry,https://openalex.org/subfields/1606,Chemistry,"Reclassified: SAM surface chemistry pioneer, not electronic materials",individual,1.0,Chemistry
Kavli Prize in Nanoscience,2024,Chad A. Mirkin,For pioneering nanoscale synthesis integrated with biological function for biomedical applications,https://en.wikipedia.org/wiki/Chad_A._Mirkin,https://openalex.org/authors/A5055829204,Molecular Biology,1312.0,"Biochemistry, Genetics and Molecular Biology",Life Sciences,Yes,,Molecular Biology,1312,"Biochemistry, Genetics and Molecular Biology",,individual,1.0,Life Sciences & Medicine
Kavli Prize in Nanoscience,2024,Paul Alivisatos,For pioneering nanoscale synthesis integrated with biological function for biomedical applications,https://en.wikipedia.org/wiki/Paul_Alivisatos,https://openalex.org/authors/A5009848674,Materials Chemistry,2505.0,Materials Science,Physical Sciences,Yes,,Materials Chemistry,2505,Materials Science,,individual,1.0,Materials and mining engineering
Kavli Prize in Nanoscience,2024,Robert S. Langer,For pioneering nanoscale synthesis integrated with biological function for biomedical applications,https://en.wikipedia.org/wiki/Robert_S._Langer,https://openalex.org/authors/A5042597057,Molecular Biology,1312.0,"Biochemistry, Genetics and Molecular Biology",Life Sciences,Yes,,Molecular Biology,1312,"Biochemistry, Genetics and Molecular Biology",,individual,1.0,Life Sciences & Medicine
Kavli Prize in Neuroscience,2016,Carla J. Shatz,For the discovery of mechanisms that allow experience and neural activity to remodel brain function,https://en.wikipedia.org/wiki/Carla_J._Shatz,https://openalex.org/authors/A5030290673,Cellular and Molecular Neuroscience,2804.0,Neuroscience,Life Sciences,Yes,,Cellular and Molecular Neuroscience,2804.0,Neuroscience,,individual,1.0,Life Sciences & Medicine
Kavli Prize in Neuroscience,2016,Eve Marder,For the discovery of mechanisms that allow experience and neural activity to remodel brain function,https://en.wikipedia.org/wiki/Eve_Marder,https://openalex.org/authors/A5054511305,Cellular and Molecular Neuroscience,2804.0,Neuroscience,Life Sciences,Yes,,Cellular and Molecular Neuroscience,2804.0,Neuroscience,,individual,1.0,Life Sciences & Medicine
Kavli Prize in Neuroscience,2016,Michael M. Merzenich,For the discovery of mechanisms that allow experience and neural activity to remodel brain function,https://en.wikipedia.org/wiki/Michael_M._Merzenich,https://openalex.org/authors/A5030940799,Cognitive Neuroscience,2805.0,Neuroscience,Life Sciences,Yes,,Cognitive Neuroscience,2805.0,Neuroscience,,individual,1.0,Life Sciences & Medicine
Kavli Prize in Neuroscience,2018,A. James Hudspeth,For their pioneering work on the molecular and neural mechanisms of hearing,https://en.wikipedia.org/wiki/A._James_Hudspeth,https://openalex.org/authors/A5057549975,Sensory Systems,2809.0,Neuroscience,Life Sciences,Yes,,Sensory Systems,2809.0,Neuroscience,,individual,1.0,Life Sciences & Medicine
Kavli Prize in Neuroscience,2018,Christine Petit,For their pioneering work on the molecular and neural mechanisms of hearing,https://en.wikipedia.org/wiki/Christine_Petit,https://openalex.org/authors/A5072048458,Sensory Systems,2809.0,Neuroscience,Life Sciences,Yes,,Sensory Systems,2809.0,Neuroscience,,individual,1.0,Life Sciences & Medicine
Kavli Prize in Neuroscience,2018,Robert Fettiplace,For their pioneering work on the molecular and neural mechanisms of hearing,https://en.wikipedia.org/wiki/Robert_Fettiplace,https://openalex.org/authors/A5068225495,Sensory Systems,2809.0,Neuroscience,Life Sciences,Yes,,Sensory Systems,2809.0,Neuroscience,,individual,1.0,Life Sciences & Medicine
Kavli Prize in Neuroscience,2020,Ardem Patapoutian,For the discovery of receptors for temperature and pressure,https://en.wikipedia.org/wiki/Ardem_Patapoutian,https://openalex.org/authors/A5066449841,Physiology,2737.0,Medicine,Health Sciences,Yes,,Physiology,2737.0,Medicine,,individual,1.0,Life Sciences & Medicine
Kavli Prize in Neuroscience,2020,David Julius,For the discovery of receptors for temperature and pressure,https://en.wikipedia.org/wiki/David_Julius,https://openalex.org/authors/A5014886042,Sensory Systems,2809.0,Neuroscience,Life Sciences,Yes,,Sensory Systems,2809.0,Neuroscience,,individual,1.0,Life Sciences & Medicine
Kavli Prize in Neuroscience,2022,Christopher A. Walsh,,,https://openalex.org/authors/A5009957197,Cognitive Neuroscience,2805.0,Neuroscience,Life Sciences,Yes,,Genetics,1311.0,"Biochemistry, Genetics and Molecular Biology","2026-09-11 coverage audit: added, add colaureate; id and field copied from the laureate's existing row (Gruber Prize in Neuroscience 2021). Source: kavliprize.org/prizes/neuroscience/2022: four laureates, Mandel, Orr, Walsh, Zoghbi",individual,1.0,Life Sciences & Medicine
Kavli Prize in Neuroscience,2022,Harry T. Orr,For pioneering the discovery of genes underlying neurological disorders,https://en.wikipedia.org/wiki/Harry_T._Orr,https://openalex.org/authors/A5005772078,Cellular and Molecular Neuroscience,2804.0,Neuroscience,Life Sciences,Yes,,Cellular and Molecular Neuroscience,2804.0,Neuroscience,,individual,1.0,Life Sciences & Medicine
Kavli Prize in Neuroscience,2022,Huda Y. Zoghbi,For pioneering the discovery of genes underlying neurological disorders,https://en.wikipedia.org/wiki/Huda_Y._Zoghbi,https://openalex.org/authors/A5020701219,Genetics,1311.0,"Biochemistry, Genetics and Molecular Biology",Life Sciences,Yes,,Genetics,1311.0,"Biochemistry, Genetics and Molecular Biology",,individual,1.0,Life Sciences & Medicine
Kavli Prize in Neuroscience,2022,Jean-Louis Mandel,For pioneering the discovery of genes underlying neurological disorders,https://en.wikipedia.org/wiki/Jean-Louis_Mandel,https://openalex.org/authors/A5009591144,Genetics,1311.0,"Biochemistry, Genetics and Molecular Biology",Life Sciences,Yes,,Genetics,1311.0,"Biochemistry, Genetics and Molecular Biology",,individual,1.0,Life Sciences & Medicine
Kavli Prize in Neuroscience,2024,Doris Tsao,For the discovery of a specialized system within the brain to recognize faces,https://en.wikipedia.org/wiki/Doris_Tsao,https://openalex.org/authors/A5023431990,Cognitive Neuroscience,2805.0,Neuroscience,Life Sciences,Yes,,Cognitive Neuroscience,2805.0,Neuroscience,,individual,1.0,Life Sciences & Medicine
Kavli Prize in Neuroscience,2024,Nancy Kanwisher,For the discovery of a specialized system within the brain to recognize faces,https://en.wikipedia.org/wiki/Nancy_Kanwisher,https://openalex.org/authors/A5026910217,Cognitive Neuroscience,2805.0,Neuroscience,Life Sciences,Yes,,Cognitive Neuroscience,2805.0,Neuroscience,,individual,1.0,Life Sciences & Medicine
Kavli Prize in Neuroscience,2024,Winrich Freiwald,For the discovery of a specialized system within the brain to recognize faces,https://en.wikipedia.org/wiki/Winrich_Freiwald,https://openalex.org/authors/A5076087972,Cognitive Neuroscience,2805.0,Neuroscience,Life Sciences,Yes,,Cognitive Neuroscience,2805.0,Neuroscience,,individual,1.0,Life Sciences & Medicine
Keio Medical Science Prize,2015,Jeffrey I. Gordon,For pioneering research on gut microbiome and its role in nutrition and health,https://en.wikipedia.org/wiki/Jeffrey_I._Gordon,https://openalex.org/authors/A5063884903,Molecular Biology,1312.0,"Biochemistry, Genetics and Molecular Biology",Life Sciences,Yes,,Molecular Biology,1312,"Biochemistry, Genetics and Molecular Biology",,individual,1.0,Life Sciences & Medicine
Keio Medical Science Prize,2015,Yoshinori Ohsumi,For discovery of autophagy mechanisms,https://en.wikipedia.org/wiki/Yoshinori_Ohsumi,https://openalex.org/authors/A5056765809,Epidemiology,2713.0,Medicine,Health Sciences,Yes,,Cell Biology,1307,"Biochemistry, Genetics and Molecular Biology",Top topic mapped to Epidemiology in OpenAlex; using Cell Biology (2nd/3rd topics) as more representative of autophagy research,individual,1.0,Life Sciences & Medicine
Keio Medical Science Prize,2016,Svante Paabo,For pioneering paleogenomics and ancient DNA research,https://en.wikipedia.org/wiki/Svante_P%C3%A4%C3%A4bo,https://openalex.org/authors/A5012216367,Genetics,1311.0,"Biochemistry, Genetics and Molecular Biology",Life Sciences,Yes,,Genetics,1311,"Biochemistry, Genetics and Molecular Biology",,individual,1.0,Life Sciences & Medicine
Keio Medical Science Prize,2016,Tasuku Honjo,For discovery of PD-1 and its role in cancer immunotherapy,https://en.wikipedia.org/wiki/Tasuku_Honjo,https://openalex.org/authors/A5019039647,Immunology,2403.0,Immunology and Microbiology,Life Sciences,Yes,,Immunology,2403,Immunology and Microbiology,,individual,1.0,Life Sciences & Medicine
Keio Medical Science Prize,2017,John E. Dick,For discovery of cancer stem cells,https://en.wikipedia.org/wiki/John_E._Dick,https://openalex.org/authors/A5090356933,Hematology,2720.0,Medicine,Health Sciences,Yes,,Hematology,2720,Medicine,,individual,1.0,Life Sciences & Medicine
Keio Medical Science Prize,2017,Seiji Ogawa,For development of functional MRI through blood oxygenation level dependent contrast,https://en.wikipedia.org/wiki/Seiji_Ogawa,https://openalex.org/authors/A5100805745,"Radiology, Nuclear Medicine and Imaging",2741.0,Medicine,Health Sciences,Yes,,"Radiology, Nuclear Medicine and Imaging",2741,Medicine,,individual,1.0,Life Sciences & Medicine
Keio Medical Science Prize,2018,Feng Zhang,For development of CRISPR-Cas9 genome editing technology,https://en.wikipedia.org/wiki/Feng_Zhang,https://openalex.org/authors/A5100401298,Molecular Biology,1312.0,"Biochemistry, Genetics and Molecular Biology",Life Sciences,Yes,,Molecular Biology,1312,"Biochemistry, Genetics and Molecular Biology",,individual,1.0,Life Sciences & Medicine
Keio Medical Science Prize,2018,Masashi Yanagisawa,For discovery of orexin/hypocretin neuropeptides regulating sleep and wakefulness,https://en.wikipedia.org/wiki/Masashi_Yanagisawa,https://openalex.org/authors/A5006145523,Cognitive Neuroscience,2805.0,Neuroscience,Life Sciences,Yes,,Cognitive Neuroscience,2805,Neuroscience,,individual,1.0,Life Sciences & Medicine
Keio Medical Science Prize,2019,Hans Clevers,For discovery of Lgr5 stem cells and development of organoid technology,https://en.wikipedia.org/wiki/Hans_Clevers,https://openalex.org/authors/A5062248785,Oncology,2730.0,Medicine,Health Sciences,Yes,,Oncology,2730,Medicine,,individual,1.0,Life Sciences & Medicine
Keio Medical Science Prize,2019,Tadamitsu Kishimoto,For discovery of interleukin-6 and its role in immune and inflammatory diseases,https://en.wikipedia.org/wiki/Tadamitsu_Kishimoto,https://openalex.org/authors/A5021463605,Oncology,2730.0,Medicine,Health Sciences,Yes,,Oncology,2730,Medicine,,individual,1.0,Life Sciences & Medicine
Keio Medical Science Prize,2020,Atsushi Miyawaki,For development of fluorescent protein-based imaging tools,https://en.wikipedia.org/wiki/Atsushi_Miyawaki,https://openalex.org/authors/A5005075596,Biophysics,1304.0,"Biochemistry, Genetics and Molecular Biology",Life Sciences,Yes,,Biophysics,1304,"Biochemistry, Genetics and Molecular Biology",,individual,1.0,Life Sciences & Medicine
Keio Medical Science Prize,2020,Aviv Regev,For development of single-cell genomics approaches,https://en.wikipedia.org/wiki/Aviv_Regev,https://openalex.org/authors/A5004067604,Molecular Biology,1312.0,"Biochemistry, Genetics and Molecular Biology",Life Sciences,Yes,,Molecular Biology,1312,"Biochemistry, Genetics and Molecular Biology",,individual,1.0,Life Sciences & Medicine
Keio Medical Science Prize,2021,Katalin Kariko,For contributions to mRNA modification for therapeutic use,https://en.wikipedia.org/wiki/Katalin_Karik%C3%B3,https://openalex.org/authors/A5030598859,Molecular Biology,1312.0,"Biochemistry, Genetics and Molecular Biology",Life Sciences,Yes,,Molecular Biology,1312,"Biochemistry, Genetics and Molecular Biology",,individual,1.0,Life Sciences & Medicine
Keio Medical Science Prize,2021,Osamu Nureki,For structural biology of CRISPR-Cas systems,https://en.wikipedia.org/wiki/Osamu_Nureki,https://openalex.org/authors/A5019961334,Molecular Biology,1312.0,"Biochemistry, Genetics and Molecular Biology",Life Sciences,Yes,,Molecular Biology,1312,"Biochemistry, Genetics and Molecular Biology",,individual,1.0,Life Sciences & Medicine
Keio Medical Science Prize,2022,Carl H. June,For development of CAR T-cell therapy for cancer treatment,https://en.wikipedia.org/wiki/Carl_H._June,https://openalex.org/authors/A5008558372,Oncology,2730.0,Medicine,Health Sciences,Yes,,Oncology,2730,Medicine,,individual,1.0,Life Sciences & Medicine
Keio Medical Science Prize,2022,Yoshihiro Kawaoka,For research on influenza virus and pandemic preparedness,https://en.wikipedia.org/wiki/Yoshihiro_Kawaoka,https://openalex.org/authors/A5076363097,Environmental Chemistry,2304.0,Environmental Science,Physical Sciences,Yes,,Epidemiology,2713,Medicine,Kawaoka is a virologist; top topic is Influenza (Epidemiology). Changed from Environmental Chemistry,individual,1.0,Life Sciences & Medicine
Keio Medical Science Prize,2023,Kazutoshi Mori,For discovery of the unfolded protein response,https://en.wikipedia.org/wiki/Kazutoshi_Mori,https://openalex.org/authors/A5024825620,Cell Biology,1307.0,"Biochemistry, Genetics and Molecular Biology",Life Sciences,Yes,,Cell Biology,1307,"Biochemistry, Genetics and Molecular Biology",,individual,1.0,Life Sciences & Medicine
Keio Medical Science Prize,2023,Napoleone Ferrara,For discovery of VEGF and anti-angiogenic therapy,https://en.wikipedia.org/wiki/Napoleone_Ferrara,https://openalex.org/authors/A5101652233,Molecular Biology,1312.0,"Biochemistry, Genetics and Molecular Biology",Life Sciences,Yes,,Molecular Biology,1312,"Biochemistry, Genetics and Molecular Biology",,individual,1.0,Life Sciences & Medicine
Keio Medical Science Prize,2024,Demis Hassabis,For development of AlphaFold for protein structure prediction,https://en.wikipedia.org/wiki/Demis_Hassabis,https://openalex.org/authors/A5005349213,Cognitive Neuroscience,2805.0,Neuroscience,Life Sciences,Yes,,Artificial Intelligence,1702,Computer Science,"OpenAlex top topic is AI, not Cognitive Neuroscience",individual,1.0,"Computing, electrical"
Keio Medical Science Prize,2024,Mitinori Saitou,For research on germ cell development and epigenetic reprogramming,https://en.wikipedia.org/wiki/Mitinori_Saitou,https://openalex.org/authors/A5000648036,Molecular Biology,1312.0,"Biochemistry, Genetics and Molecular Biology",Life Sciences,Yes,,Molecular Biology,1312,"Biochemistry, Genetics and Molecular Biology",,individual,1.0,Life Sciences & Medicine
King Faisal International Prize in Science,2015,Michael Grätzel,,,https://openalex.org/authors/A5109160404,"Renewable Energy, Sustainability and the Environment",2105.0,Energy,Physical Sciences,Yes,,Physical and Theoretical Chemistry,https://openalex.org/subfields/1606,Chemistry,"2026-09-11 coverage audit: added, add colaureate; id and field copied from the laureate's existing row (Frontiers of Knowledge Award in Basic Sciences 2021). Source: https://www.arabnews.com/news/699326",individual,1.0,Chemistry
King Faisal International Prize in Science,2015,Omar M. Yaghi,"For pioneering reticular chemistry, creating metal-organic frameworks and covalent organic frameworks",https://en.wikipedia.org/wiki/Omar_M._Yaghi,https://openalex.org/authors/A5044268160,Inorganic Chemistry,1604.0,Chemistry,Physical Sciences,Yes,,Inorganic Chemistry,1604,Chemistry,,individual,1.0,Chemistry
King Faisal International Prize in Science,2016,Stephen Philip Jackson,,,https://openalex.org/authors/A5061795154,Molecular Biology,1312.0,"Biochemistry, Genetics and Molecular Biology",Life Sciences,Yes,,Molecular Biology,1312,"Biochemistry, Genetics and Molecular Biology","2026-09-11 coverage audit: added, add colaureate; id from the snapshot name scan, largest field-consistent profile (666 works); HAND_OVERRIDE: found as 'Stephen P. Jackson': 666 works; Molecular Biology. Source: https://kingfaisalprize.org/professor-stephen-philip-jackson/",individual,1.0,Life Sciences & Medicine
King Faisal International Prize in Science,2016,Vamsi K. Mootha,For discoveries illuminating mitochondrial biology and its role in human disease,https://en.wikipedia.org/wiki/Vamsi_K._Mootha,https://openalex.org/authors/A5068971521,Molecular Biology,1312.0,"Biochemistry, Genetics and Molecular Biology",Life Sciences,Yes,,Molecular Biology,1312,"Biochemistry, Genetics and Molecular Biology",,individual,1.0,Life Sciences & Medicine
King Faisal International Prize in Science,2017,Daniel Loss,For pioneering theoretical work in spintronics and quantum computing,https://en.wikipedia.org/wiki/Daniel_Loss,https://openalex.org/authors/A5010879789,"Atomic and Molecular Physics, and Optics",3107.0,Physics and Astronomy,Physical Sciences,Yes,,Condensed Matter Physics,3104,Physics and Astronomy,Subfield changed from Atomic Physics to Condensed Matter Physics (spintronics/quantum computing),individual,1.0,Physics & Astronomy
King Faisal International Prize in Science,2017,Laurens W. Molenkamp,For pioneering experimental work in spintronics and topological insulators,https://en.wikipedia.org/wiki/Laurens_W._Molenkamp,https://openalex.org/authors/A5015818929,Condensed Matter Physics,3104.0,Physics and Astronomy,Physical Sciences,Yes,,Condensed Matter Physics,3104,Physics and Astronomy,,individual,1.0,Physics & Astronomy
King Faisal International Prize in Science,2018,John M. Ball,"For outstanding contributions to nonlinear PDEs, calculus of variations and dynamical systems",https://en.wikipedia.org/wiki/John_M._Ball,https://openalex.org/authors/A5071205372,Economics and Econometrics,2002.0,"Economics, Econometrics and Finance",Social Sciences,Yes,https://openalex.org/authors/A5071205372,Applied Mathematics,2604,Mathematics,Wrong profile (Sebastian Schneeweiss); corrected to J. M. Ball A5071205372,individual,1.0,Math
King Faisal International Prize in Science,2019,Allen J. Bard,"For pioneering contributions to electrochemistry, including scanning electrochemical microscopy",https://en.wikipedia.org/wiki/Allen_J._Bard,https://openalex.org/authors/A5005657217,Electrochemistry,1603.0,Chemistry,Physical Sciences,Yes,,Electrochemistry,1603,Chemistry,,individual,1.0,Chemistry
King Faisal International Prize in Science,2019,Jean M.J. Frechet,For pioneering contributions to polymer chemistry and nanoscience,https://en.wikipedia.org/wiki/Jean_M._J._Fr%C3%A9chet,https://openalex.org/authors/A5002152167,Polymers and Plastics,2507.0,Materials Science,Physical Sciences,Yes,,Polymers and Plastics,2507,Materials Science,,individual,1.0,Materials and mining engineering
King Faisal International Prize in Science,2020,Xiaodong Wang,For groundbreaking discoveries in the molecular mechanisms of apoptosis,https://en.wikipedia.org/wiki/Xiaodong_Wang,https://openalex.org/authors/A5100382645,Molecular Biology,1312.0,"Biochemistry, Genetics and Molecular Biology",Life Sciences,Yes,,Molecular Biology,1312,"Biochemistry, Genetics and Molecular Biology",,individual,1.0,Life Sciences & Medicine
King Faisal International Prize in Science,2021,Stuart Parkin,"For fundamental discoveries in spintronics, leading to 1000-fold increase in magnetic storage",https://en.wikipedia.org/wiki/Stuart_Parkin,https://openalex.org/authors/A5035053678,"Atomic and Molecular Physics, and Optics",3107.0,Physics and Astronomy,Physical Sciences,Yes,,Condensed Matter Physics,3104,Physics and Astronomy,Subfield changed from Atomic Physics to Condensed Matter Physics (spintronics),individual,1.0,Physics & Astronomy
King Faisal International Prize in Science,2022,Martin Hairer,,,https://openalex.org/authors/A5016315238,Finance,2003.0,"Economics, Econometrics and Finance",Social Sciences,Yes,,Mathematical Physics,2610,Mathematics,"2026-09-11 coverage audit: added, add colaureate; id and field copied from the laureate's existing row (Breakthrough Prize in Mathematics 2021). Source: kingfaisalprize.org/science/: 2022 Science laureates Hairer and Masmoudi (Mathematics)",individual,1.0,Math
King Faisal International Prize in Science,2022,Nader Masmoudi,"For outstanding contributions to mathematical fluid dynamics, nonlinear inviscid and Landau damping",https://en.wikipedia.org/wiki/Nader_Masmoudi,https://openalex.org/authors/A5078240002,Applied Mathematics,2604.0,Mathematics,Physical Sciences,Yes,,Applied Mathematics,2604,Mathematics,,individual,1.0,Math
King Faisal International Prize in Science,2023,Chad A. Mirkin,"For pioneering contributions to nanoscience, including spherical nucleic acids",https://en.wikipedia.org/wiki/Chad_A._Mirkin,https://openalex.org/authors/A5055829204,Molecular Biology,1312.0,"Biochemistry, Genetics and Molecular Biology",Life Sciences,Yes,,Materials Chemistry,2505,Materials Science,Subfield changed from Molecular Biology to Materials Chemistry (nanoscience),individual,1.0,Materials and mining engineering
King Faisal International Prize in Science,2023,Jackie Yi-Ru Ying,For pioneering contributions to nanotechnology for healthcare and sustainability,https://en.wikipedia.org/wiki/Jackie_Ying,https://openalex.org/authors/A5034559002,Materials Chemistry,2505.0,Materials Science,Physical Sciences,Yes,https://openalex.org/authors/A5034559002,Materials Chemistry,2505,Materials Science,OpenAlex URL was missing; found Jackie Y. Ying A5034559002,individual,1.0,Materials and mining engineering
King Faisal International Prize in Science,2024,Howard Y. Chang,For pioneering discoveries in epigenomics and the role of long noncoding RNAs,https://en.wikipedia.org/wiki/Howard_Chang_(geneticist),https://openalex.org/authors/A5040230088,Molecular Biology,1312.0,"Biochemistry, Genetics and Molecular Biology",Life Sciences,Yes,,Molecular Biology,1312,"Biochemistry, Genetics and Molecular Biology",,individual,1.0,Life Sciences & Medicine
Kyoto Prize in Advanced Technology,2015,Toyoki Kunitake,"For pioneering molecular self-assembly chemistry, opening new frontiers in materials science",https://en.wikipedia.org/wiki/Toyoki_Kunitake,https://openalex.org/authors/A5001851209,Molecular Biology,1312.0,"Biochemistry, Genetics and Molecular Biology",Life Sciences,Yes,,Materials Chemistry,2505.0,Materials Science,Subfield changed from Molecular Biology to Materials Chemistry (molecular self-assembly),individual,1.0,Materials and mining engineering
Kyoto Prize in Advanced Technology,2016,Takeo Kanade,For pioneering contributions to computer vision and robotics,https://en.wikipedia.org/wiki/Takeo_Kanade,https://openalex.org/authors/A5057924291,Computer Vision and Pattern Recognition,1707.0,Computer Science,Physical Sciences,Yes,,Computer Vision and Pattern Recognition,1707.0,Computer Science,,individual,1.0,"Computing, electrical"
Kyoto Prize in Advanced Technology,2017,Takashi Mimura,For invention of the High Electron Mobility Transistor (HEMT) and its development for information and communications technology,https://en.wikipedia.org/wiki/Takashi_Mimura_(engineer),https://openalex.org/authors/A5102375520,Electrical and Electronic Engineering,2208.0,Engineering,Physical Sciences,Yes,,Electrical and Electronic Engineering,2208.0,Engineering,,individual,1.0,"Computing, electrical"
Kyoto Prize in Advanced Technology,2018,Karl Deisseroth,"For development of optogenetics and CLARITY, transformative technologies for neuroscience",https://en.wikipedia.org/wiki/Karl_Deisseroth,https://openalex.org/authors/A5014360828,Cellular and Molecular Neuroscience,2804.0,Neuroscience,Life Sciences,Yes,,Cellular and Molecular Neuroscience,2804.0,Neuroscience,,individual,1.0,Life Sciences & Medicine
Kyoto Prize in Advanced Technology,2019,Ching W. Tang,For pioneering development of organic light-emitting diodes (OLEDs) and organic solar cells,https://en.wikipedia.org/wiki/Ching_W._Tang,https://openalex.org/authors/A5103415041,Electrical and Electronic Engineering,2208.0,Engineering,Physical Sciences,Yes,,Electrical and Electronic Engineering,2208.0,Engineering,,individual,1.0,"Computing, electrical"
Kyoto Prize in Advanced Technology,2021,Andrew Chi-Chih Yao,"For innovative fundamental theories in computation and communication, opening new frontiers in computer science",https://en.wikipedia.org/wiki/Andrew_Yao,https://openalex.org/authors/A5076560802,Computational Theory and Mathematics,1703.0,Computer Science,Physical Sciences,Yes,,Computational Theory and Mathematics,1703.0,Computer Science,,individual,1.0,"Computing, electrical"
Kyoto Prize in Advanced Technology,2022,Carver Mead,For leading contributions to guiding principles for VLSI systems design and electronic design automation,https://en.wikipedia.org/wiki/Carver_Mead,https://openalex.org/authors/A5068660722,Electrical and Electronic Engineering,2208.0,Engineering,Physical Sciences,Yes,,Electrical and Electronic Engineering,2208.0,Engineering,,individual,1.0,"Computing, electrical"
Kyoto Prize in Advanced Technology,2023,Ryuzo Yanagimachi,"For pioneering contributions to mammalian reproductive biology, including microinsemination and somatic cell cloning",https://en.wikipedia.org/wiki/Ryuzo_Yanagimachi,https://openalex.org/authors/A5024596573,"Public Health, Environmental and Occupational Health",2739.0,Medicine,Health Sciences,Yes,,Reproductive Medicine,2743.0,Medicine,Subfield changed from Public Health to Reproductive Medicine,individual,1.0,Life Sciences & Medicine
Kyoto Prize in Advanced Technology,2024,John Pendry,For theoretical work on metamaterials and transformation optics,https://en.wikipedia.org/wiki/John_Pendry,https://openalex.org/authors/A5011614810,Biomedical Engineering,2204.0,Engineering,Physical Sciences,Yes,https://openalex.org/authors/A5011614810,Condensed Matter Physics,3104.0,Physics and Astronomy,Wrong profile (Xiang Zhang); corrected to J. B. Pendry A5011614810 at Imperial College,individual,1.0,Physics & Astronomy
Kyoto Prize in Basic Sciences,2015,Michel Mayor,"Earth and Planetary Sciences, Astronomy and Astrophysics: Discovery of the first exoplanet orbiting a Sun-like star",https://en.wikipedia.org/wiki/Michel_Mayor,https://openalex.org/authors/A5107428895,Astronomy and Astrophysics,3103.0,Physics and Astronomy,Physical Sciences,Yes,,Astronomy and Astrophysics,3103.0,Physics and Astronomy,,individual,1.0,Physics & Astronomy
Kyoto Prize in Basic Sciences,2016,Tasuku Honjo,"Biological Sciences: Discovery of the mechanism responsible for the functional diversification of antibodies, immunoregulatory molecules, and clinical applications of PD-1",https://en.wikipedia.org/wiki/Tasuku_Honjo,https://openalex.org/authors/A5019039647,Immunology,2403.0,Immunology and Microbiology,Life Sciences,Yes,,Immunology,2403.0,Immunology and Microbiology,,individual,1.0,Life Sciences & Medicine
Kyoto Prize in Basic Sciences,2017,Graham Farquhar,Biological Sciences: Development of process-based models of photosynthesis and their contributions to the science of global environmental changes,https://en.wikipedia.org/wiki/Graham_Farquhar,https://openalex.org/authors/A5005341677,Global and Planetary Change,2306.0,Environmental Science,Physical Sciences,Yes,,Plant Science,1110.0,Agricultural and Biological Sciences,Subfield changed from Global and Planetary Change to Plant Science (photosynthesis models),individual,1.0,Ag. & natural resources
Kyoto Prize in Basic Sciences,2018,Masaki Kashiwara,Mathematical Sciences: Outstanding contributions to a broad spectrum of modern mathematics through the creation and development of algebraic analysis,https://en.wikipedia.org/wiki/Masaki_Kashiwara,https://openalex.org/authors/A5020587578,Geometry and Topology,2608.0,Mathematics,Physical Sciences,Yes,,Geometry and Topology,2608.0,Mathematics,,individual,1.0,Math
Kyoto Prize in Basic Sciences,2019,James Gunn,"Earth and Planetary Sciences, Astronomy and Astrophysics: Outstanding contributions to observational cosmology through leading major digital sky surveys",https://en.wikipedia.org/wiki/James_Gunn,https://openalex.org/authors/A5109447166,Instrumentation,3105.0,Physics and Astronomy,Physical Sciences,Yes,,Astronomy and Astrophysics,3103.0,Physics and Astronomy,Subfield changed from Instrumentation to Astronomy and Astrophysics,individual,1.0,Physics & Astronomy
Kyoto Prize in Basic Sciences,2021,Robert G. Roeder,Biological Sciences: Elucidation of the fundamental mechanisms of eukaryotic transcription and its regulation,https://en.wikipedia.org/wiki/Robert_G._Roeder,https://openalex.org/authors/A5007755251,Molecular Biology,1312.0,"Biochemistry, Genetics and Molecular Biology",Life Sciences,Yes,,Molecular Biology,1312.0,"Biochemistry, Genetics and Molecular Biology",,individual,1.0,Life Sciences & Medicine
Kyoto Prize in Basic Sciences,2022,Bryan T. Grenfell,"Biological Sciences: Outstanding contributions to understanding infectious disease dynamics by integrating epidemiology, evolutionary biology, and immunology",https://en.wikipedia.org/wiki/Bryan_T._Grenfell,https://openalex.org/authors/A5018222452,Modeling and Simulation,2611.0,Mathematics,Physical Sciences,Yes,,Epidemiology,2713.0,Medicine,Subfield changed from Modeling and Simulation to Epidemiology (infectious disease dynamics),individual,1.0,Life Sciences & Medicine
Kyoto Prize in Basic Sciences,2023,Elliott H. Lieb,Mathematical Sciences: Outstanding contributions to mathematical physics,https://en.wikipedia.org/wiki/Elliott_H._Lieb,https://openalex.org/authors/A5072851506,Mathematical Physics,2610.0,Mathematics,Physical Sciences,Yes,,Mathematical Physics,2610.0,Mathematics,,individual,1.0,Math
Kyoto Prize in Basic Sciences,2024,Paul F. Hoffman,Earth and Planetary Sciences: Contributions to understanding the Snowball Earth hypothesis and early Earth geological evolution,https://en.wikipedia.org/wiki/Paul_F._Hoffman,https://openalex.org/authors/A5031766393,Atmospheric Science,1902.0,Earth and Planetary Sciences,Physical Sciences,Yes,,Geology,1907.0,Earth and Planetary Sciences,Subfield changed from Atmospheric Science to Geology (Snowball Earth),individual,1.0,Earth Sciences
Lasker-DeBakey Clinical Medical Research Award,2015,James P. Allison,Discovery and development of a monoclonal antibody therapy that unleashes the immune system to combat cancer,https://en.wikipedia.org/wiki/James_P._Allison,https://openalex.org/authors/A5047117233,Oncology,2730.0,Medicine,Health Sciences,Yes,,Oncology,2730.0,Medicine,,individual,1.0,Life Sciences & Medicine
Lasker-DeBakey Clinical Medical Research Award,2016,Charles M. Rice,Development of a system to study the replication of hepatitis C virus and using it to revolutionize the treatment of the disease,https://en.wikipedia.org/wiki/Charles_M._Rice,https://openalex.org/authors/A5019683467,Hepatology,2721.0,Medicine,Health Sciences,Yes,,Hepatology,2721.0,Medicine,,individual,1.0,Life Sciences & Medicine
Lasker-DeBakey Clinical Medical Research Award,2016,Michael J. Sofia,Development of a system to study the replication of hepatitis C virus and using it to revolutionize the treatment of the disease,https://en.wikipedia.org/wiki/Michael_J._Sofia,https://openalex.org/authors/A5005886386,Hepatology,2721.0,Medicine,Health Sciences,Yes,,Hepatology,2721.0,Medicine,,individual,1.0,Life Sciences & Medicine
Lasker-DeBakey Clinical Medical Research Award,2016,Ralf F. W. Bartenschlager,Development of a system to study the replication of hepatitis C virus and using it to revolutionize the treatment of the disease,https://en.wikipedia.org/wiki/Ralf_F._W._Bartenschlager,https://openalex.org/authors/A5015740141,Virology,2406.0,Immunology and Microbiology,Life Sciences,Yes,https://openalex.org/authors/A5015740141,Virology,2406.0,Immunology and Microbiology,OpenAlex URL was missing; found Ralf Bartenschlager A5015740141,individual,1.0,Life Sciences & Medicine
Lasker-DeBakey Clinical Medical Research Award,2017,Douglas R. Lowy,Technological advances enabling development of HPV vaccines for prevention of cervical cancer and other tumors,https://en.wikipedia.org/wiki/Douglas_R._Lowy,https://openalex.org/authors/A5086620768,Epidemiology,2713.0,Medicine,Health Sciences,Yes,https://openalex.org/authors/A5086620768,Epidemiology,2713.0,Medicine,"2026-09-09 snapshot audit: id -> A5086620768 (Douglas R. Lowy, NIH, 50,187 cites); previous A5059951020 = Mark Schiffman",individual,1.0,Life Sciences & Medicine
Lasker-DeBakey Clinical Medical Research Award,2017,John T. Schiller,Technological advances enabling development of HPV vaccines for prevention of cervical cancer and other tumors,https://en.wikipedia.org/wiki/John_T._Schiller,https://openalex.org/authors/A5075430537,Epidemiology,2713.0,Medicine,Health Sciences,Yes,,Epidemiology,2713.0,Medicine,,individual,1.0,Life Sciences & Medicine
Lasker-DeBakey Clinical Medical Research Award,2018,John B. Glen,"Discovery and development of propofol, a widely used anesthetic",https://en.wikipedia.org/wiki/John_B._Glen,https://openalex.org/authors/A5113850243,Nuclear and High Energy Physics,3106.0,Physics and Astronomy,Physical Sciences,Yes,https://openalex.org/authors/A5113850243,Pharmacology,2736.0,Medicine,"Wrong profile (M. E. Cuneo, plasma physics); corrected to J. B. Glen A5113850243",individual,1.0,Life Sciences & Medicine
Lasker-DeBakey Clinical Medical Research Award,2019,Axel Ullrich,"Invention of Herceptin, the first monoclonal antibody that blocks a cancer-causing protein, and development into a life-saving therapy",https://en.wikipedia.org/wiki/Axel_Ullrich,https://openalex.org/authors/A5104109590,Oncology,2730.0,Medicine,Health Sciences,Yes,,Oncology,2730.0,Medicine,,individual,1.0,Life Sciences & Medicine
Lasker-DeBakey Clinical Medical Research Award,2019,Dennis J. Slamon,"Invention of Herceptin, the first monoclonal antibody that blocks a cancer-causing protein, and development into a life-saving therapy",https://en.wikipedia.org/wiki/Dennis_J._Slamon,https://openalex.org/authors/A5015491002,Oncology,2730.0,Medicine,Health Sciences,Yes,,Oncology,2730.0,Medicine,,individual,1.0,Life Sciences & Medicine
Lasker-DeBakey Clinical Medical Research Award,2019,H. Michael Shepard,"Invention of Herceptin, the first monoclonal antibody that blocks a cancer-causing protein, and development into a life-saving therapy",https://en.wikipedia.org/wiki/H._Michael_Shepard,https://openalex.org/authors/A5025584666,"Radiology, Nuclear Medicine and Imaging",2741.0,Medicine,Health Sciences,Yes,,Oncology,2730.0,Medicine,Subfield changed from Radiology to Oncology (Herceptin),individual,1.0,Life Sciences & Medicine
Lasker-DeBakey Clinical Medical Research Award,2021,Drew Weissman,Discovery of a new therapeutic technology based on modification of messenger RNA enabling COVID-19 vaccines,https://en.wikipedia.org/wiki/Drew_Weissman,https://openalex.org/authors/A5068253145,Molecular Biology,1312.0,"Biochemistry, Genetics and Molecular Biology",Life Sciences,Yes,,Molecular Biology,1312.0,"Biochemistry, Genetics and Molecular Biology",,individual,1.0,Life Sciences & Medicine
Lasker-DeBakey Clinical Medical Research Award,2021,Katalin Kariko,Discovery of a new therapeutic technology based on modification of messenger RNA enabling COVID-19 vaccines,https://en.wikipedia.org/wiki/Katalin_Karik%C3%B3,https://openalex.org/authors/A5030598859,Molecular Biology,1312.0,"Biochemistry, Genetics and Molecular Biology",Life Sciences,Yes,,Molecular Biology,1312.0,"Biochemistry, Genetics and Molecular Biology",,individual,1.0,Life Sciences & Medicine
Lasker-DeBakey Clinical Medical Research Award,2022,Yuk Ming Dennis Lo,"Discovery of fetal DNA in maternal blood, leading to noninvasive prenatal testing for Down syndrome",https://en.wikipedia.org/wiki/Yuk_Ming_Dennis_Lo,https://openalex.org/authors/A5005665172,"Pediatrics, Perinatology and Child Health",2735.0,Medicine,Health Sciences,Yes,,"Pediatrics, Perinatology and Child Health",2735.0,Medicine,,individual,1.0,Life Sciences & Medicine
Lasker-DeBakey Clinical Medical Research Award,2023,David Huang,Invention of optical coherence tomography (OCT) enabling rapid detection of retinal diseases,https://en.wikipedia.org/wiki/David_Huang,https://openalex.org/authors/A5015766352,Ophthalmology,2731.0,Medicine,Health Sciences,Yes,,Ophthalmology,2731.0,Medicine,,individual,1.0,Life Sciences & Medicine
Lasker-DeBakey Clinical Medical Research Award,2023,Eric A. Swanson,Invention of optical coherence tomography (OCT) enabling rapid detection of retinal diseases,https://en.wikipedia.org/wiki/Eric_A._Swanson,https://openalex.org/authors/A5110342593,Biomedical Engineering,2204.0,Engineering,Physical Sciences,Yes,,Biomedical Engineering,2204.0,Engineering,,individual,1.0,Bioengineering and biomedical engineering
Lasker-DeBakey Clinical Medical Research Award,2023,James G. Fujimoto,Invention of optical coherence tomography (OCT) enabling rapid detection of retinal diseases,https://en.wikipedia.org/wiki/James_G._Fujimoto,https://openalex.org/authors/A5019768182,Biomedical Engineering,2204.0,Engineering,Physical Sciences,Yes,,Biomedical Engineering,2204.0,Engineering,,individual,1.0,Bioengineering and biomedical engineering
Lasker-DeBakey Clinical Medical Research Award,2024,Joel Habener,Pioneering work on GLP-1-based therapy for obesity,https://en.wikipedia.org/wiki/Joel_Habener,https://openalex.org/authors/A5034913449,Surgery,2746.0,Medicine,Health Sciences,Yes,,"Endocrinology, Diabetes and Metabolism",2712.0,Medicine,Subfield changed from Surgery to Endocrinology (GLP-1),individual,1.0,Life Sciences & Medicine
Lasker-DeBakey Clinical Medical Research Award,2024,Lotte Bjerre Knudsen,Pioneering work on GLP-1-based therapy for obesity,https://en.wikipedia.org/wiki/Lotte_Bjerre_Knudsen,https://openalex.org/authors/A5088627727,"Endocrinology, Diabetes and Metabolism",2712.0,Medicine,Health Sciences,Yes,,"Endocrinology, Diabetes and Metabolism",2712.0,Medicine,,individual,1.0,Life Sciences & Medicine
Lasker-DeBakey Clinical Medical Research Award,2024,Svetlana Mojsov,Pioneering work on GLP-1-based therapy for obesity,https://en.wikipedia.org/wiki/Svetlana_Mojsov,https://openalex.org/authors/A5013143800,"Endocrinology, Diabetes and Metabolism",2712.0,Medicine,Health Sciences,Yes,,"Endocrinology, Diabetes and Metabolism",2712.0,Medicine,,individual,1.0,Life Sciences & Medicine
Lorentz Medal,2018,Juan Maldacena,"For foundational contributions to theoretical physics, especially the AdS/CFT correspondence connecting quantum gravity and quantum field theory",https://en.wikipedia.org/wiki/Juan_Martín_Maldacena,https://openalex.org/authors/A5064341086,Nuclear and High Energy Physics,3106.0,Physics and Astronomy,Physical Sciences,Yes,,Nuclear and High Energy Physics,3106,Physics and Astronomy,,individual,1.0,Physics & Astronomy
Lorentz Medal,2022,Daan Frenkel,For pioneering contributions to computational physics and molecular simulation of soft matter and complex fluids,https://en.wikipedia.org/wiki/Daan_Frenkel,https://openalex.org/authors/A5050049504,Materials Chemistry,2505.0,Materials Science,Physical Sciences,Yes,,Physical and Theoretical Chemistry,https://openalex.org/subfields/1606,Chemistry,"Reclassified: computational chemistry/soft matter, not electronic materials",individual,1.0,Chemistry
Louisa Gross Horwitz Prize,2015,S. Lawrence Zipursky,For contributions to understanding neuronal self-recognition and self-avoidance,https://en.wikipedia.org/wiki/S._Lawrence_Zipursky,https://openalex.org/authors/A5044761400,Cellular and Molecular Neuroscience,2804.0,Neuroscience,Life Sciences,Yes,,Cellular and Molecular Neuroscience,2804,Neuroscience,,individual,1.0,Life Sciences & Medicine
Louisa Gross Horwitz Prize,2016,Aharon Razin,For pioneering work on DNA methylation and epigenetic regulation,https://en.wikipedia.org/wiki/Aharon_Razin,https://openalex.org/authors/A5026367447,Molecular Biology,1312.0,"Biochemistry, Genetics and Molecular Biology",Life Sciences,Yes,,Molecular Biology,1312,"Biochemistry, Genetics and Molecular Biology",,individual,1.0,Life Sciences & Medicine
Louisa Gross Horwitz Prize,2016,Gary Felsenfeld,For pioneering work on chromatin structure and gene regulation,https://en.wikipedia.org/wiki/Gary_Felsenfeld,https://openalex.org/authors/A5037088178,Molecular Biology,1312.0,"Biochemistry, Genetics and Molecular Biology",Life Sciences,Yes,,Molecular Biology,1312,"Biochemistry, Genetics and Molecular Biology",,individual,1.0,Life Sciences & Medicine
Louisa Gross Horwitz Prize,2016,Howard Cedar,For pioneering work on DNA methylation and epigenetic regulation,https://en.wikipedia.org/wiki/Howard_Cedar,https://openalex.org/authors/A5054894406,Molecular Biology,1312.0,"Biochemistry, Genetics and Molecular Biology",Life Sciences,Yes,,Molecular Biology,1312,"Biochemistry, Genetics and Molecular Biology",,individual,1.0,Life Sciences & Medicine
Louisa Gross Horwitz Prize,2017,Jeffrey I. Gordon,For pioneering research on the gut microbiome and its role in human health,https://en.wikipedia.org/wiki/Jeffrey_I._Gordon,https://openalex.org/authors/A5063884903,Molecular Biology,1312.0,"Biochemistry, Genetics and Molecular Biology",Life Sciences,Yes,,Molecular Biology,1312,"Biochemistry, Genetics and Molecular Biology",,individual,1.0,Life Sciences & Medicine
Louisa Gross Horwitz Prize,2018,Bert W. O'Malley,For research on how steroid hormones and nuclear receptors regulate cell function,https://en.wikipedia.org/wiki/Bert_W._O'Malley,https://openalex.org/authors/A5057978718,Genetics,1311.0,"Biochemistry, Genetics and Molecular Biology",Life Sciences,Yes,,Genetics,1311,"Biochemistry, Genetics and Molecular Biology",,individual,1.0,Life Sciences & Medicine
Louisa Gross Horwitz Prize,2018,Pierre Chambon,For research on how steroid hormones and nuclear receptors regulate cell function,https://en.wikipedia.org/wiki/Pierre_Chambon,https://openalex.org/authors/A5085761422,Genetics,1311.0,"Biochemistry, Genetics and Molecular Biology",Life Sciences,Yes,,Genetics,1311,"Biochemistry, Genetics and Molecular Biology",,individual,1.0,Life Sciences & Medicine
Louisa Gross Horwitz Prize,2018,Ronald M. Evans,For research on how steroid hormones and nuclear receptors regulate cell function,https://en.wikipedia.org/wiki/Ronald_M._Evans,https://openalex.org/authors/A5087519016,Molecular Biology,1312.0,"Biochemistry, Genetics and Molecular Biology",Life Sciences,Yes,,Molecular Biology,1312,"Biochemistry, Genetics and Molecular Biology",,individual,1.0,Life Sciences & Medicine
Louisa Gross Horwitz Prize,2019,David M. Sabatini,For work on the PI3K and mTOR pathways in physiology and oncogenesis,https://en.wikipedia.org/wiki/David_M._Sabatini,https://openalex.org/authors/A5013582936,Molecular Biology,1312.0,"Biochemistry, Genetics and Molecular Biology",Life Sciences,Yes,,Molecular Biology,1312,"Biochemistry, Genetics and Molecular Biology",,individual,1.0,Life Sciences & Medicine
Louisa Gross Horwitz Prize,2019,Lewis C. Cantley,For work on the PI3K and mTOR pathways in physiology and oncogenesis,https://en.wikipedia.org/wiki/Lewis_C._Cantley,https://openalex.org/authors/A5057032257,Molecular Biology,1312.0,"Biochemistry, Genetics and Molecular Biology",Life Sciences,Yes,,Molecular Biology,1312,"Biochemistry, Genetics and Molecular Biology",,individual,1.0,Life Sciences & Medicine
Louisa Gross Horwitz Prize,2019,Peter K. Vogt,For work on the PI3K and mTOR pathways in physiology and oncogenesis,https://en.wikipedia.org/wiki/Peter_K._Vogt,https://openalex.org/authors/A5010679975,Animal Science and Zoology,1103.0,Agricultural and Biological Sciences,Life Sciences,Yes,,Molecular Biology,1312,"Biochemistry, Genetics and Molecular Biology","Subfield changed from Animal Science and Zoology; researcher works on retroviruses and PI3K/oncogenes, top topic #4 is PI3K/mTOR",individual,1.0,Life Sciences & Medicine
Louisa Gross Horwitz Prize,2020,A. James Hudspeth,For discoveries on the mechanisms of hearing and hair cell transduction,https://en.wikipedia.org/wiki/A._James_Hudspeth,https://openalex.org/authors/A5057549975,Sensory Systems,2809.0,Neuroscience,Life Sciences,Yes,,Sensory Systems,2809,Neuroscience,,individual,1.0,Life Sciences & Medicine
Louisa Gross Horwitz Prize,2020,Christine Petit,For discoveries on the genetics and mechanisms of hearing,https://en.wikipedia.org/wiki/Christine_Petit,https://openalex.org/authors/A5072048458,Sensory Systems,2809.0,Neuroscience,Life Sciences,Yes,,Sensory Systems,2809,Neuroscience,,individual,1.0,Life Sciences & Medicine
Louisa Gross Horwitz Prize,2020,Robert Fettiplace,For discoveries on the mechanisms of hearing and hair cell transduction,https://en.wikipedia.org/wiki/Robert_Fettiplace,https://openalex.org/authors/A5068225495,Sensory Systems,2809.0,Neuroscience,Life Sciences,Yes,,Sensory Systems,2809,Neuroscience,,individual,1.0,Life Sciences & Medicine
Louisa Gross Horwitz Prize,2021,Drew Weissman,For contributions to mRNA modification enabling mRNA-based therapeutics and vaccines,https://en.wikipedia.org/wiki/Drew_Weissman,https://openalex.org/authors/A5068253145,Molecular Biology,1312.0,"Biochemistry, Genetics and Molecular Biology",Life Sciences,Yes,,Molecular Biology,1312,"Biochemistry, Genetics and Molecular Biology",,individual,1.0,Life Sciences & Medicine
Louisa Gross Horwitz Prize,2021,Katalin Kariko,For contributions to mRNA modification enabling mRNA-based therapeutics and vaccines,https://en.wikipedia.org/wiki/Katalin_Karik%C3%B3,https://openalex.org/authors/A5030598859,Molecular Biology,1312.0,"Biochemistry, Genetics and Molecular Biology",Life Sciences,Yes,,Molecular Biology,1312,"Biochemistry, Genetics and Molecular Biology",,individual,1.0,Life Sciences & Medicine
Louisa Gross Horwitz Prize,2022,Gero Miesenboeck,For foundational work on optogenetics,https://en.wikipedia.org/wiki/Gero_Miesenb%C3%B6ck,https://openalex.org/authors/A5041526781,Cellular and Molecular Neuroscience,2804.0,Neuroscience,Life Sciences,Yes,,Cellular and Molecular Neuroscience,2804,Neuroscience,,individual,1.0,Life Sciences & Medicine
Louisa Gross Horwitz Prize,2022,Karl Deisseroth,For foundational work on optogenetics,https://en.wikipedia.org/wiki/Karl_Deisseroth,https://openalex.org/authors/A5014360828,Cellular and Molecular Neuroscience,2804.0,Neuroscience,Life Sciences,Yes,,Cellular and Molecular Neuroscience,2804,Neuroscience,,individual,1.0,Life Sciences & Medicine
Louisa Gross Horwitz Prize,2022,Peter Hegemann,For foundational work on optogenetics,https://en.wikipedia.org/wiki/Peter_Hegemann,https://openalex.org/authors/A5032787107,Cellular and Molecular Neuroscience,2804.0,Neuroscience,Life Sciences,Yes,,Cellular and Molecular Neuroscience,2804,Neuroscience,,individual,1.0,Life Sciences & Medicine
Louisa Gross Horwitz Prize,2023,Glen Barber,For discovery of the cGAS-STING innate immune signaling pathway,https://en.wikipedia.org/wiki/Glen_Barber,https://openalex.org/authors/A5050436106,Immunology,2403.0,Immunology and Microbiology,Life Sciences,Yes,,Immunology,2403,Immunology and Microbiology,,individual,1.0,Life Sciences & Medicine
Louisa Gross Horwitz Prize,2023,Zhijian Chen,For discovery of the cGAS-STING innate immune signaling pathway,https://en.wikipedia.org/wiki/Zhijian_Chen,https://openalex.org/authors/A5000591490,Immunology,2403.0,Immunology and Microbiology,Life Sciences,Yes,,Immunology,2403,Immunology and Microbiology,,individual,1.0,Life Sciences & Medicine
Louisa Gross Horwitz Prize,2024,Scott Emr,For discovering the ESCRT pathway,https://en.wikipedia.org/wiki/Scott_Emr,https://openalex.org/authors/A5025638265,Cell Biology,1307.0,"Biochemistry, Genetics and Molecular Biology",Life Sciences,Yes,,Cell Biology,1307,"Biochemistry, Genetics and Molecular Biology",,individual,1.0,Life Sciences & Medicine
Louisa Gross Horwitz Prize,2024,Wesley Sundquist,For discovering the ESCRT pathway,https://en.wikipedia.org/wiki/Wesley_Sundquist,https://openalex.org/authors/A5020944188,Virology,2406.0,Immunology and Microbiology,Life Sciences,Yes,,Cell Biology,1307,"Biochemistry, Genetics and Molecular Biology","Subfield changed from Virology; prize is for ESCRT pathway discovery (cell biology), topic #2 is Cell Biology",individual,1.0,Life Sciences & Medicine
Marconi Prize,2015,Peter Kirstein,For tireless advocacy and pioneering technical contributions to computer networking which helped establish and expand the Internet in Europe and globally,https://en.wikipedia.org/wiki/Peter_Kirstein,https://openalex.org/authors/A5110775293,Electrical and Electronic Engineering,2208.0,Engineering,Physical Sciences,Yes,,Electrical and Electronic Engineering,2208.0,Engineering,,individual,1.0,"Computing, electrical"
Marconi Prize,2016,Bradford Parkinson,"For conception, development, and continual improvement of GPS as a global utility",https://en.wikipedia.org/wiki/Bradford_Parkinson,https://openalex.org/authors/A5112076013,Aerospace Engineering,2202.0,Engineering,Physical Sciences,Yes,,Aerospace Engineering,2202.0,Engineering,,individual,1.0,Mechanical engineering
Marconi Prize,2017,Arun Netravali,"For pioneering work on video compression standards that served as the key base technology for MPEG and enabled digital TV, HDTV, and streaming video",https://en.wikipedia.org/wiki/Arun_Netravali,https://openalex.org/authors/A5034100897,Computer Vision and Pattern Recognition,1707.0,Computer Science,Physical Sciences,Yes,,Computer Vision and Pattern Recognition,1707.0,Computer Science,,individual,1.0,"Computing, electrical"
Marconi Prize,2018,F. Thomson Leighton,For foundational contributions to content delivery network technology and co-founding Akamai Technologies,https://en.wikipedia.org/wiki/F._Thomson_Leighton,https://openalex.org/authors/A5110453378,Computer Networks and Communications,1705.0,Computer Science,Physical Sciences,Yes,,Computer Networks and Communications,1705.0,Computer Science,,individual,1.0,"Computing, electrical"
Marconi Prize,2019,Paul Kocher,"For contributions to practical applications of cryptography and cybersecurity, including the design of SSL 3.0",https://en.wikipedia.org/wiki/Paul_Kocher,https://openalex.org/authors/A5038006957,Artificial Intelligence,1702.0,Computer Science,Physical Sciences,Yes,,Artificial Intelligence,1702.0,Computer Science,,individual,1.0,"Computing, electrical"
Marconi Prize,2019,Taher Elgamal,"For contributions to practical applications of cryptography and cybersecurity, known as the father of SSL",https://en.wikipedia.org/wiki/Taher_Elgamal,https://openalex.org/authors/A5037485144,Artificial Intelligence,1702.0,Computer Science,Physical Sciences,Yes,,Artificial Intelligence,1702.0,Computer Science,,individual,1.0,"Computing, electrical"
Marconi Prize,2020,Andrea Goldsmith,For pioneering contributions to adaptive wireless communications and information theory,https://en.wikipedia.org/wiki/Andrea_Goldsmith,https://openalex.org/authors/A5074116801,Computer Networks and Communications,1705.0,Computer Science,Physical Sciences,Yes,,Computer Networks and Communications,1705.0,Computer Science,,individual,1.0,"Computing, electrical"
Marconi Prize,2022,Siavash Alamouti,"For the Alamouti code, a transmit diversity scheme fundamental to modern wireless communication standards",https://en.wikipedia.org/wiki/Siavash_Alamouti,https://openalex.org/authors/A5005510154,Computer Networks and Communications,1705.0,Computer Science,Physical Sciences,Yes,,Computer Networks and Communications,1705.0,Computer Science,,individual,1.0,"Computing, electrical"
Marconi Prize,2023,Hari Balakrishnan,"For foundational contributions to mobile and networked systems and creating technologies for a safer, more resilient society",https://en.wikipedia.org/wiki/Hari_Balakrishnan,https://openalex.org/authors/A5113516878,Computer Networks and Communications,1705.0,Computer Science,Physical Sciences,Yes,,Computer Networks and Communications,1705.0,Computer Science,,individual,1.0,"Computing, electrical"
Marconi Prize,2024,Teresa H. Meng,For pioneering contributions to low-power wireless integrated circuit design and co-founding Atheros Communications,https://en.wikipedia.org/wiki/Teresa_H._Meng,https://openalex.org/authors/A5102114110,Cellular and Molecular Neuroscience,2804.0,Neuroscience,Life Sciences,Yes,,Electrical and Electronic Engineering,2208.0,Engineering,Top topic is Neuroscience but prize is for wireless IC design; selected Electrical and Electronic Engineering (topic #4) as best match,individual,1.0,"Computing, electrical"
Maryam Mirzakhani Prize in Mathematics,2020,Larry Guth,"For developing surprising, original and deep connections between geometry, analysis, topology and combinatorics, leading to major advances on many outstanding problems",https://en.wikipedia.org/wiki/Larry_Guth,https://openalex.org/authors/A5081877161,Applied Mathematics,2604.0,Mathematics,Physical Sciences,Yes,,Applied Mathematics,2604.0,Mathematics,,individual,1.0,Math
Maryam Mirzakhani Prize in Mathematics,2022,Camillo De Lellis,For fundamental contributions to the study of dissipative solutions to the incompressible Euler equations and to the regularity theory of minimal surfaces,https://en.wikipedia.org/wiki/Camillo_De_Lellis,https://openalex.org/authors/A5082837579,Applied Mathematics,2604.0,Mathematics,Physical Sciences,Yes,,Applied Mathematics,2604.0,Mathematics,,individual,1.0,Math
Maryam Mirzakhani Prize in Mathematics,2024,Sylvia Serfaty,"For influential contributions to mathematical physics, particularly on Ginzburg-Landau theory, Coulomb gases, and mean-field limits",https://en.wikipedia.org/wiki/Sylvia_Serfaty,https://openalex.org/authors/A5112203717,Computational Theory and Mathematics,1703.0,Computer Science,Physical Sciences,Yes,,Applied Mathematics,2604.0,Mathematics,Top topic is Computational Theory and Mathematics (CS) but this is a math prize; changed to Applied Mathematics (topic #4),individual,1.0,Math
Matteucci Medal,2016,Adalberto Giazotto,"For contributions to gravitational wave detection, in particular design of the superattenuator for the Virgo interferometer",https://en.wikipedia.org/wiki/Adalberto_Giazotto,https://openalex.org/authors/A5103445807,Astronomy and Astrophysics,3103.0,Physics and Astronomy,Physical Sciences,Yes,https://openalex.org/authors/A5103445807,Astronomy and Astrophysics,3103.0,Physics and Astronomy,"NAME MISMATCH: expected Adalberto Giazotto, got G. Giordano; Corrected to Adalberto Giazotto (https://openalex.org/authors/A5103445807)",individual,1.0,Physics & Astronomy
Matteucci Medal,2017,Marco Tavani,For contributions to high-energy astrophysics and the AGILE space mission,https://en.wikipedia.org/wiki/Marco_Tavani,https://openalex.org/authors/A5105626204,Nuclear and High Energy Physics,3106.0,Physics and Astronomy,Physical Sciences,Yes,,Nuclear and High Energy Physics,3106.0,Physics and Astronomy,,individual,1.0,Physics & Astronomy
Matteucci Medal,2018,Gianluigi Fogli,For contributions to theoretical neutrino physics,https://en.wikipedia.org/wiki/Gianluigi_Fogli,https://openalex.org/authors/A5110887183,Nuclear and High Energy Physics,3106.0,Physics and Astronomy,Physical Sciences,Yes,,Nuclear and High Energy Physics,3106.0,Physics and Astronomy,,individual,1.0,Physics & Astronomy
Matteucci Medal,2019,Federico Capasso,For pioneering contributions to the invention of the quantum cascade laser and metasurfaces,https://en.wikipedia.org/wiki/Federico_Capasso,https://openalex.org/authors/A5066671589,Spectroscopy,1607.0,Chemistry,Physical Sciences,Yes,,"Atomic and Molecular Physics, and Optics",3107.0,Physics and Astronomy,"Subfield corrected from Spectroscopy. Capasso is an applied physicist (quantum cascade lasers, metasurfaces). Matteucci Medal is a physics prize.",individual,1.0,Physics & Astronomy
Matteucci Medal,2020,Massimo Inguscio,For contributions to precision spectroscopy and quantum technologies,https://en.wikipedia.org/wiki/Massimo_Inguscio,https://openalex.org/authors/A5082744407,"Atomic and Molecular Physics, and Optics",3107.0,Physics and Astronomy,Physical Sciences,Yes,,"Atomic and Molecular Physics, and Optics",3107.0,Physics and Astronomy,,individual,1.0,Physics & Astronomy
Matteucci Medal,2021,Amos Maritan,For contributions to statistical physics and its applications to biological systems,https://en.wikipedia.org/wiki/Amos_Maritan,https://openalex.org/authors/A5076985100,Molecular Biology,1312.0,"Biochemistry, Genetics and Molecular Biology",Life Sciences,Yes,,Condensed Matter Physics,3104.0,Physics and Astronomy,"Top topic is Molecular Biology but Matteucci Medal is physics; changed to Condensed Matter Physics (topic #2, statistical physics)",individual,1.0,Physics & Astronomy
Matteucci Medal,2022,Jocelyn Bell Burnell,For the discovery of pulsars and lifelong contributions to astrophysics,https://en.wikipedia.org/wiki/Jocelyn_Bell_Burnell,https://openalex.org/authors/A5001892714,Astronomy and Astrophysics,3103.0,Physics and Astronomy,Physical Sciences,Yes,,Astronomy and Astrophysics,3103.0,Physics and Astronomy,,individual,1.0,Physics & Astronomy
Matteucci Medal,2023,Francesco De Martini,For pioneering contributions to quantum optics and quantum information,,https://openalex.org/authors/A5101570499,"Atomic and Molecular Physics, and Optics",3107.0,Physics and Astronomy,Physical Sciences,Yes,,"Atomic and Molecular Physics, and Optics",3107.0,Physics and Astronomy,,individual,1.0,Physics & Astronomy
Matteucci Medal,2024,Helen Quinn,"For fundamental contributions to particle physics, including the Peccei-Quinn symmetry and axion theory",https://en.wikipedia.org/wiki/Helen_Quinn,https://openalex.org/authors/A5034788438,Health,3306.0,Social Sciences,Social Sciences,Yes,https://openalex.org/authors/A5034788438,Nuclear and High Energy Physics,3106.0,Physics and Astronomy,"Wrong person: was health researcher, corrected to Helen R. Quinn (Stanford/SLAC particle physicist, A5034788438)",individual,1.0,Physics & Astronomy
Max Planck-Humboldt Research Award,2018,Catherine Heymans,For research on dark energy through observations of far distant celestial objects,https://en.wikipedia.org/wiki/Catherine_Heymans,https://openalex.org/authors/A5011140827,Astronomy and Astrophysics,3103.0,Physics and Astronomy,Physical Sciences,Yes,,Astronomy and Astrophysics,3103,Physics and Astronomy,,individual,1.0,Physics & Astronomy
Max Planck-Humboldt Research Award,2019,Ufuk Akcigit,"For research on innovation, entrepreneurship, and economic growth",https://en.wikipedia.org/wiki/Ufuk_Akcigit,https://openalex.org/authors/A5011710497,Economics and Econometrics,2002.0,"Economics, Econometrics and Finance",Social Sciences,Yes,,Economics and Econometrics,2002,"Economics, Econometrics and Finance",,individual,1.0,Business & Econ
Max Planck-Humboldt Research Award,2020,Roberto Bonasio,For research on epigenetic mechanisms of gene regulation,https://en.wikipedia.org/wiki/Roberto_Bonasio,https://openalex.org/authors/A5073191110,Molecular Biology,1312.0,"Biochemistry, Genetics and Molecular Biology",Life Sciences,Yes,,Molecular Biology,1312,"Biochemistry, Genetics and Molecular Biology",,individual,1.0,Life Sciences & Medicine
Max Planck-Humboldt Research Award,2021,Pablo Jarillo-Herrero,For discovery of magic-angle twisted bilayer graphene and two-dimensional quantum materials,https://en.wikipedia.org/wiki/Pablo_Jarillo-Herrero,https://openalex.org/authors/A5058224422,Materials Chemistry,2505.0,Materials Science,Physical Sciences,Yes,https://openalex.org/authors/A5058224422,Condensed Matter Physics,https://openalex.org/subfields/3104,Physics and Astronomy,"Reclassified: condensed matter/twistronics physicist, not electronic materials",individual,1.0,Physics & Astronomy
Max Planck-Humboldt Research Award,2022,Margaret Roberts,For research on how the Chinese state uses information technologies for censorship and disinformation,https://en.wikipedia.org/wiki/Margaret_Roberts,https://openalex.org/authors/A5082742221,Artificial Intelligence,1702.0,Computer Science,Physical Sciences,Yes,,General Social Sciences,3301,Social Sciences,Top topic is AI (topic modeling methods) but researcher is political scientist; changed to General Social Sciences (topic #2),individual,1.0,Other Social Sciences
Max Planck-Humboldt Research Award,2023,Rotem Sorek,For contributions to understanding bacterial immune systems and their evolutionary connection to human innate immunity,https://en.wikipedia.org/wiki/Rotem_Sorek,https://openalex.org/authors/A5024718393,Ecology,2303.0,Environmental Science,Physical Sciences,Yes,,Molecular Biology,1312,"Biochemistry, Genetics and Molecular Biology",Top topic is Ecology (bacteriophage) but prize is for bacterial immune systems; changed to Molecular Biology (topic #2),individual,1.0,Life Sciences & Medicine
Max Planck-Humboldt Research Award,2024,Geordie Williamson,"For fundamental contributions to mathematics, particularly geometric representation theory",https://en.wikipedia.org/wiki/Geordie_Williamson,https://openalex.org/authors/A5057940024,Geometry and Topology,2608.0,Mathematics,Physical Sciences,Yes,,Geometry and Topology,2608,Mathematics,,individual,1.0,Math
Max Planck Medal,2015,Viatcheslav Mukhanov,For pioneering contributions to the theory of cosmological perturbations and quantum origin of structure in the universe,https://en.wikipedia.org/wiki/Viatcheslav_Mukhanov,https://openalex.org/authors/A5108489761,Astronomy and Astrophysics,3103.0,Physics and Astronomy,Physical Sciences,Yes,,Astronomy and Astrophysics,3103,Physics and Astronomy,,individual,1.0,Physics & Astronomy
Max Planck Medal,2016,Herbert Wagner,"For fundamental contributions to theoretical physics, particularly to the theory of phase transitions and critical phenomena",https://en.wikipedia.org/wiki/Herbert_Wagner,https://openalex.org/authors/A5103948898,Orthopedics and Sports Medicine,2732.0,Medicine,Health Sciences,Yes,https://openalex.org/authors/A5103948898,Condensed Matter Physics,3104,Physics and Astronomy,"Wrong person: was sports medicine researcher; corrected to Herbert Wagner (LMU Munich, condensed matter physicist, A5103948898)",individual,1.0,Physics & Astronomy
Max Planck Medal,2017,Herbert Spohn,For groundbreaking contributions to nonequilibrium statistical mechanics and kinetic theory,https://en.wikipedia.org/wiki/Herbert_Spohn,https://openalex.org/authors/A5025672328,Condensed Matter Physics,3104.0,Physics and Astronomy,Physical Sciences,Yes,,Condensed Matter Physics,3104,Physics and Astronomy,,individual,1.0,Physics & Astronomy
Max Planck Medal,2018,Ignacio Cirac,For groundbreaking contributions to quantum information science and quantum optics,https://en.wikipedia.org/wiki/Ignacio_Cirac,https://openalex.org/authors/A5083228566,Artificial Intelligence,1702.0,Computer Science,Physical Sciences,Yes,,"Atomic and Molecular Physics, and Optics",3107,Physics and Astronomy,Top topic is AI (quantum information) but Max Planck Medal is physics; changed to Atomic and Molecular Physics and Optics (topic #2),individual,1.0,Physics & Astronomy
Max Planck Medal,2019,Detlef Lohse,"For outstanding contributions to fluid dynamics, particularly multiphase flows, turbulence, and bubble dynamics",https://en.wikipedia.org/wiki/Detlef_Lohse,https://openalex.org/authors/A5066010665,Computational Mechanics,2206.0,Engineering,Physical Sciences,Yes,,Computational Mechanics,2206,Engineering,,individual,1.0,Mechanical engineering
Max Planck Medal,2020,Andrzej Buras,"For outstanding contributions to theoretical particle physics, particularly in the phenomenology of weak decays and the Standard Model",https://en.wikipedia.org/wiki/Andrzej_Buras,https://openalex.org/authors/A5065698673,Nuclear and High Energy Physics,3106.0,Physics and Astronomy,Physical Sciences,Yes,,Nuclear and High Energy Physics,3106,Physics and Astronomy,,individual,1.0,Physics & Astronomy
Max Planck Medal,2021,Alexander Polyakov,For groundbreaking contributions to quantum field theory and string theory,https://en.wikipedia.org/wiki/Alexander_Polyakov,https://openalex.org/authors/A5112205033,Nuclear and High Energy Physics,3106.0,Physics and Astronomy,Physical Sciences,Yes,,Nuclear and High Energy Physics,3106,Physics and Astronomy,,individual,1.0,Physics & Astronomy
Max Planck Medal,2022,Annette Zippelius,For fundamental contributions to the statistical mechanics of soft matter and disordered systems,https://en.wikipedia.org/wiki/Annette_Zippelius,https://openalex.org/authors/A5102884907,Oncology,2730.0,Medicine,Health Sciences,Yes,https://openalex.org/authors/A5102884907,Condensed Matter Physics,3104,Physics and Astronomy,"Wrong person: was Alfred Zippelius (oncologist); corrected to Annette Zippelius (Gottingen, theoretical physicist, A5102884907); used Condensed Matter Physics (topic #3)",individual,1.0,Physics & Astronomy
Max Planck Medal,2023,Rashid A. Sunyaev,"For fundamental contributions to astrophysics, including the theory of the cosmic microwave background and black hole accretion",https://en.wikipedia.org/wiki/Rashid_Sunyaev,https://openalex.org/authors/A5110686974,Astronomy and Astrophysics,3103.0,Physics and Astronomy,Physical Sciences,Yes,,Astronomy and Astrophysics,3103,Physics and Astronomy,,individual,1.0,Physics & Astronomy
Max Planck Medal,2024,Erwin Frey,"For outstanding contributions to statistical physics and biological physics, particularly active matter and evolutionary dynamics",,https://openalex.org/authors/A5067299116,Condensed Matter Physics,3104.0,Physics and Astronomy,Physical Sciences,Yes,,Condensed Matter Physics,3104,Physics and Astronomy,,individual,1.0,Physics & Astronomy
Max Planck Research Award,2015,Bryan S. Turner,"Research on religion and modernity, secularization, social and religious plurality",https://en.wikipedia.org/wiki/Bryan_S._Turner,https://openalex.org/authors/A5021090921,Sociology and Political Science,3312.0,Social Sciences,Social Sciences,Yes,,Sociology and Political Science,3312.0,Social Sciences,,individual,1.0,Other Social Sciences
Max Planck Research Award,2015,Hans Joas,"Research on religion and modernity, secularization, social and religious plurality",https://en.wikipedia.org/wiki/Hans_Joas,https://openalex.org/authors/A5053009274,Sociology and Political Science,3312.0,Social Sciences,Social Sciences,Yes,,Sociology and Political Science,3312.0,Social Sciences,,individual,1.0,Other Social Sciences
Max Planck Research Award,2016,Bonnie L. Bassler,Pioneering research on bacterial communication through quorum sensing,https://en.wikipedia.org/wiki/Bonnie_L._Bassler,https://openalex.org/authors/A5034726213,Molecular Biology,1312.0,"Biochemistry, Genetics and Molecular Biology",Life Sciences,Yes,,Molecular Biology,1312.0,"Biochemistry, Genetics and Molecular Biology",,individual,1.0,Life Sciences & Medicine
Max Planck Research Award,2016,Martin Wikelski,Research on sensory perception and navigation of organisms,https://en.wikipedia.org/wiki/Martin_Wikelski,https://openalex.org/authors/A5012353622,Ecology,2303.0,Environmental Science,Physical Sciences,Yes,,Ecology,2303.0,Environmental Science,,individual,1.0,Earth Sciences
Millennium Technology Prize,2016,Frances Arnold,For pioneering directed evolution to create new and better proteins in the laboratory,https://en.wikipedia.org/wiki/Frances_Arnold,https://openalex.org/authors/A5043841592,Atmospheric Science,1902.0,Earth and Planetary Sciences,Physical Sciences,Yes,,Molecular Biology,1312.0,"Biochemistry, Genetics and Molecular Biology","Top topic is Atmospheric Science (profile merge artifact); changed to Molecular Biology (topic #3, directed evolution/enzyme engineering)",individual,1.0,Life Sciences & Medicine
Millennium Technology Prize,2018,Tuomo Suntola,"For invention of Atomic Layer Deposition (ALD), a nanoscale thin-film coating technology",https://en.wikipedia.org/wiki/Tuomo_Suntola,https://openalex.org/authors/A5001030475,Astronomy and Astrophysics,3103.0,Physics and Astronomy,Physical Sciences,Yes,,Materials Chemistry,2505.0,Materials Science,"Top topic is Astronomy/Astrophysics (cosmology hobby); changed to Materials Chemistry (topic #2, ALD technology)",individual,1.0,Materials and mining engineering
Millennium Technology Prize,2020,David Klenerman,For development of revolutionary next-generation DNA sequencing techniques,https://en.wikipedia.org/wiki/David_Klenerman,https://openalex.org/authors/A5042822683,Physiology,2737.0,Medicine,Health Sciences,Yes,,Physiology,2737.0,Medicine,,individual,1.0,Life Sciences & Medicine
Millennium Technology Prize,2020,Shankar Balasubramanian,For development of revolutionary next-generation DNA sequencing techniques,https://en.wikipedia.org/wiki/Shankar_Balasubramanian,https://openalex.org/authors/A5040551102,Molecular Biology,1312.0,"Biochemistry, Genetics and Molecular Biology",Life Sciences,Yes,,Molecular Biology,1312.0,"Biochemistry, Genetics and Molecular Biology",,individual,1.0,Life Sciences & Medicine
Millennium Technology Prize,2022,Martin Green,"For groundbreaking work in photovoltaic solar cell technology, making solar energy economically competitive",https://en.wikipedia.org/wiki/Martin_Green_(physicist),https://openalex.org/authors/A5060331758,Electrical and Electronic Engineering,2208.0,Engineering,Physical Sciences,Yes,,Electrical and Electronic Engineering,2208.0,Engineering,,individual,1.0,"Computing, electrical"
Millennium Technology Prize,2024,Jayant Baliga,"For invention of the IGBT semiconductor, significantly reducing global energy use and carbon emissions",https://en.wikipedia.org/wiki/B._Jayant_Baliga,https://openalex.org/authors/A5109597278,Electrical and Electronic Engineering,2208.0,Engineering,Physical Sciences,Yes,,Electrical and Electronic Engineering,2208.0,Engineering,,individual,1.0,"Computing, electrical"
Nobel Prize in Chemistry,2015,Aziz Sancar,For mechanistic studies of DNA repair,https://en.wikipedia.org/wiki/Aziz_Sancar,https://openalex.org/authors/A5016678671,Molecular Biology,1312.0,"Biochemistry, Genetics and Molecular Biology",Life Sciences,Yes,,Molecular Biology,1312,"Biochemistry, Genetics and Molecular Biology",,individual,1.0,Life Sciences & Medicine
Nobel Prize in Chemistry,2015,Paul Modrich,For mechanistic studies of DNA repair,https://en.wikipedia.org/wiki/Paul_Modrich,https://openalex.org/authors/A5060041272,Molecular Biology,1312.0,"Biochemistry, Genetics and Molecular Biology",Life Sciences,Yes,,Molecular Biology,1312,"Biochemistry, Genetics and Molecular Biology",,individual,1.0,Life Sciences & Medicine
Nobel Prize in Chemistry,2015,Tomas Lindahl,For mechanistic studies of DNA repair,https://en.wikipedia.org/wiki/Tomas_Lindahl,https://openalex.org/authors/A5060285944,Molecular Biology,1312.0,"Biochemistry, Genetics and Molecular Biology",Life Sciences,Yes,,Molecular Biology,1312,"Biochemistry, Genetics and Molecular Biology",,individual,1.0,Life Sciences & Medicine
Nobel Prize in Chemistry,2016,Ben Feringa,For the design and synthesis of molecular machines,https://en.wikipedia.org/wiki/Ben_Feringa,https://openalex.org/authors/A5087713906,Organic Chemistry,1605.0,Chemistry,Physical Sciences,Yes,,Organic Chemistry,1605,Chemistry,,individual,1.0,Chemistry
Nobel Prize in Chemistry,2016,Fraser Stoddart,For the design and synthesis of molecular machines,https://en.wikipedia.org/wiki/Fraser_Stoddart,https://openalex.org/authors/A5027688873,Organic Chemistry,1605.0,Chemistry,Physical Sciences,Yes,,Organic Chemistry,1605,Chemistry,,individual,1.0,Chemistry
Nobel Prize in Chemistry,2016,Jean-Pierre Sauvage,For the design and synthesis of molecular machines,https://en.wikipedia.org/wiki/Jean-Pierre_Sauvage,https://openalex.org/authors/A5110065489,Materials Chemistry,2505.0,Materials Science,Physical Sciences,Yes,,Materials Chemistry,2505,Materials Science,,individual,1.0,Materials and mining engineering
Nobel Prize in Chemistry,2017,Jacques Dubochet,For developing cryo-electron microscopy,https://en.wikipedia.org/wiki/Jacques_Dubochet,https://openalex.org/authors/A5008622925,Structural Biology,1315.0,"Biochemistry, Genetics and Molecular Biology",Life Sciences,Yes,,Structural Biology,1315,"Biochemistry, Genetics and Molecular Biology",,individual,1.0,Life Sciences & Medicine
Nobel Prize in Chemistry,2017,Joachim Frank,For developing cryo-electron microscopy,https://en.wikipedia.org/wiki/Joachim_Frank,https://openalex.org/authors/A5042892654,Molecular Biology,1312.0,"Biochemistry, Genetics and Molecular Biology",Life Sciences,Yes,,Molecular Biology,1312,"Biochemistry, Genetics and Molecular Biology",,individual,1.0,Life Sciences & Medicine
Nobel Prize in Chemistry,2017,Richard Henderson,For developing cryo-electron microscopy,https://en.wikipedia.org/wiki/Richard_Henderson,https://openalex.org/authors/A5073357045,"Renewable Energy, Sustainability and the Environment",2105.0,Energy,Physical Sciences,Yes,,Structural Biology,1315,"Biochemistry, Genetics and Molecular Biology","Top topic is Renewable Energy (merged profile); changed to Structural Biology (topic #2, cryo-EM pioneer)",individual,1.0,Life Sciences & Medicine
Nobel Prize in Chemistry,2018,Frances Arnold,For the directed evolution of enzymes,https://en.wikipedia.org/wiki/Frances_Arnold,https://openalex.org/authors/A5043841592,Atmospheric Science,1902.0,Earth and Planetary Sciences,Physical Sciences,Yes,,Molecular Biology,1312,"Biochemistry, Genetics and Molecular Biology",Top topic is Atmospheric Science (merged profile); changed to Molecular Biology (directed evolution/enzyme engineering),individual,1.0,Life Sciences & Medicine
Nobel Prize in Chemistry,2018,George Smith,For the phage display of peptides and antibodies,https://en.wikipedia.org/wiki/George_P._Smith,https://openalex.org/authors/A5112763106,Genetics,1311.0,"Biochemistry, Genetics and Molecular Biology",Life Sciences,Yes,https://openalex.org/authors/A5112763106,Molecular Biology,1312,"Biochemistry, Genetics and Molecular Biology","Wrong person: was George Davey Smith (epidemiologist); corrected to George P. Smith (A5112763106, phage display Nobel laureate); Best subfield Molecular Biology for phage display work",individual,1.0,Life Sciences & Medicine
Nobel Prize in Chemistry,2018,Gregory Winter,For the phage display of peptides and antibodies,https://en.wikipedia.org/wiki/Gregory_Winter,https://openalex.org/authors/A5112255695,"Radiology, Nuclear Medicine and Imaging",2741.0,Medicine,Health Sciences,Yes,,Immunology,2403,Immunology and Microbiology,"Top topic is Radiology (antibody research category); changed to Immunology (topic #2, humanized antibodies/phage display)",individual,1.0,Life Sciences & Medicine
Nobel Prize in Chemistry,2019,Akira Yoshino,For the development of lithium-ion batteries,https://en.wikipedia.org/wiki/Akira_Yoshino,https://openalex.org/authors/A5103185273,Electrical and Electronic Engineering,2208.0,Engineering,Physical Sciences,Yes,,Electrical and Electronic Engineering,2208,Engineering,,individual,1.0,"Computing, electrical"
Nobel Prize in Chemistry,2019,John Goodenough,For the development of lithium-ion batteries,https://en.wikipedia.org/wiki/John_Goodenough,https://openalex.org/authors/A5088016695,"Electronic, Optical and Magnetic Materials",2504.0,Materials Science,Physical Sciences,Yes,,"Electronic, Optical and Magnetic Materials",2504,Materials Science,,individual,1.0,Materials and mining engineering
Nobel Prize in Chemistry,2019,M. Stanley Whittingham,For the development of lithium-ion batteries,https://en.wikipedia.org/wiki/M._Stanley_Whittingham,https://openalex.org/authors/A5023061999,Electrical and Electronic Engineering,2208.0,Engineering,Physical Sciences,Yes,,Electrical and Electronic Engineering,2208,Engineering,,individual,1.0,"Computing, electrical"
Nobel Prize in Chemistry,2020,Emmanuelle Charpentier,For the development of a method for genome editing,https://en.wikipedia.org/wiki/Emmanuelle_Charpentier,https://openalex.org/authors/A5074743574,Molecular Biology,1312.0,"Biochemistry, Genetics and Molecular Biology",Life Sciences,Yes,,Molecular Biology,1312,"Biochemistry, Genetics and Molecular Biology",,individual,1.0,Life Sciences & Medicine
Nobel Prize in Chemistry,2020,Jennifer Doudna,For the development of a method for genome editing,https://en.wikipedia.org/wiki/Jennifer_Doudna,https://openalex.org/authors/A5067184382,Molecular Biology,1312.0,"Biochemistry, Genetics and Molecular Biology",Life Sciences,Yes,,Molecular Biology,1312,"Biochemistry, Genetics and Molecular Biology",,individual,1.0,Life Sciences & Medicine
Nobel Prize in Chemistry,2021,Benjamin List,For the development of asymmetric organocatalysis,https://en.wikipedia.org/wiki/Benjamin_List,https://openalex.org/authors/A5040055598,Organic Chemistry,1605.0,Chemistry,Physical Sciences,Yes,,Organic Chemistry,1605,Chemistry,,individual,1.0,Chemistry
Nobel Prize in Chemistry,2021,David MacMillan,For the development of asymmetric organocatalysis,https://en.wikipedia.org/wiki/David_MacMillan,https://openalex.org/authors/A5025805979,Organic Chemistry,1605.0,Chemistry,Physical Sciences,Yes,,Organic Chemistry,1605,Chemistry,,individual,1.0,Chemistry
Nobel Prize in Chemistry,2022,Carolyn Bertozzi,For the development of click chemistry and bioorthogonal chemistry,https://en.wikipedia.org/wiki/Carolyn_R._Bertozzi,https://openalex.org/authors/A5088409133,Molecular Biology,1312.0,"Biochemistry, Genetics and Molecular Biology",Life Sciences,Yes,,Molecular Biology,1312,"Biochemistry, Genetics and Molecular Biology",,individual,1.0,Life Sciences & Medicine
Nobel Prize in Chemistry,2022,Karl Barry Sharpless,For the development of click chemistry and bioorthogonal chemistry,https://en.wikipedia.org/wiki/Barry_Sharpless,https://openalex.org/authors/A5077401880,Organic Chemistry,1605.0,Chemistry,Physical Sciences,Yes,https://openalex.org/authors/A5077401880,Organic Chemistry,1605,Chemistry,"No OpenAlex URL; search found no results | 2026-09-09 snapshot audit: id -> A5077401880 (K. Barry Sharpless, Scripps, 108,034 cites); previous no id",individual,1.0,Chemistry
Nobel Prize in Chemistry,2022,Morten Meldal,For the development of click chemistry and bioorthogonal chemistry,https://en.wikipedia.org/wiki/Morten_Meldal,https://openalex.org/authors/A5008925360,Molecular Biology,1312.0,"Biochemistry, Genetics and Molecular Biology",Life Sciences,Yes,,Organic Chemistry,https://openalex.org/subfields/1605,Chemistry,"Reclassified: click chemistry, organic chemist not biophysicist",individual,1.0,Chemistry
Nobel Prize in Chemistry,2023,Alexei Ekimov,For the discovery and synthesis of quantum dots,https://en.wikipedia.org/wiki/Alexei_Ekimov,https://openalex.org/authors/A5021920207,Materials Chemistry,2505.0,Materials Science,Physical Sciences,Yes,,Materials Chemistry,2505,Materials Science,,individual,1.0,Materials and mining engineering
Nobel Prize in Chemistry,2023,Louis Brus,For the discovery and synthesis of quantum dots,https://en.wikipedia.org/wiki/Louis_Brus,https://openalex.org/authors/A5012651049,Materials Chemistry,2505.0,Materials Science,Physical Sciences,Yes,,Materials Chemistry,2505,Materials Science,,individual,1.0,Materials and mining engineering
Nobel Prize in Chemistry,2023,Moungi Bawendi,For the discovery and synthesis of quantum dots,https://en.wikipedia.org/wiki/Moungi_G._Bawendi,https://openalex.org/authors/A5108389294,Materials Chemistry,2505.0,Materials Science,Physical Sciences,Yes,,Materials Chemistry,2505,Materials Science,,individual,1.0,Materials and mining engineering
Nobel Prize in Chemistry,2024,David Baker,For computational protein design,https://en.wikipedia.org/wiki/David_Baker,https://openalex.org/authors/A5053192926,Molecular Biology,1312.0,"Biochemistry, Genetics and Molecular Biology",Life Sciences,Yes,,Molecular Biology,1312,"Biochemistry, Genetics and Molecular Biology",,individual,1.0,Life Sciences & Medicine
Nobel Prize in Chemistry,2024,Demis Hassabis,For protein structure prediction,https://en.wikipedia.org/wiki/Demis_Hassabis,https://openalex.org/authors/A5005349213,Cognitive Neuroscience,2805.0,Neuroscience,Life Sciences,Yes,,Artificial Intelligence,1702,Computer Science,Top topic is Cognitive Neuroscience but Nobel was for AlphaFold protein structure prediction; changed to Artificial Intelligence (topic #2),individual,1.0,"Computing, electrical"
Nobel Prize in Chemistry,2024,John Jumper,For protein structure prediction,https://en.wikipedia.org/wiki/John_Jumper,https://openalex.org/authors/A5059179935,Molecular Biology,1312.0,"Biochemistry, Genetics and Molecular Biology",Life Sciences,Yes,,Molecular Biology,1312,"Biochemistry, Genetics and Molecular Biology",,individual,1.0,Life Sciences & Medicine
Nobel Prize in Physics,2015,Arthur B. McDonald,"for the discovery of neutrino oscillations, which shows that neutrinos have mass",https://en.wikipedia.org/wiki/Arthur_B._McDonald,https://openalex.org/authors/A5003241485,Nuclear and High Energy Physics,3106.0,Physics and Astronomy,Physical Sciences,Yes,https://openalex.org/authors/A5003241485,Nuclear and High Energy Physics,3106,Physics and Astronomy,"No OpenAlex URL; search found no results | 2026-09-09 snapshot audit: id -> A5003241485 (A. B. McDonald, Queen's University, 11,970 cites); previous no id",individual,1.0,Physics & Astronomy
Nobel Prize in Physics,2015,Takaaki Kajita,"for the discovery of neutrino oscillations, which shows that neutrinos have mass",https://en.wikipedia.org/wiki/Takaaki_Kajita,https://openalex.org/authors/A5003388103,Nuclear and High Energy Physics,3106.0,Physics and Astronomy,Physical Sciences,Yes,https://openalex.org/authors/A5003388103,Nuclear and High Energy Physics,3106,Physics and Astronomy,No original URL; found via search: T. Kajita,individual,1.0,Physics & Astronomy
Nobel Prize in Physics,2016,David J. Thouless,for theoretical discoveries of topological phase transitions and topological phases of matter,https://en.wikipedia.org/wiki/David_J._Thouless,https://openalex.org/authors/A5110124079,"Atomic and Molecular Physics, and Optics",3107.0,Physics and Astronomy,Physical Sciences,Yes,,"Atomic and Molecular Physics, and Optics",3107,Physics and Astronomy,,individual,1.0,Physics & Astronomy
Nobel Prize in Physics,2016,F. Duncan M. Haldane,for theoretical discoveries of topological phase transitions and topological phases of matter,https://en.wikipedia.org/wiki/F._Duncan_M._Haldane,https://openalex.org/authors/A5089213304,"Atomic and Molecular Physics, and Optics",3107.0,Physics and Astronomy,Physical Sciences,Yes,,"Atomic and Molecular Physics, and Optics",3107,Physics and Astronomy,,individual,1.0,Physics & Astronomy
Nobel Prize in Physics,2016,J. Michael Kosterlitz,for theoretical discoveries of topological phase transitions and topological phases of matter,https://en.wikipedia.org/wiki/J._Michael_Kosterlitz,https://openalex.org/authors/A5108623146,Condensed Matter Physics,3104.0,Physics and Astronomy,Physical Sciences,Yes,,Condensed Matter Physics,3104,Physics and Astronomy,,individual,1.0,Physics & Astronomy
Nobel Prize in Physics,2017,Barry C. Barish,for decisive contributions to the LIGO detector and the observation of gravitational waves,https://en.wikipedia.org/wiki/Barry_Barish,https://openalex.org/authors/A5035854676,Astronomy and Astrophysics,3103.0,Physics and Astronomy,Physical Sciences,Yes,https://openalex.org/authors/A5035854676,Astronomy and Astrophysics,https://openalex.org/subfields/3103,Physics and Astronomy,"Reclassified: LIGO/gravitational waves physicist, not ocean engineering",individual,1.0,Physics & Astronomy
Nobel Prize in Physics,2017,Kip S. Thorne,for decisive contributions to the LIGO detector and the observation of gravitational waves,https://en.wikipedia.org/wiki/Kip_Thorne,https://openalex.org/authors/A5103423628,Astronomy and Astrophysics,3103.0,Physics and Astronomy,Physical Sciences,Yes,,Astronomy and Astrophysics,3103,Physics and Astronomy,,individual,1.0,Physics & Astronomy
Nobel Prize in Physics,2017,Rainer Weiss,for decisive contributions to the LIGO detector and the observation of gravitational waves,https://en.wikipedia.org/wiki/Rainer_Weiss,https://openalex.org/authors/A5103619207,Astronomy and Astrophysics,3103.0,Physics and Astronomy,Physical Sciences,Yes,https://openalex.org/authors/A5103619207,Astronomy and Astrophysics,3103,Physics and Astronomy,"Wrong profile corrected. Was matched to R.G. Weiss (organic chemist A5019916639). Correct profile is A5068894801 (Rainer Weiss, MIT/LIGO). | 2026-09-09 snapshot audit: id -> A5103619207 (Rainer Weiss, MIT); previous A5068894801 = 'D R Rellan', 0 cites",individual,1.0,Physics & Astronomy
Nobel Prize in Physics,2018,Arthur Ashkin,for the optical tweezers and their application to biological systems,https://en.wikipedia.org/wiki/Arthur_Ashkin,https://openalex.org/authors/A5045721355,"Atomic and Molecular Physics, and Optics",3107.0,Physics and Astronomy,Physical Sciences,Yes,,"Atomic and Molecular Physics, and Optics",3107,Physics and Astronomy,,individual,1.0,Physics & Astronomy
Nobel Prize in Physics,2018,Donna Strickland,"for their method of generating high-intensity, ultra-short optical pulses",https://en.wikipedia.org/wiki/Donna_Strickland,https://openalex.org/authors/A5108564053,"Statistics, Probability and Uncertainty",1804.0,Decision Sciences,Social Sciences,Yes,,"Atomic and Molecular Physics, and Optics",3107,Physics and Astronomy,"Subfield corrected from Statistics, Probability and Uncertainty (OpenAlex error). Strickland is a laser physicist (chirped pulse amplification).",individual,1.0,Physics & Astronomy
Nobel Prize in Physics,2018,Gerard Mourou,"for their method of generating high-intensity, ultra-short optical pulses",https://en.wikipedia.org/wiki/G%C3%A9rard_Mourou,https://openalex.org/authors/A5057252770,"Atomic and Molecular Physics, and Optics",3107.0,Physics and Astronomy,Physical Sciences,Yes,,"Atomic and Molecular Physics, and Optics",3107,Physics and Astronomy,,individual,1.0,Physics & Astronomy
Nobel Prize in Physics,2019,Didier Queloz,for the discovery of an exoplanet orbiting a solar-type star,https://en.wikipedia.org/wiki/Didier_Queloz,https://openalex.org/authors/A5023914308,Astronomy and Astrophysics,3103.0,Physics and Astronomy,Physical Sciences,Yes,,Astronomy and Astrophysics,3103,Physics and Astronomy,,individual,1.0,Physics & Astronomy
Nobel Prize in Physics,2019,James Peebles,for theoretical discoveries in physical cosmology,https://en.wikipedia.org/wiki/Jim_Peebles,https://openalex.org/authors/A5069474685,Astronomy and Astrophysics,3103.0,Physics and Astronomy,Physical Sciences,Yes,,Astronomy and Astrophysics,3103,Physics and Astronomy,,individual,1.0,Physics & Astronomy
Nobel Prize in Physics,2019,Michel Mayor,for the discovery of an exoplanet orbiting a solar-type star,https://en.wikipedia.org/wiki/Michel_Mayor,https://openalex.org/authors/A5107414208,Astronomy and Astrophysics,3103.0,Physics and Astronomy,Physical Sciences,Yes,,Astronomy and Astrophysics,3103,Physics and Astronomy,,individual,1.0,Physics & Astronomy
Nobel Prize in Physics,2020,Andrea Ghez,for the discovery of a supermassive compact object at the centre of our galaxy,https://en.wikipedia.org/wiki/Andrea_M._Ghez,https://openalex.org/authors/A5077199483,Astronomy and Astrophysics,3103.0,Physics and Astronomy,Physical Sciences,Yes,,Astronomy and Astrophysics,3103,Physics and Astronomy,,individual,1.0,Physics & Astronomy
Nobel Prize in Physics,2020,Reinhard Genzel,for the discovery of a supermassive compact object at the centre of our galaxy,https://en.wikipedia.org/wiki/Reinhard_Genzel,https://openalex.org/authors/A5032049136,Astronomy and Astrophysics,3103.0,Physics and Astronomy,Physical Sciences,Yes,,Astronomy and Astrophysics,3103,Physics and Astronomy,,individual,1.0,Physics & Astronomy
Nobel Prize in Physics,2020,Roger Penrose,for the discovery that black hole formation is a robust prediction of the general theory of relativity,https://en.wikipedia.org/wiki/Roger_Penrose,https://openalex.org/authors/A5014894861,Astronomy and Astrophysics,3103.0,Physics and Astronomy,Physical Sciences,Yes,,Astronomy and Astrophysics,3103,Physics and Astronomy,,individual,1.0,Physics & Astronomy
Nobel Prize in Physics,2021,Giorgio Parisi,for the discovery of the interplay of disorder and fluctuations in physical systems from atomic to planetary scales,https://en.wikipedia.org/wiki/Giorgio_Parisi,https://openalex.org/authors/A5052777339,Condensed Matter Physics,3104.0,Physics and Astronomy,Physical Sciences,Yes,,Condensed Matter Physics,3104,Physics and Astronomy,,individual,1.0,Physics & Astronomy
Nobel Prize in Physics,2021,Klaus Hasselmann,"for the physical modelling of Earth's climate, quantifying variability and reliably predicting global warming",https://en.wikipedia.org/wiki/Klaus_Hasselmann,https://openalex.org/authors/A5112219120,Oceanography,1910.0,Earth and Planetary Sciences,Physical Sciences,Yes,,Oceanography,1910,Earth and Planetary Sciences,,individual,1.0,Earth Sciences
Nobel Prize in Physics,2021,Syukuro Manabe,"for the physical modelling of Earth's climate, quantifying variability and reliably predicting global warming",https://en.wikipedia.org/wiki/Syukuro_Manabe,https://openalex.org/authors/A5045338372,Global and Planetary Change,2306.0,Environmental Science,Physical Sciences,Yes,,Atmospheric Science,https://openalex.org/subfields/1902,Earth and Planetary Sciences,"Reclassified: climate/atmospheric scientist, not renewable energy",individual,1.0,Earth Sciences
Nobel Prize in Physics,2022,Alain Aspect,"for experiments with entangled photons, establishing the violation of Bell inequalities and pioneering quantum information science",https://en.wikipedia.org/wiki/Alain_Aspect,https://openalex.org/authors/A5046427077,"Atomic and Molecular Physics, and Optics",3107.0,Physics and Astronomy,Physical Sciences,Yes,,"Atomic and Molecular Physics, and Optics",3107,Physics and Astronomy,,individual,1.0,Physics & Astronomy
Nobel Prize in Physics,2022,Anton Zeilinger,"for experiments with entangled photons, establishing the violation of Bell inequalities and pioneering quantum information science",https://en.wikipedia.org/wiki/Anton_Zeilinger,https://openalex.org/authors/A5001105113,Artificial Intelligence,1702.0,Computer Science,Physical Sciences,Yes,,"Atomic and Molecular Physics, and Optics",https://openalex.org/subfields/3107,Physics and Astronomy,"Reclassified: quantum optics physicist, not electrical engineer",individual,1.0,Physics & Astronomy
Nobel Prize in Physics,2022,John F. Clauser,"for experiments with entangled photons, establishing the violation of Bell inequalities and pioneering quantum information science",https://en.wikipedia.org/wiki/John_Clauser,https://openalex.org/authors/A5084511570,Nuclear and High Energy Physics,3106.0,Physics and Astronomy,Physical Sciences,Yes,,Nuclear and High Energy Physics,3106,Physics and Astronomy,,individual,1.0,Physics & Astronomy
Nobel Prize in Physics,2023,Anne L'Huillier,for experimental methods that generate attosecond pulses of light for the study of electron dynamics in matter,https://en.wikipedia.org/wiki/Anne_L%27Huillier,https://openalex.org/authors/A5087194862,"Atomic and Molecular Physics, and Optics",3107.0,Physics and Astronomy,Physical Sciences,Yes,https://openalex.org/authors/A5087194862,"Atomic and Molecular Physics, and Optics",3107,Physics and Astronomy,"No original URL; found via search: F. Kelkensberg; NAME MISMATCH: expected Anne L'Huillier, got F. Kelkensberg; Could not find better profile via search | 2026-09-09 snapshot audit: id -> A5087194862 (A. L'Huillier, Lund, 25,839 cites); previous A5108087389 = F. Kelkensberg",individual,1.0,Physics & Astronomy
Nobel Prize in Physics,2023,Ferenc Krausz,for experimental methods that generate attosecond pulses of light for the study of electron dynamics in matter,https://en.wikipedia.org/wiki/Ferenc_Krausz,https://openalex.org/authors/A5049801219,"Atomic and Molecular Physics, and Optics",3107.0,Physics and Astronomy,Physical Sciences,Yes,,"Atomic and Molecular Physics, and Optics",3107,Physics and Astronomy,,individual,1.0,Physics & Astronomy
Nobel Prize in Physics,2023,Pierre Agostini,for experimental methods that generate attosecond pulses of light for the study of electron dynamics in matter,https://en.wikipedia.org/wiki/Pierre_Agostini,https://openalex.org/authors/A5054821424,"Atomic and Molecular Physics, and Optics",3107.0,Physics and Astronomy,Physical Sciences,Yes,,"Atomic and Molecular Physics, and Optics",3107,Physics and Astronomy,,individual,1.0,Physics & Astronomy
Nobel Prize in Physics,2024,Geoffrey E. Hinton,for foundational discoveries and inventions that enable machine learning with artificial neural networks,https://en.wikipedia.org/wiki/Geoffrey_Hinton,https://openalex.org/authors/A5108093963,Artificial Intelligence,1702.0,Computer Science,Physical Sciences,Yes,,Artificial Intelligence,1702,Computer Science,,individual,1.0,"Computing, electrical"
Nobel Prize in Physics,2024,John J. Hopfield,for foundational discoveries and inventions that enable machine learning with artificial neural networks,https://en.wikipedia.org/wiki/John_Hopfield,https://openalex.org/authors/A5001584643,Artificial Intelligence,1702.0,Computer Science,Physical Sciences,Yes,,Artificial Intelligence,1702,Computer Science,,individual,1.0,"Computing, electrical"
Nobel Prize in Physiology or Medicine,2015,Satoshi Omura,For discoveries concerning a novel therapy against infections caused by roundworm parasites,https://en.wikipedia.org/wiki/Satoshi_%C5%8Cmura,https://openalex.org/authors/A5045164227,Pharmacology,2736.0,Medicine,Health Sciences,Yes,,Pharmacology,2736,Medicine,,individual,1.0,Life Sciences & Medicine
Nobel Prize in Physiology or Medicine,2015,Tu Youyou,For discoveries concerning a novel therapy against Malaria,https://en.wikipedia.org/wiki/Tu_Youyou,https://openalex.org/authors/A5010459426,"Public Health, Environmental and Occupational Health",2739.0,Medicine,Health Sciences,Yes,,Pharmacology,3004,"Pharmacology, Toxicology and Pharmaceutics",Subfield changed from Public Health; artemisinin discovery is pharmacology. Topic #3 is Pharmacology.,individual,1.0,Life Sciences & Medicine
Nobel Prize in Physiology or Medicine,2015,William C. Campbell,For discoveries concerning a novel therapy against infections caused by roundworm parasites,https://en.wikipedia.org/wiki/William_C._Campbell,https://openalex.org/authors/A5018339760,Small Animals,3404.0,Veterinary,Health Sciences,Yes,,Parasitology,2405,Immunology and Microbiology,Subfield changed from Small Animals (Veterinary); Nobel for ivermectin/parasitic diseases. Topic #3 is Parasitology.,individual,1.0,Life Sciences & Medicine
Nobel Prize in Physiology or Medicine,2016,Yoshinori Ohsumi,For his discoveries of mechanisms for autophagy,https://en.wikipedia.org/wiki/Yoshinori_Ohsumi,https://openalex.org/authors/A5056765809,Epidemiology,2713.0,Medicine,Health Sciences,Yes,,Cell Biology,1307,"Biochemistry, Genetics and Molecular Biology","Subfield changed from Epidemiology; Nobel for autophagy mechanisms. Topics #2,#3 are Cell Biology.",individual,1.0,Life Sciences & Medicine
Nobel Prize in Physiology or Medicine,2017,Jeffrey C. Hall,For discoveries of molecular mechanisms controlling the circadian rhythm,https://en.wikipedia.org/wiki/Jeffrey_C._Hall,https://openalex.org/authors/A5111697256,Cellular and Molecular Neuroscience,2804.0,Neuroscience,Life Sciences,Yes,,Cellular and Molecular Neuroscience,2804,Neuroscience,,individual,1.0,Life Sciences & Medicine
Nobel Prize in Physiology or Medicine,2017,Michael Rosbash,For discoveries of molecular mechanisms controlling the circadian rhythm,https://en.wikipedia.org/wiki/Michael_Rosbash,https://openalex.org/authors/A5068402917,Endocrine and Autonomic Systems,2807.0,Neuroscience,Life Sciences,Yes,,Endocrine and Autonomic Systems,2807,Neuroscience,,individual,1.0,Life Sciences & Medicine
Nobel Prize in Physiology or Medicine,2017,Michael W. Young,For discoveries of molecular mechanisms controlling the circadian rhythm,https://en.wikipedia.org/wiki/Michael_W._Young,https://openalex.org/authors/A5103089991,Endocrine and Autonomic Systems,2807.0,Neuroscience,Life Sciences,Yes,,Endocrine and Autonomic Systems,2807,Neuroscience,,individual,1.0,Life Sciences & Medicine
Nobel Prize in Physiology or Medicine,2018,James P. Allison,For discovery of cancer therapy by inhibition of negative immune regulation,https://en.wikipedia.org/wiki/James_P._Allison,https://openalex.org/authors/A5047117233,Oncology,2730.0,Medicine,Health Sciences,Yes,,Oncology,2730,Medicine,,individual,1.0,Life Sciences & Medicine
Nobel Prize in Physiology or Medicine,2018,Tasuku Honjo,For discovery of cancer therapy by inhibition of negative immune regulation,https://en.wikipedia.org/wiki/Tasuku_Honjo,https://openalex.org/authors/A5019039647,Immunology,2403.0,Immunology and Microbiology,Life Sciences,Yes,,Immunology,2403,Immunology and Microbiology,,individual,1.0,Life Sciences & Medicine
Nobel Prize in Physiology or Medicine,2019,Gregg L. Semenza,For discoveries of how cells sense and adapt to oxygen availability,https://en.wikipedia.org/wiki/Gregg_L._Semenza,https://openalex.org/authors/A5051276665,Cancer Research,1306.0,"Biochemistry, Genetics and Molecular Biology",Life Sciences,Yes,,Cancer Research,1306,"Biochemistry, Genetics and Molecular Biology",,individual,1.0,Life Sciences & Medicine
Nobel Prize in Physiology or Medicine,2019,Peter J. Ratcliffe,For discoveries of how cells sense and adapt to oxygen availability,https://en.wikipedia.org/wiki/Peter_J._Ratcliffe,https://openalex.org/authors/A5064727417,Cancer Research,1306.0,"Biochemistry, Genetics and Molecular Biology",Life Sciences,Yes,,Cancer Research,1306,"Biochemistry, Genetics and Molecular Biology",,individual,1.0,Life Sciences & Medicine
Nobel Prize in Physiology or Medicine,2019,William G. Kaelin Jr.,For discoveries of how cells sense and adapt to oxygen availability,https://en.wikipedia.org/wiki/William_G._Kaelin_Jr.,https://openalex.org/authors/A5088456751,Oncology,2730.0,Medicine,Health Sciences,Yes,https://openalex.org/authors/A5088456751,Cancer Research,1306,"Biochemistry, Genetics and Molecular Biology","OpenAlex URL was missing; found A5088456751 (490 works, Dana-Farber/Harvard). Top topic: Cancer, Hypoxia, and Metabolism.",individual,1.0,Life Sciences & Medicine
Nobel Prize in Physiology or Medicine,2020,Charles M. Rice,For the discovery of Hepatitis C virus,https://en.wikipedia.org/wiki/Charles_M._Rice,https://openalex.org/authors/A5019683467,Hepatology,2721.0,Medicine,Health Sciences,Yes,,Hepatology,2721,Medicine,,individual,1.0,Life Sciences & Medicine
Nobel Prize in Physiology or Medicine,2020,Harvey J. Alter,For the discovery of Hepatitis C virus,https://en.wikipedia.org/wiki/Harvey_J._Alter,https://openalex.org/authors/A5105717171,Hepatology,2721.0,Medicine,Health Sciences,Yes,,Hepatology,2721,Medicine,,individual,1.0,Life Sciences & Medicine
Nobel Prize in Physiology or Medicine,2020,Michael Houghton,For the discovery of Hepatitis C virus,https://en.wikipedia.org/wiki/Michael_Houghton,https://openalex.org/authors/A5090612228,Hepatology,2721.0,Medicine,Health Sciences,Yes,,Hepatology,2721,Medicine,,individual,1.0,Life Sciences & Medicine
Nobel Prize in Physiology or Medicine,2021,Ardem Patapoutian,For discoveries of receptors for temperature and touch,https://en.wikipedia.org/wiki/Ardem_Patapoutian,https://openalex.org/authors/A5066449841,Physiology,2737.0,Medicine,Health Sciences,Yes,,Physiology,2737,Medicine,,individual,1.0,Life Sciences & Medicine
Nobel Prize in Physiology or Medicine,2021,David Julius,For discoveries of receptors for temperature and touch,https://en.wikipedia.org/wiki/David_Julius,https://openalex.org/authors/A5014886042,Sensory Systems,2809.0,Neuroscience,Life Sciences,Yes,,Sensory Systems,2809,Neuroscience,,individual,1.0,Life Sciences & Medicine
Nobel Prize in Physiology or Medicine,2022,Svante Paabo,For discoveries concerning the genomes of extinct hominins and human evolution,https://en.wikipedia.org/wiki/Svante_P%C3%A4%C3%A4bo,https://openalex.org/authors/A5012216367,Genetics,1311.0,"Biochemistry, Genetics and Molecular Biology",Life Sciences,Yes,,Genetics,1311,"Biochemistry, Genetics and Molecular Biology",,individual,1.0,Life Sciences & Medicine
Nobel Prize in Physiology or Medicine,2023,Drew Weissman,For discoveries concerning nucleoside base modifications that enabled effective mRNA vaccines against COVID-19,https://en.wikipedia.org/wiki/Drew_Weissman,https://openalex.org/authors/A5068253145,Molecular Biology,1312.0,"Biochemistry, Genetics and Molecular Biology",Life Sciences,Yes,,Molecular Biology,1312,"Biochemistry, Genetics and Molecular Biology",,individual,1.0,Life Sciences & Medicine
Nobel Prize in Physiology or Medicine,2023,Katalin Kariko,For discoveries concerning nucleoside base modifications that enabled effective mRNA vaccines against COVID-19,https://en.wikipedia.org/wiki/Katalin_Karik%C3%B3,https://openalex.org/authors/A5030598859,Molecular Biology,1312.0,"Biochemistry, Genetics and Molecular Biology",Life Sciences,Yes,,Molecular Biology,1312,"Biochemistry, Genetics and Molecular Biology",,individual,1.0,Life Sciences & Medicine
Nobel Prize in Physiology or Medicine,2024,Gary Ruvkun,For the discovery of microRNA and its role in post-transcriptional gene regulation,https://en.wikipedia.org/wiki/Gary_Ruvkun,https://openalex.org/authors/A5066998461,Aging,1302.0,"Biochemistry, Genetics and Molecular Biology",Life Sciences,Yes,,Molecular Biology,1312,"Biochemistry, Genetics and Molecular Biology",Subfield changed from Aging; Nobel for microRNA discovery. Topic #2 is Molecular Biology (CRISPR/genetic engineering).,individual,1.0,Life Sciences & Medicine
Nobel Prize in Physiology or Medicine,2024,Victor Ambros,For the discovery of microRNA and its role in post-transcriptional gene regulation,https://en.wikipedia.org/wiki/Victor_Ambros,https://openalex.org/authors/A5067882558,Aging,1302.0,"Biochemistry, Genetics and Molecular Biology",Life Sciences,Yes,,Molecular Biology,1312,"Biochemistry, Genetics and Molecular Biology","Subfield changed from Aging; Nobel for microRNA discovery. Topics #3,#4,#5 are Molecular Biology.",individual,1.0,Life Sciences & Medicine
Paul Ehrlich and Ludwig Darmstaedter Prize,2015,Carl H. June,For pioneering CAR-T cell therapy for cancer,https://en.wikipedia.org/wiki/Carl_H._June,https://openalex.org/authors/A5008558372,Oncology,2730.0,Medicine,Health Sciences,Yes,,Oncology,2730,Medicine,2026-09-11 coverage audit: year 2018 -> 2015; uni-frankfurt.de main-prize list: June and Allison at 2015; 2018 was Cerami and Wallach,individual,1.0,Life Sciences & Medicine
Paul Ehrlich and Ludwig Darmstaedter Prize,2015,James P. Allison,For opening a new way to treat cancer through immune checkpoint blockade,https://en.wikipedia.org/wiki/James_P._Allison,https://openalex.org/authors/A5047117233,Oncology,2730.0,Medicine,Health Sciences,Yes,,Oncology,2730,Medicine,,individual,1.0,Life Sciences & Medicine
Paul Ehrlich and Ludwig Darmstaedter Prize,2016,Emmanuelle Charpentier,For developing the CRISPR-Cas9 gene editing tool,https://en.wikipedia.org/wiki/Emmanuelle_Charpentier,https://openalex.org/authors/A5074743574,Molecular Biology,1312.0,"Biochemistry, Genetics and Molecular Biology",Life Sciences,Yes,,Molecular Biology,1312,"Biochemistry, Genetics and Molecular Biology",,individual,1.0,Life Sciences & Medicine
Paul Ehrlich and Ludwig Darmstaedter Prize,2016,Jennifer A. Doudna,For developing the CRISPR-Cas9 gene editing tool,https://en.wikipedia.org/wiki/Jennifer_A._Doudna,https://openalex.org/authors/A5067184382,Molecular Biology,1312.0,"Biochemistry, Genetics and Molecular Biology",Life Sciences,Yes,,Molecular Biology,1312,"Biochemistry, Genetics and Molecular Biology",,individual,1.0,Life Sciences & Medicine
Paul Ehrlich and Ludwig Darmstaedter Prize,2017,Patrick S. Moore,For discovering cancer-causing viruses KSHV and Merkel cell polyomavirus,https://en.wikipedia.org/wiki/Patrick_S._Moore,https://openalex.org/authors/A5057669199,Oncology,2730.0,Medicine,Health Sciences,Yes,,Oncology,2730,Medicine,,individual,1.0,Life Sciences & Medicine
Paul Ehrlich and Ludwig Darmstaedter Prize,2017,Yuan Chang,For discovering cancer-causing viruses KSHV and Merkel cell polyomavirus,https://en.wikipedia.org/wiki/Yuan_Chang,https://openalex.org/authors/A5087571877,Oncology,2730.0,Medicine,Health Sciences,Yes,,Oncology,2730,Medicine,,individual,1.0,Life Sciences & Medicine
Paul Ehrlich and Ludwig Darmstaedter Prize,2018,Anthony Cerami,,,https://openalex.org/authors/A5025863770,Hematology,2720.0,Medicine,Health Sciences,Yes,,Hematology,2720,Medicine,"2026-09-11 coverage audit: added, add colaureate; id from the snapshot name scan, largest field-consistent profile (685 works). Source: https://www.uni-frankfurt.de/96892183/Main_Prize___Prize_Winners",individual,1.0,Life Sciences & Medicine
Paul Ehrlich and Ludwig Darmstaedter Prize,2018,David Wallach,,,https://openalex.org/authors/A5079242043,Molecular Biology,1312.0,"Biochemistry, Genetics and Molecular Biology",Life Sciences,Yes,,Molecular Biology,1312,"Biochemistry, Genetics and Molecular Biology","2026-09-11 coverage audit: added, add colaureate; id from the snapshot name scan, largest field-consistent profile (309 works). Source: https://www.uni-frankfurt.de/96892183/Main_Prize___Prize_Winners",individual,1.0,Life Sciences & Medicine
Paul Ehrlich and Ludwig Darmstaedter Prize,2019,Arthur L. Horwich,For discovering chaperone-assisted protein folding,https://en.wikipedia.org/wiki/Arthur_L._Horwich,https://openalex.org/authors/A5034561133,Molecular Biology,1312.0,"Biochemistry, Genetics and Molecular Biology",Life Sciences,Yes,,Molecular Biology,1312,"Biochemistry, Genetics and Molecular Biology",,individual,1.0,Life Sciences & Medicine
Paul Ehrlich and Ludwig Darmstaedter Prize,2019,Franz-Ulrich Hartl,For discovering chaperone-assisted protein folding,https://en.wikipedia.org/wiki/Franz-Ulrich_Hartl,https://openalex.org/authors/A5103369334,Molecular Biology,1312.0,"Biochemistry, Genetics and Molecular Biology",Life Sciences,Yes,,Molecular Biology,1312,"Biochemistry, Genetics and Molecular Biology",,individual,1.0,Life Sciences & Medicine
Paul Ehrlich and Ludwig Darmstaedter Prize,2020,Shimon Sakaguchi,For discovering regulatory T cells and immunological self-tolerance,https://en.wikipedia.org/wiki/Shimon_Sakaguchi,https://openalex.org/authors/A5025764166,Immunology,2403.0,Immunology and Microbiology,Life Sciences,Yes,,Immunology,2403,Immunology and Microbiology,,individual,1.0,Life Sciences & Medicine
Paul Ehrlich and Ludwig Darmstaedter Prize,2021,Bonnie L. Bassler,For fundamental discoveries in bacterial quorum sensing,https://en.wikipedia.org/wiki/Bonnie_L._Bassler,https://openalex.org/authors/A5034726213,Molecular Biology,1312.0,"Biochemistry, Genetics and Molecular Biology",Life Sciences,Yes,,Molecular Biology,1312,"Biochemistry, Genetics and Molecular Biology",,individual,1.0,Life Sciences & Medicine
Paul Ehrlich and Ludwig Darmstaedter Prize,2021,Michael R. Silverman,For fundamental discoveries in bacterial quorum sensing,https://en.wikipedia.org/wiki/Michael_R._Silverman,https://openalex.org/authors/A5109093874,Genetics,1311.0,"Biochemistry, Genetics and Molecular Biology",Life Sciences,Yes,,Genetics,1311,"Biochemistry, Genetics and Molecular Biology","Profile display_name is 'M. Silverman' but correct person (146 works, quorum sensing/bioluminescence)",individual,1.0,Life Sciences & Medicine
Paul Ehrlich and Ludwig Darmstaedter Prize,2022,Katalin Kariko,For mRNA nucleoside modifications enabling COVID-19 vaccines,https://en.wikipedia.org/wiki/Katalin_Karik%C3%B3,https://openalex.org/authors/A5030598859,Molecular Biology,1312.0,"Biochemistry, Genetics and Molecular Biology",Life Sciences,Yes,,Molecular Biology,1312,"Biochemistry, Genetics and Molecular Biology",,individual,1.0,Life Sciences & Medicine
Paul Ehrlich and Ludwig Darmstaedter Prize,2022,Ozlem Tureci,For developing mRNA-based COVID-19 vaccines,https://en.wikipedia.org/wiki/%C3%96zlem_T%C3%BCreci,https://openalex.org/authors/A5000036560,Immunology,2403.0,Immunology and Microbiology,Life Sciences,Yes,,Immunology,2403,Immunology and Microbiology,,individual,1.0,Life Sciences & Medicine
Paul Ehrlich and Ludwig Darmstaedter Prize,2022,Ugur Sahin,For developing mRNA-based COVID-19 vaccines,https://en.wikipedia.org/wiki/U%C4%9Fur_%C5%9Eahin,https://openalex.org/authors/A5075617216,Immunology,2403.0,Immunology and Microbiology,Life Sciences,Yes,,Immunology,2403,Immunology and Microbiology,,individual,1.0,Life Sciences & Medicine
Paul Ehrlich and Ludwig Darmstaedter Prize,2023,David G. Schatz,For insights into the immune system's origin and development,https://en.wikipedia.org/wiki/David_G._Schatz,https://openalex.org/authors/A5088151758,Immunology,2403.0,Immunology and Microbiology,Life Sciences,Yes,,Immunology,2403,Immunology and Microbiology,,individual,1.0,Life Sciences & Medicine
Paul Ehrlich and Ludwig Darmstaedter Prize,2023,Frederick W. Alt,For insights into the immune system's origin and development,https://en.wikipedia.org/wiki/Frederick_W._Alt,https://openalex.org/authors/A5033821931,Immunology,2403.0,Immunology and Microbiology,Life Sciences,Yes,,Immunology,2403,Immunology and Microbiology,,individual,1.0,Life Sciences & Medicine
Paul Ehrlich and Ludwig Darmstaedter Prize,2024,Dennis L. Kasper,,,https://openalex.org/authors/A5074817052,"Public Health, Environmental and Occupational Health",2739.0,Medicine,Health Sciences,Yes,,"Public Health, Environmental and Occupational Health",2739,Medicine,"2026-09-11 coverage audit: added, add event; id from the snapshot name scan, largest field-consistent profile (359 works); SPLIT_ACROSS_2. Source: https://www.uni-frankfurt.de/96892183/Main_Prize___Prize_Winners",individual,1.0,Life Sciences & Medicine
Queen Elizabeth Prize for Engineering,2015,Robert Langer,"For contributions to chemical engineering and biomedical innovation, including controlled drug delivery systems",https://en.wikipedia.org/wiki/Robert_Langer,https://openalex.org/authors/A5042597057,Molecular Biology,1312.0,"Biochemistry, Genetics and Molecular Biology",Life Sciences,Yes,,Biomedical Engineering,2204.0,Engineering,"Subfield changed from Molecular Biology; QE Prize for Engineering, top topic #2 is Biomedical Engineering",individual,1.0,Bioengineering and biomedical engineering
Queen Elizabeth Prize for Engineering,2017,Eric Fossum,For the creation and development of digital imaging sensors (CMOS image sensors and charge-coupled devices),https://en.wikipedia.org/wiki/Eric_Fossum,https://openalex.org/authors/A5060898670,Electrical and Electronic Engineering,2208.0,Engineering,Physical Sciences,Yes,,Electrical and Electronic Engineering,2208.0,Engineering,,individual,1.0,"Computing, electrical"
Queen Elizabeth Prize for Engineering,2017,George Smith,For the creation and development of digital imaging sensors,https://en.wikipedia.org/wiki/George_E._Smith,,Genetics,1311.0,"Biochemistry, Genetics and Molecular Biology",Life Sciences,Yes,,Electrical and Electronic Engineering,2208.0,Engineering,"WRONG PROFILE: A5013184354 is George Davey Smith (epidemiologist, 4341 works). George Smith (CCD inventor) not found in OpenAlex. | 2026-09-09 snapshot audit: id removed (A5013184354 = George Davey Smith, epidemiologist); CCD inventor has no snapshot profile",individual,1.0,"Computing, electrical"
Queen Elizabeth Prize for Engineering,2017,Michael Tompsett,For the creation and development of digital imaging sensors,https://en.wikipedia.org/wiki/Michael_Tompsett,https://openalex.org/authors/A5049304968,Biomedical Engineering,2204.0,Engineering,Physical Sciences,Yes,https://openalex.org/authors/A5049304968,Electrical and Electronic Engineering,2208.0,Engineering,"WRONG PROFILE: A5056138758 is Michael T. Timko (chemical engineer). Michael Tompsett (CCD pioneer) not found in OpenAlex. | 2026-09-09 snapshot audit: id -> A5049304968 (M.F. Tompsett, electrical engineering, 1,771 cites); previous A5056138758 = Michael T. Timko",individual,1.0,"Computing, electrical"
Queen Elizabeth Prize for Engineering,2017,Nobukazu Teranishi,For the creation and development of digital imaging sensors,https://en.wikipedia.org/wiki/Nobukazu_Teranishi,https://openalex.org/authors/A5049537828,Electrical and Electronic Engineering,2208.0,Engineering,Physical Sciences,Yes,,Electrical and Electronic Engineering,2208.0,Engineering,,individual,1.0,"Computing, electrical"
Queen Elizabeth Prize for Engineering,2019,Bradford Parkinson,For the creation and development of the Global Positioning System (GPS),https://en.wikipedia.org/wiki/Bradford_Parkinson,https://openalex.org/authors/A5112076013,Aerospace Engineering,2202.0,Engineering,Physical Sciences,Yes,,Aerospace Engineering,2202.0,Engineering,,individual,1.0,Mechanical engineering
Queen Elizabeth Prize for Engineering,2019,Hugo Fruehauf,For the creation and development of the Global Positioning System (GPS),https://en.wikipedia.org/wiki/Hugo_Fruehauf,https://openalex.org/authors/A5061050957,"Atomic and Molecular Physics, and Optics",3107.0,Physics and Astronomy,Physical Sciences,Yes,,Aerospace Engineering,2202.0,Engineering,"Subfield changed from Atomic and Molecular Physics; GPS prize, topic #2 is Aerospace Engineering (GNSS)",individual,1.0,Mechanical engineering
Queen Elizabeth Prize for Engineering,2019,James Spilker Jr.,For the creation and development of the Global Positioning System (GPS),https://en.wikipedia.org/wiki/James_Spilker,https://openalex.org/authors/A5112786826,Aerospace Engineering,2202.0,Engineering,Physical Sciences,Yes,,Aerospace Engineering,2202.0,Engineering,,individual,1.0,Mechanical engineering
Queen Elizabeth Prize for Engineering,2019,Richard Schwartz,For the creation and development of the Global Positioning System (GPS),https://en.wikipedia.org/wiki/Richard_Schwartz,,Artificial Intelligence,1702.0,Computer Science,Physical Sciences,Yes,,Aerospace Engineering,2202.0,Engineering,"WRONG PROFILE: A5089653752 is Richard Schwartz (speech recognition, 344 works). GPS engineer Richard Schwartz not found in OpenAlex. | 2026-09-09 snapshot audit: id removed (A5089653752 = Richard Schwartz, speech recognition); GPS engineer has no snapshot profile",individual,1.0,Mechanical engineering
Queen Elizabeth Prize for Engineering,2021,Isamu Akasaki,"For the creation and development of LED lighting, the basis of all solid state lighting technology",https://en.wikipedia.org/wiki/Isamu_Akasaki,https://openalex.org/authors/A5081597179,Condensed Matter Physics,3104.0,Physics and Astronomy,Physical Sciences,Yes,,Condensed Matter Physics,3104.0,Physics and Astronomy,,individual,1.0,Physics & Astronomy
Queen Elizabeth Prize for Engineering,2021,M. George Craford,"For the creation and development of LED lighting, the basis of all solid state lighting technology",https://en.wikipedia.org/wiki/M._George_Craford,https://openalex.org/authors/A5016316864,Electrical and Electronic Engineering,2208.0,Engineering,Physical Sciences,Yes,https://openalex.org/authors/A5016316864,Electrical and Electronic Engineering,2208.0,Engineering,"WRONG PROFILE: A5057791467 is Stephen R. Forrest. Corrected to A5016316864 (George Craford, LED engineer, 4 works).",individual,1.0,"Computing, electrical"
Queen Elizabeth Prize for Engineering,2021,Nick Holonyak Jr.,"For the creation and development of LED lighting, the basis of all solid state lighting technology",https://en.wikipedia.org/wiki/Nick_Holonyak_Jr.,https://openalex.org/authors/A5014677470,"Atomic and Molecular Physics, and Optics",3107.0,Physics and Astronomy,Physical Sciences,Yes,,"Atomic and Molecular Physics, and Optics",3107.0,Physics and Astronomy,,individual,1.0,Physics & Astronomy
Queen Elizabeth Prize for Engineering,2021,Russell Dupuis,"For the creation and development of LED lighting, the basis of all solid state lighting technology",https://en.wikipedia.org/wiki/Russell_Dupuis,https://openalex.org/authors/A5037158638,Condensed Matter Physics,3104.0,Physics and Astronomy,Physical Sciences,Yes,,Condensed Matter Physics,3104.0,Physics and Astronomy,,individual,1.0,Physics & Astronomy
Queen Elizabeth Prize for Engineering,2021,Shuji Nakamura,"For the creation and development of LED lighting, the basis of all solid state lighting technology",https://en.wikipedia.org/wiki/Shuji_Nakamura,https://openalex.org/authors/A5030709847,Condensed Matter Physics,3104.0,Physics and Astronomy,Physical Sciences,Yes,,Condensed Matter Physics,3104.0,Physics and Astronomy,,individual,1.0,Physics & Astronomy
Queen Elizabeth Prize for Engineering,2022,Masato Sagawa,"For the discovery, development, and commercialisation of NdFeB permanent magnets",https://en.wikipedia.org/wiki/Masato_Sagawa,https://openalex.org/authors/A5030682087,"Electronic, Optical and Magnetic Materials",2504.0,Materials Science,Physical Sciences,Yes,,"Electronic, Optical and Magnetic Materials",2504.0,Materials Science,,individual,1.0,Materials and mining engineering
Queen Elizabeth Prize for Engineering,2023,Aihua Wang,For the invention and development of PERC solar photovoltaic technology,https://en.wikipedia.org/wiki/Aihua_Wang,https://openalex.org/authors/A5100449548,Electrical and Electronic Engineering,2208.0,Engineering,Physical Sciences,Yes,,Electrical and Electronic Engineering,2208.0,Engineering,,individual,1.0,"Computing, electrical"
Queen Elizabeth Prize for Engineering,2023,Andrew Blakers,For the invention and development of PERC solar photovoltaic technology,https://en.wikipedia.org/wiki/Andrew_Blakers,https://openalex.org/authors/A5052449051,Electrical and Electronic Engineering,2208.0,Engineering,Physical Sciences,Yes,,Electrical and Electronic Engineering,2208.0,Engineering,,individual,1.0,"Computing, electrical"
Queen Elizabeth Prize for Engineering,2023,Jianhua Zhao,For the invention and development of PERC solar photovoltaic technology,https://en.wikipedia.org/wiki/Jianhua_Zhao,https://openalex.org/authors/A5056053821,Cancer Research,1306.0,"Biochemistry, Genetics and Molecular Biology",Life Sciences,Yes,https://openalex.org/authors/A5056053821,Electrical and Electronic Engineering,2208.0,Engineering,"WRONG PROFILE: A5109425855 is cancer researcher. Corrected to A5056053821 (solar cell researcher, formerly UNSW, 153 works).",individual,1.0,"Computing, electrical"
Queen Elizabeth Prize for Engineering,2023,Martin Green,For the invention and development of PERC solar photovoltaic technology,https://en.wikipedia.org/wiki/Martin_Green,https://openalex.org/authors/A5060331758,Electrical and Electronic Engineering,2208.0,Engineering,Physical Sciences,Yes,,Electrical and Electronic Engineering,2208.0,Engineering,,individual,1.0,"Computing, electrical"
Queen Elizabeth Prize for Engineering,2024,Andrew Garrad,"For advancing the design, manufacture, and deployment of high-performance wind turbines",https://en.wikipedia.org/wiki/Andrew_Garrad,https://openalex.org/authors/A5013409233,Aerospace Engineering,2202.0,Engineering,Physical Sciences,Yes,,Aerospace Engineering,2202.0,Engineering,,individual,1.0,Mechanical engineering
Queen Elizabeth Prize for Engineering,2024,Henrik Stiesdal,"For advancing the design, manufacture, and deployment of high-performance wind turbines",https://en.wikipedia.org/wiki/Henrik_Stiesdal,https://openalex.org/authors/A5002571930,Ocean Engineering,2212.0,Engineering,Physical Sciences,Yes,,Ocean Engineering,2212.0,Engineering,,individual,1.0,"Civil, environmental, and transportation engineering"
Robert Koch Award,2015,Charles M. Rice,For fundamental discoveries about hepatitis C virus replication,https://en.wikipedia.org/wiki/Charles_M._Rice,https://openalex.org/authors/A5019683467,Hepatology,2721.0,Medicine,Health Sciences,Yes,,Hepatology,2721,Medicine,,individual,1.0,Life Sciences & Medicine
Robert Koch Award,2015,Ralf Bartenschlager,For fundamental discoveries about hepatitis C virus replication,https://en.wikipedia.org/wiki/Ralf_Bartenschlager,https://openalex.org/authors/A5015740141,Hepatology,2721.0,Medicine,Health Sciences,Yes,,Hepatology,2721,Medicine,,individual,1.0,Life Sciences & Medicine
Robert Koch Award,2016,Alberto Mantovani,"For outstanding achievements in immunology, particularly innate immunity and inflammation",https://en.wikipedia.org/wiki/Alberto_Mantovani,https://openalex.org/authors/A5048654641,Immunology,2403.0,Immunology and Microbiology,Life Sciences,Yes,,Immunology,2403,Immunology and Microbiology,,individual,1.0,Life Sciences & Medicine
Robert Koch Award,2016,Michel C. Nussenzweig,"For outstanding achievements in immunology, antibody diversification and dendritic cell biology",https://en.wikipedia.org/wiki/Michel_C._Nussenzweig,https://openalex.org/authors/A5003699560,Immunology,2403.0,Immunology and Microbiology,Life Sciences,Yes,,Immunology,2403,Immunology and Microbiology,,individual,1.0,Life Sciences & Medicine
Robert Koch Award,2017,Antonio Lanzavecchia,For seminal contributions to human adaptive immunity and vaccine development,https://en.wikipedia.org/wiki/Antonio_Lanzavecchia,https://openalex.org/authors/A5059965999,Immunology,2403.0,Immunology and Microbiology,Life Sciences,Yes,,Immunology,2403,Immunology and Microbiology,,individual,1.0,Life Sciences & Medicine
Robert Koch Award,2017,Rafi Ahmed,For seminal contributions to immunological memory and T cell exhaustion,https://en.wikipedia.org/wiki/Rafi_Ahmed,https://openalex.org/authors/A5016808814,Immunology,2403.0,Immunology and Microbiology,Life Sciences,Yes,,Immunology,2403,Immunology and Microbiology,,individual,1.0,Life Sciences & Medicine
Robert Koch Award,2018,Jeffrey V. Ravetch,For groundbreaking work analyzing antibody response and Fc receptor signaling,https://en.wikipedia.org/wiki/Jeffrey_V._Ravetch,https://openalex.org/authors/A5007474253,"Radiology, Nuclear Medicine and Imaging",2741.0,Medicine,Health Sciences,Yes,,Immunology,2403,Immunology and Microbiology,"Subfield changed from Radiology, Nuclear Medicine and Imaging; antibody/Fc receptor immunologist. Topics #3,#4,#5 are Immunology.",individual,1.0,Life Sciences & Medicine
Robert Koch Award,2019,Rino Rappuoli,"For pioneering work in vaccine development, including founding reverse vaccinology",https://en.wikipedia.org/wiki/Rino_Rappuoli,https://openalex.org/authors/A5086124703,Microbiology,2404.0,Immunology and Microbiology,Life Sciences,Yes,,Microbiology,2404,Immunology and Microbiology,,individual,1.0,Life Sciences & Medicine
Robert Koch Award,2020,Shimon Sakaguchi,For discovery of regulatory T cells and their role in immune homeostasis,https://en.wikipedia.org/wiki/Shimon_Sakaguchi,https://openalex.org/authors/A5025764166,Immunology,2403.0,Immunology and Microbiology,Life Sciences,Yes,,Immunology,2403,Immunology and Microbiology,,individual,1.0,Life Sciences & Medicine
Robert Koch Award,2021,Andreas Baumler,For groundbreaking research on intestinal microbiota and epithelium maintaining immune homeostasis,https://en.wikipedia.org/wiki/Andreas_B%C3%A4umler,https://openalex.org/authors/A5055198853,Food Science,1106.0,Agricultural and Biological Sciences,Life Sciences,Yes,,Microbiology,2404,Immunology and Microbiology,Subfield changed from Food Science; researcher works on Salmonella/gut pathogens (Koch Award for infectious disease). Topic #1 Salmonella epidemiology misclassified as Food Science.,individual,1.0,Life Sciences & Medicine
Robert Koch Award,2021,Yasmine Belkaid,For groundbreaking research on how commensal microorganisms train the immune system,https://en.wikipedia.org/wiki/Yasmine_Belkaid,https://openalex.org/authors/A5065888325,Immunology,2403.0,Immunology and Microbiology,Life Sciences,Yes,,Immunology,2403,Immunology and Microbiology,,individual,1.0,Life Sciences & Medicine
Robert Koch Award,2022,Drew Weissman,For development of nucleoside-modified mRNA enabling COVID-19 vaccines,https://en.wikipedia.org/wiki/Drew_Weissman,https://openalex.org/authors/A5068253145,Molecular Biology,1312.0,"Biochemistry, Genetics and Molecular Biology",Life Sciences,Yes,,Molecular Biology,1312,"Biochemistry, Genetics and Molecular Biology",,individual,1.0,Life Sciences & Medicine
Robert Koch Award,2022,Philip Felgner,For development of mRNA and protein microarray technologies for infectious disease research,https://en.wikipedia.org/wiki/Philip_Felgner,https://openalex.org/authors/A5010232221,"Public Health, Environmental and Occupational Health",2739.0,Medicine,Health Sciences,Yes,,Immunology,2403,Immunology and Microbiology,Subfield changed from Public Health; Koch Award for vaccine platform technology. Topics include RNA gene delivery and vaccines.,individual,1.0,Life Sciences & Medicine
Robert Koch Award,2023,Francisco Sanchez-Madrid,,,https://openalex.org/authors/A5006841984,Immunology and Allergy,2723.0,Medicine,Health Sciences,Yes,,Immunology and Allergy,2723,Medicine,"2026-09-11 coverage audit: added, add colaureate; id from the snapshot name scan, largest field-consistent profile (730 works). Source: https://www.cnic.es/en/noticias/dr-francisco-sanchez-madrid-awarded-2023-robert-koch-prize",individual,1.0,Life Sciences & Medicine
Robert Koch Award,2023,Timothy A. Springer,For transformative discoveries in integrin-mediated cell adhesion and immune cell trafficking,https://en.wikipedia.org/wiki/Timothy_A._Springer,https://openalex.org/authors/A5003615852,Immunology and Allergy,2723.0,Medicine,Health Sciences,Yes,,Immunology and Allergy,2723,Medicine,,individual,1.0,Life Sciences & Medicine
Robert Koch Award,2024,Lalita Ramakrishnan,For discoveries about tuberculosis pathogenesis and host-pathogen interactions,https://en.wikipedia.org/wiki/Lalita_Ramakrishnan,https://openalex.org/authors/A5049327649,Infectious Diseases,2725.0,Medicine,Health Sciences,Yes,,Infectious Diseases,2725,Medicine,,individual,1.0,Life Sciences & Medicine
Rolf Schock Prize in Mathematics,2017,Richard Schoen,,,https://openalex.org/authors/A5021335279,Applied Mathematics,2604.0,Mathematics,Physical Sciences,Yes,,Applied Mathematics,2604.0,Mathematics,"2026-09-11 coverage audit: added, add event; id and field copied from the laureate's existing row (Wolf Prize in Mathematics 2017). Source: https://www.kva.se/en/news/rolf-schockprisen-2017-till-fyra-epokgorande-personligheter-2/",individual,1.0,Math
Rolf Schock Prize in Mathematics,2018,Ronald Coifman,For contributions to pure and applied harmonic analysis,https://en.wikipedia.org/wiki/Ronald_Coifman,https://openalex.org/authors/A5110436903,Computer Vision and Pattern Recognition,1707.0,Computer Science,Physical Sciences,Yes,,Applied Mathematics,2604.0,Mathematics,"Subfield changed from Computer Vision and Pattern Recognition; mathematician (harmonic analysis). Topics #2,#3 are Applied Mathematics.",individual,1.0,Math
Rolf Schock Prize in Mathematics,2020,Nikolai Makarov,For outstanding contributions to complex analysis,https://en.wikipedia.org/wiki/Nikolai_Makarov,https://openalex.org/authors/A5074577323,Applied Mathematics,2604.0,Mathematics,Physical Sciences,Yes,,Applied Mathematics,2604.0,Mathematics,,individual,1.0,Math
Rolf Schock Prize in Mathematics,2022,Jonathan S. Pila,For groundbreaking work on Andre-Oort's conjecture,https://en.wikipedia.org/wiki/Jonathan_S._Pila,https://openalex.org/authors/A5061066962,Geometry and Topology,2608.0,Mathematics,Physical Sciences,Yes,https://openalex.org/authors/A5061066962,Geometry and Topology,2608.0,Mathematics,"OpenAlex URL was missing; found A5061066962 (Jonathan Pila, 66 works, algebraic geometry/number theory).",individual,1.0,Math
Rolf Schock Prize in Mathematics,2024,Lai-Sang Young,For outstanding contributions to the theory of dynamical systems,https://en.wikipedia.org/wiki/Lai-Sang_Young,https://openalex.org/authors/A5033229001,Mathematical Physics,2610.0,Mathematics,Physical Sciences,Yes,,Mathematical Physics,2610.0,Mathematics,,individual,1.0,Math
Russ Prize,2015,Blake S. Wilson,For engineering cochlear implants that enable the deaf to hear,https://en.wikipedia.org/wiki/Blake_S._Wilson,https://openalex.org/authors/A5080254386,Cognitive Neuroscience,2805.0,Neuroscience,Life Sciences,Yes,,Cognitive Neuroscience,2805.0,Neuroscience,,individual,1.0,Life Sciences & Medicine
Russ Prize,2015,Erwin Hochmair,,,https://openalex.org/authors/A5010725048,Cognitive Neuroscience,2805.0,Neuroscience,Life Sciences,Yes,,Cognitive Neuroscience,2805.0,Neuroscience,"2026-09-11 coverage audit: added, add colaureate; id from the snapshot name scan, largest field-consistent profile (80 works); HAND_OVERRIDE: found as 'E. Hochmair': 80 works; Cognitive Neuroscience / Electrical Engineering; Linz; Vienna; TU Wien -- the cochlear-implant engineer; the Russ Prize's modal field (Engineering) would have rejected the neuroscience primary topic. Source: nae.edu/55292/RussWinners: 2015 winners Clark, E. Hochmair, Hochmair-Desoyer, Merzenich, Wilson",individual,1.0,Life Sciences & Medicine
Russ Prize,2015,Graeme M. Clark,For engineering cochlear implants that enable the deaf to hear,https://en.wikipedia.org/wiki/Graeme_M._Clark,https://openalex.org/authors/A5072268854,Cognitive Neuroscience,2805.0,Neuroscience,Life Sciences,Yes,,Cognitive Neuroscience,2805.0,Neuroscience,,individual,1.0,Life Sciences & Medicine
Russ Prize,2015,Ingeborg Hochmair,For engineering cochlear implants that enable the deaf to hear,https://en.wikipedia.org/wiki/Ingeborg_Hochmair,https://openalex.org/authors/A5040160388,Cognitive Neuroscience,2805.0,Neuroscience,Life Sciences,Yes,,Cognitive Neuroscience,2805.0,Neuroscience,,individual,1.0,Life Sciences & Medicine
Russ Prize,2015,Michael M. Merzenich,For engineering cochlear implants that enable the deaf to hear,https://en.wikipedia.org/wiki/Michael_M._Merzenich,https://openalex.org/authors/A5030940799,Cognitive Neuroscience,2805.0,Neuroscience,Life Sciences,Yes,,Cognitive Neuroscience,2805.0,Neuroscience,,individual,1.0,Life Sciences & Medicine
Russ Prize,2017,Adolf F. Fercher,For the invention of optical coherence tomography (OCT) and its application to medical imaging,https://en.wikipedia.org/wiki/Adolf_F._Fercher,https://openalex.org/authors/A5110145946,Biomedical Engineering,2204.0,Engineering,Physical Sciences,Yes,,Biomedical Engineering,2204.0,Engineering,,individual,1.0,Bioengineering and biomedical engineering
Russ Prize,2017,Christoph K. Hitzenberger,For the invention of optical coherence tomography (OCT) and its application to medical imaging,https://en.wikipedia.org/wiki/Christoph_K._Hitzenberger,https://openalex.org/authors/A5070165396,Biomedical Engineering,2204.0,Engineering,Physical Sciences,Yes,,Biomedical Engineering,2204.0,Engineering,,individual,1.0,Bioengineering and biomedical engineering
Russ Prize,2017,David Huang,For the invention of optical coherence tomography (OCT) and its application to medical imaging,https://en.wikipedia.org/wiki/David_Huang,https://openalex.org/authors/A5015766352,Ophthalmology,2731.0,Medicine,Health Sciences,Yes,,Biomedical Engineering,2204.0,Engineering,Subfield changed from Ophthalmology; Russ Prize for OCT engineering. Topic #1 is Biomedical Engineering.,individual,1.0,Bioengineering and biomedical engineering
Russ Prize,2017,Eric A. Swanson,For the invention of optical coherence tomography (OCT) and its application to medical imaging,https://en.wikipedia.org/wiki/Eric_A._Swanson,https://openalex.org/authors/A5110342593,Biomedical Engineering,2204.0,Engineering,Physical Sciences,Yes,,Biomedical Engineering,2204.0,Engineering,,individual,1.0,Bioengineering and biomedical engineering
Russ Prize,2017,James G. Fujimoto,For the invention of optical coherence tomography (OCT) and its application to medical imaging,https://en.wikipedia.org/wiki/James_G._Fujimoto,https://openalex.org/authors/A5019768182,Biomedical Engineering,2204.0,Engineering,Physical Sciences,Yes,,Biomedical Engineering,2204.0,Engineering,,individual,1.0,Bioengineering and biomedical engineering
Russ Prize,2019,John B. Simpson,For innovations in medical devices enabling minimally invasive angioplasty treatment of advanced coronary artery disease,https://en.wikipedia.org/wiki/John_B._Simpson,https://openalex.org/authors/A5011815355,Surgery,2746.0,Medicine,Health Sciences,Yes,,Surgery,2746.0,Medicine,,individual,1.0,Life Sciences & Medicine
Russ Prize,2019,Julio C. Palmaz,For innovations in medical devices enabling minimally invasive angioplasty treatment of advanced coronary artery disease,https://en.wikipedia.org/wiki/Julio_C._Palmaz,https://openalex.org/authors/A5111798721,Pulmonary and Respiratory Medicine,2740.0,Medicine,Health Sciences,Yes,,Surgery,2746.0,Medicine,Subfield changed from Pulmonary and Respiratory Medicine; stent inventor. Topic #2 is Surgery (Coronary Interventions).,individual,1.0,Life Sciences & Medicine
Russ Prize,2019,Leonard Pinchuk,For innovations in medical devices enabling minimally invasive angioplasty treatment of advanced coronary artery disease,https://en.wikipedia.org/wiki/Leonard_Pinchuk,https://openalex.org/authors/A5011018910,Ophthalmology,2731.0,Medicine,Health Sciences,Yes,,Ophthalmology,2731.0,Medicine,,individual,1.0,Life Sciences & Medicine
Russ Prize,2019,Paul G. Yock,For innovations in medical devices enabling minimally invasive angioplasty treatment of advanced coronary artery disease,https://en.wikipedia.org/wiki/Paul_G._Yock,https://openalex.org/authors/A5073478428,Surgery,2746.0,Medicine,Health Sciences,Yes,,Surgery,2746.0,Medicine,,individual,1.0,Life Sciences & Medicine
Russ Prize,2019,Richard A. Schatz,For innovations in medical devices enabling minimally invasive angioplasty treatment of advanced coronary artery disease,https://en.wikipedia.org/wiki/Richard_A._Schatz,https://openalex.org/authors/A5102856105,Surgery,2746.0,Medicine,Health Sciences,Yes,,Surgery,2746.0,Medicine,,individual,1.0,Life Sciences & Medicine
Russ Prize,2023,David R. Walt,For the development of microwell arrays that greatly advanced the fields of genomics and proteomics,https://en.wikipedia.org/wiki/David_R._Walt,https://openalex.org/authors/A5090286647,Immunology,2403.0,Immunology and Microbiology,Life Sciences,Yes,,Bioengineering,1305.0,"Biochemistry, Genetics and Molecular Biology",Subfield changed from Immunology; Russ Prize for biosensor/diagnostic engineering. Topic #3 is Bioengineering (Analytical Chemistry and Sensors).,individual,1.0,Life Sciences & Medicine
Shaw Prize in Astronomy,2015,William J. Borucki,"For conceiving and leading the Kepler Mission, which greatly advanced knowledge of extrasolar planetary systems and stellar interiors",https://en.wikipedia.org/wiki/William_J._Borucki,https://openalex.org/authors/A5107857658,Astronomy and Astrophysics,3103.0,Physics and Astronomy,Physical Sciences,Yes,,Astronomy and Astrophysics,3103,Physics and Astronomy,,individual,1.0,Physics & Astronomy
Shaw Prize in Astronomy,2016,Kip S. Thorne,"For conceiving and designing LIGO, whose detection of gravitational waves opens a new window in astronomy",https://en.wikipedia.org/wiki/Kip_S._Thorne,https://openalex.org/authors/A5103423628,Astronomy and Astrophysics,3103.0,Physics and Astronomy,Physical Sciences,Yes,,Astronomy and Astrophysics,3103,Physics and Astronomy,,individual,1.0,Physics & Astronomy
Shaw Prize in Astronomy,2016,Rainer Weiss,"For conceiving and designing LIGO, whose detection of gravitational waves opens a new window in astronomy",https://en.wikipedia.org/wiki/Rainer_Weiss,https://openalex.org/authors/A5103619207,Astronomy and Astrophysics,3103.0,Physics and Astronomy,Physical Sciences,Yes,,Astronomy and Astrophysics,3103,Physics and Astronomy,,individual,1.0,Physics & Astronomy
Shaw Prize in Astronomy,2016,Ronald W. P. Drever,"For conceiving and designing the Laser Interferometer Gravitational-Wave Observatory (LIGO), whose detection of gravitational waves opens a new window in astronomy",https://en.wikipedia.org/wiki/Ronald_W._P._Drever,https://openalex.org/authors/A5108734472,Astronomy and Astrophysics,3103.0,Physics and Astronomy,Physical Sciences,Yes,https://openalex.org/authors/A5108734472,Astronomy and Astrophysics,3103,Physics and Astronomy,"OpenAlex URL was missing; found A5108734472 (R. W. P. Drever, 178 works, Caltech, LIGO co-founder).",individual,1.0,Physics & Astronomy
Shaw Prize in Astronomy,2017,Simon D. M. White,For contributions to understanding structure formation in the Universe,https://en.wikipedia.org/wiki/Simon_D._M._White,https://openalex.org/authors/A5079556845,Astronomy and Astrophysics,3103.0,Physics and Astronomy,Physical Sciences,Yes,,Astronomy and Astrophysics,3103,Physics and Astronomy,,individual,1.0,Physics & Astronomy
Shaw Prize in Astronomy,2018,Jean-Loup Puget,For pioneering contributions to measurements of the cosmic infrared background and the characterization of interstellar dust,https://en.wikipedia.org/wiki/Jean-Loup_Puget,https://openalex.org/authors/A5104978339,Instrumentation,3105.0,Physics and Astronomy,Physical Sciences,Yes,,Astronomy and Astrophysics,3103,Physics and Astronomy,Subfield changed from Instrumentation; all top 3 topics are Astronomy and Astrophysics.,individual,1.0,Physics & Astronomy
Shaw Prize in Astronomy,2019,Edward C. Stone,"For his leadership in the Voyager project, which has transformed understanding of the four giant planets and the outer solar system, and begun to explore interstellar space",https://en.wikipedia.org/wiki/Edward_C._Stone,https://openalex.org/authors/A5042120030,Astronomy and Astrophysics,3103.0,Physics and Astronomy,Physical Sciences,Yes,,Astronomy and Astrophysics,3103,Physics and Astronomy,,individual,1.0,Physics & Astronomy
Shaw Prize in Astronomy,2020,Roger D. Blandford,"For foundational contributions to theoretical astrophysics, especially concerning active galactic nuclei, relativistic jets, energy extraction from black holes, and particle acceleration in shocks",https://en.wikipedia.org/wiki/Roger_D._Blandford,https://openalex.org/authors/A5035206337,Nuclear and High Energy Physics,3106.0,Physics and Astronomy,Physical Sciences,Yes,,Astronomy and Astrophysics,3103,Physics and Astronomy,Subfield changed from Nuclear and High Energy Physics; top 2 topics are Astronomy and Astrophysics.,individual,1.0,Physics & Astronomy
Shaw Prize in Astronomy,2021,Chryssa Kouveliotou,For contributions to our understanding of magnetars,https://en.wikipedia.org/wiki/Chryssa_Kouveliotou,https://openalex.org/authors/A5013979618,Astronomy and Astrophysics,3103.0,Physics and Astronomy,Physical Sciences,Yes,,Astronomy and Astrophysics,3103,Physics and Astronomy,,individual,1.0,Physics & Astronomy
Shaw Prize in Astronomy,2021,Victoria M. Kaspi,For contributions to our understanding of magnetars,https://en.wikipedia.org/wiki/Victoria_M._Kaspi,https://openalex.org/authors/A5066105866,Astronomy and Astrophysics,3103.0,Physics and Astronomy,Physical Sciences,Yes,https://openalex.org/authors/A5066105866,Astronomy and Astrophysics,3103,Physics and Astronomy,"2026-09-09 snapshot audit: id -> A5066105866 (V. M. Kaspi, McGill); previous A5013125693 = Kiyoshi W. Masui",individual,1.0,Physics & Astronomy
Shaw Prize in Astronomy,2022,Lennart Lindegren,For lifetime contributions to space astrometry and the conception and design of ESA's Hipparcos and Gaia missions,https://en.wikipedia.org/wiki/Lennart_Lindegren,https://openalex.org/authors/A5003526225,Astronomy and Astrophysics,3103.0,Physics and Astronomy,Physical Sciences,Yes,,Astronomy and Astrophysics,3103,Physics and Astronomy,,individual,1.0,Physics & Astronomy
Shaw Prize in Astronomy,2022,Michael Perryman,For lifetime contributions to space astrometry and the conception and design of ESA's Hipparcos and Gaia missions,https://en.wikipedia.org/wiki/Michael_Perryman,https://openalex.org/authors/A5065216106,Astronomy and Astrophysics,3103.0,Physics and Astronomy,Physical Sciences,Yes,,Astronomy and Astrophysics,3103,Physics and Astronomy,,individual,1.0,Physics & Astronomy
Shaw Prize in Astronomy,2023,Duncan Lorimer,For the discovery of fast radio bursts,https://en.wikipedia.org/wiki/Duncan_Lorimer,https://openalex.org/authors/A5048953157,Astronomy and Astrophysics,3103.0,Physics and Astronomy,Physical Sciences,Yes,https://openalex.org/authors/A5048953157,Astronomy and Astrophysics,3103,Physics and Astronomy,"2026-09-09 snapshot audit: id -> A5048953157 (D. R. Lorimer, 26,768 cites); previous A5083260832 = P. M. Meyers",individual,1.0,Physics & Astronomy
Shaw Prize in Astronomy,2023,Matthew Bailes,For the discovery of fast radio bursts,https://en.wikipedia.org/wiki/Matthew_Bailes,https://openalex.org/authors/A5077621998,Astronomy and Astrophysics,3103.0,Physics and Astronomy,Physical Sciences,Yes,,Astronomy and Astrophysics,3103,Physics and Astronomy,,individual,1.0,Physics & Astronomy
Shaw Prize in Astronomy,2023,Maura McLaughlin,For the discovery of fast radio bursts,https://en.wikipedia.org/wiki/Maura_McLaughlin,https://openalex.org/authors/A5017251529,Astronomy and Astrophysics,3103.0,Physics and Astronomy,Physical Sciences,Yes,https://openalex.org/authors/A5017251529,Astronomy and Astrophysics,3103,Physics and Astronomy,"2026-09-09 snapshot audit: id -> A5017251529 (M. A. McLaughlin, 38,876 cites); previous A5023309913 = S. M. Ransom",individual,1.0,Physics & Astronomy
Shaw Prize in Astronomy,2024,Shrinivas R. Kulkarni,"For groundbreaking discoveries about millisecond pulsars, gamma-ray bursts, supernovae, and other variable or transient astronomical objects",https://en.wikipedia.org/wiki/Shrinivas_R._Kulkarni,https://openalex.org/authors/A5056485618,Astronomy and Astrophysics,3103.0,Physics and Astronomy,Physical Sciences,Yes,https://openalex.org/authors/A5056485618,Astronomy and Astrophysics,3103,Physics and Astronomy,"2026-09-09 snapshot audit: id -> A5056485618 (S. R. Kulkarni, Caltech, 60,329 cites); previous A5029669315 = Richard Dekany",individual,1.0,Physics & Astronomy
Shaw Prize in Life Science and Medicine,2015,Bonnie L. Bassler,For discovery of quorum sensing in bacteria,https://en.wikipedia.org/wiki/Bonnie_L._Bassler,https://openalex.org/authors/A5034726213,Molecular Biology,1312.0,"Biochemistry, Genetics and Molecular Biology",Life Sciences,Yes,,Molecular Biology,1312,"Biochemistry, Genetics and Molecular Biology",,individual,1.0,Life Sciences & Medicine
Shaw Prize in Life Science and Medicine,2015,E. Peter Greenberg,For discovery of quorum sensing in bacteria,https://en.wikipedia.org/wiki/E._Peter_Greenberg,https://openalex.org/authors/A5084243657,Molecular Biology,1312.0,"Biochemistry, Genetics and Molecular Biology",Life Sciences,Yes,,Molecular Biology,1312,"Biochemistry, Genetics and Molecular Biology",,individual,1.0,Life Sciences & Medicine
Shaw Prize in Life Science and Medicine,2016,Adrian Bird,"For discovery of proteins that read DNA methylation, elucidating the basis of Rett syndrome",https://en.wikipedia.org/wiki/Adrian_Bird,https://openalex.org/authors/A5052906260,Molecular Biology,1312.0,"Biochemistry, Genetics and Molecular Biology",Life Sciences,Yes,,Molecular Biology,1312,"Biochemistry, Genetics and Molecular Biology",,individual,1.0,Life Sciences & Medicine
Shaw Prize in Life Science and Medicine,2016,Huda Zoghbi,For discovery of the genetic basis of Rett syndrome,https://en.wikipedia.org/wiki/Huda_Zoghbi,https://openalex.org/authors/A5020701219,Genetics,1311.0,"Biochemistry, Genetics and Molecular Biology",Life Sciences,Yes,,Genetics,1311,"Biochemistry, Genetics and Molecular Biology",,individual,1.0,Life Sciences & Medicine
Shaw Prize in Life Science and Medicine,2017,Ian R. Gibbons,For discovery of microtubule-associated motor proteins: dynein,https://en.wikipedia.org/wiki/Ian_Gibbons_(biologist),https://openalex.org/authors/A5037402750,Cell Biology,1307.0,"Biochemistry, Genetics and Molecular Biology",Life Sciences,Yes,,Cell Biology,1307,"Biochemistry, Genetics and Molecular Biology",,individual,1.0,Life Sciences & Medicine
Shaw Prize in Life Science and Medicine,2017,Ronald D. Vale,For discovery of microtubule-associated motor proteins: kinesin,https://en.wikipedia.org/wiki/Ronald_D._Vale,https://openalex.org/authors/A5110231653,Cell Biology,1307.0,"Biochemistry, Genetics and Molecular Biology",Life Sciences,Yes,,Cell Biology,1307,"Biochemistry, Genetics and Molecular Biology",,individual,1.0,Life Sciences & Medicine
Shaw Prize in Life Science and Medicine,2018,Mary-Claire King,For mapping the first breast cancer gene BRCA1,https://en.wikipedia.org/wiki/Mary-Claire_King,https://openalex.org/authors/A5049132398,Genetics,1311.0,"Biochemistry, Genetics and Molecular Biology",Life Sciences,Yes,,Genetics,1311,"Biochemistry, Genetics and Molecular Biology",,individual,1.0,Life Sciences & Medicine
Shaw Prize in Life Science and Medicine,2019,Maria Jasin,"For demonstrating that localized DNA double-strand breaks stimulate recombination in mammalian cells, foundational to gene editing",https://en.wikipedia.org/wiki/Maria_Jasin,https://openalex.org/authors/A5089227056,Molecular Biology,1312.0,"Biochemistry, Genetics and Molecular Biology",Life Sciences,Yes,,Molecular Biology,1312,"Biochemistry, Genetics and Molecular Biology",,individual,1.0,Life Sciences & Medicine
Shaw Prize in Life Science and Medicine,2020,Georg Nagel,,,https://openalex.org/authors/A5003921354,Cellular and Molecular Neuroscience,2804.0,Neuroscience,Life Sciences,Yes,,Cellular and Molecular Neuroscience,2804,Neuroscience,"2026-09-11 coverage audit: added, add colaureate; id from the snapshot name scan, largest field-consistent profile (266 works). Source: shawprize.org 2020 Life Science and Medicine: awarded in equal shares to Miesenbock, Hegemann and Nagel",individual,1.0,Life Sciences & Medicine
Shaw Prize in Life Science and Medicine,2020,Gero Miesenboeck,"For development of optogenetics, a technology revolutionizing neuroscience",https://en.wikipedia.org/wiki/Gero_Miesenb%C3%B6ck,https://openalex.org/authors/A5041526781,Cellular and Molecular Neuroscience,2804.0,Neuroscience,Life Sciences,Yes,,Cellular and Molecular Neuroscience,2804,Neuroscience,,individual,1.0,Life Sciences & Medicine
Shaw Prize in Life Science and Medicine,2020,Peter Hegemann,,,https://openalex.org/authors/A5032787107,Cellular and Molecular Neuroscience,2804.0,Neuroscience,Life Sciences,Yes,,Cellular and Molecular Neuroscience,2804,Neuroscience,"2026-09-11 coverage audit: added, add colaureate; id and field copied from the laureate's existing row (Albert Lasker Basic Medical Research Award 2021). Source: https://www.ecn-berlin.de/news-reader/peter-hegemann-receives-2020-shaw-price.html",individual,1.0,Life Sciences & Medicine
Shaw Prize in Life Science and Medicine,2021,Scott D. Emr,"For landmark discovery of the ESCRT pathway, essential in membrane biology, cell division and viral dissemination",https://en.wikipedia.org/wiki/Scott_D._Emr,https://openalex.org/authors/A5025638265,Cell Biology,1307.0,"Biochemistry, Genetics and Molecular Biology",Life Sciences,Yes,,Cell Biology,1307,"Biochemistry, Genetics and Molecular Biology",,individual,1.0,Life Sciences & Medicine
Shaw Prize in Life Science and Medicine,2022,Michael J. Welsh,For landmark discoveries of molecular defects underlying cystic fibrosis and development of medicines to treat it,https://en.wikipedia.org/wiki/Michael_J._Welsh,https://openalex.org/authors/A5037321572,Pulmonary and Respiratory Medicine,2740.0,Medicine,Health Sciences,Yes,,Pulmonary and Respiratory Medicine,2740,Medicine,,individual,1.0,Life Sciences & Medicine
Shaw Prize in Life Science and Medicine,2022,Paul A. Negulescu,For identification and development of medicines that reverse cystic fibrosis defects,https://en.wikipedia.org/wiki/Paul_A._Negulescu,https://openalex.org/authors/A5109316639,Molecular Biology,1312.0,"Biochemistry, Genetics and Molecular Biology",Life Sciences,Yes,,Molecular Biology,1312,"Biochemistry, Genetics and Molecular Biology",,individual,1.0,Life Sciences & Medicine
Shaw Prize in Life Science and Medicine,2023,Eva Nogales,For pioneering structural biology enabling atomic-level visualization of gene transcription machinery,https://en.wikipedia.org/wiki/Eva_Nogales,https://openalex.org/authors/A5034946559,Cell Biology,1307.0,"Biochemistry, Genetics and Molecular Biology",Life Sciences,Yes,,Cell Biology,1307,"Biochemistry, Genetics and Molecular Biology",,individual,1.0,Life Sciences & Medicine
Shaw Prize in Life Science and Medicine,2023,Patrick Cramer,For pioneering structural biology enabling atomic-level visualization of gene transcription machinery,https://en.wikipedia.org/wiki/Patrick_Cramer,https://openalex.org/authors/A5008281609,Molecular Biology,1312.0,"Biochemistry, Genetics and Molecular Biology",Life Sciences,Yes,,Molecular Biology,1312,"Biochemistry, Genetics and Molecular Biology",,individual,1.0,Life Sciences & Medicine
Shaw Prize in Life Science and Medicine,2024,Stuart H. Orkin,,,https://openalex.org/authors/A5079784932,Molecular Biology,1312.0,"Biochemistry, Genetics and Molecular Biology",Life Sciences,Yes,,Molecular Biology,1312,"Biochemistry, Genetics and Molecular Biology","2026-09-11 coverage audit: added, add colaureate; id from the snapshot name scan, largest field-consistent profile (795 works); REUSED_FROM:Canada Gairdner International Award 2022. Source: https://www.eurekalert.org/news-releases/1045492",individual,1.0,Life Sciences & Medicine
Shaw Prize in Life Science and Medicine,2024,Swee Lay Thein,"For discovery of genetic mechanisms underlying the fetal-to-adult hemoglobin switch, enabling genome-editing therapy for sickle cell disease",https://en.wikipedia.org/wiki/Swee_Lay_Thein,https://openalex.org/authors/A5076081716,Genetics,2716.0,Medicine,Health Sciences,Yes,,Genetics,2716,Medicine,,individual,1.0,Life Sciences & Medicine
Shaw Prize in Mathematical Sciences,2015,Gerd Faltings,For introduction and development of fundamental tools in number theory,https://en.wikipedia.org/wiki/Gerd_Faltings,https://openalex.org/authors/A5067198383,Geometry and Topology,2608.0,Mathematics,Physical Sciences,Yes,,Geometry and Topology,2608,Mathematics,,individual,1.0,Math
Shaw Prize in Mathematical Sciences,2015,Henryk Iwaniec,For introduction and development of fundamental tools in number theory,https://en.wikipedia.org/wiki/Henryk_Iwaniec,https://openalex.org/authors/A5038498345,Algebra and Number Theory,2602.0,Mathematics,Physical Sciences,Yes,,Algebra and Number Theory,2602,Mathematics,,individual,1.0,Math
Shaw Prize in Mathematical Sciences,2016,Nigel Hitchin,"For far-reaching contributions to geometry, representation theory and theoretical physics",https://en.wikipedia.org/wiki/Nigel_Hitchin,https://openalex.org/authors/A5046429488,Geometry and Topology,2608.0,Mathematics,Physical Sciences,Yes,,Geometry and Topology,2608,Mathematics,,individual,1.0,Math
Shaw Prize in Mathematical Sciences,2017,Claire Voisin,For remarkable results in many central areas of algebraic geometry,https://en.wikipedia.org/wiki/Claire_Voisin,https://openalex.org/authors/A5111439625,Geometry and Topology,2608.0,Mathematics,Physical Sciences,Yes,,Geometry and Topology,2608,Mathematics,,individual,1.0,Math
Shaw Prize in Mathematical Sciences,2017,Janos Kollar,For remarkable results in many central areas of algebraic geometry,https://en.wikipedia.org/wiki/J%C3%A1nos_Koll%C3%A1r,https://openalex.org/authors/A5051485543,Geometry and Topology,2608.0,Mathematics,Physical Sciences,Yes,,Geometry and Topology,2608,Mathematics,,individual,1.0,Math
Shaw Prize in Mathematical Sciences,2018,Luis Caffarelli,For groundbreaking work on partial differential equations,https://en.wikipedia.org/wiki/Luis_Caffarelli,https://openalex.org/authors/A5070686513,Computational Theory and Mathematics,1703.0,Computer Science,Physical Sciences,Yes,,Applied Mathematics,2604,Mathematics,"Subfield changed from Computational Theory and Mathematics (CS); mathematician working on PDEs. Topics #2,#3 are Applied Mathematics.",individual,1.0,Math
Shaw Prize in Mathematical Sciences,2019,Michel Talagrand,"For work on concentration inequalities, suprema of stochastic processes and spin glasses",https://en.wikipedia.org/wiki/Michel_Talagrand,https://openalex.org/authors/A5077443351,Mathematical Physics,2610.0,Mathematics,Physical Sciences,Yes,,Mathematical Physics,2610,Mathematics,,individual,1.0,Math
Shaw Prize in Mathematical Sciences,2020,Alexander Beilinson,For profound contributions to representation theory and mathematics,https://en.wikipedia.org/wiki/Alexander_Beilinson,https://openalex.org/authors/A5071623534,Geometry and Topology,2608.0,Mathematics,Physical Sciences,Yes,,Geometry and Topology,2608,Mathematics,,individual,1.0,Math
Shaw Prize in Mathematical Sciences,2020,David Kazhdan,For profound contributions to representation theory and mathematics,https://en.wikipedia.org/wiki/David_Kazhdan,https://openalex.org/authors/A5015976690,Mathematical Physics,2610.0,Mathematics,Physical Sciences,Yes,,Mathematical Physics,2610,Mathematics,,individual,1.0,Math
Shaw Prize in Mathematical Sciences,2021,Jean-Michel Bismut,For remarkable contributions to differential geometry,https://en.wikipedia.org/wiki/Jean-Michel_Bismut,https://openalex.org/authors/A5110433945,Geometry and Topology,2608.0,Mathematics,Physical Sciences,Yes,,Geometry and Topology,2608,Mathematics,,individual,1.0,Math
Shaw Prize in Mathematical Sciences,2021,Jeff Cheeger,For remarkable contributions to differential geometry,https://en.wikipedia.org/wiki/Jeff_Cheeger,https://openalex.org/authors/A5079913164,Applied Mathematics,2604.0,Mathematics,Physical Sciences,Yes,,Applied Mathematics,2604,Mathematics,,individual,1.0,Math
Shaw Prize in Mathematical Sciences,2022,Ehud Hrushovski,For contributions to discrete mathematics and model theory,https://en.wikipedia.org/wiki/Ehud_Hrushovski,https://openalex.org/authors/A5053070582,Geometry and Topology,2608.0,Mathematics,Physical Sciences,Yes,,Geometry and Topology,2608,Mathematics,,individual,1.0,Math
Shaw Prize in Mathematical Sciences,2022,Noga Alon,For contributions to discrete mathematics and model theory,https://en.wikipedia.org/wiki/Noga_Alon,https://openalex.org/authors/A5083469386,Computational Theory and Mathematics,1703.0,Computer Science,Physical Sciences,Yes,,Discrete Mathematics and Combinatorics,2607,Mathematics,"Subfield changed from Computational Theory and Mathematics (CS); mathematician, topics #2,#5 are Discrete Mathematics and Combinatorics.",individual,1.0,Math
Shaw Prize in Mathematical Sciences,2023,Shing-Tung Yau,,,https://openalex.org/authors/A5006865040,Geometry and Topology,2608.0,Mathematics,Physical Sciences,Yes,,Geometry and Topology,2608,Mathematics,"2026-09-11 coverage audit: added, add colaureate; id from the snapshot name scan, largest field-consistent profile (730 works); SPLIT_ACROSS_5. Source: shawprize.org 2023 Mathematical Sciences and the IAS release: Drinfeld and Yau",individual,1.0,Math
Shaw Prize in Mathematical Sciences,2023,Vladimir Drinfeld,For contributions encompassing several mathematical fields,https://en.wikipedia.org/wiki/Vladimir_Drinfeld,https://openalex.org/authors/A5065065712,Mathematical Physics,2610.0,Mathematics,Physical Sciences,Yes,,Mathematical Physics,2610,Mathematics,,individual,1.0,Math
Shaw Prize in Mathematical Sciences,2024,Peter Sarnak,For deep contributions to analytic number theory and modern analysis,https://en.wikipedia.org/wiki/Peter_Sarnak,https://openalex.org/authors/A5109077139,Algebra and Number Theory,2602.0,Mathematics,Physical Sciences,Yes,,Algebra and Number Theory,2602,Mathematics,,individual,1.0,Math
Stein Rokkan Prize for Comparative Social Science Research,2015,Marius R. Busemeyer,"For 'Skills and Inequality: Partisan Politics and the Political Economy of Education Reforms in Western Welfare States' (Cambridge UP, 2014)",https://en.wikipedia.org/wiki/Marius_Busemeyer,https://openalex.org/authors/A5010338764,Political Science and International Relations,3320.0,Social Sciences,Social Sciences,Yes,,Political Science and International Relations,3320,Social Sciences,,individual,1.0,Other Social Sciences
Stein Rokkan Prize for Comparative Social Science Research,2016,Stanislav Markus,"For his book ""Property, Predation, and Protection: Piranha Capitalism in Russia and Ukraine""",,https://openalex.org/authors/A5088180843,Sociology and Political Science,3312.0,Social Sciences,Social Sciences,Yes,https://openalex.org/authors/A5088180843,Sociology and Political Science,3312,Social Sciences,"OpenAlex URL was missing; found A5088180843 (Stanislav Markus, 45 works, political economy/corruption).",individual,1.0,Other Social Sciences
Stein Rokkan Prize for Comparative Social Science Research,2017,Abel Escriba-Folch,"For 'Foreign Pressure and the Politics of Autocratic Survival' (Oxford UP, 2015), shared with Joseph Wright",https://en.wikipedia.org/wiki/Abel_Escribà-Folch,https://openalex.org/authors/A5067386904,Sociology and Political Science,3312.0,Social Sciences,Social Sciences,Yes,,Sociology and Political Science,3312,Social Sciences,,individual,1.0,Other Social Sciences
Stein Rokkan Prize for Comparative Social Science Research,2017,Joseph Wright,"For 'Foreign Pressure and the Politics of Autocratic Survival' (Oxford UP, 2015), shared with Abel Escriba-Folch",https://en.wikipedia.org/wiki/Joseph_Wright,https://openalex.org/authors/A5057527769,Nature and Landscape Conservation,2309.0,Environmental Science,Physical Sciences,Yes,https://openalex.org/authors/A5057527769,Sociology and Political Science,3312,Social Sciences,"WRONG PROFILE: A5072020402 is S. Joseph Wright (ecologist, 582 works). Corrected to A5057527769 (political scientist, Penn State, 235 works, authoritarian regimes).",individual,1.0,Other Social Sciences
Stein Rokkan Prize for Comparative Social Science Research,2018,Rafaela Dancygier,"For 'Dilemmas of Inclusion: Muslims in European Politics' (Princeton UP, 2017)",https://en.wikipedia.org/wiki/Rafaela_Dancygier,https://openalex.org/authors/A5081923121,Sociology and Political Science,3312.0,Social Sciences,Social Sciences,Yes,,Sociology and Political Science,3312,Social Sciences,,individual,1.0,Other Social Sciences
Stein Rokkan Prize for Comparative Social Science Research,2019,Andreas Wimmer,"For 'Nation Building: Why Some Countries Come Together While Others Fall Apart' (Princeton UP, 2018)",https://en.wikipedia.org/wiki/Andreas_Wimmer,https://openalex.org/authors/A5101414320,Sociology and Political Science,3312.0,Social Sciences,Social Sciences,Yes,,Sociology and Political Science,3312,Social Sciences,,individual,1.0,Other Social Sciences
Stein Rokkan Prize for Comparative Social Science Research,2020,Andrew Walter,"For 'The Wealth Effect: How the Great Expectations of the Middle Class Have Changed the Politics of Banking Crises' (Cambridge UP, 2019), shared with Jeffrey M. Chwieroth",https://en.wikipedia.org/wiki/Andrew_Walter,https://openalex.org/authors/A5002564478,Materials Chemistry,2505.0,Materials Science,Physical Sciences,Yes,https://openalex.org/authors/A5002564478,Sociology and Political Science,3312,Social Sciences,"WRONG PROFILE: A5001337097 is Michel W. Barsoum (materials scientist). Corrected to A5002564478 (Andrew Walter, U Melbourne, 144 works, int'l political economy).",individual,1.0,Other Social Sciences
Stein Rokkan Prize for Comparative Social Science Research,2020,Jeffrey M. Chwieroth,"For 'The Wealth Effect: How the Great Expectations of the Middle Class Have Changed the Politics of Banking Crises' (Cambridge UP, 2019), shared with Andrew Walter",https://en.wikipedia.org/wiki/Jeffrey_M._Chwieroth,https://openalex.org/authors/A5058389791,Finance,2003.0,"Economics, Econometrics and Finance",Social Sciences,Yes,,Sociology and Political Science,3312,Social Sciences,Subfield changed from Finance; political scientist studying financial crises in political economy context.,individual,1.0,Other Social Sciences
Stein Rokkan Prize for Comparative Social Science Research,2021,Ran Hirschl,"For 'City, State: Constitutionalism and the Megacity' (Oxford UP, 2020)",https://en.wikipedia.org/wiki/Ran_Hirschl,https://openalex.org/authors/A5063548901,Law,3308.0,Social Sciences,Social Sciences,Yes,,Law,3308,Social Sciences,,individual,1.0,Other Social Sciences
Stein Rokkan Prize for Comparative Social Science Research,2022,Vineeta Yadav,"For 'Religious Parties and the Politics of Civil Liberties' (Oxford UP, 2021)",https://en.wikipedia.org/wiki/Vineeta_Yadav,https://openalex.org/authors/A5083459950,Sociology and Political Science,3312.0,Social Sciences,Social Sciences,Yes,,Sociology and Political Science,3312,Social Sciences,,individual,1.0,Other Social Sciences
Stein Rokkan Prize for Comparative Social Science Research,2023,Elisabeth Anderson,"For 'Agents of Reform: Child Labor and the Origins of the Welfare State' (Cambridge UP, 2021)",https://en.wikipedia.org/wiki/Elisabeth_Anderson,https://openalex.org/authors/A5020597011,"Pediatrics, Perinatology and Child Health",2735.0,Medicine,Health Sciences,Yes,https://openalex.org/authors/A5020597011,Political Science and International Relations,3320,Social Sciences,"WRONG PROFILE: A5057153597 is Elisabeth A. Anderson (medical researcher, 3 works). Corrected to A5020597011 (social historian, 39 works, NYU Abu Dhabi, labor movements).",individual,1.0,Other Social Sciences
Stein Rokkan Prize for Comparative Social Science Research,2024,Anu Bradford,"For 'Digital Empires: The Global Battle to Regulate Technology' (Oxford UP, 2023)",https://en.wikipedia.org/wiki/Anu_Bradford,https://openalex.org/authors/A5079847310,Economics and Econometrics,2002.0,"Economics, Econometrics and Finance",Social Sciences,Yes,,Law,3308,Social Sciences,Subfield changed from Economics and Econometrics; Bradford is a law professor (Columbia) studying international trade regulation.,individual,1.0,Other Social Sciences
Stockholm Prize in Criminology,2015,Patricia Mayhew,For pioneering work on situational crime prevention,https://en.wikipedia.org/wiki/Patricia_Mayhew,https://openalex.org/authors/A5081382979,Sociology and Political Science,3312.0,Social Sciences,Social Sciences,Yes,,Sociology and Political Science,3312,Social Sciences,,individual,1.0,Other Social Sciences
Stockholm Prize in Criminology,2015,Ronald V. Clarke,For pioneering work on situational crime prevention and rational choice theory,https://en.wikipedia.org/wiki/Ronald_V._Clarke,https://openalex.org/authors/A5072647442,Sociology and Political Science,3312.0,Social Sciences,Social Sciences,Yes,,Sociology and Political Science,3312,Social Sciences,,individual,1.0,Other Social Sciences
Stockholm Prize in Criminology,2016,Cathy Spatz Widom,For research on consequences of child abuse and neglect,https://en.wikipedia.org/wiki/Cathy_Spatz_Widom,https://openalex.org/authors/A5043462216,Clinical Psychology,3203.0,Psychology,Social Sciences,Yes,,Clinical Psychology,3203,Psychology,,individual,1.0,Psychology
Stockholm Prize in Criminology,2016,Per-Olof H. Wikström,For situational action theory of crime causation,https://en.wikipedia.org/wiki/Per-Olof_H._Wikström,https://openalex.org/authors/A5034832566,Sociology and Political Science,3312.0,Social Sciences,Social Sciences,Yes,,Sociology and Political Science,3312,Social Sciences,,individual,1.0,Other Social Sciences
Stockholm Prize in Criminology,2016,Travis Hirschi,For development of social bond theory and self-control theory of crime,https://en.wikipedia.org/wiki/Travis_Hirschi,https://openalex.org/authors/A5109588859,Sociology and Political Science,3312.0,Social Sciences,Social Sciences,Yes,,Sociology and Political Science,3312,Social Sciences,,individual,1.0,Other Social Sciences
Stockholm Prize in Criminology,2017,Richard E. Tremblay,For pioneering longitudinal research on the development of physical aggression and crime prevention from early childhood,https://en.wikipedia.org/wiki/Richard_E._Tremblay,https://openalex.org/authors/A5072502595,Clinical Psychology,3203.0,Psychology,Social Sciences,Yes,https://openalex.org/authors/A5072502595,Clinical Psychology,3203,Psychology,Wrong profile (Frank Vitaro). Corrected to Richard E. Tremblay A5072502595 at U de Montreal.,individual,1.0,Psychology
Stockholm Prize in Criminology,2018,Herman Goldstein,For founding and developing problem-oriented policing,https://en.wikipedia.org/wiki/Herman_Goldstein,https://openalex.org/authors/A5001417690,Political Science and International Relations,3320.0,Social Sciences,Social Sciences,Yes,,Sociology and Political Science,3312,Social Sciences,Existing subfield Pol Sci & Intl Rel plausible but top topic is policing/crime; Sociology and Political Science better fits criminology.,individual,1.0,Other Social Sciences
Stockholm Prize in Criminology,2019,Peter Reuter,For research on drug policy and organized crime,https://en.wikipedia.org/wiki/Peter_Reuter,https://openalex.org/authors/A5054423588,Sociology and Political Science,3312.0,Social Sciences,Social Sciences,Yes,,Sociology and Political Science,3312,Social Sciences,,individual,1.0,Other Social Sciences
Stockholm Prize in Criminology,2019,Ruth Dreifuss,For leadership in drug policy reform as chair of the Global Commission on Drug Policy,https://en.wikipedia.org/wiki/Ruth_Dreifuss,https://openalex.org/authors/A5018696237,Political Science and International Relations,3320.0,Social Sciences,Social Sciences,Yes,,Political Science and International Relations,3320,Social Sciences,,individual,1.0,Other Social Sciences
Stockholm Prize in Criminology,2020,Franklin Zimring,"For research on criminal justice policy, particularly on capital punishment and crime decline",https://en.wikipedia.org/wiki/Franklin_Zimring,https://openalex.org/authors/A5111482276,Sociology and Political Science,3312.0,Social Sciences,Social Sciences,Yes,,Sociology and Political Science,3312,Social Sciences,,individual,1.0,Other Social Sciences
Stockholm Prize in Criminology,2020,Philip J. Cook,"For research on gun violence, alcohol policy and criminal justice",https://en.wikipedia.org/wiki/Philip_J._Cook,https://openalex.org/authors/A5073466791,Health,3306.0,Social Sciences,Social Sciences,Yes,,Sociology and Political Science,3312,Social Sciences,Existing subfield Health (3306) changed to Sociology and Political Science - criminologist at Duke.,individual,1.0,Other Social Sciences
Stockholm Prize in Criminology,2021,Elijah Anderson,"For groundbreaking ethnographic research on race, poverty and violence in urban America",https://en.wikipedia.org/wiki/Elijah_Anderson,https://openalex.org/authors/A5108810075,General Health Professions,3600.0,Health Professions,Health Sciences,Yes,,Sociology and Political Science,3312,Social Sciences,Existing subfield General Health Professions changed to Sociology and Political Science - urban ethnographer/sociologist at Yale.,individual,1.0,Other Social Sciences
Stockholm Prize in Criminology,2022,Francis T. Cullen,"For fundamental contributions to criminological theory, particularly social support theory and rehabilitation",https://en.wikipedia.org/wiki/Francis_T._Cullen,https://openalex.org/authors/A5088820544,Sociology and Political Science,3312.0,Social Sciences,Social Sciences,Yes,,Sociology and Political Science,3312,Social Sciences,,individual,1.0,Other Social Sciences
Stockholm Prize in Criminology,2022,Peggy Giordano,"For influential research on gender, relationships and crime over the life course",https://en.wikipedia.org/wiki/Peggy_Giordano,https://openalex.org/authors/A5002066161,Health,3306.0,Social Sciences,Social Sciences,Yes,,Sociology and Political Science,3312,Social Sciences,Existing subfield Health (3306) changed to Sociology and Political Science - criminologist studying gender and crime.,individual,1.0,Other Social Sciences
Stockholm Prize in Criminology,2023,Beatriz Magaloni,"For research on criminal violence, state repression and democratic accountability in developing countries",https://en.wikipedia.org/wiki/Beatriz_Magaloni,https://openalex.org/authors/A5058436479,Sociology and Political Science,3312.0,Social Sciences,Social Sciences,Yes,,Sociology and Political Science,3312,Social Sciences,,individual,1.0,Other Social Sciences
Stockholm Prize in Criminology,2024,Gary LaFree,For research on terrorism and global crime trends,https://en.wikipedia.org/wiki/Gary_LaFree,https://openalex.org/authors/A5067666681,Sociology and Political Science,3312.0,Social Sciences,Social Sciences,Yes,,Sociology and Political Science,3312,Social Sciences,,individual,1.0,Other Social Sciences
Stockholm Prize in Criminology,2024,Tom R. Tyler,For research on procedural justice and legitimacy in policing,https://en.wikipedia.org/wiki/Tom_R._Tyler,https://openalex.org/authors/A5054838629,Sociology and Political Science,3312.0,Social Sciences,Social Sciences,Yes,,Sociology and Political Science,3312,Social Sciences,,individual,1.0,Other Social Sciences
Stockholm Water Prize,2015,Rajendra Singh,"For innovative water conservation through community-driven rainwater harvesting in Rajasthan, India",https://en.wikipedia.org/wiki/Rajendra_Singh_(activist),,Water Science and Technology,2312.0,Environmental Science,Physical Sciences,Yes,,Water Science and Technology,2312,Environmental Science,"OpenAlex profile A5048861401 is Rajendra Prasad Singh (chemist at Southeast U, China). No correct academic profile found for activist Rajendra Singh. | 2026-09-09 snapshot audit: id removed (A5048861401 = Rajendra Prasad Singh, chemist); the 'Waterman of India' is not an academic author",individual,1.0,Earth Sciences
Stockholm Water Prize,2016,Joan Rose,"For pioneering work in water microbiology, assessing risks to human health from water-borne pathogens",https://en.wikipedia.org/wiki/Joan_Rose,https://openalex.org/authors/A5083906163,"Ecology, Evolution, Behavior and Systematics",1105.0,Agricultural and Biological Sciences,Life Sciences,Yes,https://openalex.org/authors/A5083906163,Water Science and Technology,2312,Environmental Science,Wrong profile (Shinichi Nakagawa). Corrected to Joan B. Rose A5083906163 at Michigan State. Top topic: Water Science and Technology.,individual,1.0,Earth Sciences
Stockholm Water Prize,2017,Stephen McCaffrey,For trailblazing contributions to international water law and transboundary water governance,https://en.wikipedia.org/wiki/Stephen_McCaffrey_(academic),https://openalex.org/authors/A5113995757,"Management, Monitoring, Policy and Law",2308.0,Environmental Science,Physical Sciences,Yes,,"Management, Monitoring, Policy and Law",2308,Environmental Science,,individual,1.0,Earth Sciences
Stockholm Water Prize,2018,Bruce Rittmann,For pioneering environmental biotechnology and biofilm processes for water treatment,https://en.wikipedia.org/wiki/Bruce_Rittmann,https://openalex.org/authors/A5091050630,Pollution,2310.0,Environmental Science,Physical Sciences,Yes,,Water Science and Technology,2312,Environmental Science,Existing subfield Pollution plausible but Water Science and Technology better fits water treatment focus.,individual,1.0,Earth Sciences
Stockholm Water Prize,2018,Mark van Loosdrecht,For pioneering environmental biotechnology and biofilm processes for water treatment,https://en.wikipedia.org/wiki/Mark_van_Loosdrecht,https://openalex.org/authors/A5062101644,Pollution,2310.0,Environmental Science,Physical Sciences,Yes,,Water Science and Technology,2312,Environmental Science,Existing subfield Pollution plausible but Water Science and Technology better fits water treatment focus.,individual,1.0,Earth Sciences
Stockholm Water Prize,2019,Jackie King,"For contributions to global river management, developing methods for environmental flow requirements",https://en.wikipedia.org/wiki/Jackie_King_(scientist),https://openalex.org/authors/A5113836146,Nature and Landscape Conservation,2309.0,Environmental Science,Physical Sciences,Yes,,Water Science and Technology,2312,Environmental Science,Existing subfield Nature and Landscape Conservation plausible; changed to Water Science and Technology for environmental flow methods.,individual,1.0,Earth Sciences
Stockholm Water Prize,2020,John Cherry,For groundbreaking research on groundwater contamination and freshwater protection,https://en.wikipedia.org/wiki/John_A._Cherry,https://openalex.org/authors/A5086749698,Environmental Engineering,2305.0,Environmental Science,Physical Sciences,Yes,,Environmental Engineering,2305,Environmental Science,,individual,1.0,Earth Sciences
Stockholm Water Prize,2021,Sandra Postel,For quantifying global freshwater challenges and advancing sustainable water solutions,https://en.wikipedia.org/wiki/Sandra_Postel,https://openalex.org/authors/A5057683371,Ocean Engineering,2212.0,Engineering,Physical Sciences,Yes,,Water Science and Technology,2312,Environmental Science,Existing subfield Ocean Engineering changed to Water Science and Technology - freshwater sustainability researcher.,individual,1.0,Earth Sciences
Stockholm Water Prize,2022,Wilfried Brutsaert,For groundbreaking work quantifying environmental evaporation and predicting climate change impacts on water,https://en.wikipedia.org/wiki/Wilfried_Brutsaert,https://openalex.org/authors/A5059604416,Global and Planetary Change,2306.0,Environmental Science,Physical Sciences,Yes,,Global and Planetary Change,2306,Environmental Science,,individual,1.0,Earth Sciences
Stockholm Water Prize,2023,Andrea Rinaldo,"For groundbreaking work in hydrology, hydrogeomorphology and epidemiology",https://en.wikipedia.org/wiki/Andrea_Rinaldo,https://openalex.org/authors/A5031779833,Water Science and Technology,2312.0,Environmental Science,Physical Sciences,Yes,,Water Science and Technology,2312,Environmental Science,,individual,1.0,Earth Sciences
Stockholm Water Prize,2024,Taikan Oki,"For pioneering contributions to global hydrology, water resources assessment and virtual water trade",https://en.wikipedia.org/wiki/Taikan_Oki,https://openalex.org/authors/A5002339209,Water Science and Technology,2312.0,Environmental Science,Physical Sciences,Yes,,Water Science and Technology,2312,Environmental Science,,individual,1.0,Earth Sciences
Sveriges Riksbank Prize in Economic Sciences in Memory of Alfred Nobel,2015,Angus Deaton,"For his analysis of consumption, poverty, and welfare",https://en.wikipedia.org/wiki/Angus_Deaton,https://openalex.org/authors/A5036192906,Sociology and Political Science,3312.0,Social Sciences,Social Sciences,Yes,,Economics and Econometrics,2002,"Economics, Econometrics and Finance",Existing subfield Sociology and Political Science changed - Deaton is an economist.,individual,1.0,Business & Econ
Sveriges Riksbank Prize in Economic Sciences in Memory of Alfred Nobel,2016,Bengt Holmstrom,For contributions to contract theory,https://en.wikipedia.org/wiki/Bengt_Holmstr%C3%B6m,https://openalex.org/authors/A5003462830,Economics and Econometrics,2002.0,"Economics, Econometrics and Finance",Social Sciences,Yes,,Economics and Econometrics,2002,"Economics, Econometrics and Finance",,individual,1.0,Business & Econ
Sveriges Riksbank Prize in Economic Sciences in Memory of Alfred Nobel,2016,Oliver Hart,For contributions to contract theory,https://en.wikipedia.org/wiki/Oliver_Hart,https://openalex.org/authors/A5010150198,Economics and Econometrics,2002.0,"Economics, Econometrics and Finance",Social Sciences,Yes,,Economics and Econometrics,2002,"Economics, Econometrics and Finance",,individual,1.0,Business & Econ
Sveriges Riksbank Prize in Economic Sciences in Memory of Alfred Nobel,2017,Richard Thaler,For contributions to behavioural economics,https://en.wikipedia.org/wiki/Richard_Thaler,https://openalex.org/authors/A5081252843,Finance,2003.0,"Economics, Econometrics and Finance",Social Sciences,Yes,,Economics and Econometrics,2002,"Economics, Econometrics and Finance",Existing subfield Finance plausible; Economics and Econometrics better for Nobel economist.,individual,1.0,Business & Econ
Sveriges Riksbank Prize in Economic Sciences in Memory of Alfred Nobel,2018,Paul Romer,For integrating technological innovations into long-run macroeconomic analysis,https://en.wikipedia.org/wiki/Paul_Romer,https://openalex.org/authors/A5048969969,Economics and Econometrics,2002.0,"Economics, Econometrics and Finance",Social Sciences,Yes,,Economics and Econometrics,2002,"Economics, Econometrics and Finance",,individual,1.0,Business & Econ
Sveriges Riksbank Prize in Economic Sciences in Memory of Alfred Nobel,2018,William Nordhaus,For integrating climate change into long-run macroeconomic analysis,https://en.wikipedia.org/wiki/William_Nordhaus,https://openalex.org/authors/A5040379196,Economics and Econometrics,2002.0,"Economics, Econometrics and Finance",Social Sciences,Yes,,Economics and Econometrics,2002,"Economics, Econometrics and Finance",,individual,1.0,Business & Econ
Sveriges Riksbank Prize in Economic Sciences in Memory of Alfred Nobel,2019,Abhijit Banerjee,For their experimental approach to alleviating global poverty,https://en.wikipedia.org/wiki/Abhijit_Banerjee,https://openalex.org/authors/A5048028100,Safety Research,3311.0,Social Sciences,Social Sciences,Yes,,Economics and Econometrics,2002,"Economics, Econometrics and Finance",Existing subfield Safety Research changed to Economics and Econometrics.,individual,1.0,Business & Econ
Sveriges Riksbank Prize in Economic Sciences in Memory of Alfred Nobel,2019,Esther Duflo,For their experimental approach to alleviating global poverty,https://en.wikipedia.org/wiki/Esther_Duflo,https://openalex.org/authors/A5015565298,Safety Research,3311.0,Social Sciences,Social Sciences,Yes,,Economics and Econometrics,2002,"Economics, Econometrics and Finance",Existing subfield Safety Research changed to Economics and Econometrics.,individual,1.0,Business & Econ
Sveriges Riksbank Prize in Economic Sciences in Memory of Alfred Nobel,2019,Michael Kremer,For their experimental approach to alleviating global poverty,https://en.wikipedia.org/wiki/Michael_Kremer,https://openalex.org/authors/A5035113852,Safety Research,3311.0,Social Sciences,Social Sciences,Yes,,Economics and Econometrics,2002,"Economics, Econometrics and Finance",Existing subfield Safety Research changed to Economics and Econometrics.,individual,1.0,Business & Econ
Sveriges Riksbank Prize in Economic Sciences in Memory of Alfred Nobel,2020,Paul Milgrom,For improvements to auction theory and inventions of new auction formats,https://en.wikipedia.org/wiki/Paul_Milgrom,https://openalex.org/authors/A5054280613,Management Science and Operations Research,1803.0,Decision Sciences,Social Sciences,Yes,,Economics and Econometrics,2002,"Economics, Econometrics and Finance",Existing subfield Mgmt Sci & Ops Research plausible; Economics better for Nobel economist.,individual,1.0,Business & Econ
Sveriges Riksbank Prize in Economic Sciences in Memory of Alfred Nobel,2020,Robert Wilson,For improvements to auction theory and inventions of new auction formats,https://en.wikipedia.org/wiki/Robert_B._Wilson,,Astronomy and Astrophysics,3103.0,Physics and Astronomy,Physical Sciences,Yes,,Economics and Econometrics,2002,"Economics, Econometrics and Finance",Profile A5103241693 is a merged profile (astrophysics + economics at Georgia Tech). No better profile found; kept URL but corrected subfield. | 2026-09-09 snapshot audit: id removed (A5103241693 is a merged astrophysics+economics profile); no clean profile for the Stanford economist,individual,1.0,Business & Econ
Sveriges Riksbank Prize in Economic Sciences in Memory of Alfred Nobel,2021,David Card,For empirical contributions to labour economics,https://en.wikipedia.org/wiki/David_Card,https://openalex.org/authors/A5090324651,Economics and Econometrics,2002.0,"Economics, Econometrics and Finance",Social Sciences,Yes,,Economics and Econometrics,2002,"Economics, Econometrics and Finance",,individual,1.0,Business & Econ
Sveriges Riksbank Prize in Economic Sciences in Memory of Alfred Nobel,2021,Guido Imbens,For methodological contributions to the analysis of causal relationships,https://en.wikipedia.org/wiki/Guido_Imbens,https://openalex.org/authors/A5052726702,Statistics and Probability,2613.0,Mathematics,Physical Sciences,Yes,,Economics and Econometrics,2002,"Economics, Econometrics and Finance",Existing subfield Statistics and Probability plausible for econometrician; Economics better for Nobel economist.,individual,1.0,Business & Econ
Sveriges Riksbank Prize in Economic Sciences in Memory of Alfred Nobel,2021,Joshua Angrist,For methodological contributions to the analysis of causal relationships,https://en.wikipedia.org/wiki/Joshua_Angrist,https://openalex.org/authors/A5109581806,Education,3304.0,Social Sciences,Social Sciences,Yes,,Economics and Econometrics,2002,"Economics, Econometrics and Finance",Existing subfield Education changed to Economics - labor economist at MIT.,individual,1.0,Business & Econ
Sveriges Riksbank Prize in Economic Sciences in Memory of Alfred Nobel,2022,Ben Bernanke,For research on banks and financial crises,https://en.wikipedia.org/wiki/Ben_Bernanke,https://openalex.org/authors/A5054650430,"General Economics, Econometrics and Finance",2000.0,"Economics, Econometrics and Finance",Social Sciences,Yes,,Economics and Econometrics,2002,"Economics, Econometrics and Finance",Existing subfield General Econ plausible; Economics and Econometrics more specific.,individual,1.0,Business & Econ
Sveriges Riksbank Prize in Economic Sciences in Memory of Alfred Nobel,2022,Douglas Diamond,For research on banks and financial crises,https://en.wikipedia.org/wiki/Douglas_Diamond,https://openalex.org/authors/A5007338517,Finance,2003.0,"Economics, Econometrics and Finance",Social Sciences,Yes,,Finance,2003,"Economics, Econometrics and Finance",,individual,1.0,Business & Econ
Sveriges Riksbank Prize in Economic Sciences in Memory of Alfred Nobel,2022,Philip Dybvig,For research on banks and financial crises,https://en.wikipedia.org/wiki/Philip_Dybvig,https://openalex.org/authors/A5022665670,Economics and Econometrics,2002.0,"Economics, Econometrics and Finance",Social Sciences,Yes,,Economics and Econometrics,2002,"Economics, Econometrics and Finance",,individual,1.0,Business & Econ
Sveriges Riksbank Prize in Economic Sciences in Memory of Alfred Nobel,2023,Claudia Goldin,For having advanced our understanding of women's labour market outcomes,https://en.wikipedia.org/wiki/Claudia_Goldin,https://openalex.org/authors/A5000387389,Gender Studies,3318.0,Social Sciences,Social Sciences,Yes,,Economics and Econometrics,2002,"Economics, Econometrics and Finance",Existing subfield Gender Studies changed - Goldin is an economist.,individual,1.0,Business & Econ
Sveriges Riksbank Prize in Economic Sciences in Memory of Alfred Nobel,2024,Daron Acemoglu,For studies of how institutions are formed and affect prosperity,https://en.wikipedia.org/wiki/Daron_Acemoglu,https://openalex.org/authors/A5012301204,Economics and Econometrics,2002.0,"Economics, Econometrics and Finance",Social Sciences,Yes,,Economics and Econometrics,2002,"Economics, Econometrics and Finance",,individual,1.0,Business & Econ
Sveriges Riksbank Prize in Economic Sciences in Memory of Alfred Nobel,2024,James Robinson,For studies of how institutions are formed and affect prosperity,https://en.wikipedia.org/wiki/James_Robinson,https://openalex.org/authors/A5014156593,Immunology,2403.0,Immunology and Microbiology,Life Sciences,Yes,https://openalex.org/authors/A5014156593,Economics and Econometrics,2002,"Economics, Econometrics and Finance",Wrong profile (immunologist). Corrected to James A. Robinson A5014156593 at U of Chicago.,individual,1.0,Business & Econ
Sveriges Riksbank Prize in Economic Sciences in Memory of Alfred Nobel,2024,Simon Johnson,For studies of how institutions are formed and affect prosperity,https://en.wikipedia.org/wiki/Simon_Johnson,https://openalex.org/authors/A5111446264,Accounting,1402.0,"Business, Management and Accounting",Social Sciences,Yes,,Economics and Econometrics,2002,"Economics, Econometrics and Finance",Existing subfield Accounting changed to Economics - institutional economist.,individual,1.0,Business & Econ
Tang Prize in Biopharmaceutical Science,2016,Emmanuelle Charpentier,Development of the CRISPR/Cas9 genome editing system,https://en.wikipedia.org/wiki/Emmanuelle_Charpentier,https://openalex.org/authors/A5074743574,Molecular Biology,1312.0,"Biochemistry, Genetics and Molecular Biology",Life Sciences,Yes,,Molecular Biology,1312.0,"Biochemistry, Genetics and Molecular Biology",,individual,1.0,Life Sciences & Medicine
Tang Prize in Biopharmaceutical Science,2016,Feng Zhang,Development of the CRISPR/Cas9 genome editing system,https://en.wikipedia.org/wiki/Feng_Zhang,https://openalex.org/authors/A5100401298,Molecular Biology,1312.0,"Biochemistry, Genetics and Molecular Biology",Life Sciences,Yes,,Molecular Biology,1312.0,"Biochemistry, Genetics and Molecular Biology",,individual,1.0,Life Sciences & Medicine
Tang Prize in Biopharmaceutical Science,2016,Jennifer A. Doudna,Development of the CRISPR/Cas9 genome editing system,https://en.wikipedia.org/wiki/Jennifer_Doudna,https://openalex.org/authors/A5067184382,Molecular Biology,1312.0,"Biochemistry, Genetics and Molecular Biology",Life Sciences,Yes,,Molecular Biology,1312.0,"Biochemistry, Genetics and Molecular Biology",,individual,1.0,Life Sciences & Medicine
Tang Prize in Biopharmaceutical Science,2018,Brian J. Druker,Breakthroughs in targeted cancer therapy through tyrosine kinase research,https://en.wikipedia.org/wiki/Brian_J._Druker,https://openalex.org/authors/A5033023115,Astronomy and Astrophysics,3103.0,Physics and Astronomy,Physical Sciences,Yes,,Oncology,2730.0,Medicine,Existing subfield Astronomy and Astrophysics is wrong (merged profile). Corrected to Oncology - cancer researcher at OHSU.,individual,1.0,Life Sciences & Medicine
Tang Prize in Biopharmaceutical Science,2018,John Mendelsohn,Breakthroughs in targeted cancer therapy through tyrosine kinase research,https://en.wikipedia.org/wiki/John_Mendelsohn,https://openalex.org/authors/A5110406418,Oncology,2730.0,Medicine,Health Sciences,Yes,,Oncology,2730.0,Medicine,,individual,1.0,Life Sciences & Medicine
Tang Prize in Biopharmaceutical Science,2018,Tony Hunter,Breakthroughs in targeted cancer therapy through tyrosine kinase research,https://en.wikipedia.org/wiki/Tony_Hunter,https://openalex.org/authors/A5010612497,Molecular Biology,1312.0,"Biochemistry, Genetics and Molecular Biology",Life Sciences,Yes,,Molecular Biology,1312.0,"Biochemistry, Genetics and Molecular Biology",,individual,1.0,Life Sciences & Medicine
Tang Prize in Biopharmaceutical Science,2020,Charles Dinarello,Development of cytokine-targeting biological therapies for treatment of inflammatory diseases,https://en.wikipedia.org/wiki/Charles_Dinarello,https://openalex.org/authors/A5028234430,Immunology,2403.0,Immunology and Microbiology,Life Sciences,Yes,,Immunology,2403.0,Immunology and Microbiology,,individual,1.0,Life Sciences & Medicine
Tang Prize in Biopharmaceutical Science,2020,Marc Feldmann,Development of cytokine-targeting biological therapies for treatment of inflammatory diseases,https://en.wikipedia.org/wiki/Marc_Feldmann,https://openalex.org/authors/A5057580992,Immunology,2403.0,Immunology and Microbiology,Life Sciences,Yes,,Immunology,2403.0,Immunology and Microbiology,,individual,1.0,Life Sciences & Medicine
Tang Prize in Biopharmaceutical Science,2020,Tadamitsu Kishimoto,Development of cytokine-targeting biological therapies for treatment of inflammatory diseases,https://en.wikipedia.org/wiki/Tadamitsu_Kishimoto,https://openalex.org/authors/A5021463605,Oncology,2730.0,Medicine,Health Sciences,Yes,,Immunology,2403.0,Immunology and Microbiology,Existing subfield Oncology changed to Immunology - cytokine research.,individual,1.0,Life Sciences & Medicine
Tang Prize in Biopharmaceutical Science,2022,Drew Weissman,Discoveries enabling the development of mRNA COVID-19 vaccines,https://en.wikipedia.org/wiki/Drew_Weissman,https://openalex.org/authors/A5068253145,Molecular Biology,1312.0,"Biochemistry, Genetics and Molecular Biology",Life Sciences,Yes,,Molecular Biology,1312.0,"Biochemistry, Genetics and Molecular Biology",,individual,1.0,Life Sciences & Medicine
Tang Prize in Biopharmaceutical Science,2022,Katalin Kariko,Discoveries enabling the development of mRNA COVID-19 vaccines,https://en.wikipedia.org/wiki/Katalin_Karik%C3%B3,https://openalex.org/authors/A5030598859,Molecular Biology,1312.0,"Biochemistry, Genetics and Molecular Biology",Life Sciences,Yes,,Molecular Biology,1312.0,"Biochemistry, Genetics and Molecular Biology",,individual,1.0,Life Sciences & Medicine
Tang Prize in Biopharmaceutical Science,2022,Pieter Cullis,Discoveries enabling the development of mRNA COVID-19 vaccines,https://en.wikipedia.org/wiki/Pieter_Cullis,https://openalex.org/authors/A5050350074,Molecular Biology,1312.0,"Biochemistry, Genetics and Molecular Biology",Life Sciences,Yes,,Molecular Biology,1312.0,"Biochemistry, Genetics and Molecular Biology",,individual,1.0,Life Sciences & Medicine
Tang Prize in Biopharmaceutical Science,2024,Jens Juul Holst,Discovery of GLP-1 as an insulinotropic factor and development of GLP-1-based anti-diabetic and anti-obesity drugs,https://en.wikipedia.org/wiki/Jens_Juul_Holst,https://openalex.org/authors/A5085434984,"Endocrinology, Diabetes and Metabolism",2712.0,Medicine,Health Sciences,Yes,https://openalex.org/authors/A5085434984,"Endocrinology, Diabetes and Metabolism",2712.0,Medicine,"2026-09-09 snapshot audit: id -> A5085434984 (Jens J. Holst, Copenhagen, 160,017 cites); previous A5069188720 = Jens Pedersen",individual,1.0,Life Sciences & Medicine
Tang Prize in Biopharmaceutical Science,2024,Joel F. Habener,Discovery of GLP-1 as an insulinotropic factor and development of GLP-1-based anti-diabetic and anti-obesity drugs,https://en.wikipedia.org/wiki/Joel_F._Habener,https://openalex.org/authors/A5034913449,Surgery,2746.0,Medicine,Health Sciences,Yes,,"Endocrinology, Diabetes and Metabolism",2712.0,Medicine,Existing subfield Surgery changed to Endocrinology - GLP-1 researcher.,individual,1.0,Life Sciences & Medicine
Tang Prize in Biopharmaceutical Science,2024,Svetlana Mojsov,Discovery of GLP-1 as an insulinotropic factor and development of GLP-1-based anti-diabetic and anti-obesity drugs,https://en.wikipedia.org/wiki/Svetlana_Mojsov,https://openalex.org/authors/A5013143800,"Endocrinology, Diabetes and Metabolism",2712.0,Medicine,Health Sciences,Yes,,"Endocrinology, Diabetes and Metabolism",2712.0,Medicine,,individual,1.0,Life Sciences & Medicine
Templeton Prize,2015,Jean Vanier,For founding L'Arche communities and lifelong work affirming the central role of vulnerable people in society,https://en.wikipedia.org/wiki/Jean_Vanier,https://openalex.org/authors/A5066483697,Religious studies,1212.0,Arts and Humanities,Social Sciences,Yes,,Religious studies,1212,Arts and Humanities,,individual,1.0,Other Social Sciences
Templeton Prize,2016,Jonathan Sacks,"For his vision of a shared society, drawing on Jewish thought to address challenges of faith and globalization",https://en.wikipedia.org/wiki/Jonathan_Sacks,https://openalex.org/authors/A5025049037,Sociology and Political Science,3312.0,Social Sciences,Social Sciences,Yes,,Religious studies,1212,Arts and Humanities,Existing subfield Sociology and Political Science plausible; Religious studies better for rabbi/theologian.,individual,1.0,Other Social Sciences
Templeton Prize,2017,Alvin Plantinga,"For rigorous scholarship in philosophy, expanding the role of theistic belief in academic philosophy",https://en.wikipedia.org/wiki/Alvin_Plantinga,https://openalex.org/authors/A5110484165,Philosophy,1211.0,Arts and Humanities,Social Sciences,Yes,,Philosophy,1211,Arts and Humanities,,individual,1.0,Other Social Sciences
Templeton Prize,2018,King Abdullah II,For commitment to protecting holy sites in Jerusalem and fostering religious harmony within and beyond Islam,https://en.wikipedia.org/wiki/Abdullah_II_of_Jordan,https://openalex.org/authors/A5007596088,Sociology and Political Science,3312.0,Social Sciences,Social Sciences,Yes,,Sociology and Political Science,3312,Social Sciences,"King Abdullah II - only 2 works, profile is thin but plausible.",individual,1.0,Other Social Sciences
Templeton Prize,2019,Marcelo Gleiser,"For affirming life's spiritual dimension through scientific inquiry, bridging science and the humanities",https://en.wikipedia.org/wiki/Marcelo_Gleiser,https://openalex.org/authors/A5082552436,Astronomy and Astrophysics,3103.0,Physics and Astronomy,Physical Sciences,Yes,,Astronomy and Astrophysics,3103,Physics and Astronomy,,individual,1.0,Physics & Astronomy
Templeton Prize,2020,Francis Collins,For leadership of the Human Genome Project and demonstrating that religious faith can motivate scientific research,https://en.wikipedia.org/wiki/Francis_Collins,https://openalex.org/authors/A5111808639,Cancer Research,1306.0,"Biochemistry, Genetics and Molecular Biology",Life Sciences,Yes,,Genetics,2716,Medicine,Existing subfield Cancer Research plausible; Genetics better for Human Genome Project leader.,individual,1.0,Life Sciences & Medicine
Templeton Prize,2021,Jane Goodall,For transformative discoveries about animal behavior and efforts to inspire protection of the natural world,https://en.wikipedia.org/wiki/Jane_Goodall,https://openalex.org/authors/A5104492711,Social Psychology,3207.0,Psychology,Social Sciences,Yes,,"Ecology, Evolution, Behavior and Systematics",1105,Agricultural and Biological Sciences,Existing subfield Social Psychology changed - Jane Goodall is a primatologist/ethologist.,individual,1.0,Ag. & natural resources
Templeton Prize,2022,Frank Wilczek,For investigations into fundamental laws of nature transforming understanding of forces in the cosmos,https://en.wikipedia.org/wiki/Frank_Wilczek,https://openalex.org/authors/A5091196459,Nuclear and High Energy Physics,3106.0,Physics and Astronomy,Physical Sciences,Yes,,Nuclear and High Energy Physics,3106,Physics and Astronomy,,individual,1.0,Physics & Astronomy
Templeton Prize,2023,Edna Adan Ismail,For lifelong work improving healthcare for women and children in Somaliland and East Africa,https://en.wikipedia.org/wiki/Edna_Adan_Ismail,https://openalex.org/authors/A5007168852,"Public Health, Environmental and Occupational Health",2739.0,Medicine,Health Sciences,Yes,https://openalex.org/authors/A5007168852,"Public Health, Environmental and Occupational Health",2739,Medicine,Wrong profile (Dan Poenaru). Corrected to Edna Adan Ismail A5007168852 at Edna Adan Maternity Hospital.,individual,1.0,Life Sciences & Medicine
Templeton Prize,2024,Pumla Gobodo-Madikizela,"For work on healing in societies wounded by violence, cultivating hope, compassion and reconciliation",https://en.wikipedia.org/wiki/Pumla_Gobodo-Madikizela,https://openalex.org/authors/A5038988050,Sociology and Political Science,3312.0,Social Sciences,Social Sciences,Yes,,Sociology and Political Science,3312,Social Sciences,,individual,1.0,Other Social Sciences
Timoshenko Medal,2015,Michael Ortiz,"For seminal, groundbreaking and creative contributions to computational and solid mechanics",https://en.wikipedia.org/wiki/Michael_Ortiz_(engineer),https://openalex.org/authors/A5054661641,Materials Chemistry,2505.0,Materials Science,Physical Sciences,Yes,,Mechanics of Materials,2211,Engineering,Existing subfield Materials Chemistry plausible; Mechanics of Materials better for computational/solid mechanics.,individual,1.0,"Engineering, other"
Timoshenko Medal,2016,Ray W. Ogden,For fundamental contributions to nonlinear solid mechanics and constitutive modeling of soft solids,https://en.wikipedia.org/wiki/Ray_W._Ogden,https://openalex.org/authors/A5048619697,Biomedical Engineering,2204.0,Engineering,Physical Sciences,Yes,,Mechanics of Materials,2211,Engineering,Existing subfield Biomedical Engineering changed to Mechanics of Materials - nonlinear solid mechanics.,individual,1.0,"Engineering, other"
Timoshenko Medal,2017,Viggo Tvergaard,"For outstanding contributions to mechanics of materials, ductile fracture and material instabilities",https://en.wikipedia.org/wiki/Viggo_Tvergaard,https://openalex.org/authors/A5031816767,Mechanical Engineering,2210.0,Engineering,Physical Sciences,Yes,,Mechanical Engineering,2210,Engineering,,individual,1.0,Mechanical engineering
Timoshenko Medal,2018,Ares Rosakis,For contributions to dynamic fracture mechanics and the mechanics of earthquakes,https://en.wikipedia.org/wiki/Ares_Rosakis,https://openalex.org/authors/A5003346378,Geophysics,1908.0,Earth and Planetary Sciences,Physical Sciences,Yes,,Mechanics of Materials,2211,Engineering,Existing subfield Geophysics plausible for earthquake mechanics; Mechanics of Materials better for Timoshenko Medal.,individual,1.0,"Engineering, other"
Timoshenko Medal,2019,J.N. Reddy,For seminal contributions to shear deformation plate and shell theories and computational mechanics,https://en.wikipedia.org/wiki/J._N._Reddy,https://openalex.org/authors/A5053596832,Cell Biology,1307.0,"Biochemistry, Genetics and Molecular Biology",Life Sciences,Yes,https://openalex.org/authors/A5053596832,Mechanics of Materials,2211,Engineering,"Wrong profile (Babu J.N. Reddy, cell biologist). Corrected to J.N. Reddy A5053596832 at Texas A&M (1204 works).",individual,1.0,"Engineering, other"
Timoshenko Medal,2020,Mary C. Boyce,For pioneering contributions to mechanics of soft materials and polymer systems,https://en.wikipedia.org/wiki/Mary_C._Boyce,https://openalex.org/authors/A5083522877,Polymers and Plastics,2507.0,Materials Science,Physical Sciences,Yes,,Mechanics of Materials,2211,Engineering,Existing subfield Polymers and Plastics plausible; Mechanics of Materials better for soft material mechanics.,individual,1.0,"Engineering, other"
Timoshenko Medal,2021,Huajian Gao,"For seminal contributions spanning nano to macro scales, from bio-inspired materials to tectonics",https://en.wikipedia.org/wiki/Huajian_Gao,https://openalex.org/authors/A5001073146,"Atomic and Molecular Physics, and Optics",3107.0,Physics and Astronomy,Physical Sciences,Yes,,Mechanics of Materials,2211,Engineering,Existing subfield Atomic and Molecular Physics changed to Mechanics of Materials.,individual,1.0,"Engineering, other"
Timoshenko Medal,2022,Michael A. Sutton,For pioneering Digital Image Correlation methods for experimental mechanics,https://en.wikipedia.org/wiki/Michael_A._Sutton,https://openalex.org/authors/A5012192569,Computer Vision and Pattern Recognition,1707.0,Computer Science,Physical Sciences,Yes,,Mechanics of Materials,2211,Engineering,Existing subfield Computer Vision changed to Mechanics of Materials - experimental mechanics with DIC.,individual,1.0,"Engineering, other"
Timoshenko Medal,2023,Guruswami Ravichandran,For outstanding contributions to dynamic behavior of materials and structures at multiple scales,https://en.wikipedia.org/wiki/Guruswami_Ravichandran,https://openalex.org/authors/A5112829907,Mechanics of Materials,2211.0,Engineering,Physical Sciences,Yes,,Mechanics of Materials,2211,Engineering,,individual,1.0,"Engineering, other"
Timoshenko Medal,2024,Pierre Suquet,For fundamental contributions to mechanics of heterogeneous materials and computational homogenization,https://en.wikipedia.org/wiki/Pierre_Suquet,https://openalex.org/authors/A5089290453,Mechanics of Materials,2211.0,Engineering,Physical Sciences,Yes,,Mechanics of Materials,2211,Engineering,,individual,1.0,"Engineering, other"
Tyler Prize for Environmental Achievement,2015,Jane Lubchenco,For transformative contributions to marine ecology and environmental policy,https://en.wikipedia.org/wiki/Jane_Lubchenco,https://openalex.org/authors/A5088272346,"Management, Monitoring, Policy and Law",2308.0,Environmental Science,Physical Sciences,Yes,,"Management, Monitoring, Policy and Law",2308,Environmental Science,,individual,1.0,Earth Sciences
Tyler Prize for Environmental Achievement,2015,Madhav Gadgil,For contributions to ecology and conservation in India,https://en.wikipedia.org/wiki/Madhav_Gadgil,https://openalex.org/authors/A5112198491,Global and Planetary Change,2306.0,Environmental Science,Physical Sciences,Yes,,Global and Planetary Change,2306,Environmental Science,,individual,1.0,Earth Sciences
Tyler Prize for Environmental Achievement,2016,Partha Dasgupta,For pioneering contributions to the economics of biodiversity and development,https://en.wikipedia.org/wiki/Partha_Dasgupta,https://openalex.org/authors/A5109204185,"Management, Monitoring, Policy and Law",2308.0,Environmental Science,Physical Sciences,Yes,,Economics and Econometrics,2002,"Economics, Econometrics and Finance",Existing subfield Mgmt/Policy/Law plausible; Economics better for an economist studying biodiversity economics.,individual,1.0,Business & Econ
Tyler Prize for Environmental Achievement,2017,Jose Sarukhan,For leadership in biodiversity research and conservation in Mexico,https://en.wikipedia.org/wiki/Jos%C3%A9_Sarukh%C3%A1n,https://openalex.org/authors/A5109286716,Accounting,1402.0,"Business, Management and Accounting",Social Sciences,Yes,,"Ecology, Evolution, Behavior and Systematics",1105,Agricultural and Biological Sciences,Existing subfield Accounting is wrong (merged profile topics). Top topic is ecology at UNAM.,individual,1.0,Ag. & natural resources
Tyler Prize for Environmental Achievement,2018,James McCarthy,For significant contributions to understanding climate change and its impacts on oceans,https://en.wikipedia.org/wiki/James_McCarthy,https://openalex.org/authors/A5070580406,Molecular Biology,1312.0,"Biochemistry, Genetics and Molecular Biology",Life Sciences,Yes,https://openalex.org/authors/A5070580406,Oceanography,1910,Earth and Planetary Sciences,"Wrong profile (Davis J. McCarthy, genomics). Corrected to James J. McCarthy A5070580406 at Harvard (merged profile with oceanography + pediatrics).",individual,1.0,Earth Sciences
Tyler Prize for Environmental Achievement,2018,Paul Falkowski,For fundamental contributions to understanding aquatic photosynthesis and the global carbon cycle,https://en.wikipedia.org/wiki/Paul_Falkowski,https://openalex.org/authors/A5031704724,Oceanography,1910.0,Earth and Planetary Sciences,Physical Sciences,Yes,,Oceanography,1910,Earth and Planetary Sciences,,individual,1.0,Earth Sciences
Tyler Prize for Environmental Achievement,2019,Michael Mann,For contributions to understanding climate variability and climate change attribution,https://en.wikipedia.org/wiki/Michael_Mann,https://openalex.org/authors/A5061339003,Global and Planetary Change,2306.0,Environmental Science,Physical Sciences,Yes,,Global and Planetary Change,2306,Environmental Science,,individual,1.0,Earth Sciences
Tyler Prize for Environmental Achievement,2019,Warren Washington,For pioneering work in climate modeling,https://en.wikipedia.org/wiki/Warren_Washington,https://openalex.org/authors/A5113889423,Global and Planetary Change,2306.0,Environmental Science,Physical Sciences,Yes,,Global and Planetary Change,2306,Environmental Science,,individual,1.0,Earth Sciences
Tyler Prize for Environmental Achievement,2020,Gretchen Daily,For illuminating and quantifying the economic value of natural ecosystems,https://en.wikipedia.org/wiki/Gretchen_Daily,https://openalex.org/authors/A5009013374,Global and Planetary Change,2306.0,Environmental Science,Physical Sciences,Yes,,Global and Planetary Change,2306,Environmental Science,,individual,1.0,Earth Sciences
Tyler Prize for Environmental Achievement,2020,Pavan Sukhdev,For illuminating and quantifying the economic value of natural ecosystems,https://en.wikipedia.org/wiki/Pavan_Sukhdev,https://openalex.org/authors/A5012262450,Economics and Econometrics,2002.0,"Economics, Econometrics and Finance",Social Sciences,Yes,,Economics and Econometrics,2002,"Economics, Econometrics and Finance",,individual,1.0,Business & Econ
Tyler Prize for Environmental Achievement,2021,Andrea Rinaldo,For fundamental contributions to ecohydrology and river networks,https://en.wikipedia.org/wiki/Andrea_Rinaldo,https://openalex.org/authors/A5031779833,Water Science and Technology,2312.0,Environmental Science,Physical Sciences,Yes,,Water Science and Technology,2312,Environmental Science,,individual,1.0,Earth Sciences
Tyler Prize for Environmental Achievement,2021,Ignacio Rodriguez-Iturbe,For fundamental contributions to ecohydrology and river networks,https://en.wikipedia.org/wiki/Ignacio_Rodriguez-Iturbe,https://openalex.org/authors/A5057006509,Water Science and Technology,2312.0,Environmental Science,Physical Sciences,Yes,,Water Science and Technology,2312,Environmental Science,,individual,1.0,Earth Sciences
Tyler Prize for Environmental Achievement,2022,Andrew Haines,For research demonstrating the health co-benefits of climate change mitigation,https://en.wikipedia.org/wiki/Andy_Haines,https://openalex.org/authors/A5080652975,Strategy and Management,1408.0,"Business, Management and Accounting",Social Sciences,Yes,https://openalex.org/authors/A5080652975,Global and Planetary Change,2306,Environmental Science,"Wrong profile (Haines Andrew, 3 works). Corrected to Andy Haines A5080652975 at LSHTM (855 works). Top topic: Climate and Health.",individual,1.0,Earth Sciences
Tyler Prize for Environmental Achievement,2023,Daniel Pauly,For fundamental contributions to fisheries science and ocean conservation,https://en.wikipedia.org/wiki/Daniel_Pauly,https://openalex.org/authors/A5008317354,Global and Planetary Change,2306.0,Environmental Science,Physical Sciences,Yes,,Global and Planetary Change,2306,Environmental Science,,individual,1.0,Earth Sciences
Tyler Prize for Environmental Achievement,2023,Rashid Sumaila,For fundamental contributions to fisheries economics and ocean governance,https://en.wikipedia.org/wiki/Ussif_Rashid_Sumaila,https://openalex.org/authors/A5034464331,Global and Planetary Change,2306.0,Environmental Science,Physical Sciences,Yes,,Global and Planetary Change,2306,Environmental Science,,individual,1.0,Earth Sciences
Tyler Prize for Environmental Achievement,2024,Johan Rockstrom,For developing the planetary boundaries framework,https://en.wikipedia.org/wiki/Johan_Rockstr%C3%B6m,https://openalex.org/authors/A5038584174,Ocean Engineering,2212.0,Engineering,Physical Sciences,Yes,,Global and Planetary Change,2306,Environmental Science,Existing subfield Ocean Engineering changed to Global and Planetary Change for planetary boundaries researcher.,individual,1.0,Earth Sciences
Vetlesen Prize,2015,Stephen Sparks,For modernizing the study of volcanology and transforming understanding of volcanic processes and hazards,https://en.wikipedia.org/wiki/Stephen_Sparks,https://openalex.org/authors/A5026147972,Geophysics,1908.0,Earth and Planetary Sciences,Physical Sciences,Yes,,Geophysics,1908.0,Earth and Planetary Sciences,,individual,1.0,Earth Sciences
Vetlesen Prize,2017,Mark Cane,For enabling El Nino forecasts and transforming understanding of climate variability,https://en.wikipedia.org/wiki/Mark_Cane,https://openalex.org/authors/A5065775518,Global and Planetary Change,2306.0,Environmental Science,Physical Sciences,Yes,,Global and Planetary Change,2306.0,Environmental Science,,individual,1.0,Earth Sciences
Vetlesen Prize,2017,S. George Philander,For enabling El Nino forecasts and transforming understanding of climate variability,https://en.wikipedia.org/wiki/S._George_Philander,https://openalex.org/authors/A5110079226,Oceanography,1910.0,Earth and Planetary Sciences,Physical Sciences,Yes,,Oceanography,1910.0,Earth and Planetary Sciences,,individual,1.0,Earth Sciences
Vetlesen Prize,2020,Anny Cazenave,For pioneering work in charting modern sea-level rise and linking it with climate change,https://en.wikipedia.org/wiki/Anny_Cazenave,https://openalex.org/authors/A5050918085,Oceanography,1910.0,Earth and Planetary Sciences,Physical Sciences,Yes,,Oceanography,1910.0,Earth and Planetary Sciences,,individual,1.0,Earth Sciences
Vetlesen Prize,2023,David Kohlstedt,For pioneering experiments showing how processes at inaccessible depths drive surface phenomena,https://en.wikipedia.org/wiki/David_Kohlstedt,https://openalex.org/authors/A5075342837,Geophysics,1908.0,Earth and Planetary Sciences,Physical Sciences,Yes,,Geophysics,1908.0,Earth and Planetary Sciences,,individual,1.0,Earth Sciences
Volvo Environment Prize,2015,Henning Rodhe,For groundbreaking contributions to understanding the world's atmosphere and acid rain,https://en.wikipedia.org/wiki/Henning_Rodhe,https://openalex.org/authors/A5038257673,Atmospheric Science,1902.0,Earth and Planetary Sciences,Physical Sciences,Yes,,Atmospheric Science,1902,Earth and Planetary Sciences,,individual,1.0,Earth Sciences
Volvo Environment Prize,2016,Carlos Nobre,For pioneering research on the Amazon rainforest and its role in the global climate system,https://en.wikipedia.org/wiki/Carlos_Nobre,https://openalex.org/authors/A5080708337,Global and Planetary Change,2306.0,Environmental Science,Physical Sciences,Yes,,Global and Planetary Change,2306,Environmental Science,,individual,1.0,Earth Sciences
Volvo Environment Prize,2017,Rashid Sumaila,"For innovative research into the future of oceans and marine life, including fisheries economics",https://en.wikipedia.org/wiki/Ussif_Rashid_Sumaila,https://openalex.org/authors/A5034464331,Global and Planetary Change,2306.0,Environmental Science,Physical Sciences,Yes,,Global and Planetary Change,2306,Environmental Science,,individual,1.0,Earth Sciences
Volvo Environment Prize,2018,Xuemei Bai,For global thought leadership in urban sustainability research,https://en.wikipedia.org/wiki/Xuemei_Bai,https://openalex.org/authors/A5032065022,Global and Planetary Change,2306.0,Environmental Science,Physical Sciences,Yes,,Global and Planetary Change,2306,Environmental Science,,individual,1.0,Earth Sciences
Volvo Environment Prize,2019,Terry Chapin,For world-leading ecology research and stewardship of the Earth,https://en.wikipedia.org/wiki/Terry_Chapin,https://openalex.org/authors/A5112531160,Atmospheric Science,1902.0,Earth and Planetary Sciences,Physical Sciences,Yes,,Ecology,2303,Environmental Science,Existing subfield Atmospheric Science plausible; Ecology better for ecosystem ecologist.,individual,1.0,Earth Sciences
Volvo Environment Prize,2020,Claire Kremen,For research and action reconciling food production and biodiversity conservation,https://en.wikipedia.org/wiki/Claire_Kremen,https://openalex.org/authors/A5077466677,"Ecology, Evolution, Behavior and Systematics",1105.0,Agricultural and Biological Sciences,Life Sciences,Yes,,"Ecology, Evolution, Behavior and Systematics",1105,Agricultural and Biological Sciences,,individual,1.0,Ag. & natural resources
Volvo Environment Prize,2021,Paul Anastas,For pioneering work in green chemistry,https://en.wikipedia.org/wiki/Paul_Anastas,https://openalex.org/authors/A5000494141,Environmental Chemistry,2304.0,Environmental Science,Physical Sciences,Yes,,Environmental Chemistry,2304,Environmental Science,,individual,1.0,Earth Sciences
Volvo Environment Prize,2022,Penelope Lindeque,For groundbreaking research on plastic pollution as an emerging global challenge,https://en.wikipedia.org/wiki/Penelope_Lindeque,https://openalex.org/authors/A5087581804,Pollution,2310.0,Environmental Science,Physical Sciences,Yes,,Pollution,2310,Environmental Science,,individual,1.0,Earth Sciences
Volvo Environment Prize,2022,Richard Thompson,For groundbreaking research on plastic pollution as an emerging global challenge,https://en.wikipedia.org/wiki/Richard_Thompson_(marine_biologist),https://openalex.org/authors/A5034506802,Cognitive Neuroscience,2805.0,Neuroscience,Life Sciences,Yes,https://openalex.org/authors/A5034506802,Pollution,2310,Environmental Science,"Wrong profile (Gordon Winocur, neuroscientist). Corrected to Richard C. Thompson A5034506802 at U of Plymouth (694 works, microplastics).",individual,1.0,Earth Sciences
Volvo Environment Prize,2022,Tamara Galloway,For groundbreaking research on plastic pollution as an emerging global challenge,https://en.wikipedia.org/wiki/Tamara_Galloway,https://openalex.org/authors/A5048146972,Pollution,2310.0,Environmental Science,Physical Sciences,Yes,,Pollution,2310,Environmental Science,,individual,1.0,Earth Sciences
Volvo Environment Prize,2023,Eduardo Brondizio,For world-leading research in complex systems thinking embedded in an ethnographic approach,https://en.wikipedia.org/wiki/Eduardo_Brondizio,https://openalex.org/authors/A5021687049,Global and Planetary Change,2306.0,Environmental Science,Physical Sciences,Yes,,Global and Planetary Change,2306,Environmental Science,,individual,1.0,Earth Sciences
Volvo Environment Prize,2024,Frank Biermann,For defining new pathways for international environmental governance,https://en.wikipedia.org/wiki/Frank_Biermann,https://openalex.org/authors/A5010644863,Global and Planetary Change,2306.0,Environmental Science,Physical Sciences,Yes,,Global and Planetary Change,2306,Environmental Science,,individual,1.0,Earth Sciences
Von Hippel Award,2015,Richard Friend,For pioneering organic semiconductor physics,https://en.wikipedia.org/wiki/Richard_Friend,https://openalex.org/authors/A5060458159,Electrical and Electronic Engineering,2208.0,Engineering,Physical Sciences,Yes,,Electrical and Electronic Engineering,2208,Engineering,,individual,1.0,"Computing, electrical"
Von Hippel Award,2016,Charles M. Lieber,For pioneering nanoscale wires and their applications in biology and medicine,https://en.wikipedia.org/wiki/Charles_M._Lieber,https://openalex.org/authors/A5084836278,Biomedical Engineering,2204.0,Engineering,Physical Sciences,Yes,,Biomedical Engineering,2204,Engineering,,individual,1.0,Bioengineering and biomedical engineering
Von Hippel Award,2017,C.N.R. Rao,For interdisciplinary contributions to novel functional materials,https://en.wikipedia.org/wiki/C._N._R._Rao,https://openalex.org/authors/A5111705460,Materials Chemistry,2505.0,Materials Science,Physical Sciences,Yes,,Materials Chemistry,2505,Materials Science,,individual,1.0,Materials and mining engineering
Von Hippel Award,2018,Hideo Hosono,"For iron-based superconductors, transparent oxide semiconductors, and electrides",https://en.wikipedia.org/wiki/Hideo_Hosono,https://openalex.org/authors/A5007812423,"Electronic, Optical and Magnetic Materials",2504.0,Materials Science,Physical Sciences,Yes,,"Electronic, Optical and Magnetic Materials",2504,Materials Science,,individual,1.0,Materials and mining engineering
Von Hippel Award,2019,Jerry D. Tersoff,For theoretical models of nanoscale electronic materials,https://en.wikipedia.org/wiki/Jerry_D._Tersoff,https://openalex.org/authors/A5026152928,Condensed Matter Physics,3104.0,Physics and Astronomy,Physical Sciences,Yes,https://openalex.org/authors/A5026152928,Condensed Matter Physics,3104,Physics and Astronomy,"No URL in file. Found J. Tersoff A5026152928 (334 works, 54601 citations, IBM Research).",individual,1.0,Physics & Astronomy
Von Hippel Award,2020,Cato T. Laurencin,For engineering musculoskeletal tissues and promoting diversity in science,https://en.wikipedia.org/wiki/Cato_T._Laurencin,https://openalex.org/authors/A5089380253,Biomedical Engineering,2204.0,Engineering,Physical Sciences,Yes,,Biomedical Engineering,2204,Engineering,,individual,1.0,Bioengineering and biomedical engineering
Von Hippel Award,2021,Harry Atwater,"For nanophotonics, plasmonics, and solar energy conversion research",https://en.wikipedia.org/wiki/Harry_Atwater,https://openalex.org/authors/A5082887836,Biomedical Engineering,2204.0,Engineering,Physical Sciences,Yes,,"Electronic, Optical and Magnetic Materials",2504,Materials Science,Existing subfield Biomedical Engineering changed - nanophotonics/solar energy researcher at Caltech.,individual,1.0,Materials and mining engineering
Von Hippel Award,2022,Samuel I. Stupp,For supramolecular materials science and self-assembly,https://en.wikipedia.org/wiki/Samuel_I._Stupp,https://openalex.org/authors/A5079222349,Biomaterials,2502.0,Materials Science,Physical Sciences,Yes,,Biomaterials,2502,Materials Science,,individual,1.0,Materials and mining engineering
Von Hippel Award,2023,Reshef Tenne,For inorganic nanotubes and fullerene-like nanoparticles,https://en.wikipedia.org/wiki/Reshef_Tenne,https://openalex.org/authors/A5066091521,Materials Chemistry,2505.0,Materials Science,Physical Sciences,Yes,,Materials Chemistry,2505,Materials Science,,individual,1.0,Materials and mining engineering
Von Hippel Award,2024,Claudia Felser,"For topological materials, Heusler compounds, and materials design",https://en.wikipedia.org/wiki/Claudia_Felser,https://openalex.org/authors/A5083892665,"Atomic and Molecular Physics, and Optics",3107.0,Physics and Astronomy,Physical Sciences,Yes,,"Electronic, Optical and Magnetic Materials",2504,Materials Science,Existing subfield Atomic and Molecular Physics changed to Electronic/Optical/Magnetic Materials for topological materials researcher.,individual,1.0,Materials and mining engineering
Warren Alpert Foundation Prize,2015,Ruth S. Nussenzweig,For discoveries in parasitology and malaria vaccine-based approaches,https://en.wikipedia.org/wiki/Ruth_S._Nussenzweig,https://openalex.org/authors/A5024075142,"Public Health, Environmental and Occupational Health",2739.0,Medicine,Health Sciences,Yes,,Immunology,2403,Immunology and Microbiology,Existing subfield Public Health plausible; Immunology better for malaria immunologist.,individual,1.0,Life Sciences & Medicine
Warren Alpert Foundation Prize,2015,Tu Youyou,For discovery of artemisinin for malaria treatment,https://en.wikipedia.org/wiki/Tu_Youyou,https://openalex.org/authors/A5010459426,"Public Health, Environmental and Occupational Health",2739.0,Medicine,Health Sciences,Yes,,Pharmacology,2736,Medicine,Existing subfield Public Health plausible; Pharmacology better for artemisinin discoverer.,individual,1.0,Life Sciences & Medicine
Warren Alpert Foundation Prize,2015,Victor Nussenzweig,For discoveries in parasitology and malaria vaccine-based approaches,https://en.wikipedia.org/wiki/Victor_Nussenzweig,https://openalex.org/authors/A5091795718,"Public Health, Environmental and Occupational Health",2739.0,Medicine,Health Sciences,Yes,,Immunology,2403,Immunology and Microbiology,Existing subfield Public Health plausible; Immunology better for malaria immunologist.,individual,1.0,Life Sciences & Medicine
Warren Alpert Foundation Prize,2016,Emmanuelle Charpentier,For contributions to understanding CRISPR and genome editing,https://en.wikipedia.org/wiki/Emmanuelle_Charpentier,https://openalex.org/authors/A5074743574,Molecular Biology,1312.0,"Biochemistry, Genetics and Molecular Biology",Life Sciences,Yes,,Molecular Biology,1312,"Biochemistry, Genetics and Molecular Biology",,individual,1.0,Life Sciences & Medicine
Warren Alpert Foundation Prize,2016,Jennifer Doudna,For contributions to understanding CRISPR and genome editing,https://en.wikipedia.org/wiki/Jennifer_Doudna,https://openalex.org/authors/A5067184382,Molecular Biology,1312.0,"Biochemistry, Genetics and Molecular Biology",Life Sciences,Yes,,Molecular Biology,1312,"Biochemistry, Genetics and Molecular Biology",,individual,1.0,Life Sciences & Medicine
Warren Alpert Foundation Prize,2016,Philippe Horvath,For contributions to understanding the CRISPR bacterial defense system,https://en.wikipedia.org/wiki/Philippe_Horvath,https://openalex.org/authors/A5008191157,Molecular Biology,1312.0,"Biochemistry, Genetics and Molecular Biology",Life Sciences,Yes,,Molecular Biology,1312,"Biochemistry, Genetics and Molecular Biology",,individual,1.0,Life Sciences & Medicine
Warren Alpert Foundation Prize,2016,Rodolphe Barrangou,For contributions to understanding the CRISPR bacterial defense system,https://en.wikipedia.org/wiki/Rodolphe_Barrangou,https://openalex.org/authors/A5085166852,Molecular Biology,1312.0,"Biochemistry, Genetics and Molecular Biology",Life Sciences,Yes,,Molecular Biology,1312,"Biochemistry, Genetics and Molecular Biology",,individual,1.0,Life Sciences & Medicine
Warren Alpert Foundation Prize,2016,Virginijus Siksnys,,,https://openalex.org/authors/A5001141726,Molecular Biology,1312.0,"Biochemistry, Genetics and Molecular Biology",Life Sciences,Yes,,Molecular Biology,1312,"Biochemistry, Genetics and Molecular Biology","2026-09-11 coverage audit: added, add colaureate; id and field copied from the laureate's existing row (Kavli Prize in Nanoscience 2018). Source: https://www.eurekalert.org/news-releases/896001",individual,1.0,Life Sciences & Medicine
Warren Alpert Foundation Prize,2017,Arlene Sharpe,For discoveries in cancer immunotherapy through immune checkpoint pathways,https://en.wikipedia.org/wiki/Arlene_Sharpe,https://openalex.org/authors/A5044052948,Immunology,2403.0,Immunology and Microbiology,Life Sciences,Yes,,Immunology,2403,Immunology and Microbiology,,individual,1.0,Life Sciences & Medicine
Warren Alpert Foundation Prize,2017,Gordon Freeman,For discoveries in cancer immunotherapy through immune checkpoint pathways,https://en.wikipedia.org/wiki/Gordon_Freeman,https://openalex.org/authors/A5075310347,Oncology,2730.0,Medicine,Health Sciences,Yes,,Immunology,2403,Immunology and Microbiology,Existing subfield Oncology plausible; Immunology better for immune checkpoint researcher.,individual,1.0,Life Sciences & Medicine
Warren Alpert Foundation Prize,2017,James Allison,For discoveries in cancer immunotherapy through immune checkpoint pathways,https://en.wikipedia.org/wiki/James_Allison,https://openalex.org/authors/A5047117233,Oncology,2730.0,Medicine,Health Sciences,Yes,,Immunology,2403,Immunology and Microbiology,Existing subfield Oncology plausible; Immunology better for immune checkpoint researcher.,individual,1.0,Life Sciences & Medicine
Warren Alpert Foundation Prize,2017,Lieping Chen,For discoveries in cancer immunotherapy through immune checkpoint pathways,https://en.wikipedia.org/wiki/Lieping_Chen,https://openalex.org/authors/A5035295243,Immunology,2403.0,Immunology and Microbiology,Life Sciences,Yes,,Immunology,2403,Immunology and Microbiology,,individual,1.0,Life Sciences & Medicine
Warren Alpert Foundation Prize,2017,Tasuku Honjo,For discoveries in cancer immunotherapy through immune checkpoint pathways,https://en.wikipedia.org/wiki/Tasuku_Honjo,https://openalex.org/authors/A5019039647,Immunology,2403.0,Immunology and Microbiology,Life Sciences,Yes,,Immunology,2403,Immunology and Microbiology,,individual,1.0,Life Sciences & Medicine
Warren Alpert Foundation Prize,2018,Bonnie Ramsey,,,https://openalex.org/authors/A5008375832,Pulmonary and Respiratory Medicine,2740.0,Medicine,Health Sciences,Yes,,Pulmonary and Respiratory Medicine,2740,Medicine,"2026-09-11 coverage audit: added, add colaureate; id from the snapshot name scan, largest field-consistent profile (261 works). Source: https://medicine.uiowa.edu/news/2018/06/uis-welsh-among-team-scientists-sharing-2018-warren-alpert-foundation-prize",individual,1.0,Life Sciences & Medicine
Warren Alpert Foundation Prize,2018,Francis Collins,For discovery of the CFTR gene and development of treatments for cystic fibrosis,https://en.wikipedia.org/wiki/Francis_Collins,https://openalex.org/authors/A5111808639,Cancer Research,1306.0,"Biochemistry, Genetics and Molecular Biology",Life Sciences,Yes,,Genetics,2716,Medicine,Existing subfield Cancer Research plausible; Genetics better for Human Genome Project / CFTR gene.,individual,1.0,Life Sciences & Medicine
Warren Alpert Foundation Prize,2018,Lap-Chee Tsui,For discovery of the CFTR gene and development of treatments for cystic fibrosis,https://en.wikipedia.org/wiki/Lap-Chee_Tsui,https://openalex.org/authors/A5113604189,Pulmonary and Respiratory Medicine,2740.0,Medicine,Health Sciences,Yes,,Pulmonary and Respiratory Medicine,2740,Medicine,,individual,1.0,Life Sciences & Medicine
Warren Alpert Foundation Prize,2018,Michael Welsh,For discovering how mutations in the CFTR gene lead to cystic fibrosis,https://en.wikipedia.org/wiki/Michael_Welsh,https://openalex.org/authors/A5037321572,Surgery,2746.0,Medicine,Health Sciences,Yes,https://openalex.org/authors/A5037321572,Pulmonary and Respiratory Medicine,2740,Medicine,"Wrong profile (Michael Welsh at Uppsala, diabetes). Corrected to Michael J. Welsh A5037321572 at U of Iowa/HHMI (CFTR researcher).",individual,1.0,Life Sciences & Medicine
Warren Alpert Foundation Prize,2018,Paul Negulescu,For development of CFTR modulator therapies for cystic fibrosis,https://en.wikipedia.org/wiki/Paul_Negulescu,https://openalex.org/authors/A5109316639,Molecular Biology,1312.0,"Biochemistry, Genetics and Molecular Biology",Life Sciences,Yes,,Molecular Biology,1312,"Biochemistry, Genetics and Molecular Biology",,individual,1.0,Life Sciences & Medicine
Warren Alpert Foundation Prize,2019,Edward Boyden,For development of optogenetics,https://en.wikipedia.org/wiki/Edward_Boyden,https://openalex.org/authors/A5109593948,Cellular and Molecular Neuroscience,2804.0,Neuroscience,Life Sciences,Yes,,Cellular and Molecular Neuroscience,2804,Neuroscience,,individual,1.0,Life Sciences & Medicine
Warren Alpert Foundation Prize,2019,Gero Miesenboeck,For development of optogenetics,https://en.wikipedia.org/wiki/Gero_Miesenb%C3%B6ck,https://openalex.org/authors/A5041526781,Cellular and Molecular Neuroscience,2804.0,Neuroscience,Life Sciences,Yes,,Cellular and Molecular Neuroscience,2804,Neuroscience,,individual,1.0,Life Sciences & Medicine
Warren Alpert Foundation Prize,2019,Karl Deisseroth,For development of optogenetics,https://en.wikipedia.org/wiki/Karl_Deisseroth,https://openalex.org/authors/A5014360828,Cellular and Molecular Neuroscience,2804.0,Neuroscience,Life Sciences,Yes,,Cellular and Molecular Neuroscience,2804,Neuroscience,,individual,1.0,Life Sciences & Medicine
Warren Alpert Foundation Prize,2019,Peter Hegemann,For development of optogenetics,https://en.wikipedia.org/wiki/Peter_Hegemann,https://openalex.org/authors/A5032787107,Cellular and Molecular Neuroscience,2804.0,Neuroscience,Life Sciences,Yes,,Cellular and Molecular Neuroscience,2804,Neuroscience,,individual,1.0,Life Sciences & Medicine
Warren Alpert Foundation Prize,2020,Daniel Drucker,For elucidating the function of key intestinal hormones and development of treatments for type 2 diabetes and obesity,https://en.wikipedia.org/wiki/Daniel_Drucker,https://openalex.org/authors/A5057472647,"Endocrinology, Diabetes and Metabolism",2712.0,Medicine,Health Sciences,Yes,,"Endocrinology, Diabetes and Metabolism",2712,Medicine,,individual,1.0,Life Sciences & Medicine
Warren Alpert Foundation Prize,2020,Jens Juul Holst,For elucidating the function of key intestinal hormones and development of treatments for type 2 diabetes and obesity,https://en.wikipedia.org/wiki/Jens_Juul_Holst,https://openalex.org/authors/A5085434984,"Endocrinology, Diabetes and Metabolism",2712.0,Medicine,Health Sciences,Yes,https://openalex.org/authors/A5085434984,"Endocrinology, Diabetes and Metabolism",2712,Medicine,"2026-09-09 snapshot audit: id -> A5085434984 (Jens J. Holst, Copenhagen, 160,017 cites); previous A5069188720 = Jens Pedersen",individual,1.0,Life Sciences & Medicine
Warren Alpert Foundation Prize,2020,Joel Habener,For elucidating the function of key intestinal hormones and development of treatments for type 2 diabetes and obesity,https://en.wikipedia.org/wiki/Joel_Habener,https://openalex.org/authors/A5034913449,Surgery,2746.0,Medicine,Health Sciences,Yes,,"Endocrinology, Diabetes and Metabolism",2712,Medicine,Existing subfield Surgery changed to Endocrinology - GLP-1 researcher.,individual,1.0,Life Sciences & Medicine
Warren Alpert Foundation Prize,2021,Joan Steitz,For seminal discoveries in the biology and function of RNA,https://en.wikipedia.org/wiki/Joan_Steitz,https://openalex.org/authors/A5035064101,Molecular Biology,1312.0,"Biochemistry, Genetics and Molecular Biology",Life Sciences,Yes,,Molecular Biology,1312,"Biochemistry, Genetics and Molecular Biology",,individual,1.0,Life Sciences & Medicine
Warren Alpert Foundation Prize,2021,Lynne Maquat,For seminal discoveries in the biology and function of RNA,https://en.wikipedia.org/wiki/Lynne_Maquat,https://openalex.org/authors/A5057074176,Molecular Biology,1312.0,"Biochemistry, Genetics and Molecular Biology",Life Sciences,Yes,,Molecular Biology,1312,"Biochemistry, Genetics and Molecular Biology",,individual,1.0,Life Sciences & Medicine
Warren Alpert Foundation Prize,2022,Drew Weissman,For pioneering discoveries in mRNA biology and design of mRNA-based COVID-19 vaccines,https://en.wikipedia.org/wiki/Drew_Weissman,https://openalex.org/authors/A5068253145,Molecular Biology,1312.0,"Biochemistry, Genetics and Molecular Biology",Life Sciences,Yes,,Molecular Biology,1312,"Biochemistry, Genetics and Molecular Biology",,individual,1.0,Life Sciences & Medicine
Warren Alpert Foundation Prize,2022,Eric Huang,For pioneering discoveries in mRNA biology and design of mRNA-based COVID-19 vaccines,https://en.wikipedia.org/wiki/Eric_Huang,,Neurology,2728.0,Medicine,Health Sciences,Yes,,Molecular Biology,1312,"Biochemistry, Genetics and Molecular Biology","Wrong profile (Eric J. Huang, neuroscientist). No correct academic profile found for Moderna VP Eric Huang. | 2026-09-09 snapshot audit: id removed (A5036894949 = Eric J. Huang, neuroscientist); no profile for the Moderna researcher",individual,1.0,Life Sciences & Medicine
Warren Alpert Foundation Prize,2022,Katalin Kariko,For pioneering discoveries in mRNA biology and design of mRNA-based COVID-19 vaccines,https://en.wikipedia.org/wiki/Katalin_Karik%C3%B3,https://openalex.org/authors/A5030598859,Molecular Biology,1312.0,"Biochemistry, Genetics and Molecular Biology",Life Sciences,Yes,,Molecular Biology,1312,"Biochemistry, Genetics and Molecular Biology",,individual,1.0,Life Sciences & Medicine
Warren Alpert Foundation Prize,2022,Ozlem Tureci,For pioneering discoveries in mRNA biology and design of mRNA-based COVID-19 vaccines,https://en.wikipedia.org/wiki/%C3%96zlem_T%C3%BCreci,https://openalex.org/authors/A5000036560,Immunology,2403.0,Immunology and Microbiology,Life Sciences,Yes,,Immunology,2403,Immunology and Microbiology,,individual,1.0,Life Sciences & Medicine
Warren Alpert Foundation Prize,2022,Ugur Sahin,For pioneering discoveries in mRNA biology and design of mRNA-based COVID-19 vaccines,https://en.wikipedia.org/wiki/U%C4%9Fur_%C5%9Eahin,https://openalex.org/authors/A5075617216,Immunology,2403.0,Immunology and Microbiology,Life Sciences,Yes,,Immunology,2403,Immunology and Microbiology,,individual,1.0,Life Sciences & Medicine
Warren Alpert Foundation Prize,2023,David J. Lipman,For visionary work in computational tools and infrastructure that transformed biological information analysis,https://en.wikipedia.org/wiki/David_J._Lipman,https://openalex.org/authors/A5056652131,Molecular Biology,1312.0,"Biochemistry, Genetics and Molecular Biology",Life Sciences,Yes,,Molecular Biology,1312,"Biochemistry, Genetics and Molecular Biology",,individual,1.0,Life Sciences & Medicine
Warren Alpert Foundation Prize,2024,Carl June,For transformational discoveries leading to creation of CAR T cells,https://en.wikipedia.org/wiki/Carl_June,https://openalex.org/authors/A5008558372,Oncology,2730.0,Medicine,Health Sciences,Yes,,Oncology,2730,Medicine,,individual,1.0,Life Sciences & Medicine
Warren Alpert Foundation Prize,2024,Michel Sadelain,For transformational discoveries leading to creation of CAR T cells,https://en.wikipedia.org/wiki/Michel_Sadelain,https://openalex.org/authors/A5059625599,Oncology,2730.0,Medicine,Health Sciences,Yes,,Oncology,2730,Medicine,,individual,1.0,Life Sciences & Medicine
Warren Alpert Foundation Prize,2024,Renier Brentjens,For transformational discoveries leading to creation of CAR T cells,https://en.wikipedia.org/wiki/Renier_Brentjens,https://openalex.org/authors/A5065556543,Oncology,2730.0,Medicine,Health Sciences,Yes,,Oncology,2730,Medicine,,individual,1.0,Life Sciences & Medicine
Warren Alpert Foundation Prize,2024,Zelig Eshhar,For transformational discoveries leading to creation of CAR T cells,https://en.wikipedia.org/wiki/Zelig_Eshhar,https://openalex.org/authors/A5055773624,"Radiology, Nuclear Medicine and Imaging",2741.0,Medicine,Health Sciences,Yes,,Immunology,2403,Immunology and Microbiology,Existing subfield Radiology/Nuclear Medicine changed to Immunology - CAR-T cell pioneer.,individual,1.0,Life Sciences & Medicine
Wolf Prize in Agriculture,2015,Linda J. Saif,For advancing animal and human health through research in virology and immunology,https://en.wikipedia.org/wiki/Linda_Saif,https://openalex.org/authors/A5064559752,Infectious Diseases,2725.0,Medicine,Health Sciences,Yes,,Infectious Diseases,2725,Medicine,"Row was 'Not awarded' in error; corrected by fix_wolf_agriculture_2015.py (Wolf Foundation: wolffund.org.il/linda-j-saif/). Profile A5064559752 confirmed (Ohio State, enteric viruses).",individual,1.0,Life Sciences & Medicine
Wolf Prize in Agriculture,2016,Trudy Mackay,For pioneering studies on genetic architecture of complex traits and quantitative genetics,https://en.wikipedia.org/wiki/Trudy_Mackay,https://openalex.org/authors/A5028037557,Cellular and Molecular Neuroscience,2804.0,Neuroscience,Life Sciences,Yes,,Animal Science and Zoology,https://openalex.org/subfields/1103,Agricultural and Biological Sciences,"Reclassified: quantitative genetics in agriculture, not molecular bio",individual,1.0,Ag. & natural resources
Wolf Prize in Agriculture,2018,Gene Robinson,For leading the genomics revolution in honey bee biology,https://en.wikipedia.org/wiki/Gene_Robinson,https://openalex.org/authors/A5081237251,Genetics,1311.0,"Biochemistry, Genetics and Molecular Biology",Life Sciences,Yes,,Plant Science,https://openalex.org/subfields/1110,Agricultural and Biological Sciences,"Reclassified: plant reproductive biology, not molecular bio",individual,1.0,Ag. & natural resources
Wolf Prize in Agriculture,2019,David Zilberman,For developing economic models for agriculture and policy; first social scientist to win,https://en.wikipedia.org/wiki/David_Zilberman,https://openalex.org/authors/A5000303214,Economics and Econometrics,2002.0,"Economics, Econometrics and Finance",Social Sciences,Yes,,Economics and Econometrics,2002,"Economics, Econometrics and Finance",,individual,1.0,Business & Econ
Wolf Prize in Agriculture,2020,Caroline Dean,For discoveries in flowering time control and epigenetic basis of vernalization,https://en.wikipedia.org/wiki/Caroline_Dean,https://openalex.org/authors/A5074175217,Plant Science,1110.0,Agricultural and Biological Sciences,Life Sciences,Yes,,Plant Science,1110,Agricultural and Biological Sciences,,individual,1.0,Ag. & natural resources
Wolf Prize in Agriculture,2022,Pamela Ronald,For contributions to plant immune systems and improved rice varieties,https://en.wikipedia.org/wiki/Pamela_Ronald,https://openalex.org/authors/A5056619719,Plant Science,1110.0,Agricultural and Biological Sciences,Life Sciences,Yes,,Plant Science,1110,Agricultural and Biological Sciences,,individual,1.0,Ag. & natural resources
Wolf Prize in Agriculture,2023,Marthen van Genuchten,For understanding water flow and solute transport in soils,https://en.wikipedia.org/wiki/Martinus_Th._van_Genuchten,https://openalex.org/authors/A5067513167,Soil Science,1111.0,Agricultural and Biological Sciences,Life Sciences,Yes,https://openalex.org/authors/A5067513167,Soil Science,1111,Agricultural and Biological Sciences,"No URL in file. Found Martinus Th. van Genuchten A5067513167 (429 works, 67778 citations).",individual,1.0,Ag. & natural resources
Wolf Prize in Agriculture,2024,Elliot Meyerowitz,For understanding plant development and growth,https://en.wikipedia.org/wiki/Elliot_Meyerowitz,https://openalex.org/authors/A5082944327,Plant Science,1110.0,Agricultural and Biological Sciences,Life Sciences,Yes,,Plant Science,1110,Agricultural and Biological Sciences,,individual,1.0,Ag. & natural resources
Wolf Prize in Agriculture,2024,Joanne Chory,"For understanding plant growth, development, and adaptation",https://en.wikipedia.org/wiki/Joanne_Chory,https://openalex.org/authors/A5003016098,Plant Science,1110.0,Agricultural and Biological Sciences,Life Sciences,Yes,,Plant Science,1110,Agricultural and Biological Sciences,,individual,1.0,Ag. & natural resources
Wolf Prize in Agriculture,2024,Venkatesan Sundaresan,For understanding plant reproduction and development,https://en.wikipedia.org/wiki/Venkatesan_Sundaresan,https://openalex.org/authors/A5039726955,Plant Science,1110.0,Agricultural and Biological Sciences,Life Sciences,Yes,,Plant Science,1110,Agricultural and Biological Sciences,,individual,1.0,Ag. & natural resources
Wolf Prize in Chemistry,2016,K. C. Nicolaou,"For their impact in chemistry, biology, and medicine",https://en.wikipedia.org/wiki/K._C._Nicolaou,https://openalex.org/authors/A5065008454,Organic Chemistry,1605.0,Chemistry,Physical Sciences,Yes,,Organic Chemistry,1605.0,Chemistry,,individual,1.0,Chemistry
Wolf Prize in Chemistry,2016,Stuart Schreiber,"For their impact in chemistry, biology, and medicine",https://en.wikipedia.org/wiki/Stuart_Schreiber,https://openalex.org/authors/A5035618234,Molecular Biology,1312.0,"Biochemistry, Genetics and Molecular Biology",Life Sciences,Yes,,Molecular Biology,1312.0,"Biochemistry, Genetics and Molecular Biology",,individual,1.0,Life Sciences & Medicine
Wolf Prize in Chemistry,2017,Robert Bergman,For the discovery of the activation of C-H bonds by soluble transition metal complexes,https://en.wikipedia.org/wiki/Robert_G._Bergman,https://openalex.org/authors/A5047518475,Materials Chemistry,2505.0,Materials Science,Physical Sciences,Yes,,Organic Chemistry,1605.0,Chemistry,"Subfield changed from Materials Chemistry; organometallic chemist, Wolf Prize in Chemistry.",individual,1.0,Chemistry
Wolf Prize in Chemistry,2018,Makoto Fujita,For pioneering reticular chemistry and the design of porous materials,https://en.wikipedia.org/wiki/Makoto_Fujita,https://openalex.org/authors/A5019559729,Materials Chemistry,2505.0,Materials Science,Physical Sciences,Yes,,Materials Chemistry,2505.0,Materials Science,,individual,1.0,Materials and mining engineering
Wolf Prize in Chemistry,2018,Omar Yaghi,For pioneering reticular chemistry and the design of porous materials,https://en.wikipedia.org/wiki/Omar_M._Yaghi,https://openalex.org/authors/A5044268160,Inorganic Chemistry,1604.0,Chemistry,Physical Sciences,Yes,,Inorganic Chemistry,1604.0,Chemistry,,individual,1.0,Chemistry
Wolf Prize in Chemistry,2019,John Hartwig,For the development of highly efficient transition metal catalysts for organic synthesis,https://en.wikipedia.org/wiki/John_F._Hartwig,https://openalex.org/authors/A5088865204,Organic Chemistry,1605.0,Chemistry,Physical Sciences,Yes,,Organic Chemistry,1605.0,Chemistry,,individual,1.0,Chemistry
Wolf Prize in Chemistry,2019,Stephen Buchwald,For the development of highly efficient transition metal catalysts for organic synthesis,https://en.wikipedia.org/wiki/Stephen_L._Buchwald,https://openalex.org/authors/A5039233288,Organic Chemistry,1605.0,Chemistry,Physical Sciences,Yes,,Organic Chemistry,1605.0,Chemistry,,individual,1.0,Chemistry
Wolf Prize in Chemistry,2021,Leslie Leiserowitz,For establishing fundamental influences of 3D molecular structures upon organic crystals,https://en.wikipedia.org/wiki/Leslie_Leiserowitz,https://openalex.org/authors/A5058149110,Materials Chemistry,2505.0,Materials Science,Physical Sciences,Yes,,Materials Chemistry,2505.0,Materials Science,,individual,1.0,Materials and mining engineering
Wolf Prize in Chemistry,2021,Meir Lahav,For establishing fundamental influences of 3D molecular structures upon organic crystals,https://en.wikipedia.org/wiki/Meir_Lahav,https://openalex.org/authors/A5071070425,Materials Chemistry,2505.0,Materials Science,Physical Sciences,Yes,,Materials Chemistry,2505.0,Materials Science,,individual,1.0,Materials and mining engineering
Wolf Prize in Chemistry,2022,Benjamin Cravatt,For inventing chemical methodologies to study biological processes,https://en.wikipedia.org/wiki/Benjamin_Cravatt,https://openalex.org/authors/A5054637908,Pharmacology,2736.0,Medicine,Health Sciences,Yes,,Organic Chemistry,1605.0,Chemistry,Subfield changed from Pharmacology (Medicine); Wolf Prize in Chemistry for chemical biology. Topic #2 is Organic Chemistry (Click Chemistry).,individual,1.0,Chemistry
Wolf Prize in Chemistry,2022,Bonnie Bassler,For seminal contributions to understanding the chemistry of cellular communication,https://en.wikipedia.org/wiki/Bonnie_Bassler,https://openalex.org/authors/A5034726213,Molecular Biology,1312.0,"Biochemistry, Genetics and Molecular Biology",Life Sciences,Yes,,Molecular Biology,1312.0,"Biochemistry, Genetics and Molecular Biology",,individual,1.0,Life Sciences & Medicine
Wolf Prize in Chemistry,2022,Carolyn Bertozzi,For inventing chemical methodologies to study biological processes,https://en.wikipedia.org/wiki/Carolyn_R._Bertozzi,https://openalex.org/authors/A5088409133,Molecular Biology,1312.0,"Biochemistry, Genetics and Molecular Biology",Life Sciences,Yes,,Molecular Biology,1312.0,"Biochemistry, Genetics and Molecular Biology",,individual,1.0,Life Sciences & Medicine
Wolf Prize in Chemistry,2023,Chuan He,For contributions to the chemistry of RNA modifications,https://en.wikipedia.org/wiki/Chuan_He,https://openalex.org/authors/A5091114864,Molecular Biology,1312.0,"Biochemistry, Genetics and Molecular Biology",Life Sciences,Yes,,Molecular Biology,1312.0,"Biochemistry, Genetics and Molecular Biology",,individual,1.0,Life Sciences & Medicine
Wolf Prize in Chemistry,2023,Hiroaki Suga,For contributions to mRNA display technology for drug discovery,https://en.wikipedia.org/wiki/Hiroaki_Suga,https://openalex.org/authors/A5017224243,Molecular Biology,1312.0,"Biochemistry, Genetics and Molecular Biology",Life Sciences,Yes,,Molecular Biology,1312.0,"Biochemistry, Genetics and Molecular Biology",,individual,1.0,Life Sciences & Medicine
Wolf Prize in Chemistry,2023,Jeffery Kelly,For contributions to understanding and treatment of protein misfolding diseases,https://en.wikipedia.org/wiki/Jeffery_W._Kelly,https://openalex.org/authors/A5081499831,Physiology,2737.0,Medicine,Health Sciences,Yes,https://openalex.org/authors/A5081499831,Molecular Biology,1312.0,"Biochemistry, Genetics and Molecular Biology","WRONG PROFILE: A5022090615 is Ralph A. Nixon. Corrected to A5081499831 (Jeffery W. Kelly, Scripps, 611 works, protein misfolding/amyloidosis).",individual,1.0,Life Sciences & Medicine
Wolf Prize in Mathematics,2015,James Arthur,For his monumental work on the trace formula and automorphic representations,https://en.wikipedia.org/wiki/James_Arthur,https://openalex.org/authors/A5104093354,Plant Science,1110.0,Agricultural and Biological Sciences,Life Sciences,Yes,https://openalex.org/authors/A5104093354,Algebra and Number Theory,2602.0,Mathematics,"Wrong person. Original profile is plant scientist James A. Birchler at U of Missouri. Corrected to James Arthur at U of Toronto (trace formula, automorphic representations). Best subfield manually assigned: Algebra and Number Theory.",individual,1.0,Math
Wolf Prize in Mathematics,2017,Charles Fefferman,"For contributions to complex analysis, partial differential equations and subelliptic problems",https://en.wikipedia.org/wiki/Charles_Fefferman,https://openalex.org/authors/A5112466211,Applied Mathematics,2604.0,Mathematics,Physical Sciences,Yes,,Applied Mathematics,2604.0,Mathematics,"Profile correct (Charles Fefferman, Princeton). Applied Mathematics correct.",individual,1.0,Math
Wolf Prize in Mathematics,2017,Richard Schoen,For contributions to geometric analysis and differential geometry,https://en.wikipedia.org/wiki/Richard_Schoen,https://openalex.org/authors/A5021335279,Applied Mathematics,2604.0,Mathematics,Physical Sciences,Yes,,Applied Mathematics,2604.0,Mathematics,"Profile correct (Richard Schoen, UCI/Stanford). Applied Mathematics correct for geometric analysis.",individual,1.0,Math
Wolf Prize in Mathematics,2018,Alexander Beilinson,"For deep work on algebraic geometry, representation theory and number theory",https://en.wikipedia.org/wiki/Alexander_Beilinson,https://openalex.org/authors/A5071623534,Geometry and Topology,2608.0,Mathematics,Physical Sciences,Yes,,Geometry and Topology,2608.0,Mathematics,"Profile correct (Alexander Beilinson, U Chicago). Geometry and Topology correct.",individual,1.0,Math
Wolf Prize in Mathematics,2018,Vladimir Drinfeld,"For deep work on algebraic geometry, representation theory and number theory",https://en.wikipedia.org/wiki/Vladimir_Drinfeld,https://openalex.org/authors/A5065065712,Mathematical Physics,2610.0,Mathematics,Physical Sciences,Yes,,Mathematical Physics,2610.0,Mathematics,"Profile correct (Vladimir Drinfeld, U Chicago). Mathematical Physics correct.",individual,1.0,Math
Wolf Prize in Mathematics,2019,Gregory Lawler,,,https://openalex.org/authors/A5067187205,Mathematical Physics,2610.0,Mathematics,Physical Sciences,Yes,,Mathematical Physics,2610.0,Mathematics,"2026-09-11 coverage audit: added, add colaureate; id from the snapshot name scan, largest field-consistent profile (254 works). Source: https://wolffund.org.il/gregory-lawler/",individual,1.0,Math
Wolf Prize in Mathematics,2019,Jean-Francois Le Gall,For his deep and elegant work on stochastic processes,https://en.wikipedia.org/wiki/Jean-Fran%C3%A7ois_Le_Gall,https://openalex.org/authors/A5041726377,Mathematical Physics,2610.0,Mathematics,Physical Sciences,Yes,,Mathematical Physics,2610.0,Mathematics,"Profile correct (Jean-Francois Le Gall, Paris-Saclay). Mathematical Physics correct (stochastic processes).",individual,1.0,Math
Wolf Prize in Mathematics,2020,Simon Donaldson,For contributions to differential geometry and topology,https://en.wikipedia.org/wiki/Simon_Donaldson,https://openalex.org/authors/A5028118630,Geometry and Topology,2608.0,Mathematics,Physical Sciences,Yes,,Geometry and Topology,2608.0,Mathematics,"Profile correct (Simon Donaldson, Imperial College). Geometry and Topology correct.",individual,1.0,Math
Wolf Prize in Mathematics,2020,Yakov Eliashberg,For contributions to differential geometry and topology,https://en.wikipedia.org/wiki/Yakov_Eliashberg,https://openalex.org/authors/A5012294913,Geometry and Topology,2608.0,Mathematics,Physical Sciences,Yes,,Geometry and Topology,2608.0,Mathematics,"Profile correct (Yakov Eliashberg, Stanford). Geometry and Topology correct.",individual,1.0,Math
Wolf Prize in Mathematics,2022,George Lusztig,For groundbreaking contributions to representation theory,https://en.wikipedia.org/wiki/George_Lusztig,https://openalex.org/authors/A5067326744,Mathematical Physics,2610.0,Mathematics,Physical Sciences,Yes,,Mathematical Physics,2610.0,Mathematics,"Profile correct (G. Lusztig, MIT). Mathematical Physics correct for representation theory.",individual,1.0,Math
Wolf Prize in Mathematics,2023,Ingrid Daubechies,For her work in wavelet theory and applied harmonic analysis,https://en.wikipedia.org/wiki/Ingrid_Daubechies,https://openalex.org/authors/A5107519484,Computer Vision and Pattern Recognition,1707.0,Computer Science,Physical Sciences,Yes,,Applied Mathematics,2604.0,Mathematics,"Profile correct (Ingrid Daubechies, Duke). Subfield changed from Computer Vision to Applied Mathematics - more appropriate for math prize (wavelet theory/harmonic analysis).",individual,1.0,Math
Wolf Prize in Mathematics,2024,Adi Shamir,"For pioneering contributions to combinatorics, computer science, and number theory",https://en.wikipedia.org/wiki/Adi_Shamir,https://openalex.org/authors/A5009126679,Artificial Intelligence,1702.0,Computer Science,Physical Sciences,Yes,,Discrete Mathematics and Combinatorics,2607.0,Mathematics,"Profile correct (Adi Shamir, Weizmann). Subfield changed from Artificial Intelligence to Discrete Mathematics and Combinatorics - based on Wolf Prize citation mentioning combinatorics and number theory.",individual,1.0,Math
Wolf Prize in Mathematics,2024,Noga Alon,"For pioneering contributions to combinatorics, computer science, and number theory",https://en.wikipedia.org/wiki/Noga_Alon,https://openalex.org/authors/A5083469386,Computational Theory and Mathematics,1703.0,Computer Science,Physical Sciences,Yes,,Discrete Mathematics and Combinatorics,2607.0,Mathematics,"Profile correct (Noga Alon, Princeton/Toronto). Subfield changed from Computational Theory and Mathematics to Discrete Mathematics and Combinatorics - his #1 topic and appropriate for math prize.",individual,1.0,Math
Wolf Prize in Medicine,2015,Jeffrey Ravetch,,,https://openalex.org/authors/A5007474253,"Radiology, Nuclear Medicine and Imaging",2741.0,Medicine,Health Sciences,Yes,,"Radiology, Nuclear Medicine and Imaging",2741.0,Medicine,"2026-09-11 coverage audit: added, add colaureate; id from the snapshot name scan, largest field-consistent profile (389 works); REUSED_FROM:Robert Koch Award 2018. Source: https://www.rockefeller.edu/news/9238-jeffrey-ravetch-wins-wolf-prize-in-medicine/",individual,1.0,Life Sciences & Medicine
Wolf Prize in Medicine,2015,John Kappler,For discovering principles underlying immune recognition through T-cell receptors and their role in autoimmunity,https://en.wikipedia.org/wiki/John_Kappler,https://openalex.org/authors/A5040853234,Immunology,2403.0,Immunology and Microbiology,Life Sciences,Yes,,Immunology,2403.0,Immunology and Microbiology,,individual,1.0,Life Sciences & Medicine
Wolf Prize in Medicine,2015,Philippa Marrack,For discovering principles underlying immune recognition through T-cell receptors and their role in autoimmunity,https://en.wikipedia.org/wiki/Philippa_Marrack,https://openalex.org/authors/A5044329784,Immunology,2403.0,Immunology and Microbiology,Life Sciences,Yes,,Immunology,2403.0,Immunology and Microbiology,,individual,1.0,Life Sciences & Medicine
Wolf Prize in Medicine,2016,C. Ronald Kahn,For his pioneering studies defining insulin signaling and its alterations in disease,https://en.wikipedia.org/wiki/C._Ronald_Kahn,https://openalex.org/authors/A5051737440,Physiology,2737.0,Medicine,Health Sciences,Yes,,Physiology,2737.0,Medicine,,individual,1.0,Life Sciences & Medicine
Wolf Prize in Medicine,2016,Lewis C. Cantley,For his discovery of phosphoinositide-3 kinase (PI 3-Kinase) and its role in cancer metabolism,https://en.wikipedia.org/wiki/Lewis_C._Cantley,https://openalex.org/authors/A5057032257,Molecular Biology,1312.0,"Biochemistry, Genetics and Molecular Biology",Life Sciences,Yes,,Molecular Biology,1312.0,"Biochemistry, Genetics and Molecular Biology",,individual,1.0,Life Sciences & Medicine
Wolf Prize in Medicine,2017,James P. Allison,,,https://openalex.org/authors/A5047117233,Oncology,2730.0,Medicine,Health Sciences,Yes,,Oncology,2730.0,Medicine,"2026-09-11 coverage audit: added, add event; id and field copied from the laureate's existing row (Balzan Prize 2017). Source: https://wolffund.org.il/james-p-allison/",individual,1.0,Life Sciences & Medicine
Wolf Prize in Medicine,2019,Jeffrey M. Friedman,"For his discovery of leptin, a hormone that regulates food intake and body weight",https://en.wikipedia.org/wiki/Jeffrey_M._Friedman,https://openalex.org/authors/A5065622211,Endocrine and Autonomic Systems,2807.0,Neuroscience,Life Sciences,Yes,,"Endocrinology, Diabetes and Metabolism",2712.0,Medicine,"Subfield changed from Endocrine and Autonomic Systems (Neuroscience); Wolf Prize for leptin/obesity regulation. Topic #2 Physiology, topic #3 Epidemiology are more medical.",individual,1.0,Life Sciences & Medicine
Wolf Prize in Medicine,2020,Emmanuelle Charpentier,For the development of CRISPR-Cas9 gene-editing technology,https://en.wikipedia.org/wiki/Emmanuelle_Charpentier,https://openalex.org/authors/A5074743574,Molecular Biology,1312.0,"Biochemistry, Genetics and Molecular Biology",Life Sciences,Yes,,Molecular Biology,1312.0,"Biochemistry, Genetics and Molecular Biology",,individual,1.0,Life Sciences & Medicine
Wolf Prize in Medicine,2020,Jennifer A. Doudna,For the development of CRISPR-Cas9 gene-editing technology,https://en.wikipedia.org/wiki/Jennifer_A._Doudna,https://openalex.org/authors/A5067184382,Molecular Biology,1312.0,"Biochemistry, Genetics and Molecular Biology",Life Sciences,Yes,,Molecular Biology,1312.0,"Biochemistry, Genetics and Molecular Biology",,individual,1.0,Life Sciences & Medicine
Wolf Prize in Medicine,2021,Adrian R. Krainer,"For discoveries on RNA biology and splicing, leading to the first FDA-approved drug for spinal muscular atrophy",https://en.wikipedia.org/wiki/Adrian_R._Krainer,https://openalex.org/authors/A5113482239,Molecular Biology,1312.0,"Biochemistry, Genetics and Molecular Biology",Life Sciences,Yes,,Molecular Biology,1312.0,"Biochemistry, Genetics and Molecular Biology",,individual,1.0,Life Sciences & Medicine
Wolf Prize in Medicine,2021,Joan A. Steitz,For discoveries related to RNA biology including RNA splicing and translation,https://en.wikipedia.org/wiki/Joan_A._Steitz,https://openalex.org/authors/A5035064101,Molecular Biology,1312.0,"Biochemistry, Genetics and Molecular Biology",Life Sciences,Yes,,Molecular Biology,1312.0,"Biochemistry, Genetics and Molecular Biology",,individual,1.0,Life Sciences & Medicine
Wolf Prize in Medicine,2021,Lynne E. Maquat,For discoveries related to RNA biology including nonsense-mediated mRNA decay,https://en.wikipedia.org/wiki/Lynne_E._Maquat,https://openalex.org/authors/A5057074176,Molecular Biology,1312.0,"Biochemistry, Genetics and Molecular Biology",Life Sciences,Yes,,Molecular Biology,1312.0,"Biochemistry, Genetics and Molecular Biology",,individual,1.0,Life Sciences & Medicine
Wolf Prize in Medicine,2023,Daniel J. Drucker,"For research on glucagon-like peptides, enabling drugs for type 2 diabetes and obesity",https://en.wikipedia.org/wiki/Daniel_J._Drucker,https://openalex.org/authors/A5057472647,"Endocrinology, Diabetes and Metabolism",2712.0,Medicine,Health Sciences,Yes,,"Endocrinology, Diabetes and Metabolism",2712.0,Medicine,,individual,1.0,Life Sciences & Medicine
Wolf Prize in Medicine,2024,Botond Roska,For pioneering work in restoring sight using optogenetics and gene therapy approaches,https://en.wikipedia.org/wiki/Botond_Roska,https://openalex.org/authors/A5064588009,Molecular Biology,1312.0,"Biochemistry, Genetics and Molecular Biology",Life Sciences,Yes,,Cellular and Molecular Neuroscience,2804.0,Neuroscience,"Subfield changed from Molecular Biology; neuroscientist working on retinal circuits/optogenetics. Topics #2,#3 are Cellular and Molecular Neuroscience.",individual,1.0,Life Sciences & Medicine
Wolf Prize in Medicine,2024,Jose-Alain Sahel,For pioneering work in restoring sight using optogenetics and gene therapy approaches,https://en.wikipedia.org/wiki/Jos%C3%A9-Alain_Sahel,https://openalex.org/authors/A5063516832,Molecular Biology,1312.0,"Biochemistry, Genetics and Molecular Biology",Life Sciences,Yes,,Ophthalmology,2731.0,Medicine,Subfield changed from Molecular Biology; ophthalmologist working on retinal diseases/gene therapy. Topic #2 is Ophthalmology.,individual,1.0,Life Sciences & Medicine
Wolf Prize in Physics,2015,James Bjorken,For his prediction of scaling behavior in the structure of the proton,https://en.wikipedia.org/wiki/James_Bjorken,https://openalex.org/authors/A5070885501,Nuclear and High Energy Physics,3106.0,Physics and Astronomy,Physical Sciences,Yes,,Nuclear and High Energy Physics,3106.0,Physics and Astronomy,,individual,1.0,Physics & Astronomy
Wolf Prize in Physics,2015,Robert Kirshner,For his leadership role in the discovery of the accelerating expansion of the universe,https://en.wikipedia.org/wiki/Robert_Kirshner,https://openalex.org/authors/A5085107775,Finance,2003.0,"Economics, Econometrics and Finance",Social Sciences,Yes,https://openalex.org/authors/A5085107775,Astronomy and Astrophysics,3103.0,Physics and Astronomy,"WRONG PROFILE: A5039922516 is Jonathan Kirshner (economist). Corrected to A5085107775 (R. Kirshner, astrophysicist, 1229 works, Harvard CfA).",individual,1.0,Physics & Astronomy
Wolf Prize in Physics,2016,Yoseph Imry,For pioneering contributions to mesoscopic physics,https://en.wikipedia.org/wiki/Yoseph_Imry,https://openalex.org/authors/A5109130959,"Atomic and Molecular Physics, and Optics",3107.0,Physics and Astronomy,Physical Sciences,Yes,,Condensed Matter Physics,3104.0,Physics and Astronomy,Subfield changed from Atomic and Molecular Physics; mesoscopic/condensed matter physicist.,individual,1.0,Physics & Astronomy
Wolf Prize in Physics,2017,Didier Queloz,For their discovery of the first extrasolar planet orbiting a Sun-like star,https://en.wikipedia.org/wiki/Didier_Queloz,https://openalex.org/authors/A5023914308,Astronomy and Astrophysics,3103.0,Physics and Astronomy,Physical Sciences,Yes,,Astronomy and Astrophysics,3103.0,Physics and Astronomy,,individual,1.0,Physics & Astronomy
Wolf Prize in Physics,2017,Michel Mayor,For their discovery of the first extrasolar planet orbiting a Sun-like star,https://en.wikipedia.org/wiki/Michel_Mayor,https://openalex.org/authors/A5107428895,Astronomy and Astrophysics,3103.0,Physics and Astronomy,Physical Sciences,Yes,,Astronomy and Astrophysics,3103.0,Physics and Astronomy,,individual,1.0,Physics & Astronomy
Wolf Prize in Physics,2018,Charles Bennett (physicist),For founding and advancing Quantum Cryptography and Quantum Teleportation,https://en.wikipedia.org/wiki/Charles_H._Bennett_(physicist),https://openalex.org/authors/A5053166798,Computational Theory and Mathematics,1703.0,Computer Science,Physical Sciences,Yes,https://openalex.org/authors/A5053166798,"Atomic and Molecular Physics, and Optics",3107.0,Physics and Astronomy,"OpenAlex URL was missing; found A5053166798 (Charles H. Bennett, IBM, 207 works, quantum information). Subfield changed from Computational Theory and Mathematics.",individual,1.0,Physics & Astronomy
Wolf Prize in Physics,2018,Gilles Brassard,For founding and advancing Quantum Cryptography and Quantum Teleportation,https://en.wikipedia.org/wiki/Gilles_Brassard,https://openalex.org/authors/A5110284072,Artificial Intelligence,1702.0,Computer Science,Physical Sciences,Yes,,"Atomic and Molecular Physics, and Optics",3107.0,Physics and Astronomy,Subfield changed from Artificial Intelligence; physicist working on quantum information/cryptography. Topic #3 is Atomic and Molecular Physics.,individual,1.0,Physics & Astronomy
Wolf Prize in Physics,2020,Allan MacDonald,For theoretical work on twisted bilayer graphene,https://en.wikipedia.org/wiki/Allan_H._MacDonald,https://openalex.org/authors/A5022064172,Transplantation,2747.0,Medicine,Health Sciences,Yes,https://openalex.org/authors/A5022064172,Condensed Matter Physics,3104.0,Physics and Astronomy,"WRONG PROFILE: A5111701510 is Allan S. MacDonald (transplant surgeon). Corrected to A5022064172 (A. H. MacDonald, UT Austin, 1320 works, condensed matter).",individual,1.0,Physics & Astronomy
Wolf Prize in Physics,2020,Pablo Jarillo-Herrero,For pioneering research on twisted bilayer graphene,https://en.wikipedia.org/wiki/Pablo_Jarillo-Herrero,https://openalex.org/authors/A5058224422,Materials Chemistry,2505.0,Materials Science,Physical Sciences,Yes,,Condensed Matter Physics,3104.0,Physics and Astronomy,Subfield changed from Materials Chemistry; Wolf Prize in Physics for twisted bilayer graphene. Topic #2 is Atomic/Molecular Physics.,individual,1.0,Physics & Astronomy
Wolf Prize in Physics,2020,Rafi Bistritzer,For theoretical work on twisted bilayer graphene,https://en.wikipedia.org/wiki/Rafi_Bistritzer,https://openalex.org/authors/A5029465105,Materials Chemistry,2505.0,Materials Science,Physical Sciences,Yes,,Condensed Matter Physics,3104.0,Physics and Astronomy,Subfield changed from Materials Chemistry; Wolf Prize in Physics for twisted bilayer graphene theory.,individual,1.0,Physics & Astronomy
Wolf Prize in Physics,2021,Giorgio Parisi,"For groundbreaking discoveries in disordered systems, particle physics and statistical physics",https://en.wikipedia.org/wiki/Giorgio_Parisi,https://openalex.org/authors/A5052777339,Condensed Matter Physics,3104.0,Physics and Astronomy,Physical Sciences,Yes,,Condensed Matter Physics,3104.0,Physics and Astronomy,,individual,1.0,Physics & Astronomy
Wolf Prize in Physics,2022,Anne L'Huillier,For pioneering contributions to ultrafast laser science and attosecond physics,https://en.wikipedia.org/wiki/Anne_L%27Huillier,https://openalex.org/authors/A5087194862,"Atomic and Molecular Physics, and Optics",3107.0,Physics and Astronomy,Physical Sciences,Yes,https://openalex.org/authors/A5087194862,"Atomic and Molecular Physics, and Optics",3107.0,Physics and Astronomy,"2026-09-09 snapshot audit: id -> A5087194862 (A. L'Huillier, Lund, 25,839 cites); previous A5108087389 = F. Kelkensberg",individual,1.0,Physics & Astronomy
Wolf Prize in Physics,2022,Ferenc Krausz,For pioneering contributions to ultrafast laser science and attosecond physics,https://en.wikipedia.org/wiki/Ferenc_Krausz,https://openalex.org/authors/A5049801219,"Atomic and Molecular Physics, and Optics",3107.0,Physics and Astronomy,Physical Sciences,Yes,,"Atomic and Molecular Physics, and Optics",3107.0,Physics and Astronomy,,individual,1.0,Physics & Astronomy
Wolf Prize in Physics,2022,Paul Corkum,For pioneering contributions to ultrafast laser science and attosecond physics,https://en.wikipedia.org/wiki/Paul_Corkum,https://openalex.org/authors/A5057695025,"Atomic and Molecular Physics, and Optics",3107.0,Physics and Astronomy,Physical Sciences,Yes,,"Atomic and Molecular Physics, and Optics",3107.0,Physics and Astronomy,,individual,1.0,Physics & Astronomy
Wolf Prize in Physics,2024,Martin Rees,For fundamental contributions to high energy astrophysics and cosmological structure formation,https://en.wikipedia.org/wiki/Martin_Rees,https://openalex.org/authors/A5110092412,Astronomy and Astrophysics,3103.0,Physics and Astronomy,Physical Sciences,Yes,https://openalex.org/authors/A5110092412,Astronomy and Astrophysics,3103.0,Physics and Astronomy,"2026-09-09 snapshot audit: id -> A5110092412 (M. J. Rees, 53,874 cites); previous A5004328252 = Roland Martin, CNRS",individual,1.0,Physics & Astronomy
Wollaston Medal,2015,James Jackson,For contributions to understanding active tectonics and earthquake hazards,https://en.wikipedia.org/wiki/James_Jackson,https://openalex.org/authors/A5008590431,Geophysics,1908.0,Earth and Planetary Sciences,Physical Sciences,Yes,,Geophysics,1908,Earth and Planetary Sciences,,individual,1.0,Earth Sciences
Wollaston Medal,2016,Susan Brantley,For contributions to geochemistry and understanding of weathering processes,https://en.wikipedia.org/wiki/Susan_Brantley,https://openalex.org/authors/A5024774960,Mechanics of Materials,2211.0,Engineering,Physical Sciences,Yes,,Geochemistry and Petrology,1906,Earth and Planetary Sciences,Subfield changed from Mechanics of Materials (Engineering); geochemist. Topic #3 is Geochemistry and Petrology.,individual,1.0,Earth Sciences
Wollaston Medal,2017,Richard Alley,For contributions to understanding ice sheet dynamics and climate change,https://en.wikipedia.org/wiki/Richard_Alley,https://openalex.org/authors/A5008987835,Atmospheric Science,1902.0,Earth and Planetary Sciences,Physical Sciences,Yes,,Atmospheric Science,1902,Earth and Planetary Sciences,,individual,1.0,Earth Sciences
Wollaston Medal,2018,Terry Plank,For contributions to understanding volcanic processes and subduction zone geochemistry,https://en.wikipedia.org/wiki/Terry_Plank,https://openalex.org/authors/A5006371003,Geophysics,1908.0,Earth and Planetary Sciences,Physical Sciences,Yes,,Geophysics,1908,Earth and Planetary Sciences,,individual,1.0,Earth Sciences
Wollaston Medal,2019,Edward Stolper,For contributions to understanding the thermodynamics and kinetics of geological processes,https://en.wikipedia.org/wiki/Edward_Stolper,https://openalex.org/authors/A5039613093,Geophysics,1908.0,Earth and Planetary Sciences,Physical Sciences,Yes,,Geophysics,1908,Earth and Planetary Sciences,,individual,1.0,Earth Sciences
Wollaston Medal,2020,Barbara Romanowicz,For contributions to seismology and understanding of Earth's deep interior,https://en.wikipedia.org/wiki/Barbara_Romanowicz,https://openalex.org/authors/A5089907342,Geophysics,1908.0,Earth and Planetary Sciences,Physical Sciences,Yes,,Geophysics,1908,Earth and Planetary Sciences,,individual,1.0,Earth Sciences
Wollaston Medal,2021,David Pollard,For contributions to understanding fracture mechanics and structural geology,https://en.wikipedia.org/wiki/David_Pollard,https://openalex.org/authors/A5091606800,Atmospheric Science,1902.0,Earth and Planetary Sciences,Physical Sciences,Yes,https://openalex.org/authors/A5091606800,Geophysics,1908,Earth and Planetary Sciences,"Wrong person fix: David Pollard the ice-sheet modeler (Penn State), not the cell biologist | 2026-09-09 snapshot audit: id -> A5091606800 (David D. Pollard, structural geology, 20,881 cites); previous A5041741671 = Bana-ewai Essozimna Guy",individual,1.0,Earth Sciences
Wollaston Medal,2022,Tanya Atwater,For contributions to plate tectonics and geological evolution of western North America,https://en.wikipedia.org/wiki/Tanya_Atwater,https://openalex.org/authors/A5056732004,Geophysics,1908.0,Earth and Planetary Sciences,Physical Sciences,Yes,,Geophysics,1908,Earth and Planetary Sciences,,individual,1.0,Earth Sciences
Wollaston Medal,2023,Kathy Whaler,For contributions to geomagnetism and electromagnetic induction studies,https://en.wikipedia.org/wiki/Kathy_Whaler,https://openalex.org/authors/A5030727975,Molecular Biology,1312.0,"Biochemistry, Genetics and Molecular Biology",Life Sciences,Yes,,Geophysics,1908,Earth and Planetary Sciences,"Subfield changed from Molecular Biology; OpenAlex misclassifies geomagnetism as Molecular Biology. Geophysicist (topics #2,#4,#5 are Geophysics).",individual,1.0,Earth Sciences
Wollaston Medal,2024,Trond Helge Torsvik,For contributions to paleogeography and understanding of Earth's tectonic and mantle evolution,https://en.wikipedia.org/wiki/Trond_H._Torsvik,https://openalex.org/authors/A5073184140,Geology,1909.0,Earth and Planetary Sciences,Physical Sciences,Yes,https://openalex.org/authors/A5073184140,Geology,1909,Earth and Planetary Sciences,"OpenAlex URL was missing; found A5073184140 (Trond H. Torsvik, 446 works, paleontology/paleomagnetism/geology).",individual,1.0,Earth Sciences
World Food Prize,2015,Sir Fazle Hasan Abed,"For building BRAC, the world's largest non-governmental organization, lifting millions out of poverty and hunger",https://en.wikipedia.org/wiki/Fazle_Hasan_Abed,https://openalex.org/authors/A5113507026,Development,3303.0,Social Sciences,Social Sciences,Yes,https://openalex.org/authors/A5113507026,Development,3303,Social Sciences,"OpenAlex URL was missing; found A5113507026 (Fazle Hasan Abed, 14 works, nutrition/child health).",individual,1.0,Other Social Sciences
World Food Prize,2016,Howarth Bouis,"For biofortification, breeding critical vitamins and nutrients into staple crops to reduce hidden hunger",https://en.wikipedia.org/wiki/Howarth_Bouis,https://openalex.org/authors/A5087077060,Plant Science,1110.0,Agricultural and Biological Sciences,Life Sciences,Yes,,Plant Science,1110,Agricultural and Biological Sciences,,individual,1.0,Ag. & natural resources
World Food Prize,2016,Jan Low,For the development and dissemination of the orange-fleshed sweet potato in Africa,https://en.wikipedia.org/wiki/Jan_Low,https://openalex.org/authors/A5072827190,Nutrition and Dietetics,2916.0,Nursing,Health Sciences,Yes,,Nutrition and Dietetics,2916,Nursing,,individual,1.0,Life Sciences & Medicine
World Food Prize,2016,Maria Andrade,For the development and dissemination of the orange-fleshed sweet potato in Africa,https://en.wikipedia.org/wiki/Maria_Andrade_(scientist),https://openalex.org/authors/A5102968607,Molecular Biology,1312.0,"Biochemistry, Genetics and Molecular Biology",Life Sciences,Yes,https://openalex.org/authors/A5102968607,Plant Science,1110,Agricultural and Biological Sciences,"WRONG PROFILE: A5044366070 is Maria Castedo (oncologist). Maria Andrade (sweet potato biofortification) not found in OpenAlex. | 2026-09-09 snapshot audit: id -> A5102968607 (Maria Andrade, International Potato Center, plant science); previous A5044366070 = Maria Castedo",individual,1.0,Ag. & natural resources
World Food Prize,2016,Robert Mwanga,For the development and dissemination of the orange-fleshed sweet potato in Africa,https://en.wikipedia.org/wiki/Robert_Mwanga,https://openalex.org/authors/A5082753317,Horticulture,1108.0,Agricultural and Biological Sciences,Life Sciences,Yes,,Horticulture,1108,Agricultural and Biological Sciences,,individual,1.0,Ag. & natural resources
World Food Prize,2017,Akinwumi Adesina,For expanding food production in Nigeria and increasing credit availability for smallholder farmers across Africa,https://en.wikipedia.org/wiki/Akinwumi_Adesina,https://openalex.org/authors/A5109552263,General Agricultural and Biological Sciences,1100.0,Agricultural and Biological Sciences,Life Sciences,Yes,,General Agricultural and Biological Sciences,1100,Agricultural and Biological Sciences,,individual,1.0,Ag. & natural resources
World Food Prize,2018,David Nabarro,For leadership in global nutrition for growth and maternal and child nutrition,https://en.wikipedia.org/wiki/David_Nabarro,https://openalex.org/authors/A5061723552,Global and Planetary Change,2306.0,Environmental Science,Physical Sciences,Yes,https://openalex.org/authors/A5061723552,Nutrition and Dietetics,2916,Nursing,"WRONG PROFILE: A5024426315 is Friederike Otto (climate scientist). Corrected to A5061723552 (David Nabarro, Imperial College, 146 works, nutrition/public health).",individual,1.0,Life Sciences & Medicine
World Food Prize,2018,Lawrence Haddad,For research and advocacy advancing the nutrition agenda globally,https://en.wikipedia.org/wiki/Lawrence_Haddad,https://openalex.org/authors/A5109051774,Nutrition and Dietetics,2916.0,Nursing,Health Sciences,Yes,,Nutrition and Dietetics,2916,Nursing,,individual,1.0,Life Sciences & Medicine
World Food Prize,2019,Simon N. Groot,For making high-quality vegetable seeds available to smallholder farmers in Asia and Africa,https://en.wikipedia.org/wiki/Simon_Groot,https://openalex.org/authors/A5026163392,Plant Science,1110.0,Agricultural and Biological Sciences,Life Sciences,Yes,,Plant Science,1110,Agricultural and Biological Sciences,,individual,1.0,Ag. & natural resources
World Food Prize,2020,Rattan Lal,For developing and mainstreaming a soil-centric approach to increase food production while restoring soil health and mitigating climate change,https://en.wikipedia.org/wiki/Rattan_Lal,https://openalex.org/authors/A5049890100,Soil Science,1111.0,Agricultural and Biological Sciences,Life Sciences,Yes,,Soil Science,1111,Agricultural and Biological Sciences,,individual,1.0,Ag. & natural resources
World Food Prize,2021,Shakuntala Haraksingh Thilsted,"For her research and innovations in developing holistic, nutrition-sensitive approaches to aquaculture and food systems",https://en.wikipedia.org/wiki/Shakuntala_Haraksingh_Thilsted,https://openalex.org/authors/A5041665377,Nutrition and Dietetics,2916.0,Nursing,Health Sciences,Yes,,Nutrition and Dietetics,2916,Nursing,,individual,1.0,Life Sciences & Medicine
World Food Prize,2022,Cynthia Rosenzweig,For her pioneering research on the relationship between climate and food systems,https://en.wikipedia.org/wiki/Cynthia_Rosenzweig,https://openalex.org/authors/A5052672762,"Ecology, Evolution, Behavior and Systematics",1105.0,Agricultural and Biological Sciences,Life Sciences,Yes,,Agronomy and Crop Science,1102,Agricultural and Biological Sciences,Subfield changed from Ecology; World Food Prize for climate-agriculture modeling. Topics include agriculture and plant responses.,individual,1.0,Ag. & natural resources
World Food Prize,2023,Heidi Kuhn,"For her farmer-focused development model revitalizing farmland, food security, and livelihoods after conflict",https://en.wikipedia.org/wiki/Heidi_Kuhn,https://openalex.org/authors/A5019501380,Plant Science,1110.0,Agricultural and Biological Sciences,Life Sciences,Yes,,Plant Science,1110,Agricultural and Biological Sciences,,individual,1.0,Ag. & natural resources
World Food Prize,2024,Cary Fowler,"For longstanding contributions to seed conservation and crop biodiversity, including founding the Global Seed Vault",https://en.wikipedia.org/wiki/Cary_Fowler,https://openalex.org/authors/A5079606526,Plant Science,1110.0,Agricultural and Biological Sciences,Life Sciences,Yes,,Plant Science,1110,Agricultural and Biological Sciences,,individual,1.0,Ag. & natural resources
World Food Prize,2024,Geoffrey Hawtin,"For longstanding contributions to seed conservation and crop biodiversity, including founding the Global Seed Vault",https://en.wikipedia.org/wiki/Geoffrey_Hawtin,https://openalex.org/authors/A5091364460,Plant Science,1110.0,Agricultural and Biological Sciences,Life Sciences,Yes,https://openalex.org/authors/A5091364460,Plant Science,1110,Agricultural and Biological Sciences,"WRONG PROFILE: A5029313784 is S. A. Eberhart. Corrected to A5091364460 (Geoffrey Hawtin, 48 works, plant science/crop genetics).",individual,1.0,Ag. & natural resources
