field,country,year,n_authors
Agricultural and Biological Sciences,AE,2015,1
Agricultural and Biological Sciences,AE,2016,1
Agricultural and Biological Sciences,AE,2017,2
Agricultural and Biological Sciences,AE,2018,2
Agricultural and Biological Sciences,AE,2019,2
Agricultural and Biological Sciences,AE,2020,2
Agricultural and Biological Sciences,AE,2021,2
Agricultural and Biological Sciences,AE,2022,2
Agricultural and Biological Sciences,AE,2023,3
Agricultural and Biological Sciences,AE,2024,3
Agricultural and Biological Sciences,AM,2015,1
Agricultural and Biological Sciences,AM,2016,1
Agricultural and Biological Sciences,AM,2017,1
Agricultural and Biological Sciences,AM,2018,1
Agricultural and Biological Sciences,AM,2019,1
Agricultural and Biological Sciences,AM,2020,1
Agricultural and Biological Sciences,AM,2021,1
Agricultural and Biological Sciences,AM,2022,1
Agricultural and Biological Sciences,AR,2015,13
Agricultural and Biological Sciences,AR,2016,14
Agricultural and Biological Sciences,AR,2017,14
Agricultural and Biological Sciences,AR,2018,15
Agricultural and Biological Sciences,AR,2019,15
Agricultural and Biological Sciences,AR,2020,16
Agricultural and Biological Sciences,AR,2021,16
Agricultural and Biological Sciences,AR,2022,16
Agricultural and Biological Sciences,AR,2023,16
Agricultural and Biological Sciences,AR,2024,16
Agricultural and Biological Sciences,AT,2015,29
Agricultural and Biological Sciences,AT,2016,32
Agricultural and Biological Sciences,AT,2017,34
Agricultural and Biological Sciences,AT,2018,33
Agricultural and Biological Sciences,AT,2019,33
Agricultural and Biological Sciences,AT,2020,35
Agricultural and Biological Sciences,AT,2021,36
Agricultural and Biological Sciences,AT,2022,36
Agricultural and Biological Sciences,AT,2023,35
Agricultural and Biological Sciences,AT,2024,35
Agricultural and Biological Sciences,AU,2015,278
Agricultural and Biological Sciences,AU,2016,276
Agricultural and Biological Sciences,AU,2017,271
Agricultural and Biological Sciences,AU,2018,272
Agricultural and Biological Sciences,AU,2019,277
Agricultural and Biological Sciences,AU,2020,276
Agricultural and Biological Sciences,AU,2021,271
Agricultural and Biological Sciences,AU,2022,257
Agricultural and Biological Sciences,AU,2023,259
Agricultural and Biological Sciences,AU,2024,257
Agricultural and Biological Sciences,AZ,2023,1
Agricultural and Biological Sciences,AZ,2024,1
Agricultural and Biological Sciences,BD,2020,2
Agricultural and Biological Sciences,BD,2021,2
Agricultural and Biological Sciences,BD,2022,3
Agricultural and Biological Sciences,BD,2023,3
Agricultural and Biological Sciences,BD,2024,3
Agricultural and Biological Sciences,BE,2015,87
Agricultural and Biological Sciences,BE,2016,89
Agricultural and Biological Sciences,BE,2017,92
Agricultural and Biological Sciences,BE,2018,102
Agricultural and Biological Sciences,BE,2019,104
Agricultural and Biological Sciences,BE,2020,107
Agricultural and Biological Sciences,BE,2021,110
Agricultural and Biological Sciences,BE,2022,114
Agricultural and Biological Sciences,BE,2023,112
Agricultural and Biological Sciences,BE,2024,109
Agricultural and Biological Sciences,BG,2015,1
Agricultural and Biological Sciences,BG,2016,2
Agricultural and Biological Sciences,BG,2017,2
Agricultural and Biological Sciences,BG,2018,3
Agricultural and Biological Sciences,BG,2019,4
Agricultural and Biological Sciences,BG,2020,5
Agricultural and Biological Sciences,BG,2021,6
Agricultural and Biological Sciences,BG,2022,6
Agricultural and Biological Sciences,BG,2023,6
Agricultural and Biological Sciences,BG,2024,7
Agricultural and Biological Sciences,BI,2023,1
Agricultural and Biological Sciences,BI,2024,1
Agricultural and Biological Sciences,BO,2018,1
Agricultural and Biological Sciences,BO,2019,1
Agricultural and Biological Sciences,BO,2020,1
Agricultural and Biological Sciences,BO,2021,1
Agricultural and Biological Sciences,BO,2022,1
Agricultural and Biological Sciences,BO,2023,1
Agricultural and Biological Sciences,BO,2024,2
Agricultural and Biological Sciences,BR,2015,23
Agricultural and Biological Sciences,BR,2016,24
Agricultural and Biological Sciences,BR,2017,28
Agricultural and Biological Sciences,BR,2018,29
Agricultural and Biological Sciences,BR,2019,29
Agricultural and Biological Sciences,BR,2020,39
Agricultural and Biological Sciences,BR,2021,52
Agricultural and Biological Sciences,BR,2022,58
Agricultural and Biological Sciences,BR,2023,66
Agricultural and Biological Sciences,BR,2024,73
Agricultural and Biological Sciences,BY,2015,2
Agricultural and Biological Sciences,BY,2016,2
Agricultural and Biological Sciences,BY,2017,2
Agricultural and Biological Sciences,BY,2018,2
Agricultural and Biological Sciences,BY,2019,2
Agricultural and Biological Sciences,BY,2020,2
Agricultural and Biological Sciences,BY,2021,3
Agricultural and Biological Sciences,BY,2022,3
Agricultural and Biological Sciences,BY,2023,3
Agricultural and Biological Sciences,BY,2024,4
Agricultural and Biological Sciences,CA,2015,242
Agricultural and Biological Sciences,CA,2016,243
Agricultural and Biological Sciences,CA,2017,246
Agricultural and Biological Sciences,CA,2018,243
Agricultural and Biological Sciences,CA,2019,239
Agricultural and Biological Sciences,CA,2020,230
Agricultural and Biological Sciences,CA,2021,228
Agricultural and Biological Sciences,CA,2022,215
Agricultural and Biological Sciences,CA,2023,210
Agricultural and Biological Sciences,CA,2024,199
Agricultural and Biological Sciences,CH,2015,94
Agricultural and Biological Sciences,CH,2016,95
Agricultural and Biological Sciences,CH,2017,97
Agricultural and Biological Sciences,CH,2018,99
Agricultural and Biological Sciences,CH,2019,103
Agricultural and Biological Sciences,CH,2020,103
Agricultural and Biological Sciences,CH,2021,101
Agricultural and Biological Sciences,CH,2022,102
Agricultural and Biological Sciences,CH,2023,100
Agricultural and Biological Sciences,CH,2024,105
Agricultural and Biological Sciences,CI,2015,1
Agricultural and Biological Sciences,CI,2016,1
Agricultural and Biological Sciences,CI,2017,1
Agricultural and Biological Sciences,CI,2018,1
Agricultural and Biological Sciences,CI,2019,1
Agricultural and Biological Sciences,CI,2020,1
Agricultural and Biological Sciences,CI,2021,1
Agricultural and Biological Sciences,CI,2022,1
Agricultural and Biological Sciences,CI,2023,1
Agricultural and Biological Sciences,CI,2024,1
Agricultural and Biological Sciences,CL,2015,3
Agricultural and Biological Sciences,CL,2016,3
Agricultural and Biological Sciences,CL,2017,3
Agricultural and Biological Sciences,CL,2018,3
Agricultural and Biological Sciences,CL,2019,3
Agricultural and Biological Sciences,CL,2020,3
Agricultural and Biological Sciences,CL,2021,3
Agricultural and Biological Sciences,CL,2022,3
Agricultural and Biological Sciences,CL,2023,3
Agricultural and Biological Sciences,CL,2024,5
Agricultural and Biological Sciences,CM,2020,1
Agricultural and Biological Sciences,CM,2021,1
Agricultural and Biological Sciences,CM,2022,1
Agricultural and Biological Sciences,CM,2023,1
Agricultural and Biological Sciences,CM,2024,1
Agricultural and Biological Sciences,CN,2015,89
Agricultural and Biological Sciences,CN,2016,98
Agricultural and Biological Sciences,CN,2017,113
Agricultural and Biological Sciences,CN,2018,134
Agricultural and Biological Sciences,CN,2019,154
Agricultural and Biological Sciences,CN,2020,187
Agricultural and Biological Sciences,CN,2021,223
Agricultural and Biological Sciences,CN,2022,279
Agricultural and Biological Sciences,CN,2023,322
Agricultural and Biological Sciences,CN,2024,378
Agricultural and Biological Sciences,CNX,2015,98
Agricultural and Biological Sciences,CNX,2016,108
Agricultural and Biological Sciences,CNX,2017,123
Agricultural and Biological Sciences,CNX,2018,145
Agricultural and Biological Sciences,CNX,2019,164
Agricultural and Biological Sciences,CNX,2020,198
Agricultural and Biological Sciences,CNX,2021,234
Agricultural and Biological Sciences,CNX,2022,291
Agricultural and Biological Sciences,CNX,2023,335
Agricultural and Biological Sciences,CNX,2024,393
Agricultural and Biological Sciences,CO,2015,7
Agricultural and Biological Sciences,CO,2016,7
Agricultural and Biological Sciences,CO,2017,7
Agricultural and Biological Sciences,CO,2018,8
Agricultural and Biological Sciences,CO,2019,8
Agricultural and Biological Sciences,CO,2020,8
Agricultural and Biological Sciences,CO,2021,9
Agricultural and Biological Sciences,CO,2022,9
Agricultural and Biological Sciences,CO,2023,8
Agricultural and Biological Sciences,CO,2024,8
Agricultural and Biological Sciences,CR,2015,2
Agricultural and Biological Sciences,CR,2016,3
Agricultural and Biological Sciences,CR,2017,3
Agricultural and Biological Sciences,CR,2018,3
Agricultural and Biological Sciences,CR,2019,3
Agricultural and Biological Sciences,CR,2020,2
Agricultural and Biological Sciences,CR,2021,2
Agricultural and Biological Sciences,CR,2022,2
Agricultural and Biological Sciences,CR,2023,2
Agricultural and Biological Sciences,CR,2024,3
Agricultural and Biological Sciences,CU,2015,1
Agricultural and Biological Sciences,CU,2016,1
Agricultural and Biological Sciences,CU,2017,1
Agricultural and Biological Sciences,CU,2018,1
Agricultural and Biological Sciences,CU,2019,1
Agricultural and Biological Sciences,CU,2020,1
Agricultural and Biological Sciences,CU,2021,1
Agricultural and Biological Sciences,CY,2015,1
Agricultural and Biological Sciences,CY,2016,1
Agricultural and Biological Sciences,CY,2017,1
Agricultural and Biological Sciences,CY,2018,1
Agricultural and Biological Sciences,CY,2019,1
Agricultural and Biological Sciences,CY,2020,1
Agricultural and Biological Sciences,CY,2021,1
Agricultural and Biological Sciences,CY,2022,1
Agricultural and Biological Sciences,CY,2023,1
Agricultural and Biological Sciences,CY,2024,2
Agricultural and Biological Sciences,CZ,2015,40
Agricultural and Biological Sciences,CZ,2016,39
Agricultural and Biological Sciences,CZ,2017,39
Agricultural and Biological Sciences,CZ,2018,38
Agricultural and Biological Sciences,CZ,2019,36
Agricultural and Biological Sciences,CZ,2020,36
Agricultural and Biological Sciences,CZ,2021,37
Agricultural and Biological Sciences,CZ,2022,41
Agricultural and Biological Sciences,CZ,2023,42
Agricultural and Biological Sciences,CZ,2024,43
Agricultural and Biological Sciences,DE,2015,300
Agricultural and Biological Sciences,DE,2016,305
Agricultural and Biological Sciences,DE,2017,306
Agricultural and Biological Sciences,DE,2018,313
Agricultural and Biological Sciences,DE,2019,311
Agricultural and Biological Sciences,DE,2020,321
Agricultural and Biological Sciences,DE,2021,324
Agricultural and Biological Sciences,DE,2022,326
Agricultural and Biological Sciences,DE,2023,318
Agricultural and Biological Sciences,DE,2024,312
Agricultural and Biological Sciences,DK,2015,43
Agricultural and Biological Sciences,DK,2016,44
Agricultural and Biological Sciences,DK,2017,44
Agricultural and Biological Sciences,DK,2018,46
Agricultural and Biological Sciences,DK,2019,50
Agricultural and Biological Sciences,DK,2020,51
Agricultural and Biological Sciences,DK,2021,54
Agricultural and Biological Sciences,DK,2022,50
Agricultural and Biological Sciences,DK,2023,51
Agricultural and Biological Sciences,DK,2024,49
Agricultural and Biological Sciences,DZ,2019,1
Agricultural and Biological Sciences,DZ,2020,1
Agricultural and Biological Sciences,DZ,2021,1
Agricultural and Biological Sciences,DZ,2022,1
Agricultural and Biological Sciences,DZ,2023,1
Agricultural and Biological Sciences,DZ,2024,1
Agricultural and Biological Sciences,EC,2018,1
Agricultural and Biological Sciences,EC,2019,1
Agricultural and Biological Sciences,EC,2020,1
Agricultural and Biological Sciences,EC,2021,2
Agricultural and Biological Sciences,EC,2022,2
Agricultural and Biological Sciences,EC,2023,2
Agricultural and Biological Sciences,EC,2024,2
Agricultural and Biological Sciences,EE,2015,3
Agricultural and Biological Sciences,EE,2016,3
Agricultural and Biological Sciences,EE,2017,4
Agricultural and Biological Sciences,EE,2018,5
Agricultural and Biological Sciences,EE,2019,5
Agricultural and Biological Sciences,EE,2020,7
Agricultural and Biological Sciences,EE,2021,7
Agricultural and Biological Sciences,EE,2022,7
Agricultural and Biological Sciences,EE,2023,8
Agricultural and Biological Sciences,EE,2024,7
Agricultural and Biological Sciences,EG,2015,2
Agricultural and Biological Sciences,EG,2016,2
Agricultural and Biological Sciences,EG,2017,2
Agricultural and Biological Sciences,EG,2018,2
Agricultural and Biological Sciences,EG,2019,2
Agricultural and Biological Sciences,EG,2020,2
Agricultural and Biological Sciences,EG,2021,2
Agricultural and Biological Sciences,EG,2022,5
Agricultural and Biological Sciences,EG,2023,7
Agricultural and Biological Sciences,EG,2024,8
Agricultural and Biological Sciences,ES,2015,109
Agricultural and Biological Sciences,ES,2016,115
Agricultural and Biological Sciences,ES,2017,116
Agricultural and Biological Sciences,ES,2018,116
Agricultural and Biological Sciences,ES,2019,123
Agricultural and Biological Sciences,ES,2020,129
Agricultural and Biological Sciences,ES,2021,136
Agricultural and Biological Sciences,ES,2022,142
Agricultural and Biological Sciences,ES,2023,145
Agricultural and Biological Sciences,ES,2024,148
Agricultural and Biological Sciences,ET,2015,1
Agricultural and Biological Sciences,ET,2016,1
Agricultural and Biological Sciences,ET,2017,1
Agricultural and Biological Sciences,ET,2018,1
Agricultural and Biological Sciences,ET,2019,1
Agricultural and Biological Sciences,ET,2020,1
Agricultural and Biological Sciences,ET,2021,1
Agricultural and Biological Sciences,ET,2022,1
Agricultural and Biological Sciences,ET,2023,2
Agricultural and Biological Sciences,ET,2024,2
Agricultural and Biological Sciences,FI,2015,27
Agricultural and Biological Sciences,FI,2016,28
Agricultural and Biological Sciences,FI,2017,27
Agricultural and Biological Sciences,FI,2018,30
Agricultural and Biological Sciences,FI,2019,29
Agricultural and Biological Sciences,FI,2020,30
Agricultural and Biological Sciences,FI,2021,29
Agricultural and Biological Sciences,FI,2022,29
Agricultural and Biological Sciences,FI,2023,29
Agricultural and Biological Sciences,FI,2024,28
Agricultural and Biological Sciences,FJ,2020,1
Agricultural and Biological Sciences,FJ,2021,1
Agricultural and Biological Sciences,FJ,2022,1
Agricultural and Biological Sciences,FR,2015,167
Agricultural and Biological Sciences,FR,2016,168
Agricultural and Biological Sciences,FR,2017,169
Agricultural and Biological Sciences,FR,2018,167
Agricultural and Biological Sciences,FR,2019,173
Agricultural and Biological Sciences,FR,2020,171
Agricultural and Biological Sciences,FR,2021,170
Agricultural and Biological Sciences,FR,2022,169
Agricultural and Biological Sciences,FR,2023,161
Agricultural and Biological Sciences,FR,2024,168
Agricultural and Biological Sciences,GB,2015,690
Agricultural and Biological Sciences,GB,2016,684
Agricultural and Biological Sciences,GB,2017,678
Agricultural and Biological Sciences,GB,2018,671
Agricultural and Biological Sciences,GB,2019,664
Agricultural and Biological Sciences,GB,2020,643
Agricultural and Biological Sciences,GB,2021,628
Agricultural and Biological Sciences,GB,2022,596
Agricultural and Biological Sciences,GB,2023,580
Agricultural and Biological Sciences,GB,2024,563
Agricultural and Biological Sciences,GE,2020,2
Agricultural and Biological Sciences,GE,2021,2
Agricultural and Biological Sciences,GE,2022,2
Agricultural and Biological Sciences,GE,2023,2
Agricultural and Biological Sciences,GE,2024,3
Agricultural and Biological Sciences,GH,2015,2
Agricultural and Biological Sciences,GH,2016,2
Agricultural and Biological Sciences,GH,2017,2
Agricultural and Biological Sciences,GH,2018,2
Agricultural and Biological Sciences,GH,2019,2
Agricultural and Biological Sciences,GH,2020,2
Agricultural and Biological Sciences,GH,2021,2
Agricultural and Biological Sciences,GH,2022,3
Agricultural and Biological Sciences,GH,2023,1
Agricultural and Biological Sciences,GH,2024,1
Agricultural and Biological Sciences,GP,2015,1
Agricultural and Biological Sciences,GR,2015,5
Agricultural and Biological Sciences,GR,2016,6
Agricultural and Biological Sciences,GR,2017,6
Agricultural and Biological Sciences,GR,2018,7
Agricultural and Biological Sciences,GR,2019,7
Agricultural and Biological Sciences,GR,2020,8
Agricultural and Biological Sciences,GR,2021,10
Agricultural and Biological Sciences,GR,2022,11
Agricultural and Biological Sciences,GR,2023,9
Agricultural and Biological Sciences,GR,2024,11
Agricultural and Biological Sciences,GT,2015,1
Agricultural and Biological Sciences,GW,2015,1
Agricultural and Biological Sciences,GW,2016,1
Agricultural and Biological Sciences,GW,2017,1
Agricultural and Biological Sciences,GW,2018,1
Agricultural and Biological Sciences,GW,2019,1
Agricultural and Biological Sciences,GW,2020,1
Agricultural and Biological Sciences,GW,2021,1
Agricultural and Biological Sciences,GW,2022,1
Agricultural and Biological Sciences,GW,2023,1
Agricultural and Biological Sciences,HK,2015,4
Agricultural and Biological Sciences,HK,2016,5
Agricultural and Biological Sciences,HK,2017,5
Agricultural and Biological Sciences,HK,2018,6
Agricultural and Biological Sciences,HK,2019,7
Agricultural and Biological Sciences,HK,2020,9
Agricultural and Biological Sciences,HK,2021,10
Agricultural and Biological Sciences,HK,2022,11
Agricultural and Biological Sciences,HK,2023,11
Agricultural and Biological Sciences,HK,2024,11
Agricultural and Biological Sciences,HR,2015,2
Agricultural and Biological Sciences,HR,2016,2
Agricultural and Biological Sciences,HR,2017,1
Agricultural and Biological Sciences,HR,2018,1
Agricultural and Biological Sciences,HR,2019,1
Agricultural and Biological Sciences,HR,2020,2
Agricultural and Biological Sciences,HR,2021,3
Agricultural and Biological Sciences,HR,2022,3
Agricultural and Biological Sciences,HR,2023,3
Agricultural and Biological Sciences,HR,2024,3
Agricultural and Biological Sciences,HU,2015,25
Agricultural and Biological Sciences,HU,2016,26
Agricultural and Biological Sciences,HU,2017,23
Agricultural and Biological Sciences,HU,2018,23
Agricultural and Biological Sciences,HU,2019,21
Agricultural and Biological Sciences,HU,2020,21
Agricultural and Biological Sciences,HU,2021,20
Agricultural and Biological Sciences,HU,2022,21
Agricultural and Biological Sciences,HU,2023,17
Agricultural and Biological Sciences,HU,2024,20
Agricultural and Biological Sciences,ID,2015,1
Agricultural and Biological Sciences,ID,2016,1
Agricultural and Biological Sciences,ID,2017,1
Agricultural and Biological Sciences,ID,2018,2
Agricultural and Biological Sciences,ID,2019,2
Agricultural and Biological Sciences,ID,2020,1
Agricultural and Biological Sciences,ID,2021,1
Agricultural and Biological Sciences,ID,2022,1
Agricultural and Biological Sciences,ID,2023,1
Agricultural and Biological Sciences,ID,2024,1
Agricultural and Biological Sciences,IE,2015,38
Agricultural and Biological Sciences,IE,2016,36
Agricultural and Biological Sciences,IE,2017,35
Agricultural and Biological Sciences,IE,2018,32
Agricultural and Biological Sciences,IE,2019,33
Agricultural and Biological Sciences,IE,2020,34
Agricultural and Biological Sciences,IE,2021,33
Agricultural and Biological Sciences,IE,2022,36
Agricultural and Biological Sciences,IE,2023,36
Agricultural and Biological Sciences,IE,2024,37
Agricultural and Biological Sciences,IL,2015,39
Agricultural and Biological Sciences,IL,2016,39
Agricultural and Biological Sciences,IL,2017,37
Agricultural and Biological Sciences,IL,2018,38
Agricultural and Biological Sciences,IL,2019,38
Agricultural and Biological Sciences,IL,2020,37
Agricultural and Biological Sciences,IL,2021,36
Agricultural and Biological Sciences,IL,2022,35
Agricultural and Biological Sciences,IL,2023,34
Agricultural and Biological Sciences,IL,2024,34
Agricultural and Biological Sciences,IN,2015,34
Agricultural and Biological Sciences,IN,2016,39
Agricultural and Biological Sciences,IN,2017,43
Agricultural and Biological Sciences,IN,2018,48
Agricultural and Biological Sciences,IN,2019,49
Agricultural and Biological Sciences,IN,2020,53
Agricultural and Biological Sciences,IN,2021,60
Agricultural and Biological Sciences,IN,2022,73
Agricultural and Biological Sciences,IN,2023,83
Agricultural and Biological Sciences,IN,2024,91
Agricultural and Biological Sciences,IQ,2021,1
Agricultural and Biological Sciences,IQ,2022,1
Agricultural and Biological Sciences,IQ,2023,1
Agricultural and Biological Sciences,IQ,2024,1
Agricultural and Biological Sciences,IR,2019,1
Agricultural and Biological Sciences,IR,2020,1
Agricultural and Biological Sciences,IR,2021,2
Agricultural and Biological Sciences,IR,2022,7
Agricultural and Biological Sciences,IR,2023,8
Agricultural and Biological Sciences,IR,2024,10
Agricultural and Biological Sciences,IS,2015,1
Agricultural and Biological Sciences,IS,2016,1
Agricultural and Biological Sciences,IS,2017,1
Agricultural and Biological Sciences,IS,2018,1
Agricultural and Biological Sciences,IS,2019,1
Agricultural and Biological Sciences,IS,2020,1
Agricultural and Biological Sciences,IS,2021,1
Agricultural and Biological Sciences,IS,2022,1
Agricultural and Biological Sciences,IS,2023,1
Agricultural and Biological Sciences,IS,2024,1
Agricultural and Biological Sciences,IT,2015,73
Agricultural and Biological Sciences,IT,2016,73
Agricultural and Biological Sciences,IT,2017,72
Agricultural and Biological Sciences,IT,2018,72
Agricultural and Biological Sciences,IT,2019,76
Agricultural and Biological Sciences,IT,2020,80
Agricultural and Biological Sciences,IT,2021,84
Agricultural and Biological Sciences,IT,2022,89
Agricultural and Biological Sciences,IT,2023,93
Agricultural and Biological Sciences,IT,2024,98
Agricultural and Biological Sciences,JP,2015,184
Agricultural and Biological Sciences,JP,2016,181
Agricultural and Biological Sciences,JP,2017,183
Agricultural and Biological Sciences,JP,2018,178
Agricultural and Biological Sciences,JP,2019,177
Agricultural and Biological Sciences,JP,2020,173
Agricultural and Biological Sciences,JP,2021,165
Agricultural and Biological Sciences,JP,2022,162
Agricultural and Biological Sciences,JP,2023,158
Agricultural and Biological Sciences,JP,2024,154
Agricultural and Biological Sciences,KE,2015,11
Agricultural and Biological Sciences,KE,2016,10
Agricultural and Biological Sciences,KE,2017,12
Agricultural and Biological Sciences,KE,2018,13
Agricultural and Biological Sciences,KE,2019,14
Agricultural and Biological Sciences,KE,2020,15
Agricultural and Biological Sciences,KE,2021,16
Agricultural and Biological Sciences,KE,2022,16
Agricultural and Biological Sciences,KE,2023,19
Agricultural and Biological Sciences,KE,2024,19
Agricultural and Biological Sciences,KH,2015,1
Agricultural and Biological Sciences,KH,2016,1
Agricultural and Biological Sciences,KH,2017,1
Agricultural and Biological Sciences,KH,2018,1
Agricultural and Biological Sciences,KH,2019,1
Agricultural and Biological Sciences,KN,2020,1
Agricultural and Biological Sciences,KN,2021,1
Agricultural and Biological Sciences,KN,2022,1
Agricultural and Biological Sciences,KN,2023,1
Agricultural and Biological Sciences,KN,2024,1
Agricultural and Biological Sciences,KR,2015,26
Agricultural and Biological Sciences,KR,2016,26
Agricultural and Biological Sciences,KR,2017,27
Agricultural and Biological Sciences,KR,2018,31
Agricultural and Biological Sciences,KR,2019,32
Agricultural and Biological Sciences,KR,2020,36
Agricultural and Biological Sciences,KR,2021,38
Agricultural and Biological Sciences,KR,2022,38
Agricultural and Biological Sciences,KR,2023,46
Agricultural and Biological Sciences,KR,2024,49
Agricultural and Biological Sciences,KW,2023,1
Agricultural and Biological Sciences,KW,2024,1
Agricultural and Biological Sciences,KZ,2015,1
Agricultural and Biological Sciences,KZ,2016,1
Agricultural and Biological Sciences,KZ,2017,1
Agricultural and Biological Sciences,LB,2020,1
Agricultural and Biological Sciences,LB,2021,1
Agricultural and Biological Sciences,LB,2022,1
Agricultural and Biological Sciences,LB,2023,1
Agricultural and Biological Sciences,LB,2024,1
Agricultural and Biological Sciences,LK,2015,2
Agricultural and Biological Sciences,LK,2016,2
Agricultural and Biological Sciences,LK,2017,2
Agricultural and Biological Sciences,LK,2018,2
Agricultural and Biological Sciences,LK,2019,2
Agricultural and Biological Sciences,LK,2020,2
Agricultural and Biological Sciences,LK,2021,2
Agricultural and Biological Sciences,LK,2022,4
Agricultural and Biological Sciences,LK,2023,4
Agricultural and Biological Sciences,LK,2024,4
Agricultural and Biological Sciences,LT,2022,1
Agricultural and Biological Sciences,LT,2023,1
Agricultural and Biological Sciences,LT,2024,1
Agricultural and Biological Sciences,LU,2021,1
Agricultural and Biological Sciences,LU,2022,1
Agricultural and Biological Sciences,LU,2023,1
Agricultural and Biological Sciences,LU,2024,1
Agricultural and Biological Sciences,LV,2019,1
Agricultural and Biological Sciences,LV,2020,1
Agricultural and Biological Sciences,LV,2021,1
Agricultural and Biological Sciences,LV,2023,1
Agricultural and Biological Sciences,LV,2024,1
Agricultural and Biological Sciences,MA,2015,27
Agricultural and Biological Sciences,MA,2016,26
Agricultural and Biological Sciences,MA,2017,28
Agricultural and Biological Sciences,MA,2018,28
Agricultural and Biological Sciences,MA,2019,30
Agricultural and Biological Sciences,MA,2020,29
Agricultural and Biological Sciences,MA,2021,28
Agricultural and Biological Sciences,MA,2022,22
Agricultural and Biological Sciences,MA,2023,21
Agricultural and Biological Sciences,MA,2024,22
Agricultural and Biological Sciences,ML,2015,4
Agricultural and Biological Sciences,ML,2016,4
Agricultural and Biological Sciences,ML,2017,4
Agricultural and Biological Sciences,ML,2018,4
Agricultural and Biological Sciences,ML,2019,4
Agricultural and Biological Sciences,ML,2020,4
Agricultural and Biological Sciences,ML,2021,5
Agricultural and Biological Sciences,ML,2022,4
Agricultural and Biological Sciences,ML,2023,4
Agricultural and Biological Sciences,ML,2024,3
Agricultural and Biological Sciences,MU,2023,1
Agricultural and Biological Sciences,MU,2024,1
Agricultural and Biological Sciences,MW,2020,1
Agricultural and Biological Sciences,MW,2021,1
Agricultural and Biological Sciences,MW,2022,1
Agricultural and Biological Sciences,MW,2023,1
Agricultural and Biological Sciences,MW,2024,1
Agricultural and Biological Sciences,MX,2015,26
Agricultural and Biological Sciences,MX,2016,29
Agricultural and Biological Sciences,MX,2017,30
Agricultural and Biological Sciences,MX,2018,33
Agricultural and Biological Sciences,MX,2019,32
Agricultural and Biological Sciences,MX,2020,33
Agricultural and Biological Sciences,MX,2021,34
Agricultural and Biological Sciences,MX,2022,33
Agricultural and Biological Sciences,MX,2023,34
Agricultural and Biological Sciences,MX,2024,34
Agricultural and Biological Sciences,MY,2015,3
Agricultural and Biological Sciences,MY,2016,2
Agricultural and Biological Sciences,MY,2017,4
Agricultural and Biological Sciences,MY,2018,4
Agricultural and Biological Sciences,MY,2019,5
Agricultural and Biological Sciences,MY,2020,6
Agricultural and Biological Sciences,MY,2021,6
Agricultural and Biological Sciences,MY,2022,7
Agricultural and Biological Sciences,MY,2023,9
Agricultural and Biological Sciences,MY,2024,11
Agricultural and Biological Sciences,NE,2015,1
Agricultural and Biological Sciences,NE,2016,1
Agricultural and Biological Sciences,NE,2017,1
Agricultural and Biological Sciences,NG,2015,3
Agricultural and Biological Sciences,NG,2016,3
Agricultural and Biological Sciences,NG,2017,3
Agricultural and Biological Sciences,NG,2018,3
Agricultural and Biological Sciences,NG,2019,3
Agricultural and Biological Sciences,NG,2020,4
Agricultural and Biological Sciences,NG,2021,4
Agricultural and Biological Sciences,NG,2022,4
Agricultural and Biological Sciences,NG,2023,3
Agricultural and Biological Sciences,NG,2024,3
Agricultural and Biological Sciences,NL,2015,155
Agricultural and Biological Sciences,NL,2016,157
Agricultural and Biological Sciences,NL,2017,159
Agricultural and Biological Sciences,NL,2018,165
Agricultural and Biological Sciences,NL,2019,163
Agricultural and Biological Sciences,NL,2020,163
Agricultural and Biological Sciences,NL,2021,166
Agricultural and Biological Sciences,NL,2022,163
Agricultural and Biological Sciences,NL,2023,166
Agricultural and Biological Sciences,NL,2024,167
Agricultural and Biological Sciences,NO,2015,24
Agricultural and Biological Sciences,NO,2016,25
Agricultural and Biological Sciences,NO,2017,25
Agricultural and Biological Sciences,NO,2018,24
Agricultural and Biological Sciences,NO,2019,24
Agricultural and Biological Sciences,NO,2020,25
Agricultural and Biological Sciences,NO,2021,25
Agricultural and Biological Sciences,NO,2022,25
Agricultural and Biological Sciences,NO,2023,24
Agricultural and Biological Sciences,NO,2024,23
Agricultural and Biological Sciences,NP,2015,4
Agricultural and Biological Sciences,NP,2016,4
Agricultural and Biological Sciences,NP,2017,4
Agricultural and Biological Sciences,NP,2018,5
Agricultural and Biological Sciences,NP,2019,5
Agricultural and Biological Sciences,NP,2020,4
Agricultural and Biological Sciences,NP,2021,4
Agricultural and Biological Sciences,NP,2022,3
Agricultural and Biological Sciences,NP,2023,2
Agricultural and Biological Sciences,NP,2024,2
Agricultural and Biological Sciences,NZ,2015,56
Agricultural and Biological Sciences,NZ,2016,57
Agricultural and Biological Sciences,NZ,2017,55
Agricultural and Biological Sciences,NZ,2018,53
Agricultural and Biological Sciences,NZ,2019,50
Agricultural and Biological Sciences,NZ,2020,47
Agricultural and Biological Sciences,NZ,2021,48
Agricultural and Biological Sciences,NZ,2022,47
Agricultural and Biological Sciences,NZ,2023,45
Agricultural and Biological Sciences,NZ,2024,45
Agricultural and Biological Sciences,OM,2018,1
Agricultural and Biological Sciences,OM,2019,1
Agricultural and Biological Sciences,OM,2020,2
Agricultural and Biological Sciences,OM,2021,2
Agricultural and Biological Sciences,OM,2022,3
Agricultural and Biological Sciences,OM,2023,3
Agricultural and Biological Sciences,OM,2024,4
Agricultural and Biological Sciences,PA,2015,13
Agricultural and Biological Sciences,PA,2016,12
Agricultural and Biological Sciences,PA,2017,14
Agricultural and Biological Sciences,PA,2018,14
Agricultural and Biological Sciences,PA,2019,15
Agricultural and Biological Sciences,PA,2020,14
Agricultural and Biological Sciences,PA,2021,13
Agricultural and Biological Sciences,PA,2022,14
Agricultural and Biological Sciences,PA,2023,15
Agricultural and Biological Sciences,PA,2024,14
Agricultural and Biological Sciences,PE,2015,2
Agricultural and Biological Sciences,PE,2016,2
Agricultural and Biological Sciences,PE,2017,3
Agricultural and Biological Sciences,PE,2018,3
Agricultural and Biological Sciences,PE,2019,3
Agricultural and Biological Sciences,PE,2020,4
Agricultural and Biological Sciences,PE,2021,4
Agricultural and Biological Sciences,PE,2022,3
Agricultural and Biological Sciences,PE,2023,3
Agricultural and Biological Sciences,PE,2024,3
Agricultural and Biological Sciences,PH,2015,21
Agricultural and Biological Sciences,PH,2016,21
Agricultural and Biological Sciences,PH,2017,21
Agricultural and Biological Sciences,PH,2018,21
Agricultural and Biological Sciences,PH,2019,21
Agricultural and Biological Sciences,PH,2020,22
Agricultural and Biological Sciences,PH,2021,21
Agricultural and Biological Sciences,PH,2022,23
Agricultural and Biological Sciences,PH,2023,23
Agricultural and Biological Sciences,PH,2024,23
Agricultural and Biological Sciences,PK,2015,7
Agricultural and Biological Sciences,PK,2016,7
Agricultural and Biological Sciences,PK,2017,8
Agricultural and Biological Sciences,PK,2018,8
Agricultural and Biological Sciences,PK,2019,8
Agricultural and Biological Sciences,PK,2020,12
Agricultural and Biological Sciences,PK,2021,16
Agricultural and Biological Sciences,PK,2022,17
Agricultural and Biological Sciences,PK,2023,19
Agricultural and Biological Sciences,PK,2024,24
Agricultural and Biological Sciences,PL,2015,6
Agricultural and Biological Sciences,PL,2016,7
Agricultural and Biological Sciences,PL,2017,7
Agricultural and Biological Sciences,PL,2018,7
Agricultural and Biological Sciences,PL,2019,7
Agricultural and Biological Sciences,PL,2020,8
Agricultural and Biological Sciences,PL,2021,8
Agricultural and Biological Sciences,PL,2022,8
Agricultural and Biological Sciences,PL,2023,10
Agricultural and Biological Sciences,PL,2024,9
Agricultural and Biological Sciences,PR,2015,1
Agricultural and Biological Sciences,PR,2016,2
Agricultural and Biological Sciences,PR,2017,1
Agricultural and Biological Sciences,PR,2018,1
Agricultural and Biological Sciences,PR,2019,1
Agricultural and Biological Sciences,PR,2020,1
Agricultural and Biological Sciences,PR,2021,1
Agricultural and Biological Sciences,PR,2022,1
Agricultural and Biological Sciences,PR,2023,1
Agricultural and Biological Sciences,PR,2024,1
Agricultural and Biological Sciences,PT,2015,16
Agricultural and Biological Sciences,PT,2016,18
Agricultural and Biological Sciences,PT,2017,18
Agricultural and Biological Sciences,PT,2018,18
Agricultural and Biological Sciences,PT,2019,18
Agricultural and Biological Sciences,PT,2020,19
Agricultural and Biological Sciences,PT,2021,23
Agricultural and Biological Sciences,PT,2022,23
Agricultural and Biological Sciences,PT,2023,24
Agricultural and Biological Sciences,PT,2024,26
Agricultural and Biological Sciences,QA,2024,1
Agricultural and Biological Sciences,RO,2024,1
Agricultural and Biological Sciences,RS,2015,1
Agricultural and Biological Sciences,RS,2016,1
Agricultural and Biological Sciences,RS,2017,1
Agricultural and Biological Sciences,RS,2018,2
Agricultural and Biological Sciences,RS,2019,1
Agricultural and Biological Sciences,RS,2020,1
Agricultural and Biological Sciences,RS,2021,1
Agricultural and Biological Sciences,RS,2022,1
Agricultural and Biological Sciences,RS,2023,1
Agricultural and Biological Sciences,RS,2024,1
Agricultural and Biological Sciences,RU,2015,15
Agricultural and Biological Sciences,RU,2016,16
Agricultural and Biological Sciences,RU,2017,16
Agricultural and Biological Sciences,RU,2018,17
Agricultural and Biological Sciences,RU,2019,18
Agricultural and Biological Sciences,RU,2020,19
Agricultural and Biological Sciences,RU,2021,20
Agricultural and Biological Sciences,RU,2022,21
Agricultural and Biological Sciences,RU,2023,20
Agricultural and Biological Sciences,RU,2024,20
Agricultural and Biological Sciences,SA,2015,13
Agricultural and Biological Sciences,SA,2016,17
Agricultural and Biological Sciences,SA,2017,20
Agricultural and Biological Sciences,SA,2018,21
Agricultural and Biological Sciences,SA,2019,22
Agricultural and Biological Sciences,SA,2020,23
Agricultural and Biological Sciences,SA,2021,24
Agricultural and Biological Sciences,SA,2022,30
Agricultural and Biological Sciences,SA,2023,30
Agricultural and Biological Sciences,SA,2024,33
Agricultural and Biological Sciences,SE,2015,84
Agricultural and Biological Sciences,SE,2016,84
Agricultural and Biological Sciences,SE,2017,87
Agricultural and Biological Sciences,SE,2018,87
Agricultural and Biological Sciences,SE,2019,90
Agricultural and Biological Sciences,SE,2020,87
Agricultural and Biological Sciences,SE,2021,81
Agricultural and Biological Sciences,SE,2022,79
Agricultural and Biological Sciences,SE,2023,80
Agricultural and Biological Sciences,SE,2024,77
Agricultural and Biological Sciences,SG,2015,7
Agricultural and Biological Sciences,SG,2016,7
Agricultural and Biological Sciences,SG,2017,7
Agricultural and Biological Sciences,SG,2018,8
Agricultural and Biological Sciences,SG,2019,8
Agricultural and Biological Sciences,SG,2020,10
Agricultural and Biological Sciences,SG,2021,10
Agricultural and Biological Sciences,SG,2022,10
Agricultural and Biological Sciences,SG,2023,11
Agricultural and Biological Sciences,SG,2024,10
Agricultural and Biological Sciences,SI,2015,1
Agricultural and Biological Sciences,SI,2016,1
Agricultural and Biological Sciences,SI,2017,1
Agricultural and Biological Sciences,SI,2018,1
Agricultural and Biological Sciences,SI,2019,1
Agricultural and Biological Sciences,SI,2020,1
Agricultural and Biological Sciences,SI,2021,1
Agricultural and Biological Sciences,SI,2022,2
Agricultural and Biological Sciences,SI,2023,2
Agricultural and Biological Sciences,SI,2024,2
Agricultural and Biological Sciences,SK,2015,14
Agricultural and Biological Sciences,SK,2016,12
Agricultural and Biological Sciences,SK,2017,12
Agricultural and Biological Sciences,SK,2018,10
Agricultural and Biological Sciences,SK,2019,8
Agricultural and Biological Sciences,SK,2020,6
Agricultural and Biological Sciences,SK,2021,4
Agricultural and Biological Sciences,SK,2022,5
Agricultural and Biological Sciences,SK,2023,5
Agricultural and Biological Sciences,SK,2024,4
Agricultural and Biological Sciences,SL,2015,1
Agricultural and Biological Sciences,SL,2016,1
Agricultural and Biological Sciences,SL,2017,1
Agricultural and Biological Sciences,SL,2018,1
Agricultural and Biological Sciences,SL,2019,1
Agricultural and Biological Sciences,SL,2020,2
Agricultural and Biological Sciences,SL,2021,2
Agricultural and Biological Sciences,SL,2022,2
Agricultural and Biological Sciences,SL,2023,2
Agricultural and Biological Sciences,SL,2024,2
Agricultural and Biological Sciences,SY,2015,4
Agricultural and Biological Sciences,SY,2016,4
Agricultural and Biological Sciences,SY,2017,3
Agricultural and Biological Sciences,SY,2018,3
Agricultural and Biological Sciences,SY,2019,3
Agricultural and Biological Sciences,SY,2020,3
Agricultural and Biological Sciences,SY,2021,3
Agricultural and Biological Sciences,SY,2022,3
Agricultural and Biological Sciences,SY,2023,3
Agricultural and Biological Sciences,SY,2024,3
Agricultural and Biological Sciences,TH,2015,3
Agricultural and Biological Sciences,TH,2016,3
Agricultural and Biological Sciences,TH,2017,3
Agricultural and Biological Sciences,TH,2018,3
Agricultural and Biological Sciences,TH,2019,3
Agricultural and Biological Sciences,TH,2020,3
Agricultural and Biological Sciences,TH,2021,3
Agricultural and Biological Sciences,TH,2022,2
Agricultural and Biological Sciences,TH,2023,3
Agricultural and Biological Sciences,TH,2024,5
Agricultural and Biological Sciences,TJ,2015,1
Agricultural and Biological Sciences,TJ,2016,1
Agricultural and Biological Sciences,TJ,2017,1
Agricultural and Biological Sciences,TJ,2018,1
Agricultural and Biological Sciences,TJ,2019,1
Agricultural and Biological Sciences,TJ,2020,1
Agricultural and Biological Sciences,TJ,2021,1
Agricultural and Biological Sciences,TJ,2022,1
Agricultural and Biological Sciences,TJ,2023,1
Agricultural and Biological Sciences,TJ,2024,1
Agricultural and Biological Sciences,TN,2015,1
Agricultural and Biological Sciences,TN,2016,1
Agricultural and Biological Sciences,TN,2017,1
Agricultural and Biological Sciences,TN,2018,1
Agricultural and Biological Sciences,TN,2019,1
Agricultural and Biological Sciences,TN,2020,1
Agricultural and Biological Sciences,TN,2021,1
Agricultural and Biological Sciences,TN,2022,1
Agricultural and Biological Sciences,TN,2023,4
Agricultural and Biological Sciences,TN,2024,4
Agricultural and Biological Sciences,TR,2015,3
Agricultural and Biological Sciences,TR,2016,3
Agricultural and Biological Sciences,TR,2017,4
Agricultural and Biological Sciences,TR,2018,4
Agricultural and Biological Sciences,TR,2019,5
Agricultural and Biological Sciences,TR,2020,5
Agricultural and Biological Sciences,TR,2021,6
Agricultural and Biological Sciences,TR,2022,7
Agricultural and Biological Sciences,TR,2023,10
Agricultural and Biological Sciences,TR,2024,12
Agricultural and Biological Sciences,TW,2015,7
Agricultural and Biological Sciences,TW,2016,7
Agricultural and Biological Sciences,TW,2017,7
Agricultural and Biological Sciences,TW,2018,7
Agricultural and Biological Sciences,TW,2019,6
Agricultural and Biological Sciences,TW,2020,6
Agricultural and Biological Sciences,TW,2021,6
Agricultural and Biological Sciences,TW,2022,6
Agricultural and Biological Sciences,TW,2023,7
Agricultural and Biological Sciences,TW,2024,8
Agricultural and Biological Sciences,TZ,2015,3
Agricultural and Biological Sciences,TZ,2016,2
Agricultural and Biological Sciences,TZ,2017,2
Agricultural and Biological Sciences,TZ,2018,2
Agricultural and Biological Sciences,TZ,2019,3
Agricultural and Biological Sciences,TZ,2020,3
Agricultural and Biological Sciences,TZ,2021,3
Agricultural and Biological Sciences,TZ,2022,3
Agricultural and Biological Sciences,TZ,2023,2
Agricultural and Biological Sciences,TZ,2024,2
Agricultural and Biological Sciences,UA,2016,1
Agricultural and Biological Sciences,UA,2017,1
Agricultural and Biological Sciences,UA,2018,1
Agricultural and Biological Sciences,UA,2019,1
Agricultural and Biological Sciences,UA,2020,1
Agricultural and Biological Sciences,UA,2021,1
Agricultural and Biological Sciences,UA,2022,1
Agricultural and Biological Sciences,UA,2023,1
Agricultural and Biological Sciences,UA,2024,1
Agricultural and Biological Sciences,US,2015,1778
Agricultural and Biological Sciences,US,2016,1750
Agricultural and Biological Sciences,US,2017,1709
Agricultural and Biological Sciences,US,2018,1669
Agricultural and Biological Sciences,US,2019,1644
Agricultural and Biological Sciences,US,2020,1595
Agricultural and Biological Sciences,US,2021,1537
Agricultural and Biological Sciences,US,2022,1479
Agricultural and Biological Sciences,US,2023,1419
Agricultural and Biological Sciences,US,2024,1359
Agricultural and Biological Sciences,UY,2016,1
Agricultural and Biological Sciences,UY,2017,1
Agricultural and Biological Sciences,UY,2018,2
Agricultural and Biological Sciences,UY,2019,2
Agricultural and Biological Sciences,UY,2020,2
Agricultural and Biological Sciences,UY,2021,2
Agricultural and Biological Sciences,UY,2022,2
Agricultural and Biological Sciences,UY,2023,2
Agricultural and Biological Sciences,UY,2024,2
Agricultural and Biological Sciences,UZ,2024,1
Agricultural and Biological Sciences,VE,2023,1
Agricultural and Biological Sciences,VE,2024,1
Agricultural and Biological Sciences,VN,2015,9
Agricultural and Biological Sciences,VN,2016,10
Agricultural and Biological Sciences,VN,2017,8
Agricultural and Biological Sciences,VN,2018,8
Agricultural and Biological Sciences,VN,2019,7
Agricultural and Biological Sciences,VN,2020,7
Agricultural and Biological Sciences,VN,2021,7
Agricultural and Biological Sciences,VN,2022,7
Agricultural and Biological Sciences,VN,2023,8
Agricultural and Biological Sciences,VN,2024,8
Agricultural and Biological Sciences,ZA,2015,29
Agricultural and Biological Sciences,ZA,2016,31
Agricultural and Biological Sciences,ZA,2017,30
Agricultural and Biological Sciences,ZA,2018,31
Agricultural and Biological Sciences,ZA,2019,34
Agricultural and Biological Sciences,ZA,2020,35
Agricultural and Biological Sciences,ZA,2021,36
Agricultural and Biological Sciences,ZA,2022,35
Agricultural and Biological Sciences,ZA,2023,37
Agricultural and Biological Sciences,ZA,2024,36
Agricultural and Biological Sciences,ZW,2015,1
Agricultural and Biological Sciences,ZW,2016,1
Agricultural and Biological Sciences,ZW,2017,1
Agricultural and Biological Sciences,ZW,2018,1
Agricultural and Biological Sciences,ZW,2019,1
Agricultural and Biological Sciences,ZW,2020,1
Agricultural and Biological Sciences,ZW,2021,1
Agricultural and Biological Sciences,ZW,2022,1
Agricultural and Biological Sciences,ZW,2023,1
Agricultural and Biological Sciences,ZW,2024,1
Arts and Humanities,AD,2015,1
Arts and Humanities,AD,2016,1
Arts and Humanities,AD,2017,1
Arts and Humanities,AD,2018,1
Arts and Humanities,AD,2019,1
Arts and Humanities,AD,2020,1
Arts and Humanities,AE,2015,1
Arts and Humanities,AE,2016,1
Arts and Humanities,AE,2017,1
Arts and Humanities,AE,2018,1
Arts and Humanities,AE,2019,1
Arts and Humanities,AE,2020,1
Arts and Humanities,AE,2021,1
Arts and Humanities,AE,2022,1
Arts and Humanities,AE,2023,1
Arts and Humanities,AE,2024,2
Arts and Humanities,AR,2015,2
Arts and Humanities,AR,2016,2
Arts and Humanities,AR,2017,2
Arts and Humanities,AR,2018,1
Arts and Humanities,AR,2019,1
Arts and Humanities,AR,2020,1
Arts and Humanities,AR,2021,1
Arts and Humanities,AR,2022,1
Arts and Humanities,AR,2023,1
Arts and Humanities,AR,2024,1
Arts and Humanities,AT,2015,11
Arts and Humanities,AT,2016,10
Arts and Humanities,AT,2017,8
Arts and Humanities,AT,2018,10
Arts and Humanities,AT,2019,8
Arts and Humanities,AT,2020,9
Arts and Humanities,AT,2021,11
Arts and Humanities,AT,2022,11
Arts and Humanities,AT,2023,13
Arts and Humanities,AT,2024,13
Arts and Humanities,AU,2015,77
Arts and Humanities,AU,2016,81
Arts and Humanities,AU,2017,82
Arts and Humanities,AU,2018,88
Arts and Humanities,AU,2019,84
Arts and Humanities,AU,2020,88
Arts and Humanities,AU,2021,87
Arts and Humanities,AU,2022,87
Arts and Humanities,AU,2023,87
Arts and Humanities,AU,2024,89
Arts and Humanities,BE,2015,16
Arts and Humanities,BE,2016,15
Arts and Humanities,BE,2017,15
Arts and Humanities,BE,2018,16
Arts and Humanities,BE,2019,16
Arts and Humanities,BE,2020,16
Arts and Humanities,BE,2021,16
Arts and Humanities,BE,2022,16
Arts and Humanities,BE,2023,20
Arts and Humanities,BE,2024,23
Arts and Humanities,BG,2015,1
Arts and Humanities,BG,2016,1
Arts and Humanities,BG,2017,1
Arts and Humanities,BG,2018,1
Arts and Humanities,BG,2019,1
Arts and Humanities,BG,2020,1
Arts and Humanities,BG,2021,1
Arts and Humanities,BG,2022,1
Arts and Humanities,BG,2023,1
Arts and Humanities,BG,2024,1
Arts and Humanities,BR,2015,4
Arts and Humanities,BR,2016,5
Arts and Humanities,BR,2017,5
Arts and Humanities,BR,2018,5
Arts and Humanities,BR,2019,5
Arts and Humanities,BR,2020,6
Arts and Humanities,BR,2021,6
Arts and Humanities,BR,2022,6
Arts and Humanities,BR,2023,6
Arts and Humanities,BR,2024,6
Arts and Humanities,BW,2015,1
Arts and Humanities,BW,2016,1
Arts and Humanities,BW,2017,1
Arts and Humanities,BW,2018,1
Arts and Humanities,BW,2019,1
Arts and Humanities,BW,2020,1
Arts and Humanities,BW,2021,1
Arts and Humanities,BW,2022,1
Arts and Humanities,BW,2023,1
Arts and Humanities,BW,2024,1
Arts and Humanities,CA,2015,84
Arts and Humanities,CA,2016,87
Arts and Humanities,CA,2017,83
Arts and Humanities,CA,2018,85
Arts and Humanities,CA,2019,88
Arts and Humanities,CA,2020,91
Arts and Humanities,CA,2021,87
Arts and Humanities,CA,2022,89
Arts and Humanities,CA,2023,87
Arts and Humanities,CA,2024,86
Arts and Humanities,CH,2015,18
Arts and Humanities,CH,2016,17
Arts and Humanities,CH,2017,17
Arts and Humanities,CH,2018,17
Arts and Humanities,CH,2019,19
Arts and Humanities,CH,2020,19
Arts and Humanities,CH,2021,20
Arts and Humanities,CH,2022,20
Arts and Humanities,CH,2023,18
Arts and Humanities,CH,2024,18
Arts and Humanities,CL,2018,1
Arts and Humanities,CL,2019,1
Arts and Humanities,CL,2020,1
Arts and Humanities,CL,2021,1
Arts and Humanities,CL,2022,2
Arts and Humanities,CL,2023,2
Arts and Humanities,CL,2024,2
Arts and Humanities,CN,2015,4
Arts and Humanities,CN,2016,4
Arts and Humanities,CN,2017,4
Arts and Humanities,CN,2018,5
Arts and Humanities,CN,2019,6
Arts and Humanities,CN,2020,6
Arts and Humanities,CN,2021,7
Arts and Humanities,CN,2022,8
Arts and Humanities,CN,2023,9
Arts and Humanities,CN,2024,10
Arts and Humanities,CNX,2015,20
Arts and Humanities,CNX,2016,21
Arts and Humanities,CNX,2017,23
Arts and Humanities,CNX,2018,25
Arts and Humanities,CNX,2019,26
Arts and Humanities,CNX,2020,27
Arts and Humanities,CNX,2021,28
Arts and Humanities,CNX,2022,29
Arts and Humanities,CNX,2023,30
Arts and Humanities,CNX,2024,33
Arts and Humanities,CR,2015,1
Arts and Humanities,CR,2016,1
Arts and Humanities,CR,2017,1
Arts and Humanities,CR,2018,1
Arts and Humanities,CR,2019,1
Arts and Humanities,CR,2020,1
Arts and Humanities,CR,2021,1
Arts and Humanities,CR,2022,1
Arts and Humanities,CR,2023,1
Arts and Humanities,CR,2024,1
Arts and Humanities,CZ,2015,1
Arts and Humanities,CZ,2016,1
Arts and Humanities,CZ,2017,2
Arts and Humanities,CZ,2018,2
Arts and Humanities,CZ,2019,2
Arts and Humanities,CZ,2020,2
Arts and Humanities,CZ,2021,3
Arts and Humanities,CZ,2022,4
Arts and Humanities,CZ,2023,4
Arts and Humanities,CZ,2024,4
Arts and Humanities,DE,2015,88
Arts and Humanities,DE,2016,91
Arts and Humanities,DE,2017,93
Arts and Humanities,DE,2018,96
Arts and Humanities,DE,2019,90
Arts and Humanities,DE,2020,88
Arts and Humanities,DE,2021,93
Arts and Humanities,DE,2022,94
Arts and Humanities,DE,2023,98
Arts and Humanities,DE,2024,94
Arts and Humanities,DK,2015,11
Arts and Humanities,DK,2016,12
Arts and Humanities,DK,2017,12
Arts and Humanities,DK,2018,13
Arts and Humanities,DK,2019,12
Arts and Humanities,DK,2020,12
Arts and Humanities,DK,2021,13
Arts and Humanities,DK,2022,14
Arts and Humanities,DK,2023,14
Arts and Humanities,DK,2024,14
Arts and Humanities,ES,2015,22
Arts and Humanities,ES,2016,25
Arts and Humanities,ES,2017,25
Arts and Humanities,ES,2018,27
Arts and Humanities,ES,2019,27
Arts and Humanities,ES,2020,30
Arts and Humanities,ES,2021,31
Arts and Humanities,ES,2022,33
Arts and Humanities,ES,2023,33
Arts and Humanities,ES,2024,36
Arts and Humanities,ET,2019,1
Arts and Humanities,ET,2020,1
Arts and Humanities,ET,2021,1
Arts and Humanities,ET,2022,1
Arts and Humanities,ET,2023,1
Arts and Humanities,ET,2024,1
Arts and Humanities,FI,2015,6
Arts and Humanities,FI,2016,8
Arts and Humanities,FI,2017,8
Arts and Humanities,FI,2018,10
Arts and Humanities,FI,2019,9
Arts and Humanities,FI,2020,10
Arts and Humanities,FI,2021,10
Arts and Humanities,FI,2022,11
Arts and Humanities,FI,2023,11
Arts and Humanities,FI,2024,11
Arts and Humanities,FR,2015,31
Arts and Humanities,FR,2016,28
Arts and Humanities,FR,2017,29
Arts and Humanities,FR,2018,31
Arts and Humanities,FR,2019,31
Arts and Humanities,FR,2020,33
Arts and Humanities,FR,2021,30
Arts and Humanities,FR,2022,32
Arts and Humanities,FR,2023,34
Arts and Humanities,FR,2024,35
Arts and Humanities,GB,2015,360
Arts and Humanities,GB,2016,364
Arts and Humanities,GB,2017,370
Arts and Humanities,GB,2018,365
Arts and Humanities,GB,2019,365
Arts and Humanities,GB,2020,368
Arts and Humanities,GB,2021,366
Arts and Humanities,GB,2022,362
Arts and Humanities,GB,2023,359
Arts and Humanities,GB,2024,359
Arts and Humanities,GH,2015,3
Arts and Humanities,GH,2016,2
Arts and Humanities,GH,2017,2
Arts and Humanities,GH,2018,2
Arts and Humanities,GH,2019,2
Arts and Humanities,GH,2020,2
Arts and Humanities,GH,2021,2
Arts and Humanities,GH,2022,1
Arts and Humanities,GR,2015,4
Arts and Humanities,GR,2016,3
Arts and Humanities,GR,2017,4
Arts and Humanities,GR,2018,3
Arts and Humanities,GR,2019,3
Arts and Humanities,GR,2020,3
Arts and Humanities,GR,2021,3
Arts and Humanities,GR,2022,3
Arts and Humanities,GR,2023,3
Arts and Humanities,GR,2024,3
Arts and Humanities,HK,2015,15
Arts and Humanities,HK,2016,16
Arts and Humanities,HK,2017,17
Arts and Humanities,HK,2018,17
Arts and Humanities,HK,2019,17
Arts and Humanities,HK,2020,18
Arts and Humanities,HK,2021,19
Arts and Humanities,HK,2022,20
Arts and Humanities,HK,2023,21
Arts and Humanities,HK,2024,22
Arts and Humanities,HU,2015,4
Arts and Humanities,HU,2016,4
Arts and Humanities,HU,2017,5
Arts and Humanities,HU,2018,6
Arts and Humanities,HU,2019,6
Arts and Humanities,HU,2020,7
Arts and Humanities,HU,2021,9
Arts and Humanities,HU,2022,11
Arts and Humanities,HU,2023,10
Arts and Humanities,HU,2024,11
Arts and Humanities,ID,2022,1
Arts and Humanities,ID,2023,1
Arts and Humanities,ID,2024,1
Arts and Humanities,IE,2015,6
Arts and Humanities,IE,2016,5
Arts and Humanities,IE,2017,5
Arts and Humanities,IE,2018,7
Arts and Humanities,IE,2019,6
Arts and Humanities,IE,2020,6
Arts and Humanities,IE,2021,6
Arts and Humanities,IE,2022,6
Arts and Humanities,IE,2023,7
Arts and Humanities,IE,2024,7
Arts and Humanities,IL,2015,19
Arts and Humanities,IL,2016,20
Arts and Humanities,IL,2017,21
Arts and Humanities,IL,2018,21
Arts and Humanities,IL,2019,22
Arts and Humanities,IL,2020,21
Arts and Humanities,IL,2021,21
Arts and Humanities,IL,2022,20
Arts and Humanities,IL,2023,22
Arts and Humanities,IL,2024,23
Arts and Humanities,IN,2015,6
Arts and Humanities,IN,2016,6
Arts and Humanities,IN,2017,6
Arts and Humanities,IN,2018,7
Arts and Humanities,IN,2019,8
Arts and Humanities,IN,2020,8
Arts and Humanities,IN,2021,9
Arts and Humanities,IN,2022,9
Arts and Humanities,IN,2023,9
Arts and Humanities,IN,2024,9
Arts and Humanities,IR,2016,1
Arts and Humanities,IR,2017,1
Arts and Humanities,IR,2018,1
Arts and Humanities,IR,2019,1
Arts and Humanities,IR,2020,1
Arts and Humanities,IR,2021,1
Arts and Humanities,IR,2022,1
Arts and Humanities,IR,2023,2
Arts and Humanities,IR,2024,2
Arts and Humanities,IS,2015,1
Arts and Humanities,IS,2016,1
Arts and Humanities,IS,2017,1
Arts and Humanities,IS,2018,1
Arts and Humanities,IT,2015,25
Arts and Humanities,IT,2016,25
Arts and Humanities,IT,2017,30
Arts and Humanities,IT,2018,32
Arts and Humanities,IT,2019,34
Arts and Humanities,IT,2020,34
Arts and Humanities,IT,2021,41
Arts and Humanities,IT,2022,41
Arts and Humanities,IT,2023,43
Arts and Humanities,IT,2024,47
Arts and Humanities,JP,2015,9
Arts and Humanities,JP,2016,9
Arts and Humanities,JP,2017,10
Arts and Humanities,JP,2018,10
Arts and Humanities,JP,2019,11
Arts and Humanities,JP,2020,11
Arts and Humanities,JP,2021,11
Arts and Humanities,JP,2022,12
Arts and Humanities,JP,2023,12
Arts and Humanities,JP,2024,10
Arts and Humanities,KR,2015,2
Arts and Humanities,KR,2016,3
Arts and Humanities,KR,2017,4
Arts and Humanities,KR,2018,4
Arts and Humanities,KR,2019,4
Arts and Humanities,KR,2020,4
Arts and Humanities,KR,2021,4
Arts and Humanities,KR,2022,4
Arts and Humanities,KR,2023,4
Arts and Humanities,KR,2024,5
Arts and Humanities,LK,2018,1
Arts and Humanities,LK,2019,1
Arts and Humanities,LK,2020,1
Arts and Humanities,LK,2021,1
Arts and Humanities,LK,2022,1
Arts and Humanities,LK,2023,1
Arts and Humanities,LK,2024,1
Arts and Humanities,LU,2015,1
Arts and Humanities,LU,2016,1
Arts and Humanities,LU,2017,1
Arts and Humanities,LU,2018,2
Arts and Humanities,LU,2019,2
Arts and Humanities,LU,2020,2
Arts and Humanities,LU,2021,2
Arts and Humanities,LU,2022,2
Arts and Humanities,LU,2023,2
Arts and Humanities,LU,2024,2
Arts and Humanities,MT,2015,1
Arts and Humanities,MT,2016,1
Arts and Humanities,MT,2017,1
Arts and Humanities,MT,2018,1
Arts and Humanities,MT,2019,1
Arts and Humanities,MT,2020,1
Arts and Humanities,MT,2021,1
Arts and Humanities,MT,2022,1
Arts and Humanities,MT,2023,1
Arts and Humanities,MT,2024,1
Arts and Humanities,MX,2015,10
Arts and Humanities,MX,2016,12
Arts and Humanities,MX,2017,12
Arts and Humanities,MX,2018,12
Arts and Humanities,MX,2019,12
Arts and Humanities,MX,2020,12
Arts and Humanities,MX,2021,8
Arts and Humanities,MX,2022,8
Arts and Humanities,MX,2023,9
Arts and Humanities,MX,2024,10
Arts and Humanities,MY,2015,1
Arts and Humanities,MY,2016,1
Arts and Humanities,MY,2017,1
Arts and Humanities,MY,2018,1
Arts and Humanities,MY,2019,1
Arts and Humanities,MY,2020,1
Arts and Humanities,MY,2021,1
Arts and Humanities,MY,2022,1
Arts and Humanities,MY,2023,1
Arts and Humanities,MY,2024,1
Arts and Humanities,NL,2015,35
Arts and Humanities,NL,2016,41
Arts and Humanities,NL,2017,45
Arts and Humanities,NL,2018,46
Arts and Humanities,NL,2019,45
Arts and Humanities,NL,2020,45
Arts and Humanities,NL,2021,45
Arts and Humanities,NL,2022,45
Arts and Humanities,NL,2023,48
Arts and Humanities,NL,2024,46
Arts and Humanities,NO,2015,3
Arts and Humanities,NO,2016,3
Arts and Humanities,NO,2017,4
Arts and Humanities,NO,2018,4
Arts and Humanities,NO,2019,5
Arts and Humanities,NO,2020,5
Arts and Humanities,NO,2021,5
Arts and Humanities,NO,2022,7
Arts and Humanities,NO,2023,9
Arts and Humanities,NO,2024,9
Arts and Humanities,NZ,2015,17
Arts and Humanities,NZ,2016,17
Arts and Humanities,NZ,2017,17
Arts and Humanities,NZ,2018,17
Arts and Humanities,NZ,2019,18
Arts and Humanities,NZ,2020,19
Arts and Humanities,NZ,2021,20
Arts and Humanities,NZ,2022,20
Arts and Humanities,NZ,2023,21
Arts and Humanities,NZ,2024,20
Arts and Humanities,PK,2020,1
Arts and Humanities,PK,2021,1
Arts and Humanities,PK,2022,1
Arts and Humanities,PK,2023,1
Arts and Humanities,PK,2024,1
Arts and Humanities,PL,2015,1
Arts and Humanities,PL,2016,1
Arts and Humanities,PL,2017,1
Arts and Humanities,PL,2018,1
Arts and Humanities,PL,2019,1
Arts and Humanities,PL,2020,1
Arts and Humanities,PL,2021,1
Arts and Humanities,PL,2022,2
Arts and Humanities,PL,2023,2
Arts and Humanities,PL,2024,2
Arts and Humanities,PT,2015,5
Arts and Humanities,PT,2016,6
Arts and Humanities,PT,2017,6
Arts and Humanities,PT,2018,5
Arts and Humanities,PT,2019,6
Arts and Humanities,PT,2020,6
Arts and Humanities,PT,2021,7
Arts and Humanities,PT,2022,9
Arts and Humanities,PT,2023,9
Arts and Humanities,PT,2024,10
Arts and Humanities,RU,2015,3
Arts and Humanities,RU,2016,3
Arts and Humanities,RU,2017,3
Arts and Humanities,RU,2018,2
Arts and Humanities,RU,2019,2
Arts and Humanities,RU,2020,3
Arts and Humanities,RU,2021,4
Arts and Humanities,RU,2022,4
Arts and Humanities,RU,2023,4
Arts and Humanities,RU,2024,4
Arts and Humanities,SE,2015,13
Arts and Humanities,SE,2016,13
Arts and Humanities,SE,2017,15
Arts and Humanities,SE,2018,14
Arts and Humanities,SE,2019,13
Arts and Humanities,SE,2020,14
Arts and Humanities,SE,2021,14
Arts and Humanities,SE,2022,14
Arts and Humanities,SE,2023,15
Arts and Humanities,SE,2024,15
Arts and Humanities,SG,2015,6
Arts and Humanities,SG,2016,5
Arts and Humanities,SG,2017,5
Arts and Humanities,SG,2018,6
Arts and Humanities,SG,2019,5
Arts and Humanities,SG,2020,6
Arts and Humanities,SG,2021,6
Arts and Humanities,SG,2022,8
Arts and Humanities,SG,2023,8
Arts and Humanities,SG,2024,10
Arts and Humanities,SI,2015,1
Arts and Humanities,SI,2016,1
Arts and Humanities,SI,2017,1
Arts and Humanities,SI,2018,1
Arts and Humanities,SI,2019,2
Arts and Humanities,SI,2020,1
Arts and Humanities,SI,2021,3
Arts and Humanities,SI,2022,3
Arts and Humanities,SI,2023,3
Arts and Humanities,SI,2024,3
Arts and Humanities,SS,2015,1
Arts and Humanities,SS,2016,1
Arts and Humanities,SS,2017,1
Arts and Humanities,SS,2018,1
Arts and Humanities,SS,2019,1
Arts and Humanities,SS,2020,1
Arts and Humanities,SS,2021,1
Arts and Humanities,SS,2022,1
Arts and Humanities,SS,2023,1
Arts and Humanities,SS,2024,1
Arts and Humanities,TH,2021,1
Arts and Humanities,TH,2022,1
Arts and Humanities,TH,2023,1
Arts and Humanities,TH,2024,1
Arts and Humanities,TR,2015,1
Arts and Humanities,TR,2016,1
Arts and Humanities,TR,2017,1
Arts and Humanities,TR,2018,1
Arts and Humanities,TR,2019,1
Arts and Humanities,TR,2020,1
Arts and Humanities,TR,2021,1
Arts and Humanities,TR,2022,1
Arts and Humanities,TR,2023,1
Arts and Humanities,TR,2024,1
Arts and Humanities,TW,2015,1
Arts and Humanities,TW,2016,1
Arts and Humanities,TW,2017,2
Arts and Humanities,TW,2018,3
Arts and Humanities,TW,2019,3
Arts and Humanities,TW,2020,3
Arts and Humanities,TW,2021,2
Arts and Humanities,TW,2022,2
Arts and Humanities,TW,2023,2
Arts and Humanities,TW,2024,3
Arts and Humanities,TZ,2015,1
Arts and Humanities,TZ,2016,1
Arts and Humanities,TZ,2017,1
Arts and Humanities,TZ,2018,1
Arts and Humanities,TZ,2019,1
Arts and Humanities,TZ,2020,1
Arts and Humanities,TZ,2021,1
Arts and Humanities,TZ,2022,1
Arts and Humanities,US,2015,951
Arts and Humanities,US,2016,939
Arts and Humanities,US,2017,924
Arts and Humanities,US,2018,911
Arts and Humanities,US,2019,909
Arts and Humanities,US,2020,900
Arts and Humanities,US,2021,880
Arts and Humanities,US,2022,874
Arts and Humanities,US,2023,865
Arts and Humanities,US,2024,859
Arts and Humanities,ZA,2015,4
Arts and Humanities,ZA,2016,5
Arts and Humanities,ZA,2017,7
Arts and Humanities,ZA,2018,6
Arts and Humanities,ZA,2019,5
Arts and Humanities,ZA,2020,6
Arts and Humanities,ZA,2021,6
Arts and Humanities,ZA,2022,6
Arts and Humanities,ZA,2023,6
Arts and Humanities,ZA,2024,6
"Biochemistry, Genetics and Molecular Biology",AE,2015,1
"Biochemistry, Genetics and Molecular Biology",AE,2016,1
"Biochemistry, Genetics and Molecular Biology",AE,2017,1
"Biochemistry, Genetics and Molecular Biology",AE,2018,1
"Biochemistry, Genetics and Molecular Biology",AE,2019,1
"Biochemistry, Genetics and Molecular Biology",AE,2020,1
"Biochemistry, Genetics and Molecular Biology",AE,2021,1
"Biochemistry, Genetics and Molecular Biology",AE,2022,1
"Biochemistry, Genetics and Molecular Biology",AE,2023,1
"Biochemistry, Genetics and Molecular Biology",AE,2024,1
"Biochemistry, Genetics and Molecular Biology",AR,2015,1
"Biochemistry, Genetics and Molecular Biology",AR,2016,1
"Biochemistry, Genetics and Molecular Biology",AR,2017,1
"Biochemistry, Genetics and Molecular Biology",AR,2018,1
"Biochemistry, Genetics and Molecular Biology",AR,2019,2
"Biochemistry, Genetics and Molecular Biology",AR,2020,2
"Biochemistry, Genetics and Molecular Biology",AR,2021,2
"Biochemistry, Genetics and Molecular Biology",AR,2022,2
"Biochemistry, Genetics and Molecular Biology",AR,2023,2
"Biochemistry, Genetics and Molecular Biology",AR,2024,2
"Biochemistry, Genetics and Molecular Biology",AT,2015,20
"Biochemistry, Genetics and Molecular Biology",AT,2016,21
"Biochemistry, Genetics and Molecular Biology",AT,2017,22
"Biochemistry, Genetics and Molecular Biology",AT,2018,22
"Biochemistry, Genetics and Molecular Biology",AT,2019,19
"Biochemistry, Genetics and Molecular Biology",AT,2020,22
"Biochemistry, Genetics and Molecular Biology",AT,2021,23
"Biochemistry, Genetics and Molecular Biology",AT,2022,24
"Biochemistry, Genetics and Molecular Biology",AT,2023,24
"Biochemistry, Genetics and Molecular Biology",AT,2024,25
"Biochemistry, Genetics and Molecular Biology",AU,2015,75
"Biochemistry, Genetics and Molecular Biology",AU,2016,77
"Biochemistry, Genetics and Molecular Biology",AU,2017,80
"Biochemistry, Genetics and Molecular Biology",AU,2018,78
"Biochemistry, Genetics and Molecular Biology",AU,2019,81
"Biochemistry, Genetics and Molecular Biology",AU,2020,85
"Biochemistry, Genetics and Molecular Biology",AU,2021,90
"Biochemistry, Genetics and Molecular Biology",AU,2022,91
"Biochemistry, Genetics and Molecular Biology",AU,2023,95
"Biochemistry, Genetics and Molecular Biology",AU,2024,91
"Biochemistry, Genetics and Molecular Biology",BD,2015,2
"Biochemistry, Genetics and Molecular Biology",BD,2016,2
"Biochemistry, Genetics and Molecular Biology",BD,2017,2
"Biochemistry, Genetics and Molecular Biology",BD,2018,2
"Biochemistry, Genetics and Molecular Biology",BD,2019,2
"Biochemistry, Genetics and Molecular Biology",BD,2020,2
"Biochemistry, Genetics and Molecular Biology",BD,2021,2
"Biochemistry, Genetics and Molecular Biology",BD,2022,2
"Biochemistry, Genetics and Molecular Biology",BD,2023,2
"Biochemistry, Genetics and Molecular Biology",BD,2024,2
"Biochemistry, Genetics and Molecular Biology",BE,2015,43
"Biochemistry, Genetics and Molecular Biology",BE,2016,40
"Biochemistry, Genetics and Molecular Biology",BE,2017,43
"Biochemistry, Genetics and Molecular Biology",BE,2018,44
"Biochemistry, Genetics and Molecular Biology",BE,2019,47
"Biochemistry, Genetics and Molecular Biology",BE,2020,44
"Biochemistry, Genetics and Molecular Biology",BE,2021,48
"Biochemistry, Genetics and Molecular Biology",BE,2022,48
"Biochemistry, Genetics and Molecular Biology",BE,2023,45
"Biochemistry, Genetics and Molecular Biology",BE,2024,46
"Biochemistry, Genetics and Molecular Biology",BG,2018,1
"Biochemistry, Genetics and Molecular Biology",BG,2019,1
"Biochemistry, Genetics and Molecular Biology",BG,2020,1
"Biochemistry, Genetics and Molecular Biology",BG,2021,1
"Biochemistry, Genetics and Molecular Biology",BG,2022,1
"Biochemistry, Genetics and Molecular Biology",BG,2023,1
"Biochemistry, Genetics and Molecular Biology",BG,2024,1
"Biochemistry, Genetics and Molecular Biology",BN,2015,1
"Biochemistry, Genetics and Molecular Biology",BN,2016,1
"Biochemistry, Genetics and Molecular Biology",BN,2017,1
"Biochemistry, Genetics and Molecular Biology",BN,2018,1
"Biochemistry, Genetics and Molecular Biology",BN,2019,1
"Biochemistry, Genetics and Molecular Biology",BN,2020,1
"Biochemistry, Genetics and Molecular Biology",BN,2021,1
"Biochemistry, Genetics and Molecular Biology",BN,2022,1
"Biochemistry, Genetics and Molecular Biology",BN,2023,1
"Biochemistry, Genetics and Molecular Biology",BN,2024,1
"Biochemistry, Genetics and Molecular Biology",BR,2015,5
"Biochemistry, Genetics and Molecular Biology",BR,2016,6
"Biochemistry, Genetics and Molecular Biology",BR,2017,5
"Biochemistry, Genetics and Molecular Biology",BR,2018,5
"Biochemistry, Genetics and Molecular Biology",BR,2019,6
"Biochemistry, Genetics and Molecular Biology",BR,2020,8
"Biochemistry, Genetics and Molecular Biology",BR,2021,8
"Biochemistry, Genetics and Molecular Biology",BR,2022,7
"Biochemistry, Genetics and Molecular Biology",BR,2023,7
"Biochemistry, Genetics and Molecular Biology",BR,2024,7
"Biochemistry, Genetics and Molecular Biology",CA,2015,138
"Biochemistry, Genetics and Molecular Biology",CA,2016,138
"Biochemistry, Genetics and Molecular Biology",CA,2017,144
"Biochemistry, Genetics and Molecular Biology",CA,2018,139
"Biochemistry, Genetics and Molecular Biology",CA,2019,136
"Biochemistry, Genetics and Molecular Biology",CA,2020,140
"Biochemistry, Genetics and Molecular Biology",CA,2021,138
"Biochemistry, Genetics and Molecular Biology",CA,2022,141
"Biochemistry, Genetics and Molecular Biology",CA,2023,135
"Biochemistry, Genetics and Molecular Biology",CA,2024,134
"Biochemistry, Genetics and Molecular Biology",CH,2015,112
"Biochemistry, Genetics and Molecular Biology",CH,2016,110
"Biochemistry, Genetics and Molecular Biology",CH,2017,111
"Biochemistry, Genetics and Molecular Biology",CH,2018,106
"Biochemistry, Genetics and Molecular Biology",CH,2019,105
"Biochemistry, Genetics and Molecular Biology",CH,2020,104
"Biochemistry, Genetics and Molecular Biology",CH,2021,109
"Biochemistry, Genetics and Molecular Biology",CH,2022,107
"Biochemistry, Genetics and Molecular Biology",CH,2023,110
"Biochemistry, Genetics and Molecular Biology",CH,2024,108
"Biochemistry, Genetics and Molecular Biology",CL,2022,1
"Biochemistry, Genetics and Molecular Biology",CL,2023,1
"Biochemistry, Genetics and Molecular Biology",CL,2024,1
"Biochemistry, Genetics and Molecular Biology",CM,2015,1
"Biochemistry, Genetics and Molecular Biology",CM,2016,1
"Biochemistry, Genetics and Molecular Biology",CM,2017,1
"Biochemistry, Genetics and Molecular Biology",CM,2018,1
"Biochemistry, Genetics and Molecular Biology",CM,2019,1
"Biochemistry, Genetics and Molecular Biology",CM,2020,1
"Biochemistry, Genetics and Molecular Biology",CM,2021,1
"Biochemistry, Genetics and Molecular Biology",CM,2022,1
"Biochemistry, Genetics and Molecular Biology",CM,2023,1
"Biochemistry, Genetics and Molecular Biology",CM,2024,1
"Biochemistry, Genetics and Molecular Biology",CN,2015,37
"Biochemistry, Genetics and Molecular Biology",CN,2016,44
"Biochemistry, Genetics and Molecular Biology",CN,2017,51
"Biochemistry, Genetics and Molecular Biology",CN,2018,62
"Biochemistry, Genetics and Molecular Biology",CN,2019,75
"Biochemistry, Genetics and Molecular Biology",CN,2020,86
"Biochemistry, Genetics and Molecular Biology",CN,2021,98
"Biochemistry, Genetics and Molecular Biology",CN,2022,118
"Biochemistry, Genetics and Molecular Biology",CN,2023,137
"Biochemistry, Genetics and Molecular Biology",CN,2024,159
"Biochemistry, Genetics and Molecular Biology",CNX,2015,49
"Biochemistry, Genetics and Molecular Biology",CNX,2016,55
"Biochemistry, Genetics and Molecular Biology",CNX,2017,63
"Biochemistry, Genetics and Molecular Biology",CNX,2018,74
"Biochemistry, Genetics and Molecular Biology",CNX,2019,87
"Biochemistry, Genetics and Molecular Biology",CNX,2020,99
"Biochemistry, Genetics and Molecular Biology",CNX,2021,112
"Biochemistry, Genetics and Molecular Biology",CNX,2022,135
"Biochemistry, Genetics and Molecular Biology",CNX,2023,155
"Biochemistry, Genetics and Molecular Biology",CNX,2024,178
"Biochemistry, Genetics and Molecular Biology",CO,2021,1
"Biochemistry, Genetics and Molecular Biology",CO,2022,1
"Biochemistry, Genetics and Molecular Biology",CO,2023,1
"Biochemistry, Genetics and Molecular Biology",CO,2024,1
"Biochemistry, Genetics and Molecular Biology",CR,2015,1
"Biochemistry, Genetics and Molecular Biology",CR,2016,1
"Biochemistry, Genetics and Molecular Biology",CR,2017,1
"Biochemistry, Genetics and Molecular Biology",CR,2018,1
"Biochemistry, Genetics and Molecular Biology",CR,2019,1
"Biochemistry, Genetics and Molecular Biology",CR,2020,1
"Biochemistry, Genetics and Molecular Biology",CR,2021,1
"Biochemistry, Genetics and Molecular Biology",CR,2022,1
"Biochemistry, Genetics and Molecular Biology",CR,2023,1
"Biochemistry, Genetics and Molecular Biology",CR,2024,1
"Biochemistry, Genetics and Molecular Biology",CZ,2015,8
"Biochemistry, Genetics and Molecular Biology",CZ,2016,8
"Biochemistry, Genetics and Molecular Biology",CZ,2017,7
"Biochemistry, Genetics and Molecular Biology",CZ,2018,9
"Biochemistry, Genetics and Molecular Biology",CZ,2019,8
"Biochemistry, Genetics and Molecular Biology",CZ,2020,9
"Biochemistry, Genetics and Molecular Biology",CZ,2021,8
"Biochemistry, Genetics and Molecular Biology",CZ,2022,9
"Biochemistry, Genetics and Molecular Biology",CZ,2023,11
"Biochemistry, Genetics and Molecular Biology",CZ,2024,11
"Biochemistry, Genetics and Molecular Biology",DE,2015,287
"Biochemistry, Genetics and Molecular Biology",DE,2016,287
"Biochemistry, Genetics and Molecular Biology",DE,2017,294
"Biochemistry, Genetics and Molecular Biology",DE,2018,295
"Biochemistry, Genetics and Molecular Biology",DE,2019,306
"Biochemistry, Genetics and Molecular Biology",DE,2020,301
"Biochemistry, Genetics and Molecular Biology",DE,2021,307
"Biochemistry, Genetics and Molecular Biology",DE,2022,309
"Biochemistry, Genetics and Molecular Biology",DE,2023,305
"Biochemistry, Genetics and Molecular Biology",DE,2024,307
"Biochemistry, Genetics and Molecular Biology",DK,2015,38
"Biochemistry, Genetics and Molecular Biology",DK,2016,43
"Biochemistry, Genetics and Molecular Biology",DK,2017,43
"Biochemistry, Genetics and Molecular Biology",DK,2018,43
"Biochemistry, Genetics and Molecular Biology",DK,2019,45
"Biochemistry, Genetics and Molecular Biology",DK,2020,46
"Biochemistry, Genetics and Molecular Biology",DK,2021,48
"Biochemistry, Genetics and Molecular Biology",DK,2022,50
"Biochemistry, Genetics and Molecular Biology",DK,2023,49
"Biochemistry, Genetics and Molecular Biology",DK,2024,49
"Biochemistry, Genetics and Molecular Biology",EE,2015,1
"Biochemistry, Genetics and Molecular Biology",EE,2016,1
"Biochemistry, Genetics and Molecular Biology",EE,2017,1
"Biochemistry, Genetics and Molecular Biology",EE,2018,1
"Biochemistry, Genetics and Molecular Biology",EE,2019,1
"Biochemistry, Genetics and Molecular Biology",EE,2020,1
"Biochemistry, Genetics and Molecular Biology",EE,2021,1
"Biochemistry, Genetics and Molecular Biology",EE,2022,1
"Biochemistry, Genetics and Molecular Biology",EE,2023,1
"Biochemistry, Genetics and Molecular Biology",EE,2024,2
"Biochemistry, Genetics and Molecular Biology",ES,2015,28
"Biochemistry, Genetics and Molecular Biology",ES,2016,31
"Biochemistry, Genetics and Molecular Biology",ES,2017,35
"Biochemistry, Genetics and Molecular Biology",ES,2018,38
"Biochemistry, Genetics and Molecular Biology",ES,2019,42
"Biochemistry, Genetics and Molecular Biology",ES,2020,43
"Biochemistry, Genetics and Molecular Biology",ES,2021,46
"Biochemistry, Genetics and Molecular Biology",ES,2022,49
"Biochemistry, Genetics and Molecular Biology",ES,2023,50
"Biochemistry, Genetics and Molecular Biology",ES,2024,53
"Biochemistry, Genetics and Molecular Biology",FI,2015,24
"Biochemistry, Genetics and Molecular Biology",FI,2016,22
"Biochemistry, Genetics and Molecular Biology",FI,2017,23
"Biochemistry, Genetics and Molecular Biology",FI,2018,23
"Biochemistry, Genetics and Molecular Biology",FI,2019,22
"Biochemistry, Genetics and Molecular Biology",FI,2020,21
"Biochemistry, Genetics and Molecular Biology",FI,2021,20
"Biochemistry, Genetics and Molecular Biology",FI,2022,21
"Biochemistry, Genetics and Molecular Biology",FI,2023,23
"Biochemistry, Genetics and Molecular Biology",FI,2024,23
"Biochemistry, Genetics and Molecular Biology",FR,2015,116
"Biochemistry, Genetics and Molecular Biology",FR,2016,118
"Biochemistry, Genetics and Molecular Biology",FR,2017,114
"Biochemistry, Genetics and Molecular Biology",FR,2018,116
"Biochemistry, Genetics and Molecular Biology",FR,2019,114
"Biochemistry, Genetics and Molecular Biology",FR,2020,113
"Biochemistry, Genetics and Molecular Biology",FR,2021,108
"Biochemistry, Genetics and Molecular Biology",FR,2022,108
"Biochemistry, Genetics and Molecular Biology",FR,2023,106
"Biochemistry, Genetics and Molecular Biology",FR,2024,105
"Biochemistry, Genetics and Molecular Biology",GB,2015,419
"Biochemistry, Genetics and Molecular Biology",GB,2016,415
"Biochemistry, Genetics and Molecular Biology",GB,2017,415
"Biochemistry, Genetics and Molecular Biology",GB,2018,416
"Biochemistry, Genetics and Molecular Biology",GB,2019,425
"Biochemistry, Genetics and Molecular Biology",GB,2020,427
"Biochemistry, Genetics and Molecular Biology",GB,2021,430
"Biochemistry, Genetics and Molecular Biology",GB,2022,426
"Biochemistry, Genetics and Molecular Biology",GB,2023,426
"Biochemistry, Genetics and Molecular Biology",GB,2024,426
"Biochemistry, Genetics and Molecular Biology",GR,2015,1
"Biochemistry, Genetics and Molecular Biology",GR,2016,1
"Biochemistry, Genetics and Molecular Biology",GR,2017,2
"Biochemistry, Genetics and Molecular Biology",GR,2018,2
"Biochemistry, Genetics and Molecular Biology",GR,2019,3
"Biochemistry, Genetics and Molecular Biology",GR,2020,3
"Biochemistry, Genetics and Molecular Biology",GR,2021,3
"Biochemistry, Genetics and Molecular Biology",GR,2022,3
"Biochemistry, Genetics and Molecular Biology",GR,2023,4
"Biochemistry, Genetics and Molecular Biology",GR,2024,4
"Biochemistry, Genetics and Molecular Biology",GU,2022,1
"Biochemistry, Genetics and Molecular Biology",GU,2023,1
"Biochemistry, Genetics and Molecular Biology",GU,2024,1
"Biochemistry, Genetics and Molecular Biology",HK,2015,4
"Biochemistry, Genetics and Molecular Biology",HK,2016,5
"Biochemistry, Genetics and Molecular Biology",HK,2017,6
"Biochemistry, Genetics and Molecular Biology",HK,2018,6
"Biochemistry, Genetics and Molecular Biology",HK,2019,7
"Biochemistry, Genetics and Molecular Biology",HK,2020,9
"Biochemistry, Genetics and Molecular Biology",HK,2021,10
"Biochemistry, Genetics and Molecular Biology",HK,2022,14
"Biochemistry, Genetics and Molecular Biology",HK,2023,14
"Biochemistry, Genetics and Molecular Biology",HK,2024,13
"Biochemistry, Genetics and Molecular Biology",HR,2015,2
"Biochemistry, Genetics and Molecular Biology",HR,2016,2
"Biochemistry, Genetics and Molecular Biology",HR,2017,3
"Biochemistry, Genetics and Molecular Biology",HR,2018,3
"Biochemistry, Genetics and Molecular Biology",HR,2019,3
"Biochemistry, Genetics and Molecular Biology",HR,2020,3
"Biochemistry, Genetics and Molecular Biology",HR,2021,2
"Biochemistry, Genetics and Molecular Biology",HR,2022,2
"Biochemistry, Genetics and Molecular Biology",HR,2023,2
"Biochemistry, Genetics and Molecular Biology",HR,2024,3
"Biochemistry, Genetics and Molecular Biology",HU,2015,4
"Biochemistry, Genetics and Molecular Biology",HU,2016,5
"Biochemistry, Genetics and Molecular Biology",HU,2017,5
"Biochemistry, Genetics and Molecular Biology",HU,2018,5
"Biochemistry, Genetics and Molecular Biology",HU,2019,5
"Biochemistry, Genetics and Molecular Biology",HU,2020,5
"Biochemistry, Genetics and Molecular Biology",HU,2021,6
"Biochemistry, Genetics and Molecular Biology",HU,2022,5
"Biochemistry, Genetics and Molecular Biology",HU,2023,6
"Biochemistry, Genetics and Molecular Biology",HU,2024,6
"Biochemistry, Genetics and Molecular Biology",IE,2015,15
"Biochemistry, Genetics and Molecular Biology",IE,2016,18
"Biochemistry, Genetics and Molecular Biology",IE,2017,18
"Biochemistry, Genetics and Molecular Biology",IE,2018,18
"Biochemistry, Genetics and Molecular Biology",IE,2019,19
"Biochemistry, Genetics and Molecular Biology",IE,2020,19
"Biochemistry, Genetics and Molecular Biology",IE,2021,20
"Biochemistry, Genetics and Molecular Biology",IE,2022,22
"Biochemistry, Genetics and Molecular Biology",IE,2023,23
"Biochemistry, Genetics and Molecular Biology",IE,2024,23
"Biochemistry, Genetics and Molecular Biology",IL,2015,42
"Biochemistry, Genetics and Molecular Biology",IL,2016,39
"Biochemistry, Genetics and Molecular Biology",IL,2017,39
"Biochemistry, Genetics and Molecular Biology",IL,2018,42
"Biochemistry, Genetics and Molecular Biology",IL,2019,41
"Biochemistry, Genetics and Molecular Biology",IL,2020,43
"Biochemistry, Genetics and Molecular Biology",IL,2021,43
"Biochemistry, Genetics and Molecular Biology",IL,2022,42
"Biochemistry, Genetics and Molecular Biology",IL,2023,41
"Biochemistry, Genetics and Molecular Biology",IL,2024,43
"Biochemistry, Genetics and Molecular Biology",IN,2015,10
"Biochemistry, Genetics and Molecular Biology",IN,2016,7
"Biochemistry, Genetics and Molecular Biology",IN,2017,9
"Biochemistry, Genetics and Molecular Biology",IN,2018,9
"Biochemistry, Genetics and Molecular Biology",IN,2019,9
"Biochemistry, Genetics and Molecular Biology",IN,2020,10
"Biochemistry, Genetics and Molecular Biology",IN,2021,10
"Biochemistry, Genetics and Molecular Biology",IN,2022,12
"Biochemistry, Genetics and Molecular Biology",IN,2023,13
"Biochemistry, Genetics and Molecular Biology",IN,2024,13
"Biochemistry, Genetics and Molecular Biology",IR,2020,1
"Biochemistry, Genetics and Molecular Biology",IR,2021,1
"Biochemistry, Genetics and Molecular Biology",IR,2022,1
"Biochemistry, Genetics and Molecular Biology",IR,2023,1
"Biochemistry, Genetics and Molecular Biology",IR,2024,1
"Biochemistry, Genetics and Molecular Biology",IS,2015,1
"Biochemistry, Genetics and Molecular Biology",IS,2016,1
"Biochemistry, Genetics and Molecular Biology",IS,2017,1
"Biochemistry, Genetics and Molecular Biology",IS,2018,1
"Biochemistry, Genetics and Molecular Biology",IS,2019,1
"Biochemistry, Genetics and Molecular Biology",IS,2020,1
"Biochemistry, Genetics and Molecular Biology",IS,2021,1
"Biochemistry, Genetics and Molecular Biology",IS,2022,1
"Biochemistry, Genetics and Molecular Biology",IS,2023,1
"Biochemistry, Genetics and Molecular Biology",IS,2024,1
"Biochemistry, Genetics and Molecular Biology",IT,2015,62
"Biochemistry, Genetics and Molecular Biology",IT,2016,64
"Biochemistry, Genetics and Molecular Biology",IT,2017,68
"Biochemistry, Genetics and Molecular Biology",IT,2018,66
"Biochemistry, Genetics and Molecular Biology",IT,2019,68
"Biochemistry, Genetics and Molecular Biology",IT,2020,68
"Biochemistry, Genetics and Molecular Biology",IT,2021,70
"Biochemistry, Genetics and Molecular Biology",IT,2022,70
"Biochemistry, Genetics and Molecular Biology",IT,2023,71
"Biochemistry, Genetics and Molecular Biology",IT,2024,71
"Biochemistry, Genetics and Molecular Biology",JP,2015,207
"Biochemistry, Genetics and Molecular Biology",JP,2016,206
"Biochemistry, Genetics and Molecular Biology",JP,2017,202
"Biochemistry, Genetics and Molecular Biology",JP,2018,194
"Biochemistry, Genetics and Molecular Biology",JP,2019,190
"Biochemistry, Genetics and Molecular Biology",JP,2020,189
"Biochemistry, Genetics and Molecular Biology",JP,2021,183
"Biochemistry, Genetics and Molecular Biology",JP,2022,178
"Biochemistry, Genetics and Molecular Biology",JP,2023,172
"Biochemistry, Genetics and Molecular Biology",JP,2024,169
"Biochemistry, Genetics and Molecular Biology",KR,2015,15
"Biochemistry, Genetics and Molecular Biology",KR,2016,15
"Biochemistry, Genetics and Molecular Biology",KR,2017,15
"Biochemistry, Genetics and Molecular Biology",KR,2018,16
"Biochemistry, Genetics and Molecular Biology",KR,2019,16
"Biochemistry, Genetics and Molecular Biology",KR,2020,16
"Biochemistry, Genetics and Molecular Biology",KR,2021,19
"Biochemistry, Genetics and Molecular Biology",KR,2022,20
"Biochemistry, Genetics and Molecular Biology",KR,2023,20
"Biochemistry, Genetics and Molecular Biology",KR,2024,22
"Biochemistry, Genetics and Molecular Biology",LU,2015,1
"Biochemistry, Genetics and Molecular Biology",LU,2016,1
"Biochemistry, Genetics and Molecular Biology",LU,2017,1
"Biochemistry, Genetics and Molecular Biology",LU,2018,1
"Biochemistry, Genetics and Molecular Biology",LU,2019,1
"Biochemistry, Genetics and Molecular Biology",LU,2020,1
"Biochemistry, Genetics and Molecular Biology",LU,2021,1
"Biochemistry, Genetics and Molecular Biology",LU,2022,1
"Biochemistry, Genetics and Molecular Biology",LU,2023,1
"Biochemistry, Genetics and Molecular Biology",LU,2024,1
"Biochemistry, Genetics and Molecular Biology",MA,2015,2
"Biochemistry, Genetics and Molecular Biology",MA,2016,1
"Biochemistry, Genetics and Molecular Biology",MA,2017,2
"Biochemistry, Genetics and Molecular Biology",MA,2018,2
"Biochemistry, Genetics and Molecular Biology",MA,2019,2
"Biochemistry, Genetics and Molecular Biology",MA,2020,2
"Biochemistry, Genetics and Molecular Biology",MA,2021,2
"Biochemistry, Genetics and Molecular Biology",MA,2022,2
"Biochemistry, Genetics and Molecular Biology",MA,2023,2
"Biochemistry, Genetics and Molecular Biology",MA,2024,2
"Biochemistry, Genetics and Molecular Biology",MC,2017,1
"Biochemistry, Genetics and Molecular Biology",MC,2018,1
"Biochemistry, Genetics and Molecular Biology",MC,2019,1
"Biochemistry, Genetics and Molecular Biology",MC,2020,1
"Biochemistry, Genetics and Molecular Biology",MC,2021,1
"Biochemistry, Genetics and Molecular Biology",MC,2022,1
"Biochemistry, Genetics and Molecular Biology",MC,2023,1
"Biochemistry, Genetics and Molecular Biology",MC,2024,1
"Biochemistry, Genetics and Molecular Biology",MO,2017,1
"Biochemistry, Genetics and Molecular Biology",MO,2018,1
"Biochemistry, Genetics and Molecular Biology",MO,2019,1
"Biochemistry, Genetics and Molecular Biology",MO,2020,1
"Biochemistry, Genetics and Molecular Biology",MO,2021,1
"Biochemistry, Genetics and Molecular Biology",MO,2022,1
"Biochemistry, Genetics and Molecular Biology",MO,2023,1
"Biochemistry, Genetics and Molecular Biology",MO,2024,1
"Biochemistry, Genetics and Molecular Biology",MX,2015,1
"Biochemistry, Genetics and Molecular Biology",MX,2016,1
"Biochemistry, Genetics and Molecular Biology",MX,2017,1
"Biochemistry, Genetics and Molecular Biology",MX,2018,1
"Biochemistry, Genetics and Molecular Biology",MX,2019,1
"Biochemistry, Genetics and Molecular Biology",MX,2020,1
"Biochemistry, Genetics and Molecular Biology",MY,2015,2
"Biochemistry, Genetics and Molecular Biology",MY,2016,1
"Biochemistry, Genetics and Molecular Biology",MY,2017,1
"Biochemistry, Genetics and Molecular Biology",MY,2018,1
"Biochemistry, Genetics and Molecular Biology",MY,2019,2
"Biochemistry, Genetics and Molecular Biology",MY,2020,2
"Biochemistry, Genetics and Molecular Biology",MY,2021,3
"Biochemistry, Genetics and Molecular Biology",MY,2022,4
"Biochemistry, Genetics and Molecular Biology",MY,2023,4
"Biochemistry, Genetics and Molecular Biology",MY,2024,4
"Biochemistry, Genetics and Molecular Biology",NL,2015,104
"Biochemistry, Genetics and Molecular Biology",NL,2016,104
"Biochemistry, Genetics and Molecular Biology",NL,2017,103
"Biochemistry, Genetics and Molecular Biology",NL,2018,104
"Biochemistry, Genetics and Molecular Biology",NL,2019,103
"Biochemistry, Genetics and Molecular Biology",NL,2020,102
"Biochemistry, Genetics and Molecular Biology",NL,2021,106
"Biochemistry, Genetics and Molecular Biology",NL,2022,103
"Biochemistry, Genetics and Molecular Biology",NL,2023,105
"Biochemistry, Genetics and Molecular Biology",NL,2024,106
"Biochemistry, Genetics and Molecular Biology",NO,2015,13
"Biochemistry, Genetics and Molecular Biology",NO,2016,13
"Biochemistry, Genetics and Molecular Biology",NO,2017,11
"Biochemistry, Genetics and Molecular Biology",NO,2018,11
"Biochemistry, Genetics and Molecular Biology",NO,2019,13
"Biochemistry, Genetics and Molecular Biology",NO,2020,13
"Biochemistry, Genetics and Molecular Biology",NO,2021,15
"Biochemistry, Genetics and Molecular Biology",NO,2022,15
"Biochemistry, Genetics and Molecular Biology",NO,2023,13
"Biochemistry, Genetics and Molecular Biology",NO,2024,14
"Biochemistry, Genetics and Molecular Biology",NP,2015,2
"Biochemistry, Genetics and Molecular Biology",NP,2016,2
"Biochemistry, Genetics and Molecular Biology",NP,2017,1
"Biochemistry, Genetics and Molecular Biology",NP,2018,1
"Biochemistry, Genetics and Molecular Biology",NP,2019,1
"Biochemistry, Genetics and Molecular Biology",NZ,2015,18
"Biochemistry, Genetics and Molecular Biology",NZ,2016,18
"Biochemistry, Genetics and Molecular Biology",NZ,2017,18
"Biochemistry, Genetics and Molecular Biology",NZ,2018,18
"Biochemistry, Genetics and Molecular Biology",NZ,2019,16
"Biochemistry, Genetics and Molecular Biology",NZ,2020,16
"Biochemistry, Genetics and Molecular Biology",NZ,2021,16
"Biochemistry, Genetics and Molecular Biology",NZ,2022,17
"Biochemistry, Genetics and Molecular Biology",NZ,2023,14
"Biochemistry, Genetics and Molecular Biology",NZ,2024,14
"Biochemistry, Genetics and Molecular Biology",PA,2015,1
"Biochemistry, Genetics and Molecular Biology",PA,2016,1
"Biochemistry, Genetics and Molecular Biology",PA,2017,1
"Biochemistry, Genetics and Molecular Biology",PA,2018,1
"Biochemistry, Genetics and Molecular Biology",PA,2019,1
"Biochemistry, Genetics and Molecular Biology",PA,2020,1
"Biochemistry, Genetics and Molecular Biology",PA,2021,1
"Biochemistry, Genetics and Molecular Biology",PA,2022,1
"Biochemistry, Genetics and Molecular Biology",PE,2015,1
"Biochemistry, Genetics and Molecular Biology",PE,2016,1
"Biochemistry, Genetics and Molecular Biology",PE,2017,1
"Biochemistry, Genetics and Molecular Biology",PE,2018,1
"Biochemistry, Genetics and Molecular Biology",PE,2019,1
"Biochemistry, Genetics and Molecular Biology",PE,2020,1
"Biochemistry, Genetics and Molecular Biology",PE,2021,1
"Biochemistry, Genetics and Molecular Biology",PE,2022,1
"Biochemistry, Genetics and Molecular Biology",PE,2023,1
"Biochemistry, Genetics and Molecular Biology",PE,2024,1
"Biochemistry, Genetics and Molecular Biology",PH,2015,1
"Biochemistry, Genetics and Molecular Biology",PH,2016,1
"Biochemistry, Genetics and Molecular Biology",PH,2017,1
"Biochemistry, Genetics and Molecular Biology",PH,2018,1
"Biochemistry, Genetics and Molecular Biology",PH,2019,1
"Biochemistry, Genetics and Molecular Biology",PH,2020,1
"Biochemistry, Genetics and Molecular Biology",PH,2021,1
"Biochemistry, Genetics and Molecular Biology",PH,2022,1
"Biochemistry, Genetics and Molecular Biology",PH,2023,1
"Biochemistry, Genetics and Molecular Biology",PH,2024,1
"Biochemistry, Genetics and Molecular Biology",PK,2015,1
"Biochemistry, Genetics and Molecular Biology",PK,2016,1
"Biochemistry, Genetics and Molecular Biology",PK,2017,1
"Biochemistry, Genetics and Molecular Biology",PK,2018,1
"Biochemistry, Genetics and Molecular Biology",PK,2019,1
"Biochemistry, Genetics and Molecular Biology",PK,2020,1
"Biochemistry, Genetics and Molecular Biology",PK,2021,1
"Biochemistry, Genetics and Molecular Biology",PK,2022,1
"Biochemistry, Genetics and Molecular Biology",PK,2023,1
"Biochemistry, Genetics and Molecular Biology",PL,2015,12
"Biochemistry, Genetics and Molecular Biology",PL,2016,13
"Biochemistry, Genetics and Molecular Biology",PL,2017,12
"Biochemistry, Genetics and Molecular Biology",PL,2018,10
"Biochemistry, Genetics and Molecular Biology",PL,2019,9
"Biochemistry, Genetics and Molecular Biology",PL,2020,8
"Biochemistry, Genetics and Molecular Biology",PL,2021,9
"Biochemistry, Genetics and Molecular Biology",PL,2022,9
"Biochemistry, Genetics and Molecular Biology",PL,2023,8
"Biochemistry, Genetics and Molecular Biology",PL,2024,7
"Biochemistry, Genetics and Molecular Biology",PR,2023,1
"Biochemistry, Genetics and Molecular Biology",PR,2024,1
"Biochemistry, Genetics and Molecular Biology",PS,2022,1
"Biochemistry, Genetics and Molecular Biology",PS,2023,1
"Biochemistry, Genetics and Molecular Biology",PS,2024,1
"Biochemistry, Genetics and Molecular Biology",PT,2015,2
"Biochemistry, Genetics and Molecular Biology",PT,2016,2
"Biochemistry, Genetics and Molecular Biology",PT,2017,3
"Biochemistry, Genetics and Molecular Biology",PT,2018,3
"Biochemistry, Genetics and Molecular Biology",PT,2019,3
"Biochemistry, Genetics and Molecular Biology",PT,2020,4
"Biochemistry, Genetics and Molecular Biology",PT,2021,4
"Biochemistry, Genetics and Molecular Biology",PT,2022,4
"Biochemistry, Genetics and Molecular Biology",PT,2023,4
"Biochemistry, Genetics and Molecular Biology",PT,2024,3
"Biochemistry, Genetics and Molecular Biology",QA,2021,1
"Biochemistry, Genetics and Molecular Biology",QA,2022,1
"Biochemistry, Genetics and Molecular Biology",QA,2023,1
"Biochemistry, Genetics and Molecular Biology",QA,2024,1
"Biochemistry, Genetics and Molecular Biology",RO,2015,1
"Biochemistry, Genetics and Molecular Biology",RO,2016,1
"Biochemistry, Genetics and Molecular Biology",RO,2017,1
"Biochemistry, Genetics and Molecular Biology",RO,2018,1
"Biochemistry, Genetics and Molecular Biology",RU,2015,18
"Biochemistry, Genetics and Molecular Biology",RU,2016,16
"Biochemistry, Genetics and Molecular Biology",RU,2017,14
"Biochemistry, Genetics and Molecular Biology",RU,2018,18
"Biochemistry, Genetics and Molecular Biology",RU,2019,19
"Biochemistry, Genetics and Molecular Biology",RU,2020,20
"Biochemistry, Genetics and Molecular Biology",RU,2021,22
"Biochemistry, Genetics and Molecular Biology",RU,2022,23
"Biochemistry, Genetics and Molecular Biology",RU,2023,25
"Biochemistry, Genetics and Molecular Biology",RU,2024,26
"Biochemistry, Genetics and Molecular Biology",SA,2015,4
"Biochemistry, Genetics and Molecular Biology",SA,2016,9
"Biochemistry, Genetics and Molecular Biology",SA,2017,11
"Biochemistry, Genetics and Molecular Biology",SA,2018,12
"Biochemistry, Genetics and Molecular Biology",SA,2019,12
"Biochemistry, Genetics and Molecular Biology",SA,2020,14
"Biochemistry, Genetics and Molecular Biology",SA,2021,15
"Biochemistry, Genetics and Molecular Biology",SA,2022,15
"Biochemistry, Genetics and Molecular Biology",SA,2023,15
"Biochemistry, Genetics and Molecular Biology",SA,2024,15
"Biochemistry, Genetics and Molecular Biology",SE,2015,74
"Biochemistry, Genetics and Molecular Biology",SE,2016,72
"Biochemistry, Genetics and Molecular Biology",SE,2017,70
"Biochemistry, Genetics and Molecular Biology",SE,2018,70
"Biochemistry, Genetics and Molecular Biology",SE,2019,71
"Biochemistry, Genetics and Molecular Biology",SE,2020,72
"Biochemistry, Genetics and Molecular Biology",SE,2021,74
"Biochemistry, Genetics and Molecular Biology",SE,2022,75
"Biochemistry, Genetics and Molecular Biology",SE,2023,79
"Biochemistry, Genetics and Molecular Biology",SE,2024,76
"Biochemistry, Genetics and Molecular Biology",SG,2015,19
"Biochemistry, Genetics and Molecular Biology",SG,2016,23
"Biochemistry, Genetics and Molecular Biology",SG,2017,24
"Biochemistry, Genetics and Molecular Biology",SG,2018,26
"Biochemistry, Genetics and Molecular Biology",SG,2019,27
"Biochemistry, Genetics and Molecular Biology",SG,2020,29
"Biochemistry, Genetics and Molecular Biology",SG,2021,30
"Biochemistry, Genetics and Molecular Biology",SG,2022,30
"Biochemistry, Genetics and Molecular Biology",SG,2023,28
"Biochemistry, Genetics and Molecular Biology",SG,2024,32
"Biochemistry, Genetics and Molecular Biology",SI,2015,1
"Biochemistry, Genetics and Molecular Biology",SI,2016,1
"Biochemistry, Genetics and Molecular Biology",SI,2017,1
"Biochemistry, Genetics and Molecular Biology",SI,2018,1
"Biochemistry, Genetics and Molecular Biology",SI,2019,2
"Biochemistry, Genetics and Molecular Biology",SI,2020,3
"Biochemistry, Genetics and Molecular Biology",SI,2021,3
"Biochemistry, Genetics and Molecular Biology",SI,2022,3
"Biochemistry, Genetics and Molecular Biology",SI,2023,3
"Biochemistry, Genetics and Molecular Biology",SI,2024,3
"Biochemistry, Genetics and Molecular Biology",SK,2015,6
"Biochemistry, Genetics and Molecular Biology",SK,2016,6
"Biochemistry, Genetics and Molecular Biology",SK,2017,6
"Biochemistry, Genetics and Molecular Biology",SK,2018,5
"Biochemistry, Genetics and Molecular Biology",SK,2019,5
"Biochemistry, Genetics and Molecular Biology",SK,2020,5
"Biochemistry, Genetics and Molecular Biology",SK,2021,5
"Biochemistry, Genetics and Molecular Biology",SK,2022,5
"Biochemistry, Genetics and Molecular Biology",SK,2023,4
"Biochemistry, Genetics and Molecular Biology",SK,2024,3
"Biochemistry, Genetics and Molecular Biology",SS,2021,1
"Biochemistry, Genetics and Molecular Biology",SS,2022,1
"Biochemistry, Genetics and Molecular Biology",SS,2023,1
"Biochemistry, Genetics and Molecular Biology",SS,2024,1
"Biochemistry, Genetics and Molecular Biology",TH,2017,1
"Biochemistry, Genetics and Molecular Biology",TH,2018,1
"Biochemistry, Genetics and Molecular Biology",TH,2019,1
"Biochemistry, Genetics and Molecular Biology",TH,2020,1
"Biochemistry, Genetics and Molecular Biology",TH,2021,1
"Biochemistry, Genetics and Molecular Biology",TH,2022,1
"Biochemistry, Genetics and Molecular Biology",TH,2023,1
"Biochemistry, Genetics and Molecular Biology",TH,2024,1
"Biochemistry, Genetics and Molecular Biology",TJ,2015,1
"Biochemistry, Genetics and Molecular Biology",TJ,2016,1
"Biochemistry, Genetics and Molecular Biology",TJ,2017,1
"Biochemistry, Genetics and Molecular Biology",TJ,2018,1
"Biochemistry, Genetics and Molecular Biology",TJ,2019,1
"Biochemistry, Genetics and Molecular Biology",TJ,2020,1
"Biochemistry, Genetics and Molecular Biology",TJ,2021,1
"Biochemistry, Genetics and Molecular Biology",TJ,2022,2
"Biochemistry, Genetics and Molecular Biology",TJ,2023,2
"Biochemistry, Genetics and Molecular Biology",TJ,2024,2
"Biochemistry, Genetics and Molecular Biology",TR,2018,1
"Biochemistry, Genetics and Molecular Biology",TR,2019,2
"Biochemistry, Genetics and Molecular Biology",TR,2020,2
"Biochemistry, Genetics and Molecular Biology",TR,2021,2
"Biochemistry, Genetics and Molecular Biology",TR,2022,3
"Biochemistry, Genetics and Molecular Biology",TR,2023,4
"Biochemistry, Genetics and Molecular Biology",TR,2024,4
"Biochemistry, Genetics and Molecular Biology",TW,2015,9
"Biochemistry, Genetics and Molecular Biology",TW,2016,8
"Biochemistry, Genetics and Molecular Biology",TW,2017,8
"Biochemistry, Genetics and Molecular Biology",TW,2018,8
"Biochemistry, Genetics and Molecular Biology",TW,2019,8
"Biochemistry, Genetics and Molecular Biology",TW,2020,8
"Biochemistry, Genetics and Molecular Biology",TW,2021,9
"Biochemistry, Genetics and Molecular Biology",TW,2022,10
"Biochemistry, Genetics and Molecular Biology",TW,2023,11
"Biochemistry, Genetics and Molecular Biology",TW,2024,12
"Biochemistry, Genetics and Molecular Biology",TZ,2015,4
"Biochemistry, Genetics and Molecular Biology",TZ,2016,3
"Biochemistry, Genetics and Molecular Biology",TZ,2017,3
"Biochemistry, Genetics and Molecular Biology",TZ,2018,2
"Biochemistry, Genetics and Molecular Biology",TZ,2019,2
"Biochemistry, Genetics and Molecular Biology",TZ,2020,2
"Biochemistry, Genetics and Molecular Biology",TZ,2021,2
"Biochemistry, Genetics and Molecular Biology",TZ,2022,1
"Biochemistry, Genetics and Molecular Biology",TZ,2023,1
"Biochemistry, Genetics and Molecular Biology",TZ,2024,1
"Biochemistry, Genetics and Molecular Biology",US,2015,2273
"Biochemistry, Genetics and Molecular Biology",US,2016,2263
"Biochemistry, Genetics and Molecular Biology",US,2017,2252
"Biochemistry, Genetics and Molecular Biology",US,2018,2237
"Biochemistry, Genetics and Molecular Biology",US,2019,2215
"Biochemistry, Genetics and Molecular Biology",US,2020,2201
"Biochemistry, Genetics and Molecular Biology",US,2021,2188
"Biochemistry, Genetics and Molecular Biology",US,2022,2167
"Biochemistry, Genetics and Molecular Biology",US,2023,2139
"Biochemistry, Genetics and Molecular Biology",US,2024,2117
"Biochemistry, Genetics and Molecular Biology",UY,2022,1
"Biochemistry, Genetics and Molecular Biology",UY,2023,1
"Biochemistry, Genetics and Molecular Biology",UY,2024,1
"Biochemistry, Genetics and Molecular Biology",VN,2022,1
"Biochemistry, Genetics and Molecular Biology",VN,2023,1
"Biochemistry, Genetics and Molecular Biology",VN,2024,1
"Biochemistry, Genetics and Molecular Biology",ZA,2015,16
"Biochemistry, Genetics and Molecular Biology",ZA,2016,15
"Biochemistry, Genetics and Molecular Biology",ZA,2017,15
"Biochemistry, Genetics and Molecular Biology",ZA,2018,14
"Biochemistry, Genetics and Molecular Biology",ZA,2019,12
"Biochemistry, Genetics and Molecular Biology",ZA,2020,12
"Biochemistry, Genetics and Molecular Biology",ZA,2021,11
"Biochemistry, Genetics and Molecular Biology",ZA,2022,13
"Biochemistry, Genetics and Molecular Biology",ZA,2023,12
"Biochemistry, Genetics and Molecular Biology",ZA,2024,12
"Business, Management and Accounting",AE,2020,1
"Business, Management and Accounting",AE,2022,2
"Business, Management and Accounting",AE,2023,2
"Business, Management and Accounting",AE,2024,2
"Business, Management and Accounting",AT,2015,8
"Business, Management and Accounting",AT,2016,8
"Business, Management and Accounting",AT,2017,7
"Business, Management and Accounting",AT,2018,7
"Business, Management and Accounting",AT,2019,8
"Business, Management and Accounting",AT,2020,8
"Business, Management and Accounting",AT,2021,8
"Business, Management and Accounting",AT,2022,7
"Business, Management and Accounting",AT,2023,7
"Business, Management and Accounting",AT,2024,8
"Business, Management and Accounting",AU,2015,71
"Business, Management and Accounting",AU,2016,70
"Business, Management and Accounting",AU,2017,68
"Business, Management and Accounting",AU,2018,69
"Business, Management and Accounting",AU,2019,70
"Business, Management and Accounting",AU,2020,74
"Business, Management and Accounting",AU,2021,76
"Business, Management and Accounting",AU,2022,82
"Business, Management and Accounting",AU,2023,90
"Business, Management and Accounting",AU,2024,94
"Business, Management and Accounting",BE,2015,39
"Business, Management and Accounting",BE,2016,40
"Business, Management and Accounting",BE,2017,41
"Business, Management and Accounting",BE,2018,39
"Business, Management and Accounting",BE,2019,40
"Business, Management and Accounting",BE,2020,39
"Business, Management and Accounting",BE,2021,40
"Business, Management and Accounting",BE,2022,39
"Business, Management and Accounting",BE,2023,40
"Business, Management and Accounting",BE,2024,42
"Business, Management and Accounting",BR,2016,1
"Business, Management and Accounting",BR,2021,1
"Business, Management and Accounting",BR,2022,2
"Business, Management and Accounting",BR,2023,2
"Business, Management and Accounting",BR,2024,2
"Business, Management and Accounting",CA,2015,94
"Business, Management and Accounting",CA,2016,96
"Business, Management and Accounting",CA,2017,97
"Business, Management and Accounting",CA,2018,94
"Business, Management and Accounting",CA,2019,97
"Business, Management and Accounting",CA,2020,102
"Business, Management and Accounting",CA,2021,107
"Business, Management and Accounting",CA,2022,106
"Business, Management and Accounting",CA,2023,104
"Business, Management and Accounting",CA,2024,106
"Business, Management and Accounting",CH,2015,20
"Business, Management and Accounting",CH,2016,20
"Business, Management and Accounting",CH,2017,20
"Business, Management and Accounting",CH,2018,21
"Business, Management and Accounting",CH,2019,23
"Business, Management and Accounting",CH,2020,22
"Business, Management and Accounting",CH,2021,22
"Business, Management and Accounting",CH,2022,22
"Business, Management and Accounting",CH,2023,25
"Business, Management and Accounting",CH,2024,26
"Business, Management and Accounting",CN,2015,10
"Business, Management and Accounting",CN,2016,13
"Business, Management and Accounting",CN,2017,16
"Business, Management and Accounting",CN,2018,17
"Business, Management and Accounting",CN,2019,19
"Business, Management and Accounting",CN,2020,24
"Business, Management and Accounting",CN,2021,26
"Business, Management and Accounting",CN,2022,31
"Business, Management and Accounting",CN,2023,36
"Business, Management and Accounting",CN,2024,39
"Business, Management and Accounting",CNX,2015,31
"Business, Management and Accounting",CNX,2016,36
"Business, Management and Accounting",CNX,2017,41
"Business, Management and Accounting",CNX,2018,44
"Business, Management and Accounting",CNX,2019,45
"Business, Management and Accounting",CNX,2020,49
"Business, Management and Accounting",CNX,2021,54
"Business, Management and Accounting",CNX,2022,61
"Business, Management and Accounting",CNX,2023,67
"Business, Management and Accounting",CNX,2024,70
"Business, Management and Accounting",CY,2015,2
"Business, Management and Accounting",CY,2016,2
"Business, Management and Accounting",CY,2017,2
"Business, Management and Accounting",CY,2018,2
"Business, Management and Accounting",CY,2019,2
"Business, Management and Accounting",CY,2020,3
"Business, Management and Accounting",CY,2021,3
"Business, Management and Accounting",CY,2022,3
"Business, Management and Accounting",CY,2023,4
"Business, Management and Accounting",CY,2024,4
"Business, Management and Accounting",CZ,2015,1
"Business, Management and Accounting",CZ,2016,1
"Business, Management and Accounting",CZ,2017,1
"Business, Management and Accounting",CZ,2018,1
"Business, Management and Accounting",DE,2015,36
"Business, Management and Accounting",DE,2016,34
"Business, Management and Accounting",DE,2017,33
"Business, Management and Accounting",DE,2018,37
"Business, Management and Accounting",DE,2019,38
"Business, Management and Accounting",DE,2020,41
"Business, Management and Accounting",DE,2021,42
"Business, Management and Accounting",DE,2022,44
"Business, Management and Accounting",DE,2023,45
"Business, Management and Accounting",DE,2024,48
"Business, Management and Accounting",DK,2015,18
"Business, Management and Accounting",DK,2016,20
"Business, Management and Accounting",DK,2017,20
"Business, Management and Accounting",DK,2018,22
"Business, Management and Accounting",DK,2019,21
"Business, Management and Accounting",DK,2020,21
"Business, Management and Accounting",DK,2021,20
"Business, Management and Accounting",DK,2022,21
"Business, Management and Accounting",DK,2023,23
"Business, Management and Accounting",DK,2024,26
"Business, Management and Accounting",DZ,2015,2
"Business, Management and Accounting",DZ,2016,1
"Business, Management and Accounting",DZ,2017,1
"Business, Management and Accounting",DZ,2018,1
"Business, Management and Accounting",DZ,2019,1
"Business, Management and Accounting",DZ,2020,1
"Business, Management and Accounting",DZ,2021,1
"Business, Management and Accounting",DZ,2022,1
"Business, Management and Accounting",EE,2015,1
"Business, Management and Accounting",EE,2016,1
"Business, Management and Accounting",EE,2017,1
"Business, Management and Accounting",EE,2018,1
"Business, Management and Accounting",EE,2019,1
"Business, Management and Accounting",EE,2020,2
"Business, Management and Accounting",EE,2021,2
"Business, Management and Accounting",EE,2022,2
"Business, Management and Accounting",EE,2023,2
"Business, Management and Accounting",EE,2024,2
"Business, Management and Accounting",EG,2024,1
"Business, Management and Accounting",ES,2015,5
"Business, Management and Accounting",ES,2016,5
"Business, Management and Accounting",ES,2017,5
"Business, Management and Accounting",ES,2018,5
"Business, Management and Accounting",ES,2019,7
"Business, Management and Accounting",ES,2020,8
"Business, Management and Accounting",ES,2021,12
"Business, Management and Accounting",ES,2022,12
"Business, Management and Accounting",ES,2023,13
"Business, Management and Accounting",ES,2024,14
"Business, Management and Accounting",FI,2015,5
"Business, Management and Accounting",FI,2016,5
"Business, Management and Accounting",FI,2017,5
"Business, Management and Accounting",FI,2018,6
"Business, Management and Accounting",FI,2019,8
"Business, Management and Accounting",FI,2020,8
"Business, Management and Accounting",FI,2021,10
"Business, Management and Accounting",FI,2022,12
"Business, Management and Accounting",FI,2023,12
"Business, Management and Accounting",FI,2024,14
"Business, Management and Accounting",FR,2015,27
"Business, Management and Accounting",FR,2016,28
"Business, Management and Accounting",FR,2017,28
"Business, Management and Accounting",FR,2018,26
"Business, Management and Accounting",FR,2019,25
"Business, Management and Accounting",FR,2020,28
"Business, Management and Accounting",FR,2021,33
"Business, Management and Accounting",FR,2022,34
"Business, Management and Accounting",FR,2023,35
"Business, Management and Accounting",FR,2024,38
"Business, Management and Accounting",GB,2015,191
"Business, Management and Accounting",GB,2016,194
"Business, Management and Accounting",GB,2017,194
"Business, Management and Accounting",GB,2018,198
"Business, Management and Accounting",GB,2019,198
"Business, Management and Accounting",GB,2020,199
"Business, Management and Accounting",GB,2021,205
"Business, Management and Accounting",GB,2022,212
"Business, Management and Accounting",GB,2023,210
"Business, Management and Accounting",GB,2024,216
"Business, Management and Accounting",GH,2015,2
"Business, Management and Accounting",GH,2016,2
"Business, Management and Accounting",GH,2017,2
"Business, Management and Accounting",GH,2018,2
"Business, Management and Accounting",GH,2019,2
"Business, Management and Accounting",GH,2020,2
"Business, Management and Accounting",GH,2021,2
"Business, Management and Accounting",GH,2022,1
"Business, Management and Accounting",GH,2023,1
"Business, Management and Accounting",GH,2024,1
"Business, Management and Accounting",GR,2015,2
"Business, Management and Accounting",GR,2016,2
"Business, Management and Accounting",GR,2017,1
"Business, Management and Accounting",GR,2018,1
"Business, Management and Accounting",GR,2019,1
"Business, Management and Accounting",GR,2020,1
"Business, Management and Accounting",GR,2021,1
"Business, Management and Accounting",GR,2022,1
"Business, Management and Accounting",GR,2023,1
"Business, Management and Accounting",GR,2024,2
"Business, Management and Accounting",HK,2015,24
"Business, Management and Accounting",HK,2016,26
"Business, Management and Accounting",HK,2017,28
"Business, Management and Accounting",HK,2018,31
"Business, Management and Accounting",HK,2019,31
"Business, Management and Accounting",HK,2020,31
"Business, Management and Accounting",HK,2021,32
"Business, Management and Accounting",HK,2022,36
"Business, Management and Accounting",HK,2023,39
"Business, Management and Accounting",HK,2024,37
"Business, Management and Accounting",ID,2021,1
"Business, Management and Accounting",ID,2022,1
"Business, Management and Accounting",ID,2023,1
"Business, Management and Accounting",ID,2024,1
"Business, Management and Accounting",IE,2015,3
"Business, Management and Accounting",IE,2016,3
"Business, Management and Accounting",IE,2017,2
"Business, Management and Accounting",IE,2018,2
"Business, Management and Accounting",IE,2019,2
"Business, Management and Accounting",IE,2020,2
"Business, Management and Accounting",IE,2021,3
"Business, Management and Accounting",IE,2022,4
"Business, Management and Accounting",IE,2023,4
"Business, Management and Accounting",IE,2024,3
"Business, Management and Accounting",IL,2015,8
"Business, Management and Accounting",IL,2016,8
"Business, Management and Accounting",IL,2017,8
"Business, Management and Accounting",IL,2018,8
"Business, Management and Accounting",IL,2019,8
"Business, Management and Accounting",IL,2020,8
"Business, Management and Accounting",IL,2021,8
"Business, Management and Accounting",IL,2022,9
"Business, Management and Accounting",IL,2023,9
"Business, Management and Accounting",IL,2024,9
"Business, Management and Accounting",IN,2015,9
"Business, Management and Accounting",IN,2016,10
"Business, Management and Accounting",IN,2017,10
"Business, Management and Accounting",IN,2018,10
"Business, Management and Accounting",IN,2019,10
"Business, Management and Accounting",IN,2020,10
"Business, Management and Accounting",IN,2021,10
"Business, Management and Accounting",IN,2022,16
"Business, Management and Accounting",IN,2023,18
"Business, Management and Accounting",IN,2024,22
"Business, Management and Accounting",IR,2016,1
"Business, Management and Accounting",IR,2017,1
"Business, Management and Accounting",IR,2018,2
"Business, Management and Accounting",IR,2019,2
"Business, Management and Accounting",IR,2020,2
"Business, Management and Accounting",IR,2021,1
"Business, Management and Accounting",IR,2023,1
"Business, Management and Accounting",IR,2024,1
"Business, Management and Accounting",IS,2020,1
"Business, Management and Accounting",IS,2021,1
"Business, Management and Accounting",IS,2022,1
"Business, Management and Accounting",IS,2023,2
"Business, Management and Accounting",IS,2024,2
"Business, Management and Accounting",IT,2015,5
"Business, Management and Accounting",IT,2016,7
"Business, Management and Accounting",IT,2017,8
"Business, Management and Accounting",IT,2018,9
"Business, Management and Accounting",IT,2019,9
"Business, Management and Accounting",IT,2020,9
"Business, Management and Accounting",IT,2021,11
"Business, Management and Accounting",IT,2022,14
"Business, Management and Accounting",IT,2023,17
"Business, Management and Accounting",IT,2024,18
"Business, Management and Accounting",JP,2015,9
"Business, Management and Accounting",JP,2016,9
"Business, Management and Accounting",JP,2017,8
"Business, Management and Accounting",JP,2018,8
"Business, Management and Accounting",JP,2019,8
"Business, Management and Accounting",JP,2020,8
"Business, Management and Accounting",JP,2021,8
"Business, Management and Accounting",JP,2022,9
"Business, Management and Accounting",JP,2023,9
"Business, Management and Accounting",JP,2024,8
"Business, Management and Accounting",KE,2015,1
"Business, Management and Accounting",KE,2016,1
"Business, Management and Accounting",KE,2017,1
"Business, Management and Accounting",KE,2018,1
"Business, Management and Accounting",KR,2015,6
"Business, Management and Accounting",KR,2016,8
"Business, Management and Accounting",KR,2017,8
"Business, Management and Accounting",KR,2018,9
"Business, Management and Accounting",KR,2019,10
"Business, Management and Accounting",KR,2020,10
"Business, Management and Accounting",KR,2021,11
"Business, Management and Accounting",KR,2022,11
"Business, Management and Accounting",KR,2023,13
"Business, Management and Accounting",KR,2024,13
"Business, Management and Accounting",LB,2021,1
"Business, Management and Accounting",LB,2022,1
"Business, Management and Accounting",LB,2023,1
"Business, Management and Accounting",LB,2024,2
"Business, Management and Accounting",LI,2021,2
"Business, Management and Accounting",LI,2022,2
"Business, Management and Accounting",LI,2023,2
"Business, Management and Accounting",LI,2024,2
"Business, Management and Accounting",LK,2015,1
"Business, Management and Accounting",LK,2016,1
"Business, Management and Accounting",LK,2017,1
"Business, Management and Accounting",LK,2018,1
"Business, Management and Accounting",LK,2019,1
"Business, Management and Accounting",LK,2020,1
"Business, Management and Accounting",LK,2021,1
"Business, Management and Accounting",LK,2022,1
"Business, Management and Accounting",LK,2023,1
"Business, Management and Accounting",LK,2024,1
"Business, Management and Accounting",LT,2022,1
"Business, Management and Accounting",LT,2023,1
"Business, Management and Accounting",LT,2024,1
"Business, Management and Accounting",LU,2015,1
"Business, Management and Accounting",LU,2016,1
"Business, Management and Accounting",LU,2017,1
"Business, Management and Accounting",LU,2018,1
"Business, Management and Accounting",LU,2019,1
"Business, Management and Accounting",LV,2015,8
"Business, Management and Accounting",LV,2016,8
"Business, Management and Accounting",LV,2017,10
"Business, Management and Accounting",LV,2018,10
"Business, Management and Accounting",LV,2019,10
"Business, Management and Accounting",LV,2020,8
"Business, Management and Accounting",LV,2021,7
"Business, Management and Accounting",LV,2022,6
"Business, Management and Accounting",LV,2023,6
"Business, Management and Accounting",LV,2024,7
"Business, Management and Accounting",MK,2015,1
"Business, Management and Accounting",MK,2016,1
"Business, Management and Accounting",MK,2017,1
"Business, Management and Accounting",MK,2018,1
"Business, Management and Accounting",MK,2019,1
"Business, Management and Accounting",MK,2020,1
"Business, Management and Accounting",MK,2021,1
"Business, Management and Accounting",MK,2022,1
"Business, Management and Accounting",MK,2023,1
"Business, Management and Accounting",MK,2024,1
"Business, Management and Accounting",MO,2015,1
"Business, Management and Accounting",MO,2016,1
"Business, Management and Accounting",MO,2017,1
"Business, Management and Accounting",MO,2018,1
"Business, Management and Accounting",MO,2019,1
"Business, Management and Accounting",MO,2020,1
"Business, Management and Accounting",MO,2021,1
"Business, Management and Accounting",MO,2022,1
"Business, Management and Accounting",MO,2023,1
"Business, Management and Accounting",MO,2024,1
"Business, Management and Accounting",MX,2015,2
"Business, Management and Accounting",MX,2016,2
"Business, Management and Accounting",MX,2017,2
"Business, Management and Accounting",MX,2018,2
"Business, Management and Accounting",MX,2019,1
"Business, Management and Accounting",MX,2020,2
"Business, Management and Accounting",MX,2021,3
"Business, Management and Accounting",MX,2022,3
"Business, Management and Accounting",MX,2023,3
"Business, Management and Accounting",MX,2024,4
"Business, Management and Accounting",MY,2015,2
"Business, Management and Accounting",MY,2016,2
"Business, Management and Accounting",MY,2017,2
"Business, Management and Accounting",MY,2018,2
"Business, Management and Accounting",MY,2019,2
"Business, Management and Accounting",MY,2020,3
"Business, Management and Accounting",MY,2021,6
"Business, Management and Accounting",MY,2022,7
"Business, Management and Accounting",MY,2023,11
"Business, Management and Accounting",MY,2024,16
"Business, Management and Accounting",NL,2015,50
"Business, Management and Accounting",NL,2016,52
"Business, Management and Accounting",NL,2017,51
"Business, Management and Accounting",NL,2018,51
"Business, Management and Accounting",NL,2019,52
"Business, Management and Accounting",NL,2020,50
"Business, Management and Accounting",NL,2021,56
"Business, Management and Accounting",NL,2022,55
"Business, Management and Accounting",NL,2023,57
"Business, Management and Accounting",NL,2024,60
"Business, Management and Accounting",NO,2015,7
"Business, Management and Accounting",NO,2016,8
"Business, Management and Accounting",NO,2017,8
"Business, Management and Accounting",NO,2018,8
"Business, Management and Accounting",NO,2019,8
"Business, Management and Accounting",NO,2020,11
"Business, Management and Accounting",NO,2021,12
"Business, Management and Accounting",NO,2022,14
"Business, Management and Accounting",NO,2023,16
"Business, Management and Accounting",NO,2024,17
"Business, Management and Accounting",NZ,2015,6
"Business, Management and Accounting",NZ,2016,6
"Business, Management and Accounting",NZ,2017,7
"Business, Management and Accounting",NZ,2018,7
"Business, Management and Accounting",NZ,2019,10
"Business, Management and Accounting",NZ,2020,12
"Business, Management and Accounting",NZ,2021,13
"Business, Management and Accounting",NZ,2022,13
"Business, Management and Accounting",NZ,2023,13
"Business, Management and Accounting",NZ,2024,12
"Business, Management and Accounting",PE,2021,1
"Business, Management and Accounting",PE,2022,1
"Business, Management and Accounting",PE,2023,1
"Business, Management and Accounting",PE,2024,1
"Business, Management and Accounting",PH,2015,3
"Business, Management and Accounting",PH,2016,3
"Business, Management and Accounting",PH,2017,3
"Business, Management and Accounting",PH,2018,3
"Business, Management and Accounting",PH,2019,3
"Business, Management and Accounting",PH,2020,3
"Business, Management and Accounting",PH,2021,3
"Business, Management and Accounting",PH,2022,3
"Business, Management and Accounting",PH,2023,4
"Business, Management and Accounting",PH,2024,4
"Business, Management and Accounting",PK,2015,3
"Business, Management and Accounting",PK,2016,3
"Business, Management and Accounting",PK,2017,3
"Business, Management and Accounting",PK,2018,3
"Business, Management and Accounting",PK,2019,3
"Business, Management and Accounting",PK,2020,3
"Business, Management and Accounting",PK,2021,3
"Business, Management and Accounting",PK,2022,3
"Business, Management and Accounting",PK,2023,4
"Business, Management and Accounting",PK,2024,4
"Business, Management and Accounting",PL,2015,1
"Business, Management and Accounting",PL,2016,1
"Business, Management and Accounting",PL,2017,1
"Business, Management and Accounting",PL,2018,1
"Business, Management and Accounting",PL,2019,1
"Business, Management and Accounting",PL,2020,1
"Business, Management and Accounting",PL,2021,1
"Business, Management and Accounting",PL,2022,2
"Business, Management and Accounting",PL,2023,2
"Business, Management and Accounting",PL,2024,3
"Business, Management and Accounting",PR,2022,1
"Business, Management and Accounting",PR,2023,1
"Business, Management and Accounting",PR,2024,1
"Business, Management and Accounting",PT,2015,2
"Business, Management and Accounting",PT,2016,3
"Business, Management and Accounting",PT,2017,3
"Business, Management and Accounting",PT,2018,3
"Business, Management and Accounting",PT,2019,3
"Business, Management and Accounting",PT,2020,4
"Business, Management and Accounting",PT,2021,4
"Business, Management and Accounting",PT,2022,4
"Business, Management and Accounting",PT,2023,5
"Business, Management and Accounting",PT,2024,5
"Business, Management and Accounting",RO,2022,1
"Business, Management and Accounting",RO,2023,1
"Business, Management and Accounting",RO,2024,1
"Business, Management and Accounting",RS,2015,1
"Business, Management and Accounting",RS,2016,1
"Business, Management and Accounting",RS,2017,1
"Business, Management and Accounting",RS,2018,1
"Business, Management and Accounting",RS,2019,1
"Business, Management and Accounting",RS,2020,1
"Business, Management and Accounting",RS,2021,1
"Business, Management and Accounting",RS,2022,1
"Business, Management and Accounting",RS,2023,1
"Business, Management and Accounting",RS,2024,1
"Business, Management and Accounting",RU,2015,11
"Business, Management and Accounting",RU,2016,11
"Business, Management and Accounting",RU,2017,10
"Business, Management and Accounting",RU,2018,11
"Business, Management and Accounting",RU,2019,12
"Business, Management and Accounting",RU,2020,11
"Business, Management and Accounting",RU,2021,12
"Business, Management and Accounting",RU,2022,10
"Business, Management and Accounting",RU,2023,11
"Business, Management and Accounting",RU,2024,11
"Business, Management and Accounting",SA,2021,1
"Business, Management and Accounting",SA,2022,1
"Business, Management and Accounting",SA,2023,1
"Business, Management and Accounting",SA,2024,1
"Business, Management and Accounting",SE,2015,21
"Business, Management and Accounting",SE,2016,20
"Business, Management and Accounting",SE,2017,20
"Business, Management and Accounting",SE,2018,21
"Business, Management and Accounting",SE,2019,22
"Business, Management and Accounting",SE,2020,23
"Business, Management and Accounting",SE,2021,25
"Business, Management and Accounting",SE,2022,25
"Business, Management and Accounting",SE,2023,28
"Business, Management and Accounting",SE,2024,29
"Business, Management and Accounting",SG,2015,24
"Business, Management and Accounting",SG,2016,26
"Business, Management and Accounting",SG,2017,27
"Business, Management and Accounting",SG,2018,27
"Business, Management and Accounting",SG,2019,27
"Business, Management and Accounting",SG,2020,28
"Business, Management and Accounting",SG,2021,28
"Business, Management and Accounting",SG,2022,28
"Business, Management and Accounting",SG,2023,31
"Business, Management and Accounting",SG,2024,31
"Business, Management and Accounting",SI,2015,6
"Business, Management and Accounting",SI,2016,6
"Business, Management and Accounting",SI,2017,7
"Business, Management and Accounting",SI,2018,7
"Business, Management and Accounting",SI,2019,7
"Business, Management and Accounting",SI,2020,7
"Business, Management and Accounting",SI,2021,6
"Business, Management and Accounting",SI,2022,6
"Business, Management and Accounting",SI,2023,6
"Business, Management and Accounting",SI,2024,6
"Business, Management and Accounting",TH,2017,1
"Business, Management and Accounting",TH,2018,1
"Business, Management and Accounting",TH,2019,1
"Business, Management and Accounting",TH,2020,1
"Business, Management and Accounting",TH,2024,2
"Business, Management and Accounting",TR,2015,1
"Business, Management and Accounting",TR,2016,2
"Business, Management and Accounting",TR,2017,2
"Business, Management and Accounting",TR,2018,2
"Business, Management and Accounting",TR,2019,3
"Business, Management and Accounting",TR,2020,3
"Business, Management and Accounting",TR,2021,3
"Business, Management and Accounting",TR,2022,4
"Business, Management and Accounting",TR,2023,4
"Business, Management and Accounting",TR,2024,3
"Business, Management and Accounting",TW,2021,3
"Business, Management and Accounting",TW,2022,4
"Business, Management and Accounting",TW,2023,4
"Business, Management and Accounting",TW,2024,5
"Business, Management and Accounting",US,2015,1049
"Business, Management and Accounting",US,2016,1042
"Business, Management and Accounting",US,2017,1032
"Business, Management and Accounting",US,2018,1024
"Business, Management and Accounting",US,2019,1017
"Business, Management and Accounting",US,2020,1008
"Business, Management and Accounting",US,2021,979
"Business, Management and Accounting",US,2022,958
"Business, Management and Accounting",US,2023,937
"Business, Management and Accounting",US,2024,922
"Business, Management and Accounting",VN,2022,1
"Business, Management and Accounting",VN,2023,1
"Business, Management and Accounting",VN,2024,1
"Business, Management and Accounting",ZA,2015,3
"Business, Management and Accounting",ZA,2016,3
"Business, Management and Accounting",ZA,2017,4
"Business, Management and Accounting",ZA,2018,4
"Business, Management and Accounting",ZA,2019,5
"Business, Management and Accounting",ZA,2020,6
"Business, Management and Accounting",ZA,2021,7
"Business, Management and Accounting",ZA,2022,8
"Business, Management and Accounting",ZA,2023,8
"Business, Management and Accounting",ZA,2024,9
Chemical Engineering,AE,2023,1
Chemical Engineering,AE,2024,2
Chemical Engineering,AL,2021,1
Chemical Engineering,AL,2022,1
Chemical Engineering,AT,2015,2
Chemical Engineering,AT,2016,2
Chemical Engineering,AT,2017,2
Chemical Engineering,AT,2018,2
Chemical Engineering,AT,2019,2
Chemical Engineering,AT,2020,2
Chemical Engineering,AT,2021,2
Chemical Engineering,AT,2022,2
Chemical Engineering,AT,2023,3
Chemical Engineering,AT,2024,3
Chemical Engineering,AU,2015,6
Chemical Engineering,AU,2016,6
Chemical Engineering,AU,2017,6
Chemical Engineering,AU,2018,8
Chemical Engineering,AU,2019,8
Chemical Engineering,AU,2020,8
Chemical Engineering,AU,2021,8
Chemical Engineering,AU,2022,8
Chemical Engineering,AU,2023,9
Chemical Engineering,AU,2024,9
Chemical Engineering,BE,2015,4
Chemical Engineering,BE,2016,4
Chemical Engineering,BE,2017,4
Chemical Engineering,BE,2018,4
Chemical Engineering,BE,2019,4
Chemical Engineering,BE,2020,4
Chemical Engineering,BE,2021,4
Chemical Engineering,BE,2022,4
Chemical Engineering,BE,2023,4
Chemical Engineering,BE,2024,4
Chemical Engineering,BR,2015,2
Chemical Engineering,BR,2016,2
Chemical Engineering,BR,2017,1
Chemical Engineering,BR,2018,1
Chemical Engineering,BR,2019,1
Chemical Engineering,BR,2020,1
Chemical Engineering,BR,2021,1
Chemical Engineering,BR,2022,1
Chemical Engineering,BR,2023,2
Chemical Engineering,BR,2024,2
Chemical Engineering,CA,2015,6
Chemical Engineering,CA,2016,5
Chemical Engineering,CA,2017,5
Chemical Engineering,CA,2018,4
Chemical Engineering,CA,2019,4
Chemical Engineering,CA,2020,2
Chemical Engineering,CA,2021,2
Chemical Engineering,CA,2022,2
Chemical Engineering,CA,2023,2
Chemical Engineering,CA,2024,2
Chemical Engineering,CH,2015,6
Chemical Engineering,CH,2016,5
Chemical Engineering,CH,2017,4
Chemical Engineering,CH,2018,4
Chemical Engineering,CH,2019,3
Chemical Engineering,CH,2020,3
Chemical Engineering,CH,2021,3
Chemical Engineering,CH,2022,3
Chemical Engineering,CH,2023,2
Chemical Engineering,CH,2024,2
Chemical Engineering,CN,2015,7
Chemical Engineering,CN,2016,9
Chemical Engineering,CN,2017,11
Chemical Engineering,CN,2018,15
Chemical Engineering,CN,2019,17
Chemical Engineering,CN,2020,21
Chemical Engineering,CN,2021,23
Chemical Engineering,CN,2022,24
Chemical Engineering,CN,2023,27
Chemical Engineering,CN,2024,35
Chemical Engineering,CNX,2015,7
Chemical Engineering,CNX,2016,9
Chemical Engineering,CNX,2017,11
Chemical Engineering,CNX,2018,15
Chemical Engineering,CNX,2019,17
Chemical Engineering,CNX,2020,21
Chemical Engineering,CNX,2021,23
Chemical Engineering,CNX,2022,24
Chemical Engineering,CNX,2023,27
Chemical Engineering,CNX,2024,35
Chemical Engineering,CZ,2015,1
Chemical Engineering,CZ,2016,1
Chemical Engineering,CZ,2017,1
Chemical Engineering,CZ,2018,1
Chemical Engineering,CZ,2019,1
Chemical Engineering,CZ,2020,1
Chemical Engineering,CZ,2021,1
Chemical Engineering,CZ,2022,1
Chemical Engineering,CZ,2023,2
Chemical Engineering,CZ,2024,2
Chemical Engineering,DE,2015,19
Chemical Engineering,DE,2016,18
Chemical Engineering,DE,2017,20
Chemical Engineering,DE,2018,20
Chemical Engineering,DE,2019,21
Chemical Engineering,DE,2020,21
Chemical Engineering,DE,2021,23
Chemical Engineering,DE,2022,22
Chemical Engineering,DE,2023,22
Chemical Engineering,DE,2024,21
Chemical Engineering,DK,2015,3
Chemical Engineering,DK,2016,3
Chemical Engineering,DK,2017,3
Chemical Engineering,DK,2018,3
Chemical Engineering,DK,2019,3
Chemical Engineering,DK,2020,3
Chemical Engineering,DK,2021,3
Chemical Engineering,DK,2022,3
Chemical Engineering,DK,2023,2
Chemical Engineering,DK,2024,2
Chemical Engineering,EG,2020,1
Chemical Engineering,EG,2021,1
Chemical Engineering,EG,2022,1
Chemical Engineering,EG,2023,1
Chemical Engineering,EG,2024,2
Chemical Engineering,ES,2015,1
Chemical Engineering,ES,2016,3
Chemical Engineering,ES,2017,5
Chemical Engineering,ES,2018,5
Chemical Engineering,ES,2019,5
Chemical Engineering,ES,2020,5
Chemical Engineering,ES,2021,7
Chemical Engineering,ES,2022,6
Chemical Engineering,ES,2023,4
Chemical Engineering,ES,2024,2
Chemical Engineering,FI,2015,1
Chemical Engineering,FI,2016,1
Chemical Engineering,FI,2017,1
Chemical Engineering,FI,2018,1
Chemical Engineering,FI,2019,1
Chemical Engineering,FI,2020,1
Chemical Engineering,FI,2021,1
Chemical Engineering,FR,2015,6
Chemical Engineering,FR,2016,7
Chemical Engineering,FR,2017,7
Chemical Engineering,FR,2018,7
Chemical Engineering,FR,2019,7
Chemical Engineering,FR,2020,7
Chemical Engineering,FR,2021,6
Chemical Engineering,FR,2022,5
Chemical Engineering,FR,2023,6
Chemical Engineering,FR,2024,7
Chemical Engineering,GB,2015,21
Chemical Engineering,GB,2016,21
Chemical Engineering,GB,2017,19
Chemical Engineering,GB,2018,19
Chemical Engineering,GB,2019,18
Chemical Engineering,GB,2020,19
Chemical Engineering,GB,2021,19
Chemical Engineering,GB,2022,19
Chemical Engineering,GB,2023,19
Chemical Engineering,GB,2024,19
Chemical Engineering,GR,2015,1
Chemical Engineering,GR,2016,1
Chemical Engineering,GR,2017,1
Chemical Engineering,GR,2018,1
Chemical Engineering,GR,2019,2
Chemical Engineering,GR,2020,2
Chemical Engineering,GR,2021,2
Chemical Engineering,GR,2022,2
Chemical Engineering,GR,2023,2
Chemical Engineering,GR,2024,2
Chemical Engineering,HU,2015,1
Chemical Engineering,HU,2016,1
Chemical Engineering,ID,2022,1
Chemical Engineering,ID,2023,1
Chemical Engineering,ID,2024,1
Chemical Engineering,IE,2015,2
Chemical Engineering,IE,2016,2
Chemical Engineering,IE,2017,2
Chemical Engineering,IE,2018,2
Chemical Engineering,IE,2019,2
Chemical Engineering,IE,2020,1
Chemical Engineering,IE,2021,1
Chemical Engineering,IE,2022,1
Chemical Engineering,IE,2023,1
Chemical Engineering,IE,2024,1
Chemical Engineering,IL,2015,2
Chemical Engineering,IL,2016,2
Chemical Engineering,IL,2017,2
Chemical Engineering,IL,2018,1
Chemical Engineering,IL,2019,1
Chemical Engineering,IL,2020,1
Chemical Engineering,IL,2021,1
Chemical Engineering,IL,2022,1
Chemical Engineering,IL,2023,1
Chemical Engineering,IL,2024,1
Chemical Engineering,IN,2016,1
Chemical Engineering,IN,2017,1
Chemical Engineering,IN,2018,1
Chemical Engineering,IN,2019,1
Chemical Engineering,IN,2020,1
Chemical Engineering,IN,2021,1
Chemical Engineering,IN,2022,1
Chemical Engineering,IN,2023,1
Chemical Engineering,IN,2024,1
Chemical Engineering,IR,2019,1
Chemical Engineering,IR,2020,1
Chemical Engineering,IR,2021,1
Chemical Engineering,IR,2022,1
Chemical Engineering,IR,2023,2
Chemical Engineering,IR,2024,3
Chemical Engineering,IT,2015,8
Chemical Engineering,IT,2016,8
Chemical Engineering,IT,2017,8
Chemical Engineering,IT,2018,8
Chemical Engineering,IT,2019,8
Chemical Engineering,IT,2020,8
Chemical Engineering,IT,2021,7
Chemical Engineering,IT,2022,7
Chemical Engineering,IT,2023,7
Chemical Engineering,IT,2024,8
Chemical Engineering,JP,2015,11
Chemical Engineering,JP,2016,10
Chemical Engineering,JP,2017,10
Chemical Engineering,JP,2018,8
Chemical Engineering,JP,2019,9
Chemical Engineering,JP,2020,10
Chemical Engineering,JP,2021,11
Chemical Engineering,JP,2022,10
Chemical Engineering,JP,2023,9
Chemical Engineering,JP,2024,8
Chemical Engineering,KR,2024,1
Chemical Engineering,MX,2017,1
Chemical Engineering,MX,2018,1
Chemical Engineering,MX,2019,1
Chemical Engineering,MX,2020,1
Chemical Engineering,MX,2021,1
Chemical Engineering,MX,2022,1
Chemical Engineering,MX,2023,1
Chemical Engineering,MX,2024,1
Chemical Engineering,MY,2018,1
Chemical Engineering,MY,2019,1
Chemical Engineering,MY,2020,1
Chemical Engineering,MY,2021,1
Chemical Engineering,MY,2022,3
Chemical Engineering,MY,2023,3
Chemical Engineering,MY,2024,4
Chemical Engineering,NL,2015,5
Chemical Engineering,NL,2016,5
Chemical Engineering,NL,2017,4
Chemical Engineering,NL,2018,4
Chemical Engineering,NL,2019,4
Chemical Engineering,NL,2020,4
Chemical Engineering,NL,2021,3
Chemical Engineering,NL,2022,3
Chemical Engineering,NL,2023,3
Chemical Engineering,NL,2024,3
Chemical Engineering,NO,2015,1
Chemical Engineering,NO,2016,1
Chemical Engineering,NO,2017,1
Chemical Engineering,NO,2018,1
Chemical Engineering,NO,2019,1
Chemical Engineering,NO,2020,1
Chemical Engineering,NO,2021,1
Chemical Engineering,NO,2022,1
Chemical Engineering,NO,2023,1
Chemical Engineering,NO,2024,1
Chemical Engineering,NZ,2017,1
Chemical Engineering,NZ,2018,1
Chemical Engineering,NZ,2019,1
Chemical Engineering,NZ,2020,1
Chemical Engineering,NZ,2021,1
Chemical Engineering,NZ,2022,1
Chemical Engineering,NZ,2023,1
Chemical Engineering,NZ,2024,1
Chemical Engineering,OM,2022,1
Chemical Engineering,OM,2023,1
Chemical Engineering,OM,2024,1
Chemical Engineering,PL,2015,3
Chemical Engineering,PL,2016,3
Chemical Engineering,PL,2017,3
Chemical Engineering,PL,2018,3
Chemical Engineering,PL,2019,3
Chemical Engineering,PL,2020,4
Chemical Engineering,PL,2021,3
Chemical Engineering,PL,2022,2
Chemical Engineering,PL,2023,2
Chemical Engineering,PL,2024,3
Chemical Engineering,PT,2015,5
Chemical Engineering,PT,2016,6
Chemical Engineering,PT,2017,6
Chemical Engineering,PT,2018,6
Chemical Engineering,PT,2019,6
Chemical Engineering,PT,2020,6
Chemical Engineering,PT,2021,6
Chemical Engineering,PT,2022,6
Chemical Engineering,PT,2023,6
Chemical Engineering,PT,2024,5
Chemical Engineering,RU,2015,3
Chemical Engineering,RU,2016,3
Chemical Engineering,RU,2017,2
Chemical Engineering,RU,2018,2
Chemical Engineering,RU,2019,2
Chemical Engineering,RU,2020,2
Chemical Engineering,RU,2021,2
Chemical Engineering,RU,2022,2
Chemical Engineering,RU,2023,3
Chemical Engineering,RU,2024,3
Chemical Engineering,SA,2023,1
Chemical Engineering,SA,2024,2
Chemical Engineering,SE,2015,1
Chemical Engineering,SE,2016,1
Chemical Engineering,SE,2017,1
Chemical Engineering,SE,2018,2
Chemical Engineering,SE,2019,2
Chemical Engineering,SE,2020,2
Chemical Engineering,SE,2021,2
Chemical Engineering,SE,2022,2
Chemical Engineering,SE,2023,2
Chemical Engineering,SE,2024,1
Chemical Engineering,SG,2022,2
Chemical Engineering,SG,2023,2
Chemical Engineering,SG,2024,1
Chemical Engineering,SK,2015,1
Chemical Engineering,SK,2016,1
Chemical Engineering,SK,2017,1
Chemical Engineering,SK,2018,1
Chemical Engineering,SK,2019,1
Chemical Engineering,SK,2020,1
Chemical Engineering,SK,2021,1
Chemical Engineering,SK,2022,1
Chemical Engineering,TH,2023,1
Chemical Engineering,TH,2024,1
Chemical Engineering,US,2015,73
Chemical Engineering,US,2016,71
Chemical Engineering,US,2017,71
Chemical Engineering,US,2018,70
Chemical Engineering,US,2019,68
Chemical Engineering,US,2020,67
Chemical Engineering,US,2021,65
Chemical Engineering,US,2022,64
Chemical Engineering,US,2023,61
Chemical Engineering,US,2024,55
Chemical Engineering,VN,2022,1
Chemical Engineering,VN,2023,1
Chemical Engineering,VN,2024,1
Chemical Engineering,ZA,2015,1
Chemical Engineering,ZA,2016,1
Chemical Engineering,ZA,2017,1
Chemical Engineering,ZA,2018,1
Chemical Engineering,ZA,2019,1
Chemical Engineering,ZA,2020,1
Chemical Engineering,ZA,2021,1
Chemical Engineering,ZA,2022,1
Chemical Engineering,ZA,2023,1
Chemical Engineering,ZA,2024,1
Chemistry,AE,2021,1
Chemistry,AE,2022,1
Chemistry,AE,2023,1
Chemistry,AE,2024,1
Chemistry,AR,2015,1
Chemistry,AR,2016,1
Chemistry,AR,2017,1
Chemistry,AT,2015,5
Chemistry,AT,2016,5
Chemistry,AT,2017,4
Chemistry,AT,2018,5
Chemistry,AT,2019,5
Chemistry,AT,2020,4
Chemistry,AT,2021,4
Chemistry,AT,2022,4
Chemistry,AT,2023,5
Chemistry,AT,2024,6
Chemistry,AU,2015,26
Chemistry,AU,2016,26
Chemistry,AU,2017,25
Chemistry,AU,2018,26
Chemistry,AU,2019,26
Chemistry,AU,2020,26
Chemistry,AU,2021,28
Chemistry,AU,2022,29
Chemistry,AU,2023,29
Chemistry,AU,2024,32
Chemistry,BE,2015,14
Chemistry,BE,2016,13
Chemistry,BE,2017,15
Chemistry,BE,2018,15
Chemistry,BE,2019,16
Chemistry,BE,2020,19
Chemistry,BE,2021,20
Chemistry,BE,2022,21
Chemistry,BE,2023,21
Chemistry,BE,2024,23
Chemistry,BG,2022,1
Chemistry,BG,2023,1
Chemistry,BG,2024,1
Chemistry,BI,2019,1
Chemistry,BI,2020,1
Chemistry,BI,2021,2
Chemistry,BI,2022,1
Chemistry,BI,2023,1
Chemistry,BI,2024,1
Chemistry,BR,2015,2
Chemistry,BR,2016,2
Chemistry,BR,2017,2
Chemistry,BR,2018,2
Chemistry,BR,2019,2
Chemistry,BR,2020,1
Chemistry,BR,2021,1
Chemistry,BR,2022,1
Chemistry,BR,2023,1
Chemistry,BR,2024,1
Chemistry,CA,2015,48
Chemistry,CA,2016,47
Chemistry,CA,2017,45
Chemistry,CA,2018,45
Chemistry,CA,2019,45
Chemistry,CA,2020,45
Chemistry,CA,2021,42
Chemistry,CA,2022,43
Chemistry,CA,2023,40
Chemistry,CA,2024,40
Chemistry,CH,2015,49
Chemistry,CH,2016,53
Chemistry,CH,2017,50
Chemistry,CH,2018,50
Chemistry,CH,2019,51
Chemistry,CH,2020,51
Chemistry,CH,2021,49
Chemistry,CH,2022,46
Chemistry,CH,2023,45
Chemistry,CH,2024,45
Chemistry,CN,2015,28
Chemistry,CN,2016,37
Chemistry,CN,2017,48
Chemistry,CN,2018,59
Chemistry,CN,2019,79
Chemistry,CN,2020,91
Chemistry,CN,2021,106
Chemistry,CN,2022,120
Chemistry,CN,2023,140
Chemistry,CN,2024,159
Chemistry,CNX,2015,31
Chemistry,CNX,2016,41
Chemistry,CNX,2017,52
Chemistry,CNX,2018,63
Chemistry,CNX,2019,83
Chemistry,CNX,2020,95
Chemistry,CNX,2021,110
Chemistry,CNX,2022,124
Chemistry,CNX,2023,145
Chemistry,CNX,2024,164
Chemistry,CU,2024,1
Chemistry,CZ,2015,5
Chemistry,CZ,2016,5
Chemistry,CZ,2017,6
Chemistry,CZ,2018,9
Chemistry,CZ,2019,9
Chemistry,CZ,2020,8
Chemistry,CZ,2021,8
Chemistry,CZ,2022,7
Chemistry,CZ,2023,7
Chemistry,CZ,2024,8
Chemistry,DE,2015,156
Chemistry,DE,2016,158
Chemistry,DE,2017,160
Chemistry,DE,2018,158
Chemistry,DE,2019,156
Chemistry,DE,2020,158
Chemistry,DE,2021,154
Chemistry,DE,2022,156
Chemistry,DE,2023,147
Chemistry,DE,2024,141
Chemistry,DK,2015,18
Chemistry,DK,2016,17
Chemistry,DK,2017,16
Chemistry,DK,2018,16
Chemistry,DK,2019,16
Chemistry,DK,2020,18
Chemistry,DK,2021,18
Chemistry,DK,2022,19
Chemistry,DK,2023,18
Chemistry,DK,2024,17
Chemistry,EG,2015,1
Chemistry,EG,2016,1
Chemistry,EG,2017,1
Chemistry,EG,2018,1
Chemistry,EG,2019,1
Chemistry,EG,2020,1
Chemistry,EG,2021,1
Chemistry,EG,2022,1
Chemistry,EG,2023,1
Chemistry,EG,2024,1
Chemistry,ES,2015,23
Chemistry,ES,2016,24
Chemistry,ES,2017,28
Chemistry,ES,2018,28
Chemistry,ES,2019,27
Chemistry,ES,2020,29
Chemistry,ES,2021,33
Chemistry,ES,2022,34
Chemistry,ES,2023,36
Chemistry,ES,2024,36
Chemistry,FI,2015,1
Chemistry,FI,2016,1
Chemistry,FI,2017,2
Chemistry,FI,2018,2
Chemistry,FI,2019,2
Chemistry,FI,2020,2
Chemistry,FI,2021,2
Chemistry,FI,2022,2
Chemistry,FI,2023,2
Chemistry,FI,2024,2
Chemistry,FR,2015,59
Chemistry,FR,2016,63
Chemistry,FR,2017,61
Chemistry,FR,2018,63
Chemistry,FR,2019,64
Chemistry,FR,2020,64
Chemistry,FR,2021,64
Chemistry,FR,2022,63
Chemistry,FR,2023,65
Chemistry,FR,2024,63
Chemistry,GB,2015,132
Chemistry,GB,2016,128
Chemistry,GB,2017,127
Chemistry,GB,2018,127
Chemistry,GB,2019,122
Chemistry,GB,2020,123
Chemistry,GB,2021,125
Chemistry,GB,2022,122
Chemistry,GB,2023,119
Chemistry,GB,2024,118
Chemistry,GR,2015,1
Chemistry,GR,2016,1
Chemistry,GR,2017,1
Chemistry,GR,2018,1
Chemistry,GR,2019,1
Chemistry,GR,2020,2
Chemistry,GR,2021,1
Chemistry,GR,2022,2
Chemistry,GR,2023,2
Chemistry,GR,2024,1
Chemistry,HK,2015,2
Chemistry,HK,2016,4
Chemistry,HK,2017,4
Chemistry,HK,2018,4
Chemistry,HK,2019,4
Chemistry,HK,2020,4
Chemistry,HK,2021,4
Chemistry,HK,2022,4
Chemistry,HK,2023,5
Chemistry,HK,2024,5
Chemistry,HR,2015,1
Chemistry,HR,2016,1
Chemistry,HR,2017,1
Chemistry,HR,2018,1
Chemistry,HR,2019,1
Chemistry,HR,2020,1
Chemistry,HR,2021,1
Chemistry,HR,2022,1
Chemistry,HR,2023,1
Chemistry,HR,2024,1
Chemistry,HU,2015,1
Chemistry,HU,2016,1
Chemistry,HU,2017,1
Chemistry,HU,2018,1
Chemistry,HU,2019,1
Chemistry,HU,2020,1
Chemistry,HU,2021,2
Chemistry,HU,2022,2
Chemistry,HU,2023,2
Chemistry,HU,2024,2
Chemistry,IE,2015,4
Chemistry,IE,2016,5
Chemistry,IE,2017,4
Chemistry,IE,2018,3
Chemistry,IE,2019,3
Chemistry,IE,2020,3
Chemistry,IE,2021,3
Chemistry,IE,2022,4
Chemistry,IE,2023,4
Chemistry,IE,2024,4
Chemistry,IL,2015,13
Chemistry,IL,2016,13
Chemistry,IL,2017,13
Chemistry,IL,2018,13
Chemistry,IL,2019,11
Chemistry,IL,2020,10
Chemistry,IL,2021,10
Chemistry,IL,2022,9
Chemistry,IL,2023,9
Chemistry,IL,2024,9
Chemistry,IN,2015,9
Chemistry,IN,2016,10
Chemistry,IN,2017,12
Chemistry,IN,2018,13
Chemistry,IN,2019,12
Chemistry,IN,2020,11
Chemistry,IN,2021,11
Chemistry,IN,2022,13
Chemistry,IN,2023,13
Chemistry,IN,2024,14
Chemistry,IR,2015,2
Chemistry,IR,2016,3
Chemistry,IR,2017,5
Chemistry,IR,2018,8
Chemistry,IR,2019,8
Chemistry,IR,2020,9
Chemistry,IR,2021,10
Chemistry,IR,2022,13
Chemistry,IR,2023,14
Chemistry,IR,2024,14
Chemistry,IT,2015,16
Chemistry,IT,2016,16
Chemistry,IT,2017,17
Chemistry,IT,2018,16
Chemistry,IT,2019,16
Chemistry,IT,2020,17
Chemistry,IT,2021,17
Chemistry,IT,2022,19
Chemistry,IT,2023,19
Chemistry,IT,2024,18
Chemistry,JP,2015,127
Chemistry,JP,2016,125
Chemistry,JP,2017,121
Chemistry,JP,2018,122
Chemistry,JP,2019,118
Chemistry,JP,2020,115
Chemistry,JP,2021,113
Chemistry,JP,2022,111
Chemistry,JP,2023,107
Chemistry,JP,2024,105
Chemistry,KR,2015,6
Chemistry,KR,2016,6
Chemistry,KR,2017,8
Chemistry,KR,2018,8
Chemistry,KR,2019,8
Chemistry,KR,2020,9
Chemistry,KR,2021,11
Chemistry,KR,2022,13
Chemistry,KR,2023,14
Chemistry,KR,2024,14
Chemistry,LU,2016,1
Chemistry,LU,2017,1
Chemistry,LU,2018,1
Chemistry,LU,2019,1
Chemistry,LU,2020,1
Chemistry,LU,2021,1
Chemistry,ME,2024,1
Chemistry,MO,2020,1
Chemistry,MO,2021,1
Chemistry,MO,2022,1
Chemistry,MO,2023,1
Chemistry,MO,2024,1
Chemistry,MX,2024,1
Chemistry,MY,2015,1
Chemistry,MY,2016,1
Chemistry,MY,2017,1
Chemistry,MY,2018,1
Chemistry,MY,2019,1
Chemistry,MY,2020,1
Chemistry,MY,2021,1
Chemistry,MY,2022,1
Chemistry,MY,2023,1
Chemistry,MY,2024,1
Chemistry,NL,2015,40
Chemistry,NL,2016,39
Chemistry,NL,2017,39
Chemistry,NL,2018,39
Chemistry,NL,2019,39
Chemistry,NL,2020,37
Chemistry,NL,2021,37
Chemistry,NL,2022,38
Chemistry,NL,2023,39
Chemistry,NL,2024,39
Chemistry,NO,2015,3
Chemistry,NO,2016,3
Chemistry,NO,2017,3
Chemistry,NO,2018,6
Chemistry,NO,2019,7
Chemistry,NO,2020,7
Chemistry,NO,2021,7
Chemistry,NO,2022,7
Chemistry,NO,2023,8
Chemistry,NO,2024,8
Chemistry,NZ,2018,1
Chemistry,NZ,2019,1
Chemistry,NZ,2020,1
Chemistry,PL,2015,5
Chemistry,PL,2016,5
Chemistry,PL,2017,5
Chemistry,PL,2018,7
Chemistry,PL,2019,7
Chemistry,PL,2020,8
Chemistry,PL,2021,10
Chemistry,PL,2022,8
Chemistry,PL,2023,10
Chemistry,PL,2024,10
Chemistry,PR,2015,1
Chemistry,PR,2016,1
Chemistry,PR,2017,1
Chemistry,PR,2018,1
Chemistry,PR,2019,1
Chemistry,PR,2020,1
Chemistry,PR,2021,1
Chemistry,PR,2022,1
Chemistry,PR,2023,1
Chemistry,PR,2024,1
Chemistry,PT,2015,3
Chemistry,PT,2016,2
Chemistry,PT,2017,2
Chemistry,PT,2018,2
Chemistry,PT,2019,2
Chemistry,PT,2020,2
Chemistry,PT,2021,3
Chemistry,PT,2022,4
Chemistry,PT,2023,4
Chemistry,PT,2024,5
Chemistry,QA,2021,1
Chemistry,QA,2022,1
Chemistry,QA,2023,1
Chemistry,QA,2024,1
Chemistry,RO,2015,1
Chemistry,RO,2016,1
Chemistry,RO,2017,1
Chemistry,RO,2018,1
Chemistry,RO,2019,1
Chemistry,RO,2020,1
Chemistry,RO,2021,1
Chemistry,RO,2022,1
Chemistry,RO,2023,1
Chemistry,RU,2015,7
Chemistry,RU,2016,6
Chemistry,RU,2017,4
Chemistry,RU,2018,5
Chemistry,RU,2019,7
Chemistry,RU,2020,8
Chemistry,RU,2021,12
Chemistry,RU,2022,12
Chemistry,RU,2023,11
Chemistry,RU,2024,14
Chemistry,SA,2015,7
Chemistry,SA,2016,9
Chemistry,SA,2017,12
Chemistry,SA,2018,15
Chemistry,SA,2019,16
Chemistry,SA,2020,17
Chemistry,SA,2021,17
Chemistry,SA,2022,18
Chemistry,SA,2023,17
Chemistry,SA,2024,20
Chemistry,SE,2015,26
Chemistry,SE,2016,25
Chemistry,SE,2017,25
Chemistry,SE,2018,24
Chemistry,SE,2019,23
Chemistry,SE,2020,22
Chemistry,SE,2021,22
Chemistry,SE,2022,21
Chemistry,SE,2023,19
Chemistry,SE,2024,19
Chemistry,SG,2015,5
Chemistry,SG,2016,5
Chemistry,SG,2017,9
Chemistry,SG,2018,11
Chemistry,SG,2019,12
Chemistry,SG,2020,10
Chemistry,SG,2021,11
Chemistry,SG,2022,11
Chemistry,SG,2023,11
Chemistry,SG,2024,13
Chemistry,SK,2015,2
Chemistry,SK,2016,2
Chemistry,SK,2017,2
Chemistry,SK,2018,2
Chemistry,SK,2019,2
Chemistry,SK,2020,2
Chemistry,SK,2021,2
Chemistry,SK,2022,2
Chemistry,SK,2023,2
Chemistry,SK,2024,2
Chemistry,SS,2015,2
Chemistry,SS,2016,2
Chemistry,SS,2017,2
Chemistry,SS,2018,2
Chemistry,SS,2019,2
Chemistry,SS,2020,2
Chemistry,SS,2021,2
Chemistry,SS,2022,1
Chemistry,SS,2023,1
Chemistry,SS,2024,1
Chemistry,TN,2021,1
Chemistry,TN,2022,1
Chemistry,TN,2023,1
Chemistry,TN,2024,1
Chemistry,TR,2015,3
Chemistry,TR,2016,3
Chemistry,TR,2017,3
Chemistry,TR,2018,3
Chemistry,TR,2019,3
Chemistry,TR,2020,3
Chemistry,TR,2021,3
Chemistry,TR,2022,4
Chemistry,TR,2023,4
Chemistry,TR,2024,4
Chemistry,TW,2015,2
Chemistry,TW,2016,2
Chemistry,TW,2017,2
Chemistry,TW,2018,2
Chemistry,TW,2019,2
Chemistry,TW,2020,2
Chemistry,TW,2021,2
Chemistry,TW,2022,2
Chemistry,TW,2023,2
Chemistry,TW,2024,2
Chemistry,UA,2015,1
Chemistry,UA,2016,1
Chemistry,UA,2017,1
Chemistry,UA,2018,1
Chemistry,UA,2019,1
Chemistry,UA,2020,1
Chemistry,UA,2021,1
Chemistry,UA,2022,1
Chemistry,UA,2023,1
Chemistry,UA,2024,1
Chemistry,US,2015,534
Chemistry,US,2016,525
Chemistry,US,2017,521
Chemistry,US,2018,512
Chemistry,US,2019,499
Chemistry,US,2020,482
Chemistry,US,2021,472
Chemistry,US,2022,452
Chemistry,US,2023,444
Chemistry,US,2024,431
Chemistry,UY,2024,1
Chemistry,ZA,2015,4
Chemistry,ZA,2016,4
Chemistry,ZA,2017,4
Chemistry,ZA,2018,4
Chemistry,ZA,2019,3
Chemistry,ZA,2020,2
Chemistry,ZA,2021,3
Chemistry,ZA,2022,3
Chemistry,ZA,2023,4
Chemistry,ZA,2024,4
Computer Science,AE,2017,1
Computer Science,AE,2018,2
Computer Science,AE,2019,2
Computer Science,AE,2020,3
Computer Science,AE,2021,5
Computer Science,AE,2022,7
Computer Science,AE,2023,18
Computer Science,AE,2024,20
Computer Science,AR,2015,1
Computer Science,AR,2016,1
Computer Science,AR,2017,1
Computer Science,AT,2015,41
Computer Science,AT,2016,41
Computer Science,AT,2017,41
Computer Science,AT,2018,40
Computer Science,AT,2019,41
Computer Science,AT,2020,40
Computer Science,AT,2021,36
Computer Science,AT,2022,35
Computer Science,AT,2023,37
Computer Science,AT,2024,35
Computer Science,AU,2015,93
Computer Science,AU,2016,101
Computer Science,AU,2017,103
Computer Science,AU,2018,105
Computer Science,AU,2019,116
Computer Science,AU,2020,125
Computer Science,AU,2021,135
Computer Science,AU,2022,143
Computer Science,AU,2023,147
Computer Science,AU,2024,161
Computer Science,BE,2015,33
Computer Science,BE,2016,34
Computer Science,BE,2017,34
Computer Science,BE,2018,34
Computer Science,BE,2019,35
Computer Science,BE,2020,38
Computer Science,BE,2021,40
Computer Science,BE,2022,40
Computer Science,BE,2023,38
Computer Science,BE,2024,36
Computer Science,BG,2015,4
Computer Science,BG,2016,4
Computer Science,BG,2017,4
Computer Science,BG,2018,4
Computer Science,BG,2019,4
Computer Science,BG,2020,4
Computer Science,BG,2021,3
Computer Science,BG,2022,3
Computer Science,BG,2023,3
Computer Science,BG,2024,3
Computer Science,BI,2015,9
Computer Science,BI,2016,9
Computer Science,BI,2017,10
Computer Science,BI,2018,10
Computer Science,BI,2019,10
Computer Science,BI,2020,10
Computer Science,BI,2021,11
Computer Science,BI,2022,10
Computer Science,BI,2023,9
Computer Science,BI,2024,9
Computer Science,BM,2015,1
Computer Science,BM,2016,1
Computer Science,BM,2017,1
Computer Science,BM,2018,1
Computer Science,BM,2019,1
Computer Science,BM,2020,1
Computer Science,BM,2021,1
Computer Science,BM,2022,1
Computer Science,BM,2023,1
Computer Science,BM,2024,1
Computer Science,BO,2018,1
Computer Science,BO,2019,1
Computer Science,BO,2020,1
Computer Science,BO,2021,1
Computer Science,BO,2024,1
Computer Science,BR,2015,7
Computer Science,BR,2016,7
Computer Science,BR,2017,5
Computer Science,BR,2018,6
Computer Science,BR,2019,6
Computer Science,BR,2020,7
Computer Science,BR,2021,7
Computer Science,BR,2022,8
Computer Science,BR,2023,9
Computer Science,BR,2024,9
Computer Science,CA,2015,189
Computer Science,CA,2016,192
Computer Science,CA,2017,203
Computer Science,CA,2018,204
Computer Science,CA,2019,214
Computer Science,CA,2020,216
Computer Science,CA,2021,215
Computer Science,CA,2022,219
Computer Science,CA,2023,218
Computer Science,CA,2024,210
Computer Science,CH,2015,94
Computer Science,CH,2016,97
Computer Science,CH,2017,100
Computer Science,CH,2018,101
Computer Science,CH,2019,104
Computer Science,CH,2020,105
Computer Science,CH,2021,102
Computer Science,CH,2022,106
Computer Science,CH,2023,107
Computer Science,CH,2024,105
Computer Science,CL,2015,2
Computer Science,CL,2016,2
Computer Science,CL,2017,2
Computer Science,CL,2018,2
Computer Science,CL,2019,2
Computer Science,CL,2020,2
Computer Science,CL,2021,2
Computer Science,CL,2022,2
Computer Science,CL,2023,2
Computer Science,CL,2024,2
Computer Science,CM,2020,1
Computer Science,CM,2021,1
Computer Science,CM,2022,1
Computer Science,CM,2023,1
Computer Science,CM,2024,1
Computer Science,CN,2015,91
Computer Science,CN,2016,105
Computer Science,CN,2017,136
Computer Science,CN,2018,162
Computer Science,CN,2019,188
Computer Science,CN,2020,234
Computer Science,CN,2021,281
Computer Science,CN,2022,322
Computer Science,CN,2023,375
Computer Science,CN,2024,419
Computer Science,CNX,2015,136
Computer Science,CNX,2016,153
Computer Science,CNX,2017,183
Computer Science,CNX,2018,211
Computer Science,CNX,2019,241
Computer Science,CNX,2020,289
Computer Science,CNX,2021,338
Computer Science,CNX,2022,382
Computer Science,CNX,2023,449
Computer Science,CNX,2024,494
Computer Science,CO,2018,1
Computer Science,CO,2019,1
Computer Science,CO,2020,1
Computer Science,CO,2021,1
Computer Science,CO,2022,1
Computer Science,CO,2023,1
Computer Science,CO,2024,1
Computer Science,CY,2017,1
Computer Science,CY,2021,1
Computer Science,CY,2022,1
Computer Science,CY,2023,1
Computer Science,CY,2024,2
Computer Science,CZ,2015,10
Computer Science,CZ,2016,11
Computer Science,CZ,2017,13
Computer Science,CZ,2018,14
Computer Science,CZ,2019,14
Computer Science,CZ,2020,13
Computer Science,CZ,2021,14
Computer Science,CZ,2022,14
Computer Science,CZ,2023,13
Computer Science,CZ,2024,12
Computer Science,DE,2015,208
Computer Science,DE,2016,214
Computer Science,DE,2017,201
Computer Science,DE,2018,195
Computer Science,DE,2019,202
Computer Science,DE,2020,198
Computer Science,DE,2021,193
Computer Science,DE,2022,196
Computer Science,DE,2023,194
Computer Science,DE,2024,193
Computer Science,DK,2015,19
Computer Science,DK,2016,16
Computer Science,DK,2017,14
Computer Science,DK,2018,12
Computer Science,DK,2019,14
Computer Science,DK,2020,14
Computer Science,DK,2021,15
Computer Science,DK,2022,13
Computer Science,DK,2023,12
Computer Science,DK,2024,13
Computer Science,EE,2022,1
Computer Science,EE,2023,1
Computer Science,EE,2024,1
Computer Science,EG,2015,2
Computer Science,EG,2016,2
Computer Science,EG,2017,2
Computer Science,EG,2018,3
Computer Science,EG,2019,4
Computer Science,EG,2020,5
Computer Science,EG,2021,5
Computer Science,EG,2022,5
Computer Science,EG,2023,6
Computer Science,EG,2024,6
Computer Science,ES,2015,28
Computer Science,ES,2016,34
Computer Science,ES,2017,37
Computer Science,ES,2018,38
Computer Science,ES,2019,39
Computer Science,ES,2020,41
Computer Science,ES,2021,45
Computer Science,ES,2022,47
Computer Science,ES,2023,48
Computer Science,ES,2024,49
Computer Science,FI,2015,25
Computer Science,FI,2016,27
Computer Science,FI,2017,29
Computer Science,FI,2018,29
Computer Science,FI,2019,32
Computer Science,FI,2020,33
Computer Science,FI,2021,34
Computer Science,FI,2022,35
Computer Science,FI,2023,37
Computer Science,FI,2024,33
Computer Science,FR,2015,112
Computer Science,FR,2016,112
Computer Science,FR,2017,112
Computer Science,FR,2018,116
Computer Science,FR,2019,116
Computer Science,FR,2020,111
Computer Science,FR,2021,110
Computer Science,FR,2022,104
Computer Science,FR,2023,98
Computer Science,FR,2024,98
Computer Science,GB,2015,399
Computer Science,GB,2016,402
Computer Science,GB,2017,408
Computer Science,GB,2018,409
Computer Science,GB,2019,419
Computer Science,GB,2020,428
Computer Science,GB,2021,446
Computer Science,GB,2022,440
Computer Science,GB,2023,440
Computer Science,GB,2024,429
Computer Science,GR,2015,15
Computer Science,GR,2016,15
Computer Science,GR,2017,15
Computer Science,GR,2018,15
Computer Science,GR,2019,17
Computer Science,GR,2020,18
Computer Science,GR,2021,15
Computer Science,GR,2022,14
Computer Science,GR,2023,14
Computer Science,GR,2024,13
Computer Science,HK,2015,43
Computer Science,HK,2016,47
Computer Science,HK,2017,53
Computer Science,HK,2018,55
Computer Science,HK,2019,64
Computer Science,HK,2020,71
Computer Science,HK,2021,77
Computer Science,HK,2022,82
Computer Science,HK,2023,85
Computer Science,HK,2024,92
Computer Science,HU,2015,8
Computer Science,HU,2016,7
Computer Science,HU,2017,7
Computer Science,HU,2018,7
Computer Science,HU,2019,7
Computer Science,HU,2020,6
Computer Science,HU,2021,6
Computer Science,HU,2022,6
Computer Science,HU,2023,7
Computer Science,HU,2024,7
Computer Science,IE,2015,12
Computer Science,IE,2016,14
Computer Science,IE,2017,13
Computer Science,IE,2018,12
Computer Science,IE,2019,11
Computer Science,IE,2020,11
Computer Science,IE,2021,12
Computer Science,IE,2022,11
Computer Science,IE,2023,10
Computer Science,IE,2024,11
Computer Science,IL,2015,88
Computer Science,IL,2016,93
Computer Science,IL,2017,92
Computer Science,IL,2018,96
Computer Science,IL,2019,107
Computer Science,IL,2020,116
Computer Science,IL,2021,127
Computer Science,IL,2022,134
Computer Science,IL,2023,133
Computer Science,IL,2024,133
Computer Science,IN,2015,46
Computer Science,IN,2016,48
Computer Science,IN,2017,45
Computer Science,IN,2018,40
Computer Science,IN,2019,42
Computer Science,IN,2020,44
Computer Science,IN,2021,48
Computer Science,IN,2022,51
Computer Science,IN,2023,50
Computer Science,IN,2024,50
Computer Science,IR,2016,1
Computer Science,IR,2018,1
Computer Science,IR,2019,1
Computer Science,IR,2020,2
Computer Science,IR,2021,2
Computer Science,IR,2022,5
Computer Science,IR,2023,5
Computer Science,IR,2024,4
Computer Science,IT,2015,76
Computer Science,IT,2016,77
Computer Science,IT,2017,78
Computer Science,IT,2018,74
Computer Science,IT,2019,73
Computer Science,IT,2020,73
Computer Science,IT,2021,65
Computer Science,IT,2022,64
Computer Science,IT,2023,62
Computer Science,IT,2024,59
Computer Science,JO,2020,1
Computer Science,JO,2021,1
Computer Science,JO,2022,2
Computer Science,JO,2023,4
Computer Science,JO,2024,5
Computer Science,JP,2015,47
Computer Science,JP,2016,47
Computer Science,JP,2017,45
Computer Science,JP,2018,46
Computer Science,JP,2019,50
Computer Science,JP,2020,47
Computer Science,JP,2021,47
Computer Science,JP,2022,46
Computer Science,JP,2023,45
Computer Science,JP,2024,44
Computer Science,KR,2015,12
Computer Science,KR,2016,13
Computer Science,KR,2017,15
Computer Science,KR,2018,14
Computer Science,KR,2019,17
Computer Science,KR,2020,17
Computer Science,KR,2021,22
Computer Science,KR,2022,23
Computer Science,KR,2023,28
Computer Science,KR,2024,27
Computer Science,KW,2015,1
Computer Science,KW,2016,1
Computer Science,KW,2017,2
Computer Science,KW,2018,2
Computer Science,KW,2019,1
Computer Science,KW,2020,1
Computer Science,KW,2021,1
Computer Science,KW,2022,1
Computer Science,KW,2023,1
Computer Science,KW,2024,2
Computer Science,KY,2022,1
Computer Science,KY,2023,1
Computer Science,KZ,2020,1
Computer Science,KZ,2021,1
Computer Science,KZ,2022,1
Computer Science,KZ,2023,1
Computer Science,KZ,2024,1
Computer Science,LB,2023,5
Computer Science,LB,2024,8
Computer Science,LK,2015,2
Computer Science,LK,2016,2
Computer Science,LK,2017,1
Computer Science,LK,2018,1
Computer Science,LK,2019,1
Computer Science,LK,2020,1
Computer Science,LK,2021,1
Computer Science,LK,2022,1
Computer Science,LT,2015,2
Computer Science,LT,2016,2
Computer Science,LT,2017,2
Computer Science,LT,2018,1
Computer Science,LT,2019,1
Computer Science,LT,2020,1
Computer Science,LT,2021,1
Computer Science,LT,2022,1
Computer Science,LT,2023,2
Computer Science,LT,2024,2
Computer Science,LU,2015,2
Computer Science,LU,2016,2
Computer Science,LU,2017,2
Computer Science,LU,2018,2
Computer Science,LU,2019,3
Computer Science,LU,2020,3
Computer Science,LU,2021,3
Computer Science,LU,2022,3
Computer Science,LU,2023,3
Computer Science,LU,2024,3
Computer Science,LV,2024,1
Computer Science,MA,2016,1
Computer Science,MA,2017,1
Computer Science,MA,2018,1
Computer Science,MO,2015,1
Computer Science,MO,2016,1
Computer Science,MO,2017,3
Computer Science,MO,2018,4
Computer Science,MO,2019,5
Computer Science,MO,2020,5
Computer Science,MO,2021,6
Computer Science,MO,2022,7
Computer Science,MO,2023,10
Computer Science,MO,2024,11
Computer Science,MX,2015,7
Computer Science,MX,2016,9
Computer Science,MX,2017,9
Computer Science,MX,2018,9
Computer Science,MX,2019,8
Computer Science,MX,2020,8
Computer Science,MX,2021,8
Computer Science,MX,2022,8
Computer Science,MX,2023,7
Computer Science,MX,2024,8
Computer Science,MY,2015,2
Computer Science,MY,2016,2
Computer Science,MY,2017,2
Computer Science,MY,2018,2
Computer Science,MY,2019,3
Computer Science,MY,2020,4
Computer Science,MY,2021,4
Computer Science,MY,2022,3
Computer Science,MY,2023,7
Computer Science,MY,2024,10
Computer Science,NG,2022,1
Computer Science,NG,2023,2
Computer Science,NG,2024,2
Computer Science,NL,2015,70
Computer Science,NL,2016,67
Computer Science,NL,2017,67
Computer Science,NL,2018,68
Computer Science,NL,2019,67
Computer Science,NL,2020,63
Computer Science,NL,2021,62
Computer Science,NL,2022,61
Computer Science,NL,2023,63
Computer Science,NL,2024,59
Computer Science,NO,2015,8
Computer Science,NO,2016,8
Computer Science,NO,2017,9
Computer Science,NO,2018,9
Computer Science,NO,2019,9
Computer Science,NO,2020,9
Computer Science,NO,2021,9
Computer Science,NO,2022,9
Computer Science,NO,2023,12
Computer Science,NO,2024,13
Computer Science,NZ,2015,12
Computer Science,NZ,2016,12
Computer Science,NZ,2017,11
Computer Science,NZ,2018,10
Computer Science,NZ,2019,10
Computer Science,NZ,2020,11
Computer Science,NZ,2021,12
Computer Science,NZ,2022,13
Computer Science,NZ,2023,13
Computer Science,NZ,2024,14
Computer Science,PE,2017,1
Computer Science,PE,2018,1
Computer Science,PE,2019,1
Computer Science,PE,2020,1
Computer Science,PE,2021,1
Computer Science,PE,2022,1
Computer Science,PE,2023,1
Computer Science,PE,2024,2
Computer Science,PK,2015,1
Computer Science,PK,2016,1
Computer Science,PK,2017,1
Computer Science,PK,2018,1
Computer Science,PK,2019,2
Computer Science,PK,2020,3
Computer Science,PK,2021,3
Computer Science,PK,2022,3
Computer Science,PK,2023,3
Computer Science,PK,2024,4
Computer Science,PL,2015,21
Computer Science,PL,2016,21
Computer Science,PL,2017,21
Computer Science,PL,2018,21
Computer Science,PL,2019,22
Computer Science,PL,2020,20
Computer Science,PL,2021,21
Computer Science,PL,2022,21
Computer Science,PL,2023,20
Computer Science,PL,2024,22
Computer Science,PS,2024,1
Computer Science,PT,2015,4
Computer Science,PT,2016,4
Computer Science,PT,2017,4
Computer Science,PT,2018,6
Computer Science,PT,2019,6
Computer Science,PT,2020,6
Computer Science,PT,2021,7
Computer Science,PT,2022,8
Computer Science,PT,2023,8
Computer Science,PT,2024,7
Computer Science,QA,2015,2
Computer Science,QA,2016,2
Computer Science,QA,2017,4
Computer Science,QA,2018,5
Computer Science,QA,2019,5
Computer Science,QA,2020,5
Computer Science,QA,2021,5
Computer Science,QA,2022,8
Computer Science,QA,2023,10
Computer Science,QA,2024,9
Computer Science,RE,2024,1
Computer Science,RO,2015,3
Computer Science,RO,2016,2
Computer Science,RO,2017,1
Computer Science,RO,2018,1
Computer Science,RO,2019,1
Computer Science,RO,2020,1
Computer Science,RO,2021,2
Computer Science,RO,2022,3
Computer Science,RO,2023,3
Computer Science,RO,2024,3
Computer Science,RS,2015,2
Computer Science,RS,2016,2
Computer Science,RS,2017,2
Computer Science,RS,2018,2
Computer Science,RS,2019,2
Computer Science,RS,2020,2
Computer Science,RS,2021,2
Computer Science,RS,2022,2
Computer Science,RS,2023,2
Computer Science,RS,2024,2
Computer Science,RU,2015,10
Computer Science,RU,2016,12
Computer Science,RU,2017,13
Computer Science,RU,2018,14
Computer Science,RU,2019,21
Computer Science,RU,2020,25
Computer Science,RU,2021,23
Computer Science,RU,2022,22
Computer Science,RU,2023,24
Computer Science,RU,2024,23
Computer Science,SA,2015,4
Computer Science,SA,2016,10
Computer Science,SA,2017,12
Computer Science,SA,2018,13
Computer Science,SA,2019,14
Computer Science,SA,2020,16
Computer Science,SA,2021,17
Computer Science,SA,2022,19
Computer Science,SA,2023,23
Computer Science,SA,2024,26
Computer Science,SE,2015,25
Computer Science,SE,2016,26
Computer Science,SE,2017,26
Computer Science,SE,2018,25
Computer Science,SE,2019,27
Computer Science,SE,2020,31
Computer Science,SE,2021,32
Computer Science,SE,2022,31
Computer Science,SE,2023,30
Computer Science,SE,2024,29
Computer Science,SG,2015,32
Computer Science,SG,2016,34
Computer Science,SG,2017,44
Computer Science,SG,2018,48
Computer Science,SG,2019,50
Computer Science,SG,2020,57
Computer Science,SG,2021,63
Computer Science,SG,2022,66
Computer Science,SG,2023,69
Computer Science,SG,2024,73
Computer Science,SI,2015,4
Computer Science,SI,2016,4
Computer Science,SI,2017,2
Computer Science,SI,2018,1
Computer Science,SI,2019,2
Computer Science,SI,2020,4
Computer Science,SI,2021,4
Computer Science,SI,2022,4
Computer Science,SI,2023,3
Computer Science,SI,2024,3
Computer Science,SK,2015,4
Computer Science,SK,2016,4
Computer Science,SK,2017,4
Computer Science,SK,2018,5
Computer Science,SK,2019,5
Computer Science,SK,2020,4
Computer Science,SK,2021,5
Computer Science,SK,2022,5
Computer Science,SK,2023,7
Computer Science,SK,2024,6
Computer Science,SS,2015,3
Computer Science,SS,2016,2
Computer Science,SS,2017,2
Computer Science,SS,2018,2
Computer Science,SS,2019,2
Computer Science,SS,2020,1
Computer Science,SS,2021,1
Computer Science,SS,2022,1
Computer Science,SS,2023,1
Computer Science,SS,2024,1
Computer Science,TH,2015,2
Computer Science,TH,2016,2
Computer Science,TH,2017,2
Computer Science,TH,2018,2
Computer Science,TH,2019,2
Computer Science,TH,2020,1
Computer Science,TH,2021,1
Computer Science,TH,2022,1
Computer Science,TH,2023,1
Computer Science,TH,2024,1
Computer Science,TR,2015,4
Computer Science,TR,2016,5
Computer Science,TR,2017,5
Computer Science,TR,2018,5
Computer Science,TR,2019,5
Computer Science,TR,2020,4
Computer Science,TR,2021,4
Computer Science,TR,2022,4
Computer Science,TR,2023,6
Computer Science,TR,2024,7
Computer Science,TT,2023,1
Computer Science,TT,2024,1
Computer Science,TW,2015,14
Computer Science,TW,2016,15
Computer Science,TW,2017,13
Computer Science,TW,2018,14
Computer Science,TW,2019,14
Computer Science,TW,2020,13
Computer Science,TW,2021,13
Computer Science,TW,2022,14
Computer Science,TW,2023,20
Computer Science,TW,2024,20
Computer Science,UA,2019,1
Computer Science,UA,2020,2
Computer Science,UA,2021,2
Computer Science,UA,2022,2
Computer Science,UA,2023,2
Computer Science,UA,2024,2
Computer Science,US,2015,2156
Computer Science,US,2016,2131
Computer Science,US,2017,2105
Computer Science,US,2018,2092
Computer Science,US,2019,2047
Computer Science,US,2020,2008
Computer Science,US,2021,1988
Computer Science,US,2022,1943
Computer Science,US,2023,1886
Computer Science,US,2024,1836
Computer Science,VN,2021,1
Computer Science,VN,2022,1
Computer Science,VN,2023,1
Computer Science,VN,2024,1
Computer Science,ZA,2015,1
Computer Science,ZA,2016,1
Computer Science,ZA,2017,2
Computer Science,ZA,2018,2
Computer Science,ZA,2019,2
Computer Science,ZA,2020,4
Computer Science,ZA,2021,6
Computer Science,ZA,2022,6
Computer Science,ZA,2023,7
Computer Science,ZA,2024,7
Decision Sciences,AT,2015,4
Decision Sciences,AT,2016,4
Decision Sciences,AT,2017,4
Decision Sciences,AT,2018,4
Decision Sciences,AT,2019,2
Decision Sciences,AT,2020,1
Decision Sciences,AT,2021,1
Decision Sciences,AT,2022,1
Decision Sciences,AT,2023,1
Decision Sciences,AU,2015,7
Decision Sciences,AU,2016,7
Decision Sciences,AU,2017,7
Decision Sciences,AU,2018,8
Decision Sciences,AU,2019,8
Decision Sciences,AU,2020,8
Decision Sciences,AU,2021,9
Decision Sciences,AU,2022,9
Decision Sciences,AU,2023,10
Decision Sciences,AU,2024,12
Decision Sciences,BD,2024,1
Decision Sciences,BE,2015,3
Decision Sciences,BE,2016,3
Decision Sciences,BE,2017,3
Decision Sciences,BE,2018,3
Decision Sciences,BE,2019,3
Decision Sciences,BE,2020,4
Decision Sciences,BE,2021,4
Decision Sciences,BE,2022,4
Decision Sciences,BE,2023,4
Decision Sciences,BE,2024,4
Decision Sciences,BR,2018,1
Decision Sciences,BR,2019,1
Decision Sciences,BR,2020,1
Decision Sciences,BR,2021,1
Decision Sciences,BR,2022,1
Decision Sciences,BR,2023,1
Decision Sciences,BR,2024,1
Decision Sciences,CA,2015,14
Decision Sciences,CA,2016,15
Decision Sciences,CA,2017,15
Decision Sciences,CA,2018,16
Decision Sciences,CA,2019,18
Decision Sciences,CA,2020,21
Decision Sciences,CA,2021,22
Decision Sciences,CA,2022,22
Decision Sciences,CA,2023,23
Decision Sciences,CA,2024,25
Decision Sciences,CH,2015,4
Decision Sciences,CH,2016,5
Decision Sciences,CH,2017,4
Decision Sciences,CH,2018,4
Decision Sciences,CH,2019,6
Decision Sciences,CH,2020,6
Decision Sciences,CH,2021,6
Decision Sciences,CH,2022,7
Decision Sciences,CH,2023,7
Decision Sciences,CH,2024,7
Decision Sciences,CL,2023,1
Decision Sciences,CL,2024,1
Decision Sciences,CN,2015,5
Decision Sciences,CN,2016,5
Decision Sciences,CN,2017,7
Decision Sciences,CN,2018,7
Decision Sciences,CN,2019,7
Decision Sciences,CN,2020,7
Decision Sciences,CN,2021,7
Decision Sciences,CN,2022,7
Decision Sciences,CN,2023,10
Decision Sciences,CN,2024,10
Decision Sciences,CNX,2015,9
Decision Sciences,CNX,2016,9
Decision Sciences,CNX,2017,10
Decision Sciences,CNX,2018,9
Decision Sciences,CNX,2019,9
Decision Sciences,CNX,2020,9
Decision Sciences,CNX,2021,9
Decision Sciences,CNX,2022,9
Decision Sciences,CNX,2023,12
Decision Sciences,CNX,2024,13
Decision Sciences,CY,2019,1
Decision Sciences,CY,2020,1
Decision Sciences,CY,2021,1
Decision Sciences,CY,2022,1
Decision Sciences,CY,2023,1
Decision Sciences,CY,2024,1
Decision Sciences,CZ,2015,1
Decision Sciences,CZ,2016,1
Decision Sciences,CZ,2017,1
Decision Sciences,CZ,2018,1
Decision Sciences,CZ,2019,1
Decision Sciences,CZ,2020,1
Decision Sciences,CZ,2021,1
Decision Sciences,CZ,2022,1
Decision Sciences,CZ,2023,1
Decision Sciences,CZ,2024,1
Decision Sciences,DE,2015,6
Decision Sciences,DE,2016,6
Decision Sciences,DE,2017,6
Decision Sciences,DE,2018,5
Decision Sciences,DE,2019,6
Decision Sciences,DE,2020,7
Decision Sciences,DE,2021,7
Decision Sciences,DE,2022,7
Decision Sciences,DE,2023,7
Decision Sciences,DE,2024,7
Decision Sciences,DK,2015,1
Decision Sciences,DK,2016,2
Decision Sciences,DK,2017,2
Decision Sciences,DK,2018,4
Decision Sciences,DK,2019,4
Decision Sciences,DK,2020,4
Decision Sciences,DK,2021,4
Decision Sciences,DK,2022,4
Decision Sciences,DK,2023,3
Decision Sciences,DK,2024,3
Decision Sciences,ES,2015,1
Decision Sciences,ES,2016,1
Decision Sciences,ES,2017,3
Decision Sciences,ES,2018,4
Decision Sciences,ES,2019,4
Decision Sciences,ES,2020,4
Decision Sciences,ES,2021,5
Decision Sciences,ES,2022,5
Decision Sciences,ES,2023,7
Decision Sciences,ES,2024,7
Decision Sciences,FI,2015,1
Decision Sciences,FI,2016,1
Decision Sciences,FI,2017,1
Decision Sciences,FI,2018,1
Decision Sciences,FI,2019,1
Decision Sciences,FI,2020,1
Decision Sciences,FI,2021,1
Decision Sciences,FR,2015,3
Decision Sciences,FR,2016,4
Decision Sciences,FR,2017,5
Decision Sciences,FR,2018,5
Decision Sciences,FR,2019,6
Decision Sciences,FR,2020,5
Decision Sciences,FR,2021,3
Decision Sciences,FR,2022,4
Decision Sciences,FR,2023,4
Decision Sciences,FR,2024,4
Decision Sciences,GB,2015,40
Decision Sciences,GB,2016,43
Decision Sciences,GB,2017,45
Decision Sciences,GB,2018,45
Decision Sciences,GB,2019,45
Decision Sciences,GB,2020,45
Decision Sciences,GB,2021,45
Decision Sciences,GB,2022,43
Decision Sciences,GB,2023,42
Decision Sciences,GB,2024,41
Decision Sciences,GH,2015,1
Decision Sciences,GH,2016,1
Decision Sciences,GH,2017,1
Decision Sciences,GH,2018,1
Decision Sciences,GH,2019,1
Decision Sciences,GH,2020,1
Decision Sciences,GH,2021,1
Decision Sciences,GH,2022,1
Decision Sciences,GH,2023,1
Decision Sciences,GH,2024,1
Decision Sciences,GR,2015,2
Decision Sciences,GR,2016,3
Decision Sciences,GR,2017,3
Decision Sciences,GR,2018,3
Decision Sciences,GR,2019,3
Decision Sciences,GR,2020,3
Decision Sciences,GR,2021,3
Decision Sciences,GR,2022,4
Decision Sciences,GR,2023,4
Decision Sciences,GR,2024,4
Decision Sciences,HK,2015,2
Decision Sciences,HK,2016,2
Decision Sciences,HK,2017,1
Decision Sciences,HU,2015,1
Decision Sciences,HU,2016,1
Decision Sciences,HU,2017,1
Decision Sciences,HU,2018,1
Decision Sciences,HU,2019,1
Decision Sciences,HU,2020,1
Decision Sciences,HU,2021,1
Decision Sciences,HU,2022,1
Decision Sciences,HU,2023,1
Decision Sciences,HU,2024,1
Decision Sciences,IL,2015,11
Decision Sciences,IL,2016,11
Decision Sciences,IL,2017,11
Decision Sciences,IL,2018,11
Decision Sciences,IL,2019,11
Decision Sciences,IL,2020,10
Decision Sciences,IL,2021,9
Decision Sciences,IL,2022,9
Decision Sciences,IL,2023,9
Decision Sciences,IL,2024,8
Decision Sciences,IN,2018,1
Decision Sciences,IN,2022,1
Decision Sciences,IN,2023,1
Decision Sciences,IN,2024,1
Decision Sciences,IT,2015,3
Decision Sciences,IT,2016,3
Decision Sciences,IT,2017,3
Decision Sciences,IT,2018,3
Decision Sciences,IT,2019,3
Decision Sciences,IT,2020,3
Decision Sciences,IT,2021,3
Decision Sciences,IT,2022,3
Decision Sciences,IT,2023,3
Decision Sciences,IT,2024,3
Decision Sciences,JO,2023,1
Decision Sciences,JO,2024,1
Decision Sciences,JP,2015,1
Decision Sciences,JP,2016,1
Decision Sciences,JP,2017,1
Decision Sciences,JP,2018,1
Decision Sciences,JP,2019,1
Decision Sciences,JP,2020,1
Decision Sciences,JP,2021,2
Decision Sciences,JP,2022,2
Decision Sciences,JP,2023,2
Decision Sciences,JP,2024,2
Decision Sciences,LB,2024,1
Decision Sciences,LT,2015,1
Decision Sciences,LT,2016,1
Decision Sciences,LT,2017,1
Decision Sciences,LT,2018,1
Decision Sciences,LT,2019,1
Decision Sciences,LT,2020,1
Decision Sciences,LT,2021,1
Decision Sciences,LT,2022,2
Decision Sciences,LT,2023,2
Decision Sciences,LT,2024,2
Decision Sciences,MO,2015,1
Decision Sciences,MO,2016,1
Decision Sciences,MO,2017,1
Decision Sciences,MO,2018,1
Decision Sciences,MO,2019,1
Decision Sciences,MO,2020,1
Decision Sciences,MO,2021,1
Decision Sciences,MO,2022,1
Decision Sciences,MO,2023,1
Decision Sciences,MO,2024,1
Decision Sciences,MY,2021,1
Decision Sciences,MY,2022,1
Decision Sciences,MY,2023,1
Decision Sciences,MY,2024,1
Decision Sciences,NL,2015,7
Decision Sciences,NL,2016,8
Decision Sciences,NL,2017,8
Decision Sciences,NL,2018,8
Decision Sciences,NL,2019,7
Decision Sciences,NL,2020,8
Decision Sciences,NL,2021,10
Decision Sciences,NL,2022,13
Decision Sciences,NL,2023,13
Decision Sciences,NL,2024,12
Decision Sciences,NO,2015,1
Decision Sciences,NO,2016,1
Decision Sciences,NO,2017,2
Decision Sciences,NO,2018,2
Decision Sciences,NO,2019,2
Decision Sciences,NO,2020,3
Decision Sciences,NO,2021,3
Decision Sciences,NO,2022,3
Decision Sciences,NO,2023,3
Decision Sciences,NO,2024,3
Decision Sciences,PK,2015,1
Decision Sciences,PT,2023,1
Decision Sciences,PT,2024,1
Decision Sciences,QA,2024,1
Decision Sciences,RS,2023,1
Decision Sciences,RS,2024,1
Decision Sciences,RU,2015,3
Decision Sciences,RU,2016,3
Decision Sciences,RU,2017,3
Decision Sciences,RU,2018,3
Decision Sciences,RU,2019,3
Decision Sciences,RU,2020,3
Decision Sciences,RU,2021,3
Decision Sciences,RU,2022,3
Decision Sciences,RU,2023,3
Decision Sciences,RU,2024,3
Decision Sciences,SA,2019,1
Decision Sciences,SA,2020,1
Decision Sciences,SA,2023,1
Decision Sciences,SA,2024,1
Decision Sciences,SE,2015,3
Decision Sciences,SE,2016,3
Decision Sciences,SE,2017,3
Decision Sciences,SE,2018,3
Decision Sciences,SE,2019,3
Decision Sciences,SE,2020,3
Decision Sciences,SE,2021,3
Decision Sciences,SE,2022,2
Decision Sciences,SE,2023,1
Decision Sciences,SE,2024,1
Decision Sciences,SG,2015,1
Decision Sciences,SG,2016,1
Decision Sciences,SG,2017,1
Decision Sciences,SG,2018,1
Decision Sciences,SG,2019,1
Decision Sciences,SG,2020,1
Decision Sciences,SG,2021,1
Decision Sciences,SG,2022,1
Decision Sciences,SG,2023,1
Decision Sciences,SG,2024,1
Decision Sciences,SK,2015,1
Decision Sciences,SK,2016,1
Decision Sciences,SK,2017,1
Decision Sciences,SK,2018,1
Decision Sciences,SK,2019,1
Decision Sciences,SK,2020,1
Decision Sciences,SK,2021,1
Decision Sciences,SK,2022,1
Decision Sciences,SK,2023,1
Decision Sciences,SK,2024,1
Decision Sciences,TR,2015,1
Decision Sciences,TR,2016,1
Decision Sciences,TR,2017,1
Decision Sciences,TR,2018,1
Decision Sciences,TR,2019,1
Decision Sciences,TR,2020,1
Decision Sciences,TR,2021,1
Decision Sciences,TR,2022,1
Decision Sciences,TR,2023,1
Decision Sciences,TR,2024,1
Decision Sciences,TW,2015,2
Decision Sciences,TW,2016,2
Decision Sciences,TW,2017,2
Decision Sciences,TW,2018,2
Decision Sciences,TW,2019,2
Decision Sciences,TW,2020,2
Decision Sciences,TW,2021,2
Decision Sciences,TW,2022,2
Decision Sciences,TW,2023,2
Decision Sciences,TW,2024,3
Decision Sciences,US,2015,190
Decision Sciences,US,2016,186
Decision Sciences,US,2017,184
Decision Sciences,US,2018,182
Decision Sciences,US,2019,179
Decision Sciences,US,2020,170
Decision Sciences,US,2021,165
Decision Sciences,US,2022,163
Decision Sciences,US,2023,157
Decision Sciences,US,2024,153
Decision Sciences,ZA,2015,2
Decision Sciences,ZA,2016,2
Decision Sciences,ZA,2017,2
Decision Sciences,ZA,2018,2
Decision Sciences,ZA,2019,2
Decision Sciences,ZA,2020,2
Decision Sciences,ZA,2021,3
Decision Sciences,ZA,2022,4
Decision Sciences,ZA,2023,4
Decision Sciences,ZA,2024,5
Dentistry,AE,2023,1
Dentistry,AE,2024,1
Dentistry,AG,2020,1
Dentistry,AT,2015,1
Dentistry,AT,2016,1
Dentistry,AT,2017,1
Dentistry,AT,2018,2
Dentistry,AT,2019,2
Dentistry,AT,2020,2
Dentistry,AT,2021,2
Dentistry,AT,2022,2
Dentistry,AT,2023,2
Dentistry,AT,2024,2
Dentistry,AU,2015,9
Dentistry,AU,2016,9
Dentistry,AU,2017,9
Dentistry,AU,2018,9
Dentistry,AU,2019,11
Dentistry,AU,2020,11
Dentistry,AU,2021,11
Dentistry,AU,2022,12
Dentistry,AU,2023,13
Dentistry,AU,2024,12
Dentistry,BE,2015,11
Dentistry,BE,2016,11
Dentistry,BE,2017,11
Dentistry,BE,2018,12
Dentistry,BE,2019,12
Dentistry,BE,2020,13
Dentistry,BE,2021,13
Dentistry,BE,2022,14
Dentistry,BE,2023,15
Dentistry,BE,2024,15
Dentistry,BR,2015,7
Dentistry,BR,2016,12
Dentistry,BR,2017,15
Dentistry,BR,2018,16
Dentistry,BR,2019,17
Dentistry,BR,2020,20
Dentistry,BR,2021,27
Dentistry,BR,2022,28
Dentistry,BR,2023,31
Dentistry,BR,2024,33
Dentistry,CA,2015,12
Dentistry,CA,2016,12
Dentistry,CA,2017,11
Dentistry,CA,2018,11
Dentistry,CA,2019,11
Dentistry,CA,2020,11
Dentistry,CA,2021,11
Dentistry,CA,2022,10
Dentistry,CA,2023,10
Dentistry,CA,2024,12
Dentistry,CH,2015,24
Dentistry,CH,2016,23
Dentistry,CH,2017,25
Dentistry,CH,2018,26
Dentistry,CH,2019,29
Dentistry,CH,2020,29
Dentistry,CH,2021,28
Dentistry,CH,2022,28
Dentistry,CH,2023,28
Dentistry,CH,2024,30
Dentistry,CL,2024,1
Dentistry,CN,2015,4
Dentistry,CN,2016,3
Dentistry,CN,2017,6
Dentistry,CN,2018,6
Dentistry,CN,2019,7
Dentistry,CN,2020,7
Dentistry,CN,2021,10
Dentistry,CN,2022,13
Dentistry,CN,2023,14
Dentistry,CN,2024,18
Dentistry,CNX,2015,5
Dentistry,CNX,2016,5
Dentistry,CNX,2017,8
Dentistry,CNX,2018,10
Dentistry,CNX,2019,11
Dentistry,CNX,2020,11
Dentistry,CNX,2021,15
Dentistry,CNX,2022,20
Dentistry,CNX,2023,21
Dentistry,CNX,2024,25
Dentistry,DE,2015,18
Dentistry,DE,2016,19
Dentistry,DE,2017,18
Dentistry,DE,2018,20
Dentistry,DE,2019,20
Dentistry,DE,2020,20
Dentistry,DE,2021,20
Dentistry,DE,2022,22
Dentistry,DE,2023,20
Dentistry,DE,2024,19
Dentistry,DK,2015,15
Dentistry,DK,2016,15
Dentistry,DK,2017,16
Dentistry,DK,2018,15
Dentistry,DK,2019,15
Dentistry,DK,2020,14
Dentistry,DK,2021,14
Dentistry,DK,2022,13
Dentistry,DK,2023,12
Dentistry,DK,2024,12
Dentistry,ES,2015,5
Dentistry,ES,2016,5
Dentistry,ES,2017,5
Dentistry,ES,2018,5
Dentistry,ES,2019,6
Dentistry,ES,2020,7
Dentistry,ES,2021,7
Dentistry,ES,2022,7
Dentistry,ES,2023,9
Dentistry,ES,2024,9
Dentistry,FI,2015,9
Dentistry,FI,2016,9
Dentistry,FI,2017,9
Dentistry,FI,2018,9
Dentistry,FI,2019,8
Dentistry,FI,2020,7
Dentistry,FI,2021,6
Dentistry,FI,2022,6
Dentistry,FI,2023,6
Dentistry,FI,2024,5
Dentistry,FR,2015,2
Dentistry,FR,2016,1
Dentistry,FR,2017,1
Dentistry,FR,2018,1
Dentistry,FR,2019,1
Dentistry,FR,2020,1
Dentistry,FR,2021,1
Dentistry,FR,2022,1
Dentistry,FR,2023,1
Dentistry,FR,2024,1
Dentistry,GB,2015,50
Dentistry,GB,2016,51
Dentistry,GB,2017,53
Dentistry,GB,2018,52
Dentistry,GB,2019,51
Dentistry,GB,2020,52
Dentistry,GB,2021,53
Dentistry,GB,2022,56
Dentistry,GB,2023,54
Dentistry,GB,2024,54
Dentistry,GR,2019,1
Dentistry,GR,2020,1
Dentistry,GR,2021,1
Dentistry,GR,2022,1
Dentistry,GR,2023,2
Dentistry,GR,2024,2
Dentistry,HK,2015,4
Dentistry,HK,2016,4
Dentistry,HK,2017,5
Dentistry,HK,2018,7
Dentistry,HK,2019,9
Dentistry,HK,2020,8
Dentistry,HK,2021,9
Dentistry,HK,2022,13
Dentistry,HK,2023,14
Dentistry,HK,2024,15
Dentistry,IE,2015,2
Dentistry,IE,2016,2
Dentistry,IE,2017,2
Dentistry,IE,2018,2
Dentistry,IE,2019,2
Dentistry,IE,2020,2
Dentistry,IE,2021,3
Dentistry,IE,2022,3
Dentistry,IE,2023,3
Dentistry,IE,2024,3
Dentistry,IL,2015,1
Dentistry,IL,2016,1
Dentistry,IL,2017,1
Dentistry,IL,2018,1
Dentistry,IL,2019,1
Dentistry,IL,2020,1
Dentistry,IL,2021,1
Dentistry,IL,2024,1
Dentistry,IN,2016,1
Dentistry,IN,2017,1
Dentistry,IS,2015,2
Dentistry,IS,2016,2
Dentistry,IS,2017,2
Dentistry,IS,2018,2
Dentistry,IS,2019,2
Dentistry,IS,2020,2
Dentistry,IS,2021,2
Dentistry,IS,2022,2
Dentistry,IS,2023,2
Dentistry,IS,2024,2
Dentistry,IT,2015,13
Dentistry,IT,2016,13
Dentistry,IT,2017,13
Dentistry,IT,2018,15
Dentistry,IT,2019,16
Dentistry,IT,2020,15
Dentistry,IT,2021,15
Dentistry,IT,2022,15
Dentistry,IT,2023,15
Dentistry,IT,2024,14
Dentistry,JO,2024,1
Dentistry,JP,2015,27
Dentistry,JP,2016,26
Dentistry,JP,2017,23
Dentistry,JP,2018,23
Dentistry,JP,2019,21
Dentistry,JP,2020,21
Dentistry,JP,2021,20
Dentistry,JP,2022,19
Dentistry,JP,2023,18
Dentistry,JP,2024,17
Dentistry,KR,2015,1
Dentistry,KR,2016,1
Dentistry,KR,2017,1
Dentistry,KR,2018,1
Dentistry,KR,2019,2
Dentistry,KR,2020,1
Dentistry,KR,2021,1
Dentistry,KR,2022,1
Dentistry,KR,2023,1
Dentistry,KR,2024,2
Dentistry,MM,2015,4
Dentistry,MM,2016,4
Dentistry,MM,2017,4
Dentistry,MM,2018,4
Dentistry,MM,2019,3
Dentistry,MM,2020,3
Dentistry,MM,2021,3
Dentistry,MM,2022,3
Dentistry,MM,2023,3
Dentistry,MM,2024,2
Dentistry,MT,2022,1
Dentistry,MT,2023,1
Dentistry,MT,2024,1
Dentistry,MX,2015,1
Dentistry,MX,2016,1
Dentistry,MX,2017,1
Dentistry,MX,2018,1
Dentistry,MX,2019,1
Dentistry,MX,2020,1
Dentistry,MX,2021,1
Dentistry,MX,2022,1
Dentistry,MX,2023,1
Dentistry,MX,2024,1
Dentistry,NL,2015,20
Dentistry,NL,2016,19
Dentistry,NL,2017,21
Dentistry,NL,2018,20
Dentistry,NL,2019,19
Dentistry,NL,2020,18
Dentistry,NL,2021,17
Dentistry,NL,2022,17
Dentistry,NL,2023,17
Dentistry,NL,2024,17
Dentistry,NO,2015,8
Dentistry,NO,2016,8
Dentistry,NO,2017,7
Dentistry,NO,2018,7
Dentistry,NO,2019,7
Dentistry,NO,2020,7
Dentistry,NO,2021,7
Dentistry,NO,2022,7
Dentistry,NO,2023,7
Dentistry,NO,2024,7
Dentistry,NZ,2015,4
Dentistry,NZ,2016,4
Dentistry,NZ,2017,4
Dentistry,NZ,2018,3
Dentistry,NZ,2019,3
Dentistry,NZ,2020,3
Dentistry,NZ,2021,4
Dentistry,NZ,2022,4
Dentistry,NZ,2023,4
Dentistry,NZ,2024,4
Dentistry,PE,2022,1
Dentistry,PE,2023,1
Dentistry,PE,2024,1
Dentistry,PK,2020,1
Dentistry,PK,2021,1
Dentistry,PK,2022,1
Dentistry,PK,2023,1
Dentistry,PK,2024,2
Dentistry,PL,2015,1
Dentistry,PL,2016,1
Dentistry,PL,2017,1
Dentistry,PL,2018,1
Dentistry,PL,2019,1
Dentistry,PL,2020,1
Dentistry,PL,2021,1
Dentistry,PL,2022,1
Dentistry,PL,2023,1
Dentistry,PL,2024,1
Dentistry,PR,2015,1
Dentistry,PR,2016,1
Dentistry,PR,2017,1
Dentistry,PR,2018,1
Dentistry,PR,2019,1
Dentistry,PR,2020,1
Dentistry,PR,2021,1
Dentistry,PR,2022,1
Dentistry,PR,2023,1
Dentistry,PR,2024,1
Dentistry,RU,2015,2
Dentistry,RU,2016,2
Dentistry,RU,2017,2
Dentistry,RU,2018,1
Dentistry,RU,2019,1
Dentistry,RU,2020,1
Dentistry,RU,2021,1
Dentistry,RU,2022,1
Dentistry,RU,2023,1
Dentistry,RU,2024,1
Dentistry,SA,2024,3
Dentistry,SE,2015,35
Dentistry,SE,2016,35
Dentistry,SE,2017,30
Dentistry,SE,2018,31
Dentistry,SE,2019,31
Dentistry,SE,2020,30
Dentistry,SE,2021,30
Dentistry,SE,2022,29
Dentistry,SE,2023,28
Dentistry,SE,2024,28
Dentistry,SG,2018,1
Dentistry,SG,2019,1
Dentistry,SG,2020,1
Dentistry,SG,2021,2
Dentistry,SG,2022,2
Dentistry,SG,2023,2
Dentistry,SG,2024,2
Dentistry,TH,2024,1
Dentistry,TW,2016,1
Dentistry,TW,2017,1
Dentistry,TW,2018,1
Dentistry,TW,2019,1
Dentistry,TW,2020,1
Dentistry,TW,2021,2
Dentistry,TW,2022,2
Dentistry,TW,2023,2
Dentistry,TW,2024,2
Dentistry,US,2015,180
Dentistry,US,2016,178
Dentistry,US,2017,173
Dentistry,US,2018,167
Dentistry,US,2019,161
Dentistry,US,2020,157
Dentistry,US,2021,150
Dentistry,US,2022,146
Dentistry,US,2023,141
Dentistry,US,2024,136
Dentistry,ZA,2018,1
Dentistry,ZA,2019,1
Earth and Planetary Sciences,AE,2019,1
Earth and Planetary Sciences,AE,2020,1
Earth and Planetary Sciences,AE,2021,1
Earth and Planetary Sciences,AE,2022,1
Earth and Planetary Sciences,AE,2023,1
Earth and Planetary Sciences,AE,2024,1
Earth and Planetary Sciences,AR,2018,1
Earth and Planetary Sciences,AR,2019,1
Earth and Planetary Sciences,AR,2020,1
Earth and Planetary Sciences,AR,2021,1
Earth and Planetary Sciences,AR,2022,1
Earth and Planetary Sciences,AR,2023,1
Earth and Planetary Sciences,AR,2024,1
Earth and Planetary Sciences,AT,2015,4
Earth and Planetary Sciences,AT,2016,4
Earth and Planetary Sciences,AT,2017,4
Earth and Planetary Sciences,AT,2018,4
Earth and Planetary Sciences,AT,2019,5
Earth and Planetary Sciences,AT,2020,5
Earth and Planetary Sciences,AT,2021,6
Earth and Planetary Sciences,AT,2022,5
Earth and Planetary Sciences,AT,2023,4
Earth and Planetary Sciences,AT,2024,6
Earth and Planetary Sciences,AU,2015,53
Earth and Planetary Sciences,AU,2016,57
Earth and Planetary Sciences,AU,2017,60
Earth and Planetary Sciences,AU,2018,60
Earth and Planetary Sciences,AU,2019,62
Earth and Planetary Sciences,AU,2020,63
Earth and Planetary Sciences,AU,2021,63
Earth and Planetary Sciences,AU,2022,64
Earth and Planetary Sciences,AU,2023,64
Earth and Planetary Sciences,AU,2024,66
Earth and Planetary Sciences,BE,2015,5
Earth and Planetary Sciences,BE,2016,4
Earth and Planetary Sciences,BE,2017,4
Earth and Planetary Sciences,BE,2018,4
Earth and Planetary Sciences,BE,2019,4
Earth and Planetary Sciences,BE,2020,4
Earth and Planetary Sciences,BE,2021,3
Earth and Planetary Sciences,BE,2022,3
Earth and Planetary Sciences,BE,2023,3
Earth and Planetary Sciences,BE,2024,3
Earth and Planetary Sciences,BM,2015,2
Earth and Planetary Sciences,BM,2016,2
Earth and Planetary Sciences,BM,2017,2
Earth and Planetary Sciences,BM,2018,2
Earth and Planetary Sciences,BM,2019,2
Earth and Planetary Sciences,BM,2020,2
Earth and Planetary Sciences,BM,2021,2
Earth and Planetary Sciences,BM,2022,2
Earth and Planetary Sciences,BM,2023,2
Earth and Planetary Sciences,BM,2024,2
Earth and Planetary Sciences,BR,2015,1
Earth and Planetary Sciences,BR,2016,1
Earth and Planetary Sciences,BR,2017,1
Earth and Planetary Sciences,BR,2018,1
Earth and Planetary Sciences,BR,2019,1
Earth and Planetary Sciences,BR,2020,1
Earth and Planetary Sciences,BR,2021,1
Earth and Planetary Sciences,BR,2022,1
Earth and Planetary Sciences,BR,2023,1
Earth and Planetary Sciences,BR,2024,1
Earth and Planetary Sciences,CA,2015,44
Earth and Planetary Sciences,CA,2016,42
Earth and Planetary Sciences,CA,2017,38
Earth and Planetary Sciences,CA,2018,37
Earth and Planetary Sciences,CA,2019,37
Earth and Planetary Sciences,CA,2020,36
Earth and Planetary Sciences,CA,2021,33
Earth and Planetary Sciences,CA,2022,33
Earth and Planetary Sciences,CA,2023,36
Earth and Planetary Sciences,CA,2024,34
Earth and Planetary Sciences,CH,2015,29
Earth and Planetary Sciences,CH,2016,29
Earth and Planetary Sciences,CH,2017,31
Earth and Planetary Sciences,CH,2018,30
Earth and Planetary Sciences,CH,2019,34
Earth and Planetary Sciences,CH,2020,33
Earth and Planetary Sciences,CH,2021,30
Earth and Planetary Sciences,CH,2022,32
Earth and Planetary Sciences,CH,2023,34
Earth and Planetary Sciences,CH,2024,33
Earth and Planetary Sciences,CL,2021,1
Earth and Planetary Sciences,CL,2022,1
Earth and Planetary Sciences,CL,2023,1
Earth and Planetary Sciences,CL,2024,1
Earth and Planetary Sciences,CN,2015,19
Earth and Planetary Sciences,CN,2016,22
Earth and Planetary Sciences,CN,2017,27
Earth and Planetary Sciences,CN,2018,31
Earth and Planetary Sciences,CN,2019,37
Earth and Planetary Sciences,CN,2020,45
Earth and Planetary Sciences,CN,2021,54
Earth and Planetary Sciences,CN,2022,64
Earth and Planetary Sciences,CN,2023,70
Earth and Planetary Sciences,CN,2024,76
Earth and Planetary Sciences,CNX,2015,28
Earth and Planetary Sciences,CNX,2016,31
Earth and Planetary Sciences,CNX,2017,36
Earth and Planetary Sciences,CNX,2018,40
Earth and Planetary Sciences,CNX,2019,46
Earth and Planetary Sciences,CNX,2020,54
Earth and Planetary Sciences,CNX,2021,63
Earth and Planetary Sciences,CNX,2022,73
Earth and Planetary Sciences,CNX,2023,79
Earth and Planetary Sciences,CNX,2024,85
Earth and Planetary Sciences,CY,2015,1
Earth and Planetary Sciences,CY,2016,1
Earth and Planetary Sciences,CY,2017,1
Earth and Planetary Sciences,CY,2018,1
Earth and Planetary Sciences,CY,2019,1
Earth and Planetary Sciences,CY,2020,1
Earth and Planetary Sciences,CY,2021,1
Earth and Planetary Sciences,CY,2022,1
Earth and Planetary Sciences,CY,2023,1
Earth and Planetary Sciences,CY,2024,2
Earth and Planetary Sciences,CZ,2015,1
Earth and Planetary Sciences,CZ,2016,1
Earth and Planetary Sciences,CZ,2017,1
Earth and Planetary Sciences,CZ,2018,1
Earth and Planetary Sciences,CZ,2019,1
Earth and Planetary Sciences,CZ,2020,1
Earth and Planetary Sciences,CZ,2021,1
Earth and Planetary Sciences,CZ,2022,2
Earth and Planetary Sciences,CZ,2023,2
Earth and Planetary Sciences,CZ,2024,3
Earth and Planetary Sciences,DE,2015,63
Earth and Planetary Sciences,DE,2016,61
Earth and Planetary Sciences,DE,2017,59
Earth and Planetary Sciences,DE,2018,61
Earth and Planetary Sciences,DE,2019,64
Earth and Planetary Sciences,DE,2020,64
Earth and Planetary Sciences,DE,2021,62
Earth and Planetary Sciences,DE,2022,58
Earth and Planetary Sciences,DE,2023,63
Earth and Planetary Sciences,DE,2024,62
Earth and Planetary Sciences,DK,2015,15
Earth and Planetary Sciences,DK,2016,14
Earth and Planetary Sciences,DK,2017,14
Earth and Planetary Sciences,DK,2018,14
Earth and Planetary Sciences,DK,2019,14
Earth and Planetary Sciences,DK,2020,11
Earth and Planetary Sciences,DK,2021,13
Earth and Planetary Sciences,DK,2022,12
Earth and Planetary Sciences,DK,2023,13
Earth and Planetary Sciences,DK,2024,14
Earth and Planetary Sciences,ES,2015,1
Earth and Planetary Sciences,ES,2016,1
Earth and Planetary Sciences,ES,2017,1
Earth and Planetary Sciences,ES,2018,1
Earth and Planetary Sciences,ES,2019,2
Earth and Planetary Sciences,ES,2020,2
Earth and Planetary Sciences,ES,2021,3
Earth and Planetary Sciences,ES,2022,3
Earth and Planetary Sciences,ES,2023,3
Earth and Planetary Sciences,ES,2024,3
Earth and Planetary Sciences,FI,2015,8
Earth and Planetary Sciences,FI,2016,9
Earth and Planetary Sciences,FI,2017,9
Earth and Planetary Sciences,FI,2018,9
Earth and Planetary Sciences,FI,2019,9
Earth and Planetary Sciences,FI,2020,8
Earth and Planetary Sciences,FI,2021,8
Earth and Planetary Sciences,FI,2022,8
Earth and Planetary Sciences,FI,2023,8
Earth and Planetary Sciences,FI,2024,8
Earth and Planetary Sciences,FR,2015,43
Earth and Planetary Sciences,FR,2016,43
Earth and Planetary Sciences,FR,2017,43
Earth and Planetary Sciences,FR,2018,44
Earth and Planetary Sciences,FR,2019,44
Earth and Planetary Sciences,FR,2020,47
Earth and Planetary Sciences,FR,2021,44
Earth and Planetary Sciences,FR,2022,42
Earth and Planetary Sciences,FR,2023,42
Earth and Planetary Sciences,FR,2024,42
Earth and Planetary Sciences,GB,2015,127
Earth and Planetary Sciences,GB,2016,127
Earth and Planetary Sciences,GB,2017,127
Earth and Planetary Sciences,GB,2018,130
Earth and Planetary Sciences,GB,2019,127
Earth and Planetary Sciences,GB,2020,126
Earth and Planetary Sciences,GB,2021,127
Earth and Planetary Sciences,GB,2022,126
Earth and Planetary Sciences,GB,2023,127
Earth and Planetary Sciences,GB,2024,127
Earth and Planetary Sciences,GR,2015,1
Earth and Planetary Sciences,GR,2016,1
Earth and Planetary Sciences,GR,2017,1
Earth and Planetary Sciences,GR,2018,1
Earth and Planetary Sciences,GR,2019,1
Earth and Planetary Sciences,GR,2020,1
Earth and Planetary Sciences,GR,2021,1
Earth and Planetary Sciences,GR,2022,1
Earth and Planetary Sciences,GR,2023,1
Earth and Planetary Sciences,GR,2024,1
Earth and Planetary Sciences,HK,2015,5
Earth and Planetary Sciences,HK,2016,4
Earth and Planetary Sciences,HK,2017,5
Earth and Planetary Sciences,HK,2018,5
Earth and Planetary Sciences,HK,2019,7
Earth and Planetary Sciences,HK,2020,7
Earth and Planetary Sciences,HK,2021,8
Earth and Planetary Sciences,HK,2022,9
Earth and Planetary Sciences,HK,2023,11
Earth and Planetary Sciences,HK,2024,11
Earth and Planetary Sciences,HU,2019,1
Earth and Planetary Sciences,IE,2015,5
Earth and Planetary Sciences,IE,2016,6
Earth and Planetary Sciences,IE,2017,6
Earth and Planetary Sciences,IE,2018,7
Earth and Planetary Sciences,IE,2019,7
Earth and Planetary Sciences,IE,2020,7
Earth and Planetary Sciences,IE,2021,6
Earth and Planetary Sciences,IE,2022,6
Earth and Planetary Sciences,IE,2023,6
Earth and Planetary Sciences,IE,2024,6
Earth and Planetary Sciences,IL,2015,2
Earth and Planetary Sciences,IL,2016,2
Earth and Planetary Sciences,IL,2017,2
Earth and Planetary Sciences,IL,2018,2
Earth and Planetary Sciences,IL,2019,2
Earth and Planetary Sciences,IL,2020,2
Earth and Planetary Sciences,IL,2021,2
Earth and Planetary Sciences,IL,2022,2
Earth and Planetary Sciences,IL,2023,2
Earth and Planetary Sciences,IL,2024,2
Earth and Planetary Sciences,IN,2015,2
Earth and Planetary Sciences,IN,2016,2
Earth and Planetary Sciences,IN,2017,2
Earth and Planetary Sciences,IN,2018,2
Earth and Planetary Sciences,IN,2019,2
Earth and Planetary Sciences,IN,2020,2
Earth and Planetary Sciences,IN,2021,2
Earth and Planetary Sciences,IN,2022,2
Earth and Planetary Sciences,IN,2023,2
Earth and Planetary Sciences,IN,2024,2
Earth and Planetary Sciences,IS,2015,1
Earth and Planetary Sciences,IS,2016,1
Earth and Planetary Sciences,IS,2017,1
Earth and Planetary Sciences,IS,2018,1
Earth and Planetary Sciences,IS,2019,2
Earth and Planetary Sciences,IS,2020,1
Earth and Planetary Sciences,IS,2021,1
Earth and Planetary Sciences,IS,2022,1
Earth and Planetary Sciences,IS,2023,1
Earth and Planetary Sciences,IS,2024,1
Earth and Planetary Sciences,IT,2015,5
Earth and Planetary Sciences,IT,2016,5
Earth and Planetary Sciences,IT,2017,6
Earth and Planetary Sciences,IT,2018,6
Earth and Planetary Sciences,IT,2019,6
Earth and Planetary Sciences,IT,2020,6
Earth and Planetary Sciences,IT,2021,7
Earth and Planetary Sciences,IT,2022,6
Earth and Planetary Sciences,IT,2023,6
Earth and Planetary Sciences,IT,2024,7
Earth and Planetary Sciences,JP,2015,13
Earth and Planetary Sciences,JP,2016,13
Earth and Planetary Sciences,JP,2017,14
Earth and Planetary Sciences,JP,2018,15
Earth and Planetary Sciences,JP,2019,16
Earth and Planetary Sciences,JP,2020,15
Earth and Planetary Sciences,JP,2021,15
Earth and Planetary Sciences,JP,2022,18
Earth and Planetary Sciences,JP,2023,18
Earth and Planetary Sciences,JP,2024,16
Earth and Planetary Sciences,KR,2020,1
Earth and Planetary Sciences,KR,2021,1
Earth and Planetary Sciences,KR,2022,1
Earth and Planetary Sciences,KR,2023,1
Earth and Planetary Sciences,KR,2024,1
Earth and Planetary Sciences,MA,2017,1
Earth and Planetary Sciences,MA,2018,1
Earth and Planetary Sciences,MA,2019,1
Earth and Planetary Sciences,MA,2020,1
Earth and Planetary Sciences,MC,2015,1
Earth and Planetary Sciences,MC,2016,1
Earth and Planetary Sciences,MC,2017,1
Earth and Planetary Sciences,MC,2018,1
Earth and Planetary Sciences,NL,2015,14
Earth and Planetary Sciences,NL,2016,16
Earth and Planetary Sciences,NL,2017,17
Earth and Planetary Sciences,NL,2018,16
Earth and Planetary Sciences,NL,2019,18
Earth and Planetary Sciences,NL,2020,16
Earth and Planetary Sciences,NL,2021,16
Earth and Planetary Sciences,NL,2022,17
Earth and Planetary Sciences,NL,2023,18
Earth and Planetary Sciences,NL,2024,18
Earth and Planetary Sciences,NO,2015,8
Earth and Planetary Sciences,NO,2016,9
Earth and Planetary Sciences,NO,2017,8
Earth and Planetary Sciences,NO,2018,8
Earth and Planetary Sciences,NO,2019,9
Earth and Planetary Sciences,NO,2020,9
Earth and Planetary Sciences,NO,2021,9
Earth and Planetary Sciences,NO,2022,9
Earth and Planetary Sciences,NO,2023,10
Earth and Planetary Sciences,NO,2024,11
Earth and Planetary Sciences,NP,2023,1
Earth and Planetary Sciences,NP,2024,1
Earth and Planetary Sciences,NZ,2015,4
Earth and Planetary Sciences,NZ,2016,3
Earth and Planetary Sciences,NZ,2017,4
Earth and Planetary Sciences,NZ,2018,4
Earth and Planetary Sciences,NZ,2019,2
Earth and Planetary Sciences,NZ,2020,2
Earth and Planetary Sciences,NZ,2021,2
Earth and Planetary Sciences,NZ,2022,2
Earth and Planetary Sciences,NZ,2023,2
Earth and Planetary Sciences,NZ,2024,2
Earth and Planetary Sciences,PL,2020,1
Earth and Planetary Sciences,PL,2021,1
Earth and Planetary Sciences,PL,2022,1
Earth and Planetary Sciences,PL,2023,1
Earth and Planetary Sciences,PL,2024,1
Earth and Planetary Sciences,PT,2023,1
Earth and Planetary Sciences,PT,2024,1
Earth and Planetary Sciences,RE,2020,1
Earth and Planetary Sciences,RE,2021,1
Earth and Planetary Sciences,RE,2022,1
Earth and Planetary Sciences,RE,2023,1
Earth and Planetary Sciences,RU,2015,4
Earth and Planetary Sciences,RU,2016,4
Earth and Planetary Sciences,RU,2017,5
Earth and Planetary Sciences,RU,2018,6
Earth and Planetary Sciences,RU,2019,7
Earth and Planetary Sciences,RU,2020,9
Earth and Planetary Sciences,RU,2021,9
Earth and Planetary Sciences,RU,2022,8
Earth and Planetary Sciences,RU,2023,8
Earth and Planetary Sciences,RU,2024,8
Earth and Planetary Sciences,SA,2016,1
Earth and Planetary Sciences,SA,2017,1
Earth and Planetary Sciences,SA,2018,1
Earth and Planetary Sciences,SA,2019,1
Earth and Planetary Sciences,SA,2020,1
Earth and Planetary Sciences,SA,2021,2
Earth and Planetary Sciences,SA,2022,2
Earth and Planetary Sciences,SA,2023,2
Earth and Planetary Sciences,SA,2024,3
Earth and Planetary Sciences,SE,2015,10
Earth and Planetary Sciences,SE,2016,13
Earth and Planetary Sciences,SE,2017,12
Earth and Planetary Sciences,SE,2018,12
Earth and Planetary Sciences,SE,2019,11
Earth and Planetary Sciences,SE,2020,8
Earth and Planetary Sciences,SE,2021,7
Earth and Planetary Sciences,SE,2022,7
Earth and Planetary Sciences,SE,2023,7
Earth and Planetary Sciences,SE,2024,7
Earth and Planetary Sciences,SG,2015,1
Earth and Planetary Sciences,SG,2016,2
Earth and Planetary Sciences,SG,2017,2
Earth and Planetary Sciences,SG,2018,2
Earth and Planetary Sciences,SG,2019,3
Earth and Planetary Sciences,SG,2020,3
Earth and Planetary Sciences,SG,2021,3
Earth and Planetary Sciences,SG,2022,3
Earth and Planetary Sciences,SG,2023,3
Earth and Planetary Sciences,SG,2024,3
Earth and Planetary Sciences,SK,2015,2
Earth and Planetary Sciences,SK,2016,2
Earth and Planetary Sciences,SK,2017,2
Earth and Planetary Sciences,TH,2015,1
Earth and Planetary Sciences,TH,2016,1
Earth and Planetary Sciences,TH,2017,1
Earth and Planetary Sciences,TH,2018,1
Earth and Planetary Sciences,TH,2019,1
Earth and Planetary Sciences,TH,2020,1
Earth and Planetary Sciences,TH,2021,1
Earth and Planetary Sciences,TH,2022,1
Earth and Planetary Sciences,TH,2023,1
Earth and Planetary Sciences,TH,2024,1
Earth and Planetary Sciences,TN,2015,2
Earth and Planetary Sciences,TN,2016,1
Earth and Planetary Sciences,TN,2017,2
Earth and Planetary Sciences,TN,2018,2
Earth and Planetary Sciences,TN,2019,2
Earth and Planetary Sciences,TN,2020,2
Earth and Planetary Sciences,TN,2021,2
Earth and Planetary Sciences,TN,2022,2
Earth and Planetary Sciences,TN,2023,2
Earth and Planetary Sciences,TN,2024,2
Earth and Planetary Sciences,TR,2015,1
Earth and Planetary Sciences,TR,2016,1
Earth and Planetary Sciences,TR,2017,1
Earth and Planetary Sciences,TR,2018,1
Earth and Planetary Sciences,TR,2019,1
Earth and Planetary Sciences,TR,2020,1
Earth and Planetary Sciences,TR,2021,1
Earth and Planetary Sciences,TR,2022,1
Earth and Planetary Sciences,TR,2023,1
Earth and Planetary Sciences,TR,2024,1
Earth and Planetary Sciences,TW,2015,5
Earth and Planetary Sciences,TW,2016,6
Earth and Planetary Sciences,TW,2017,6
Earth and Planetary Sciences,TW,2018,6
Earth and Planetary Sciences,TW,2019,6
Earth and Planetary Sciences,TW,2020,6
Earth and Planetary Sciences,TW,2021,6
Earth and Planetary Sciences,TW,2022,5
Earth and Planetary Sciences,TW,2023,5
Earth and Planetary Sciences,TW,2024,5
Earth and Planetary Sciences,TZ,2015,1
Earth and Planetary Sciences,TZ,2016,1
Earth and Planetary Sciences,TZ,2017,1
Earth and Planetary Sciences,TZ,2018,1
Earth and Planetary Sciences,TZ,2019,1
Earth and Planetary Sciences,TZ,2020,1
Earth and Planetary Sciences,TZ,2021,1
Earth and Planetary Sciences,TZ,2022,1
Earth and Planetary Sciences,TZ,2023,1
Earth and Planetary Sciences,TZ,2024,1
Earth and Planetary Sciences,UA,2015,1
Earth and Planetary Sciences,UA,2016,1
Earth and Planetary Sciences,UA,2017,1
Earth and Planetary Sciences,UA,2019,1
Earth and Planetary Sciences,UA,2020,1
Earth and Planetary Sciences,US,2015,595
Earth and Planetary Sciences,US,2016,590
Earth and Planetary Sciences,US,2017,578
Earth and Planetary Sciences,US,2018,569
Earth and Planetary Sciences,US,2019,562
Earth and Planetary Sciences,US,2020,554
Earth and Planetary Sciences,US,2021,551
Earth and Planetary Sciences,US,2022,543
Earth and Planetary Sciences,US,2023,538
Earth and Planetary Sciences,US,2024,532
Earth and Planetary Sciences,VG,2015,1
Earth and Planetary Sciences,VG,2016,1
Earth and Planetary Sciences,VG,2017,1
Earth and Planetary Sciences,VG,2018,1
Earth and Planetary Sciences,VG,2019,1
Earth and Planetary Sciences,VG,2020,1
Earth and Planetary Sciences,VG,2021,1
Earth and Planetary Sciences,VG,2022,1
Earth and Planetary Sciences,VG,2023,1
Earth and Planetary Sciences,VG,2024,1
Earth and Planetary Sciences,VN,2015,1
Earth and Planetary Sciences,ZA,2015,3
Earth and Planetary Sciences,ZA,2016,3
Earth and Planetary Sciences,ZA,2017,3
Earth and Planetary Sciences,ZA,2018,3
Earth and Planetary Sciences,ZA,2019,3
Earth and Planetary Sciences,ZA,2020,3
Earth and Planetary Sciences,ZA,2021,3
Earth and Planetary Sciences,ZA,2022,3
Earth and Planetary Sciences,ZA,2023,3
Earth and Planetary Sciences,ZA,2024,2
Earth and Planetary Sciences,ZW,2015,1
Earth and Planetary Sciences,ZW,2016,1
Earth and Planetary Sciences,ZW,2017,1
Earth and Planetary Sciences,ZW,2018,1
Earth and Planetary Sciences,ZW,2019,1
Earth and Planetary Sciences,ZW,2020,1
"Economics, Econometrics and Finance",AE,2015,1
"Economics, Econometrics and Finance",AE,2016,1
"Economics, Econometrics and Finance",AE,2017,1
"Economics, Econometrics and Finance",AE,2018,1
"Economics, Econometrics and Finance",AE,2019,1
"Economics, Econometrics and Finance",AE,2020,1
"Economics, Econometrics and Finance",AE,2021,1
"Economics, Econometrics and Finance",AE,2022,2
"Economics, Econometrics and Finance",AE,2023,3
"Economics, Econometrics and Finance",AE,2024,3
"Economics, Econometrics and Finance",AT,2015,5
"Economics, Econometrics and Finance",AT,2016,5
"Economics, Econometrics and Finance",AT,2017,5
"Economics, Econometrics and Finance",AT,2018,5
"Economics, Econometrics and Finance",AT,2019,5
"Economics, Econometrics and Finance",AT,2020,6
"Economics, Econometrics and Finance",AT,2021,7
"Economics, Econometrics and Finance",AT,2022,9
"Economics, Econometrics and Finance",AT,2023,9
"Economics, Econometrics and Finance",AT,2024,9
"Economics, Econometrics and Finance",AU,2015,21
"Economics, Econometrics and Finance",AU,2016,24
"Economics, Econometrics and Finance",AU,2017,23
"Economics, Econometrics and Finance",AU,2018,24
"Economics, Econometrics and Finance",AU,2019,25
"Economics, Econometrics and Finance",AU,2020,27
"Economics, Econometrics and Finance",AU,2021,26
"Economics, Econometrics and Finance",AU,2022,28
"Economics, Econometrics and Finance",AU,2023,27
"Economics, Econometrics and Finance",AU,2024,27
"Economics, Econometrics and Finance",AZ,2024,1
"Economics, Econometrics and Finance",BE,2015,15
"Economics, Econometrics and Finance",BE,2016,16
"Economics, Econometrics and Finance",BE,2017,16
"Economics, Econometrics and Finance",BE,2018,16
"Economics, Econometrics and Finance",BE,2019,16
"Economics, Econometrics and Finance",BE,2020,16
"Economics, Econometrics and Finance",BE,2021,17
"Economics, Econometrics and Finance",BE,2022,19
"Economics, Econometrics and Finance",BE,2023,20
"Economics, Econometrics and Finance",BE,2024,22
"Economics, Econometrics and Finance",BG,2015,1
"Economics, Econometrics and Finance",BG,2016,1
"Economics, Econometrics and Finance",BG,2017,1
"Economics, Econometrics and Finance",BG,2018,1
"Economics, Econometrics and Finance",BG,2019,1
"Economics, Econometrics and Finance",BG,2020,1
"Economics, Econometrics and Finance",BG,2021,1
"Economics, Econometrics and Finance",BG,2022,1
"Economics, Econometrics and Finance",BG,2023,1
"Economics, Econometrics and Finance",BG,2024,1
"Economics, Econometrics and Finance",BI,2024,1
"Economics, Econometrics and Finance",BR,2018,1
"Economics, Econometrics and Finance",BR,2019,1
"Economics, Econometrics and Finance",BR,2020,1
"Economics, Econometrics and Finance",BR,2021,1
"Economics, Econometrics and Finance",CA,2015,55
"Economics, Econometrics and Finance",CA,2016,55
"Economics, Econometrics and Finance",CA,2017,57
"Economics, Econometrics and Finance",CA,2018,55
"Economics, Econometrics and Finance",CA,2019,54
"Economics, Econometrics and Finance",CA,2020,52
"Economics, Econometrics and Finance",CA,2021,53
"Economics, Econometrics and Finance",CA,2022,54
"Economics, Econometrics and Finance",CA,2023,52
"Economics, Econometrics and Finance",CA,2024,49
"Economics, Econometrics and Finance",CH,2015,12
"Economics, Econometrics and Finance",CH,2016,11
"Economics, Econometrics and Finance",CH,2017,12
"Economics, Econometrics and Finance",CH,2018,11
"Economics, Econometrics and Finance",CH,2019,13
"Economics, Econometrics and Finance",CH,2020,13
"Economics, Econometrics and Finance",CH,2021,12
"Economics, Econometrics and Finance",CH,2022,12
"Economics, Econometrics and Finance",CH,2023,13
"Economics, Econometrics and Finance",CH,2024,12
"Economics, Econometrics and Finance",CN,2015,5
"Economics, Econometrics and Finance",CN,2016,7
"Economics, Econometrics and Finance",CN,2017,7
"Economics, Econometrics and Finance",CN,2018,7
"Economics, Econometrics and Finance",CN,2019,7
"Economics, Econometrics and Finance",CN,2020,10
"Economics, Econometrics and Finance",CN,2021,12
"Economics, Econometrics and Finance",CN,2022,15
"Economics, Econometrics and Finance",CN,2023,16
"Economics, Econometrics and Finance",CN,2024,20
"Economics, Econometrics and Finance",CNX,2015,10
"Economics, Econometrics and Finance",CNX,2016,11
"Economics, Econometrics and Finance",CNX,2017,12
"Economics, Econometrics and Finance",CNX,2018,12
"Economics, Econometrics and Finance",CNX,2019,11
"Economics, Econometrics and Finance",CNX,2020,13
"Economics, Econometrics and Finance",CNX,2021,16
"Economics, Econometrics and Finance",CNX,2022,18
"Economics, Econometrics and Finance",CNX,2023,19
"Economics, Econometrics and Finance",CNX,2024,23
"Economics, Econometrics and Finance",CY,2024,1
"Economics, Econometrics and Finance",CZ,2015,2
"Economics, Econometrics and Finance",CZ,2016,2
"Economics, Econometrics and Finance",CZ,2017,2
"Economics, Econometrics and Finance",CZ,2018,2
"Economics, Econometrics and Finance",CZ,2019,2
"Economics, Econometrics and Finance",CZ,2020,2
"Economics, Econometrics and Finance",CZ,2021,2
"Economics, Econometrics and Finance",CZ,2022,2
"Economics, Econometrics and Finance",CZ,2023,2
"Economics, Econometrics and Finance",CZ,2024,2
"Economics, Econometrics and Finance",DE,2015,50
"Economics, Econometrics and Finance",DE,2016,48
"Economics, Econometrics and Finance",DE,2017,47
"Economics, Econometrics and Finance",DE,2018,47
"Economics, Econometrics and Finance",DE,2019,45
"Economics, Econometrics and Finance",DE,2020,46
"Economics, Econometrics and Finance",DE,2021,48
"Economics, Econometrics and Finance",DE,2022,47
"Economics, Econometrics and Finance",DE,2023,46
"Economics, Econometrics and Finance",DE,2024,49
"Economics, Econometrics and Finance",DK,2015,8
"Economics, Econometrics and Finance",DK,2016,8
"Economics, Econometrics and Finance",DK,2017,8
"Economics, Econometrics and Finance",DK,2018,8
"Economics, Econometrics and Finance",DK,2019,7
"Economics, Econometrics and Finance",DK,2020,7
"Economics, Econometrics and Finance",DK,2021,7
"Economics, Econometrics and Finance",DK,2022,7
"Economics, Econometrics and Finance",DK,2023,6
"Economics, Econometrics and Finance",DK,2024,6
"Economics, Econometrics and Finance",DO,2015,1
"Economics, Econometrics and Finance",DO,2016,1
"Economics, Econometrics and Finance",DO,2017,1
"Economics, Econometrics and Finance",DO,2018,1
"Economics, Econometrics and Finance",DO,2019,1
"Economics, Econometrics and Finance",DO,2020,1
"Economics, Econometrics and Finance",DO,2021,1
"Economics, Econometrics and Finance",DO,2022,1
"Economics, Econometrics and Finance",DO,2023,1
"Economics, Econometrics and Finance",DO,2024,1
"Economics, Econometrics and Finance",ES,2015,10
"Economics, Econometrics and Finance",ES,2016,9
"Economics, Econometrics and Finance",ES,2017,10
"Economics, Econometrics and Finance",ES,2018,10
"Economics, Econometrics and Finance",ES,2019,10
"Economics, Econometrics and Finance",ES,2020,12
"Economics, Econometrics and Finance",ES,2021,12
"Economics, Econometrics and Finance",ES,2022,12
"Economics, Econometrics and Finance",ES,2023,11
"Economics, Econometrics and Finance",ES,2024,12
"Economics, Econometrics and Finance",FI,2015,1
"Economics, Econometrics and Finance",FI,2016,1
"Economics, Econometrics and Finance",FI,2017,1
"Economics, Econometrics and Finance",FI,2018,1
"Economics, Econometrics and Finance",FI,2019,1
"Economics, Econometrics and Finance",FI,2020,1
"Economics, Econometrics and Finance",FI,2021,1
"Economics, Econometrics and Finance",FI,2022,1
"Economics, Econometrics and Finance",FI,2023,1
"Economics, Econometrics and Finance",FI,2024,1
"Economics, Econometrics and Finance",FR,2015,24
"Economics, Econometrics and Finance",FR,2016,22
"Economics, Econometrics and Finance",FR,2017,23
"Economics, Econometrics and Finance",FR,2018,24
"Economics, Econometrics and Finance",FR,2019,26
"Economics, Econometrics and Finance",FR,2020,26
"Economics, Econometrics and Finance",FR,2021,23
"Economics, Econometrics and Finance",FR,2022,21
"Economics, Econometrics and Finance",FR,2023,21
"Economics, Econometrics and Finance",FR,2024,22
"Economics, Econometrics and Finance",GB,2015,178
"Economics, Econometrics and Finance",GB,2016,175
"Economics, Econometrics and Finance",GB,2017,177
"Economics, Econometrics and Finance",GB,2018,176
"Economics, Econometrics and Finance",GB,2019,173
"Economics, Econometrics and Finance",GB,2020,178
"Economics, Econometrics and Finance",GB,2021,182
"Economics, Econometrics and Finance",GB,2022,179
"Economics, Econometrics and Finance",GB,2023,178
"Economics, Econometrics and Finance",GB,2024,180
"Economics, Econometrics and Finance",GR,2021,1
"Economics, Econometrics and Finance",GR,2022,1
"Economics, Econometrics and Finance",GR,2023,1
"Economics, Econometrics and Finance",GR,2024,1
"Economics, Econometrics and Finance",HK,2015,4
"Economics, Econometrics and Finance",HK,2016,4
"Economics, Econometrics and Finance",HK,2017,4
"Economics, Econometrics and Finance",HK,2018,4
"Economics, Econometrics and Finance",HK,2019,3
"Economics, Econometrics and Finance",HK,2020,2
"Economics, Econometrics and Finance",HK,2021,2
"Economics, Econometrics and Finance",HK,2022,1
"Economics, Econometrics and Finance",HK,2023,1
"Economics, Econometrics and Finance",HK,2024,1
"Economics, Econometrics and Finance",HU,2015,1
"Economics, Econometrics and Finance",HU,2016,1
"Economics, Econometrics and Finance",HU,2017,1
"Economics, Econometrics and Finance",HU,2018,1
"Economics, Econometrics and Finance",HU,2019,1
"Economics, Econometrics and Finance",HU,2020,1
"Economics, Econometrics and Finance",HU,2021,1
"Economics, Econometrics and Finance",HU,2022,1
"Economics, Econometrics and Finance",HU,2023,1
"Economics, Econometrics and Finance",HU,2024,2
"Economics, Econometrics and Finance",ID,2024,1
"Economics, Econometrics and Finance",IE,2015,5
"Economics, Econometrics and Finance",IE,2016,5
"Economics, Econometrics and Finance",IE,2017,5
"Economics, Econometrics and Finance",IE,2018,5
"Economics, Econometrics and Finance",IE,2019,6
"Economics, Econometrics and Finance",IE,2020,7
"Economics, Econometrics and Finance",IE,2021,8
"Economics, Econometrics and Finance",IE,2022,10
"Economics, Econometrics and Finance",IE,2023,9
"Economics, Econometrics and Finance",IE,2024,9
"Economics, Econometrics and Finance",IL,2015,13
"Economics, Econometrics and Finance",IL,2016,14
"Economics, Econometrics and Finance",IL,2017,13
"Economics, Econometrics and Finance",IL,2018,14
"Economics, Econometrics and Finance",IL,2019,12
"Economics, Econometrics and Finance",IL,2020,12
"Economics, Econometrics and Finance",IL,2021,11
"Economics, Econometrics and Finance",IL,2022,10
"Economics, Econometrics and Finance",IL,2023,8
"Economics, Econometrics and Finance",IL,2024,8
"Economics, Econometrics and Finance",IN,2015,2
"Economics, Econometrics and Finance",IN,2016,2
"Economics, Econometrics and Finance",IN,2017,2
"Economics, Econometrics and Finance",IN,2018,2
"Economics, Econometrics and Finance",IN,2019,2
"Economics, Econometrics and Finance",IN,2020,3
"Economics, Econometrics and Finance",IN,2021,3
"Economics, Econometrics and Finance",IN,2022,3
"Economics, Econometrics and Finance",IN,2023,2
"Economics, Econometrics and Finance",IN,2024,3
"Economics, Econometrics and Finance",IT,2015,13
"Economics, Econometrics and Finance",IT,2016,12
"Economics, Econometrics and Finance",IT,2017,12
"Economics, Econometrics and Finance",IT,2018,13
"Economics, Econometrics and Finance",IT,2019,13
"Economics, Econometrics and Finance",IT,2020,13
"Economics, Econometrics and Finance",IT,2021,13
"Economics, Econometrics and Finance",IT,2022,17
"Economics, Econometrics and Finance",IT,2023,17
"Economics, Econometrics and Finance",IT,2024,16
"Economics, Econometrics and Finance",JP,2015,5
"Economics, Econometrics and Finance",JP,2016,3
"Economics, Econometrics and Finance",JP,2017,4
"Economics, Econometrics and Finance",JP,2018,4
"Economics, Econometrics and Finance",JP,2019,3
"Economics, Econometrics and Finance",JP,2020,4
"Economics, Econometrics and Finance",JP,2021,4
"Economics, Econometrics and Finance",JP,2022,5
"Economics, Econometrics and Finance",JP,2023,5
"Economics, Econometrics and Finance",JP,2024,6
"Economics, Econometrics and Finance",KR,2015,4
"Economics, Econometrics and Finance",KR,2016,4
"Economics, Econometrics and Finance",KR,2017,4
"Economics, Econometrics and Finance",KR,2018,4
"Economics, Econometrics and Finance",KR,2019,4
"Economics, Econometrics and Finance",KR,2020,4
"Economics, Econometrics and Finance",KR,2021,4
"Economics, Econometrics and Finance",KR,2022,4
"Economics, Econometrics and Finance",KR,2023,4
"Economics, Econometrics and Finance",KR,2024,6
"Economics, Econometrics and Finance",KW,2024,1
"Economics, Econometrics and Finance",LB,2023,1
"Economics, Econometrics and Finance",LB,2024,4
"Economics, Econometrics and Finance",LT,2023,1
"Economics, Econometrics and Finance",LT,2024,1
"Economics, Econometrics and Finance",LV,2015,1
"Economics, Econometrics and Finance",LV,2016,1
"Economics, Econometrics and Finance",LV,2017,1
"Economics, Econometrics and Finance",LV,2018,1
"Economics, Econometrics and Finance",LV,2019,1
"Economics, Econometrics and Finance",LV,2020,1
"Economics, Econometrics and Finance",LV,2021,1
"Economics, Econometrics and Finance",LV,2022,2
"Economics, Econometrics and Finance",LV,2023,2
"Economics, Econometrics and Finance",LV,2024,3
"Economics, Econometrics and Finance",MX,2015,2
"Economics, Econometrics and Finance",MX,2016,2
"Economics, Econometrics and Finance",MX,2017,2
"Economics, Econometrics and Finance",MX,2018,2
"Economics, Econometrics and Finance",MX,2019,2
"Economics, Econometrics and Finance",MX,2020,2
"Economics, Econometrics and Finance",MX,2021,2
"Economics, Econometrics and Finance",MX,2022,2
"Economics, Econometrics and Finance",MX,2023,2
"Economics, Econometrics and Finance",MX,2024,1
"Economics, Econometrics and Finance",MY,2015,1
"Economics, Econometrics and Finance",MY,2016,1
"Economics, Econometrics and Finance",MY,2017,1
"Economics, Econometrics and Finance",MY,2018,1
"Economics, Econometrics and Finance",MY,2024,1
"Economics, Econometrics and Finance",NL,2015,26
"Economics, Econometrics and Finance",NL,2016,25
"Economics, Econometrics and Finance",NL,2017,27
"Economics, Econometrics and Finance",NL,2018,25
"Economics, Econometrics and Finance",NL,2019,25
"Economics, Econometrics and Finance",NL,2020,28
"Economics, Econometrics and Finance",NL,2021,29
"Economics, Econometrics and Finance",NL,2022,31
"Economics, Econometrics and Finance",NL,2023,31
"Economics, Econometrics and Finance",NL,2024,31
"Economics, Econometrics and Finance",NO,2015,3
"Economics, Econometrics and Finance",NO,2016,4
"Economics, Econometrics and Finance",NO,2017,4
"Economics, Econometrics and Finance",NO,2018,5
"Economics, Econometrics and Finance",NO,2019,5
"Economics, Econometrics and Finance",NO,2020,5
"Economics, Econometrics and Finance",NO,2021,6
"Economics, Econometrics and Finance",NO,2022,6
"Economics, Econometrics and Finance",NO,2023,7
"Economics, Econometrics and Finance",NO,2024,7
"Economics, Econometrics and Finance",NP,2015,1
"Economics, Econometrics and Finance",NP,2016,1
"Economics, Econometrics and Finance",NP,2017,1
"Economics, Econometrics and Finance",NP,2018,1
"Economics, Econometrics and Finance",NP,2019,1
"Economics, Econometrics and Finance",NP,2020,1
"Economics, Econometrics and Finance",NP,2021,1
"Economics, Econometrics and Finance",NP,2022,1
"Economics, Econometrics and Finance",NP,2023,1
"Economics, Econometrics and Finance",NP,2024,1
"Economics, Econometrics and Finance",NZ,2015,4
"Economics, Econometrics and Finance",NZ,2016,3
"Economics, Econometrics and Finance",NZ,2017,3
"Economics, Econometrics and Finance",NZ,2018,2
"Economics, Econometrics and Finance",NZ,2019,2
"Economics, Econometrics and Finance",NZ,2020,2
"Economics, Econometrics and Finance",NZ,2021,2
"Economics, Econometrics and Finance",NZ,2022,2
"Economics, Econometrics and Finance",NZ,2023,3
"Economics, Econometrics and Finance",NZ,2024,3
"Economics, Econometrics and Finance",PH,2015,2
"Economics, Econometrics and Finance",PH,2016,1
"Economics, Econometrics and Finance",PH,2017,1
"Economics, Econometrics and Finance",PH,2018,1
"Economics, Econometrics and Finance",PH,2019,1
"Economics, Econometrics and Finance",PH,2020,1
"Economics, Econometrics and Finance",PH,2021,1
"Economics, Econometrics and Finance",PH,2022,1
"Economics, Econometrics and Finance",PH,2023,1
"Economics, Econometrics and Finance",PH,2024,1
"Economics, Econometrics and Finance",PK,2015,2
"Economics, Econometrics and Finance",PK,2016,2
"Economics, Econometrics and Finance",PK,2017,2
"Economics, Econometrics and Finance",PK,2018,2
"Economics, Econometrics and Finance",PK,2019,2
"Economics, Econometrics and Finance",PK,2020,3
"Economics, Econometrics and Finance",PK,2021,3
"Economics, Econometrics and Finance",PK,2022,3
"Economics, Econometrics and Finance",PK,2023,3
"Economics, Econometrics and Finance",PK,2024,4
"Economics, Econometrics and Finance",PL,2024,1
"Economics, Econometrics and Finance",PT,2015,2
"Economics, Econometrics and Finance",PT,2016,2
"Economics, Econometrics and Finance",PT,2017,2
"Economics, Econometrics and Finance",PT,2018,2
"Economics, Econometrics and Finance",PT,2019,2
"Economics, Econometrics and Finance",PT,2020,2
"Economics, Econometrics and Finance",QA,2015,1
"Economics, Econometrics and Finance",QA,2016,1
"Economics, Econometrics and Finance",QA,2017,1
"Economics, Econometrics and Finance",QA,2018,1
"Economics, Econometrics and Finance",QA,2019,1
"Economics, Econometrics and Finance",RU,2015,2
"Economics, Econometrics and Finance",RU,2016,2
"Economics, Econometrics and Finance",RU,2017,2
"Economics, Econometrics and Finance",RU,2018,3
"Economics, Econometrics and Finance",RU,2019,3
"Economics, Econometrics and Finance",RU,2020,3
"Economics, Econometrics and Finance",RU,2021,4
"Economics, Econometrics and Finance",RU,2022,4
"Economics, Econometrics and Finance",RU,2023,5
"Economics, Econometrics and Finance",RU,2024,6
"Economics, Econometrics and Finance",SA,2015,1
"Economics, Econometrics and Finance",SA,2016,1
"Economics, Econometrics and Finance",SA,2017,1
"Economics, Econometrics and Finance",SA,2018,1
"Economics, Econometrics and Finance",SA,2019,1
"Economics, Econometrics and Finance",SA,2020,1
"Economics, Econometrics and Finance",SA,2021,1
"Economics, Econometrics and Finance",SA,2022,2
"Economics, Econometrics and Finance",SA,2023,2
"Economics, Econometrics and Finance",SA,2024,2
"Economics, Econometrics and Finance",SE,2015,10
"Economics, Econometrics and Finance",SE,2016,9
"Economics, Econometrics and Finance",SE,2017,10
"Economics, Econometrics and Finance",SE,2018,10
"Economics, Econometrics and Finance",SE,2019,10
"Economics, Econometrics and Finance",SE,2020,9
"Economics, Econometrics and Finance",SE,2021,8
"Economics, Econometrics and Finance",SE,2022,8
"Economics, Econometrics and Finance",SE,2023,8
"Economics, Econometrics and Finance",SE,2024,8
"Economics, Econometrics and Finance",SG,2015,2
"Economics, Econometrics and Finance",SG,2016,3
"Economics, Econometrics and Finance",SG,2017,3
"Economics, Econometrics and Finance",SG,2018,2
"Economics, Econometrics and Finance",SG,2019,2
"Economics, Econometrics and Finance",SG,2020,2
"Economics, Econometrics and Finance",SG,2021,3
"Economics, Econometrics and Finance",SG,2022,3
"Economics, Econometrics and Finance",SG,2023,4
"Economics, Econometrics and Finance",SG,2024,3
"Economics, Econometrics and Finance",SI,2015,2
"Economics, Econometrics and Finance",SI,2016,2
"Economics, Econometrics and Finance",SI,2017,2
"Economics, Econometrics and Finance",SI,2018,2
"Economics, Econometrics and Finance",SI,2019,2
"Economics, Econometrics and Finance",SI,2020,2
"Economics, Econometrics and Finance",SI,2021,2
"Economics, Econometrics and Finance",SI,2022,2
"Economics, Econometrics and Finance",SI,2023,2
"Economics, Econometrics and Finance",SI,2024,2
"Economics, Econometrics and Finance",SS,2015,1
"Economics, Econometrics and Finance",TR,2020,1
"Economics, Econometrics and Finance",TR,2021,1
"Economics, Econometrics and Finance",TR,2022,1
"Economics, Econometrics and Finance",TR,2023,2
"Economics, Econometrics and Finance",TR,2024,2
"Economics, Econometrics and Finance",TW,2015,3
"Economics, Econometrics and Finance",TW,2016,2
"Economics, Econometrics and Finance",TW,2017,3
"Economics, Econometrics and Finance",TW,2018,3
"Economics, Econometrics and Finance",TW,2019,3
"Economics, Econometrics and Finance",TW,2020,3
"Economics, Econometrics and Finance",TW,2021,4
"Economics, Econometrics and Finance",TW,2022,5
"Economics, Econometrics and Finance",TW,2023,5
"Economics, Econometrics and Finance",TW,2024,5
"Economics, Econometrics and Finance",US,2015,649
"Economics, Econometrics and Finance",US,2016,648
"Economics, Econometrics and Finance",US,2017,641
"Economics, Econometrics and Finance",US,2018,642
"Economics, Econometrics and Finance",US,2019,642
"Economics, Econometrics and Finance",US,2020,634
"Economics, Econometrics and Finance",US,2021,625
"Economics, Econometrics and Finance",US,2022,621
"Economics, Econometrics and Finance",US,2023,616
"Economics, Econometrics and Finance",US,2024,604
"Economics, Econometrics and Finance",UZ,2024,1
"Economics, Econometrics and Finance",VN,2015,3
"Economics, Econometrics and Finance",VN,2016,3
"Economics, Econometrics and Finance",VN,2017,3
"Economics, Econometrics and Finance",VN,2018,3
"Economics, Econometrics and Finance",VN,2019,3
"Economics, Econometrics and Finance",VN,2020,2
"Economics, Econometrics and Finance",VN,2021,2
"Economics, Econometrics and Finance",VN,2022,3
"Economics, Econometrics and Finance",VN,2023,5
"Economics, Econometrics and Finance",VN,2024,5
"Economics, Econometrics and Finance",ZA,2015,2
"Economics, Econometrics and Finance",ZA,2016,2
"Economics, Econometrics and Finance",ZA,2017,2
"Economics, Econometrics and Finance",ZA,2018,2
"Economics, Econometrics and Finance",ZA,2019,2
"Economics, Econometrics and Finance",ZA,2020,3
"Economics, Econometrics and Finance",ZA,2021,5
"Economics, Econometrics and Finance",ZA,2022,5
"Economics, Econometrics and Finance",ZA,2023,5
"Economics, Econometrics and Finance",ZA,2024,5
Energy,AE,2024,2
Energy,AT,2015,1
Energy,AT,2016,1
Energy,AT,2017,1
Energy,AT,2018,1
Energy,AT,2019,2
Energy,AT,2023,3
Energy,AT,2024,3
Energy,AU,2015,14
Energy,AU,2016,13
Energy,AU,2017,14
Energy,AU,2018,16
Energy,AU,2019,18
Energy,AU,2020,20
Energy,AU,2021,22
Energy,AU,2022,21
Energy,AU,2023,21
Energy,AU,2024,21
Energy,BD,2022,1
Energy,BD,2023,1
Energy,BD,2024,1
Energy,BE,2015,1
Energy,BE,2016,1
Energy,BE,2017,1
Energy,BE,2018,1
Energy,BE,2019,1
Energy,BE,2020,1
Energy,BE,2021,1
Energy,BE,2022,1
Energy,BE,2023,1
Energy,BE,2024,1
Energy,CA,2015,8
Energy,CA,2016,8
Energy,CA,2017,8
Energy,CA,2018,8
Energy,CA,2019,7
Energy,CA,2020,5
Energy,CA,2021,7
Energy,CA,2022,6
Energy,CA,2023,5
Energy,CA,2024,5
Energy,CH,2015,23
Energy,CH,2016,24
Energy,CH,2017,24
Energy,CH,2018,22
Energy,CH,2019,20
Energy,CH,2020,19
Energy,CH,2021,19
Energy,CH,2022,18
Energy,CH,2023,14
Energy,CH,2024,12
Energy,CN,2015,57
Energy,CN,2016,60
Energy,CN,2017,73
Energy,CN,2018,87
Energy,CN,2019,98
Energy,CN,2020,109
Energy,CN,2021,115
Energy,CN,2022,130
Energy,CN,2023,141
Energy,CN,2024,144
Energy,CNX,2015,67
Energy,CNX,2016,70
Energy,CNX,2017,83
Energy,CNX,2018,95
Energy,CNX,2019,106
Energy,CNX,2020,117
Energy,CNX,2021,124
Energy,CNX,2022,140
Energy,CNX,2023,151
Energy,CNX,2024,155
Energy,CY,2015,2
Energy,CY,2016,2
Energy,CY,2017,3
Energy,CY,2018,3
Energy,CY,2019,3
Energy,CY,2020,3
Energy,CY,2021,3
Energy,CY,2022,3
Energy,CY,2023,3
Energy,CY,2024,3
Energy,CZ,2015,2
Energy,CZ,2016,2
Energy,CZ,2017,2
Energy,CZ,2018,2
Energy,CZ,2019,2
Energy,CZ,2020,2
Energy,CZ,2021,3
Energy,CZ,2022,3
Energy,CZ,2023,2
Energy,CZ,2024,3
Energy,DE,2015,16
Energy,DE,2016,17
Energy,DE,2017,18
Energy,DE,2018,14
Energy,DE,2019,13
Energy,DE,2020,12
Energy,DE,2021,11
Energy,DE,2022,12
Energy,DE,2023,12
Energy,DE,2024,11
Energy,DK,2015,4
Energy,DK,2016,4
Energy,DK,2017,3
Energy,DK,2018,3
Energy,DK,2019,3
Energy,DK,2020,3
Energy,DK,2021,4
Energy,DK,2022,4
Energy,DK,2023,4
Energy,DK,2024,5
Energy,EG,2023,1
Energy,EG,2024,2
Energy,ES,2015,8
Energy,ES,2016,7
Energy,ES,2017,8
Energy,ES,2018,8
Energy,ES,2019,8
Energy,ES,2020,8
Energy,ES,2021,8
Energy,ES,2022,5
Energy,ES,2023,3
Energy,ES,2024,1
Energy,FR,2015,9
Energy,FR,2016,9
Energy,FR,2017,7
Energy,FR,2018,6
Energy,FR,2019,6
Energy,FR,2020,4
Energy,FR,2021,2
Energy,FR,2022,1
Energy,FR,2023,3
Energy,FR,2024,4
Energy,GB,2015,14
Energy,GB,2016,13
Energy,GB,2017,13
Energy,GB,2018,12
Energy,GB,2019,13
Energy,GB,2020,12
Energy,GB,2021,12
Energy,GB,2022,10
Energy,GB,2023,11
Energy,GB,2024,10
Energy,GR,2015,1
Energy,GR,2016,1
Energy,GR,2017,1
Energy,GR,2018,1
Energy,HK,2015,9
Energy,HK,2016,9
Energy,HK,2017,9
Energy,HK,2018,8
Energy,HK,2019,8
Energy,HK,2020,8
Energy,HK,2021,9
Energy,HK,2022,11
Energy,HK,2023,10
Energy,HK,2024,12
Energy,HU,2015,1
Energy,HU,2016,1
Energy,HU,2017,1
Energy,HU,2018,1
Energy,HU,2019,1
Energy,HU,2020,1
Energy,HU,2021,1
Energy,IE,2024,1
Energy,IL,2015,3
Energy,IL,2016,2
Energy,IL,2017,2
Energy,IL,2018,2
Energy,IL,2019,1
Energy,IL,2020,1
Energy,IL,2021,1
Energy,IL,2022,1
Energy,IN,2015,4
Energy,IN,2016,7
Energy,IN,2017,7
Energy,IN,2018,7
Energy,IN,2019,7
Energy,IN,2020,5
Energy,IN,2021,5
Energy,IN,2022,5
Energy,IN,2023,6
Energy,IN,2024,6
Energy,IR,2016,1
Energy,IR,2017,2
Energy,IR,2018,2
Energy,IR,2019,2
Energy,IR,2020,2
Energy,IR,2021,2
Energy,IR,2022,2
Energy,IR,2023,2
Energy,IR,2024,2
Energy,IT,2015,10
Energy,IT,2016,10
Energy,IT,2017,9
Energy,IT,2018,8
Energy,IT,2019,7
Energy,IT,2020,7
Energy,IT,2021,6
Energy,IT,2022,5
Energy,IT,2023,5
Energy,IT,2024,4
Energy,JP,2015,39
Energy,JP,2016,36
Energy,JP,2017,37
Energy,JP,2018,35
Energy,JP,2019,35
Energy,JP,2020,30
Energy,JP,2021,29
Energy,JP,2022,27
Energy,JP,2023,23
Energy,JP,2024,21
Energy,KR,2015,5
Energy,KR,2016,6
Energy,KR,2017,6
Energy,KR,2018,6
Energy,KR,2019,6
Energy,KR,2020,6
Energy,KR,2021,6
Energy,KR,2022,8
Energy,KR,2023,7
Energy,KR,2024,9
Energy,MO,2021,1
Energy,MO,2022,3
Energy,MO,2023,4
Energy,MO,2024,4
Energy,MY,2016,1
Energy,MY,2017,1
Energy,MY,2018,1
Energy,MY,2019,1
Energy,MY,2020,1
Energy,MY,2021,1
Energy,MY,2022,2
Energy,MY,2023,3
Energy,MY,2024,3
Energy,NL,2015,9
Energy,NL,2016,9
Energy,NL,2017,8
Energy,NL,2018,6
Energy,NL,2019,6
Energy,NL,2020,5
Energy,NL,2021,5
Energy,NL,2022,5
Energy,NL,2023,5
Energy,NL,2024,4
Energy,NO,2015,1
Energy,NO,2016,2
Energy,NO,2017,1
Energy,NO,2018,1
Energy,NO,2019,1
Energy,NO,2020,1
Energy,NO,2021,1
Energy,NO,2022,1
Energy,NO,2023,1
Energy,NO,2024,1
Energy,NZ,2020,1
Energy,NZ,2021,1
Energy,NZ,2022,2
Energy,NZ,2023,2
Energy,NZ,2024,2
Energy,PL,2015,1
Energy,PL,2016,1
Energy,PR,2021,1
Energy,PR,2022,1
Energy,PT,2015,2
Energy,PT,2016,2
Energy,PT,2017,2
Energy,PT,2018,2
Energy,PT,2019,2
Energy,PT,2020,2
Energy,PT,2021,1
Energy,PT,2022,1
Energy,RO,2020,1
Energy,RO,2021,1
Energy,RO,2022,1
Energy,RO,2023,1
Energy,RO,2024,1
Energy,RS,2015,1
Energy,RS,2016,1
Energy,RS,2017,1
Energy,RS,2018,1
Energy,RS,2019,1
Energy,RS,2020,1
Energy,RS,2021,1
Energy,RS,2022,1
Energy,RS,2023,1
Energy,RS,2024,1
Energy,RU,2015,1
Energy,RU,2016,2
Energy,RU,2017,2
Energy,RU,2018,3
Energy,RU,2019,3
Energy,RU,2020,3
Energy,RU,2021,3
Energy,RU,2022,3
Energy,RU,2023,3
Energy,RU,2024,2
Energy,SA,2015,3
Energy,SA,2016,4
Energy,SA,2017,4
Energy,SA,2018,4
Energy,SA,2019,4
Energy,SA,2020,5
Energy,SA,2021,5
Energy,SA,2022,5
Energy,SA,2023,5
Energy,SA,2024,6
Energy,SE,2015,7
Energy,SE,2016,7
Energy,SE,2017,5
Energy,SE,2018,5
Energy,SE,2019,5
Energy,SE,2020,5
Energy,SE,2021,5
Energy,SE,2022,4
Energy,SE,2023,4
Energy,SE,2024,4
Energy,SG,2015,3
Energy,SG,2016,3
Energy,SG,2017,3
Energy,SG,2018,6
Energy,SG,2019,6
Energy,SG,2020,9
Energy,SG,2021,10
Energy,SG,2022,11
Energy,SG,2023,12
Energy,SG,2024,12
Energy,SK,2015,1
Energy,SK,2016,1
Energy,SK,2017,1
Energy,SK,2018,1
Energy,SK,2019,1
Energy,TR,2020,1
Energy,TR,2021,1
Energy,TR,2022,1
Energy,TR,2023,1
Energy,TR,2024,1
Energy,TW,2015,6
Energy,TW,2016,6
Energy,TW,2017,6
Energy,TW,2018,5
Energy,TW,2019,5
Energy,TW,2020,5
Energy,TW,2021,4
Energy,TW,2022,4
Energy,TW,2023,4
Energy,TW,2024,4
Energy,US,2015,81
Energy,US,2016,79
Energy,US,2017,77
Energy,US,2018,78
Energy,US,2019,75
Energy,US,2020,78
Energy,US,2021,71
Energy,US,2022,61
Energy,US,2023,57
Energy,US,2024,50
Energy,VN,2020,1
Energy,VN,2021,1
Energy,VN,2022,1
Energy,VN,2023,1
Engineering,AE,2015,2
Engineering,AE,2016,3
Engineering,AE,2017,3
Engineering,AE,2018,3
Engineering,AE,2019,6
Engineering,AE,2020,6
Engineering,AE,2021,7
Engineering,AE,2022,8
Engineering,AE,2023,12
Engineering,AE,2024,13
Engineering,AM,2015,1
Engineering,AM,2016,1
Engineering,AM,2017,1
Engineering,AR,2015,3
Engineering,AR,2016,4
Engineering,AR,2017,4
Engineering,AR,2018,5
Engineering,AR,2019,4
Engineering,AR,2020,3
Engineering,AR,2021,3
Engineering,AR,2022,2
Engineering,AR,2023,2
Engineering,AR,2024,1
Engineering,AT,2015,66
Engineering,AT,2016,67
Engineering,AT,2017,64
Engineering,AT,2018,60
Engineering,AT,2019,58
Engineering,AT,2020,57
Engineering,AT,2021,56
Engineering,AT,2022,53
Engineering,AT,2023,51
Engineering,AT,2024,54
Engineering,AU,2015,250
Engineering,AU,2016,264
Engineering,AU,2017,277
Engineering,AU,2018,282
Engineering,AU,2019,303
Engineering,AU,2020,324
Engineering,AU,2021,342
Engineering,AU,2022,346
Engineering,AU,2023,358
Engineering,AU,2024,362
Engineering,AZ,2022,1
Engineering,BD,2015,1
Engineering,BD,2016,1
Engineering,BD,2017,3
Engineering,BD,2018,3
Engineering,BD,2019,4
Engineering,BD,2020,4
Engineering,BD,2021,4
Engineering,BD,2022,4
Engineering,BD,2023,3
Engineering,BD,2024,4
Engineering,BE,2015,122
Engineering,BE,2016,121
Engineering,BE,2017,125
Engineering,BE,2018,124
Engineering,BE,2019,118
Engineering,BE,2020,118
Engineering,BE,2021,118
Engineering,BE,2022,117
Engineering,BE,2023,109
Engineering,BE,2024,104
Engineering,BG,2015,18
Engineering,BG,2016,18
Engineering,BG,2017,17
Engineering,BG,2018,16
Engineering,BG,2019,17
Engineering,BG,2020,17
Engineering,BG,2021,15
Engineering,BG,2022,15
Engineering,BG,2023,14
Engineering,BG,2024,14
Engineering,BH,2024,1
Engineering,BI,2015,1
Engineering,BI,2016,1
Engineering,BI,2017,2
Engineering,BI,2018,2
Engineering,BI,2019,2
Engineering,BI,2020,1
Engineering,BI,2021,1
Engineering,BI,2022,2
Engineering,BI,2023,1
Engineering,BI,2024,1
Engineering,BN,2015,1
Engineering,BN,2016,1
Engineering,BN,2017,1
Engineering,BN,2018,1
Engineering,BN,2019,1
Engineering,BN,2020,2
Engineering,BN,2021,1
Engineering,BN,2022,2
Engineering,BN,2023,3
Engineering,BN,2024,3
Engineering,BR,2015,22
Engineering,BR,2016,22
Engineering,BR,2017,26
Engineering,BR,2018,23
Engineering,BR,2019,22
Engineering,BR,2020,21
Engineering,BR,2021,21
Engineering,BR,2022,20
Engineering,BR,2023,21
Engineering,BR,2024,20
Engineering,BY,2023,1
Engineering,CA,2015,368
Engineering,CA,2016,360
Engineering,CA,2017,351
Engineering,CA,2018,356
Engineering,CA,2019,353
Engineering,CA,2020,341
Engineering,CA,2021,341
Engineering,CA,2022,342
Engineering,CA,2023,327
Engineering,CA,2024,322
Engineering,CH,2015,166
Engineering,CH,2016,161
Engineering,CH,2017,171
Engineering,CH,2018,174
Engineering,CH,2019,176
Engineering,CH,2020,168
Engineering,CH,2021,168
Engineering,CH,2022,161
Engineering,CH,2023,157
Engineering,CH,2024,154
Engineering,CL,2015,7
Engineering,CL,2016,8
Engineering,CL,2017,9
Engineering,CL,2018,10
Engineering,CL,2019,9
Engineering,CL,2020,7
Engineering,CL,2021,7
Engineering,CL,2022,6
Engineering,CL,2023,5
Engineering,CL,2024,5
Engineering,CM,2015,1
Engineering,CM,2016,1
Engineering,CM,2017,1
Engineering,CM,2018,1
Engineering,CM,2019,1
Engineering,CM,2020,1
Engineering,CM,2021,1
Engineering,CM,2022,1
Engineering,CN,2015,443
Engineering,CN,2016,530
Engineering,CN,2017,639
Engineering,CN,2018,772
Engineering,CN,2019,933
Engineering,CN,2020,1103
Engineering,CN,2021,1292
Engineering,CN,2022,1497
Engineering,CN,2023,1690
Engineering,CN,2024,1909
Engineering,CNX,2015,596
Engineering,CNX,2016,688
Engineering,CNX,2017,799
Engineering,CNX,2018,940
Engineering,CNX,2019,1104
Engineering,CNX,2020,1278
Engineering,CNX,2021,1473
Engineering,CNX,2022,1672
Engineering,CNX,2023,1874
Engineering,CNX,2024,2101
Engineering,CO,2015,1
Engineering,CO,2016,1
Engineering,CO,2017,1
Engineering,CO,2018,1
Engineering,CO,2019,1
Engineering,CO,2020,1
Engineering,CO,2021,2
Engineering,CO,2022,2
Engineering,CO,2023,2
Engineering,CO,2024,1
Engineering,CY,2015,4
Engineering,CY,2016,3
Engineering,CY,2017,2
Engineering,CY,2018,2
Engineering,CY,2019,3
Engineering,CY,2020,4
Engineering,CY,2021,3
Engineering,CY,2022,3
Engineering,CY,2023,2
Engineering,CY,2024,2
Engineering,CZ,2015,19
Engineering,CZ,2016,18
Engineering,CZ,2017,16
Engineering,CZ,2018,17
Engineering,CZ,2019,16
Engineering,CZ,2020,14
Engineering,CZ,2021,12
Engineering,CZ,2022,11
Engineering,CZ,2023,10
Engineering,CZ,2024,10
Engineering,DE,2015,511
Engineering,DE,2016,503
Engineering,DE,2017,492
Engineering,DE,2018,486
Engineering,DE,2019,485
Engineering,DE,2020,488
Engineering,DE,2021,476
Engineering,DE,2022,461
Engineering,DE,2023,453
Engineering,DE,2024,432
Engineering,DK,2015,75
Engineering,DK,2016,78
Engineering,DK,2017,77
Engineering,DK,2018,78
Engineering,DK,2019,77
Engineering,DK,2020,73
Engineering,DK,2021,70
Engineering,DK,2022,72
Engineering,DK,2023,70
Engineering,DK,2024,67
Engineering,DZ,2016,1
Engineering,DZ,2017,1
Engineering,DZ,2018,1
Engineering,DZ,2019,1
Engineering,DZ,2020,1
Engineering,DZ,2021,1
Engineering,DZ,2022,1
Engineering,DZ,2023,1
Engineering,DZ,2024,1
Engineering,EC,2023,1
Engineering,EC,2024,1
Engineering,EE,2015,2
Engineering,EE,2016,2
Engineering,EE,2017,2
Engineering,EE,2018,1
Engineering,EE,2019,1
Engineering,EE,2020,1
Engineering,EE,2021,1
Engineering,EE,2022,2
Engineering,EE,2023,2
Engineering,EE,2024,3
Engineering,EG,2015,7
Engineering,EG,2016,5
Engineering,EG,2017,6
Engineering,EG,2018,6
Engineering,EG,2019,4
Engineering,EG,2020,6
Engineering,EG,2021,6
Engineering,EG,2022,6
Engineering,EG,2023,7
Engineering,EG,2024,7
Engineering,ES,2015,106
Engineering,ES,2016,108
Engineering,ES,2017,117
Engineering,ES,2018,119
Engineering,ES,2019,120
Engineering,ES,2020,123
Engineering,ES,2021,123
Engineering,ES,2022,127
Engineering,ES,2023,123
Engineering,ES,2024,121
Engineering,ET,2018,1
Engineering,ET,2019,1
Engineering,ET,2020,1
Engineering,ET,2021,1
Engineering,ET,2022,1
Engineering,ET,2023,1
Engineering,FI,2015,47
Engineering,FI,2016,46
Engineering,FI,2017,43
Engineering,FI,2018,43
Engineering,FI,2019,43
Engineering,FI,2020,37
Engineering,FI,2021,35
Engineering,FI,2022,36
Engineering,FI,2023,34
Engineering,FI,2024,32
Engineering,FR,2015,238
Engineering,FR,2016,231
Engineering,FR,2017,224
Engineering,FR,2018,214
Engineering,FR,2019,209
Engineering,FR,2020,202
Engineering,FR,2021,194
Engineering,FR,2022,187
Engineering,FR,2023,192
Engineering,FR,2024,192
Engineering,GB,2015,718
Engineering,GB,2016,704
Engineering,GB,2017,682
Engineering,GB,2018,694
Engineering,GB,2019,673
Engineering,GB,2020,654
Engineering,GB,2021,635
Engineering,GB,2022,606
Engineering,GB,2023,585
Engineering,GB,2024,576
Engineering,GR,2015,30
Engineering,GR,2016,28
Engineering,GR,2017,29
Engineering,GR,2018,30
Engineering,GR,2019,29
Engineering,GR,2020,28
Engineering,GR,2021,27
Engineering,GR,2022,26
Engineering,GR,2023,23
Engineering,GR,2024,22
Engineering,HK,2015,121
Engineering,HK,2016,126
Engineering,HK,2017,135
Engineering,HK,2018,147
Engineering,HK,2019,153
Engineering,HK,2020,166
Engineering,HK,2021,180
Engineering,HK,2022,187
Engineering,HK,2023,211
Engineering,HK,2024,236
Engineering,HU,2015,8
Engineering,HU,2016,7
Engineering,HU,2017,7
Engineering,HU,2018,6
Engineering,HU,2019,6
Engineering,HU,2020,6
Engineering,HU,2021,6
Engineering,HU,2022,6
Engineering,HU,2023,7
Engineering,HU,2024,7
Engineering,ID,2016,1
Engineering,ID,2017,1
Engineering,ID,2018,1
Engineering,ID,2019,2
Engineering,ID,2020,2
Engineering,ID,2021,2
Engineering,ID,2022,2
Engineering,ID,2023,2
Engineering,ID,2024,3
Engineering,IE,2015,34
Engineering,IE,2016,31
Engineering,IE,2017,28
Engineering,IE,2018,30
Engineering,IE,2019,26
Engineering,IE,2020,26
Engineering,IE,2021,26
Engineering,IE,2022,23
Engineering,IE,2023,21
Engineering,IE,2024,20
Engineering,IL,2015,88
Engineering,IL,2016,86
Engineering,IL,2017,85
Engineering,IL,2018,79
Engineering,IL,2019,75
Engineering,IL,2020,69
Engineering,IL,2021,62
Engineering,IL,2022,59
Engineering,IL,2023,57
Engineering,IL,2024,54
Engineering,IN,2015,75
Engineering,IN,2016,79
Engineering,IN,2017,81
Engineering,IN,2018,79
Engineering,IN,2019,77
Engineering,IN,2020,83
Engineering,IN,2021,89
Engineering,IN,2022,91
Engineering,IN,2023,93
Engineering,IN,2024,97
Engineering,IQ,2024,1
Engineering,IR,2015,8
Engineering,IR,2016,16
Engineering,IR,2017,21
Engineering,IR,2018,24
Engineering,IR,2019,29
Engineering,IR,2020,37
Engineering,IR,2021,48
Engineering,IR,2022,48
Engineering,IR,2023,50
Engineering,IR,2024,51
Engineering,IS,2015,2
Engineering,IS,2016,3
Engineering,IS,2017,3
Engineering,IS,2018,3
Engineering,IS,2019,3
Engineering,IS,2020,3
Engineering,IS,2021,4
Engineering,IS,2022,4
Engineering,IS,2023,4
Engineering,IS,2024,4
Engineering,IT,2015,171
Engineering,IT,2016,173
Engineering,IT,2017,180
Engineering,IT,2018,177
Engineering,IT,2019,173
Engineering,IT,2020,175
Engineering,IT,2021,173
Engineering,IT,2022,167
Engineering,IT,2023,161
Engineering,IT,2024,152
Engineering,JO,2018,2
Engineering,JO,2019,2
Engineering,JO,2020,2
Engineering,JO,2021,2
Engineering,JO,2022,3
Engineering,JO,2023,3
Engineering,JO,2024,3
Engineering,JP,2015,534
Engineering,JP,2016,501
Engineering,JP,2017,467
Engineering,JP,2018,440
Engineering,JP,2019,423
Engineering,JP,2020,410
Engineering,JP,2021,379
Engineering,JP,2022,350
Engineering,JP,2023,334
Engineering,JP,2024,299
Engineering,KH,2015,1
Engineering,KH,2016,1
Engineering,KH,2017,1
Engineering,KR,2015,135
Engineering,KR,2016,153
Engineering,KR,2017,170
Engineering,KR,2018,190
Engineering,KR,2019,203
Engineering,KR,2020,210
Engineering,KR,2021,217
Engineering,KR,2022,225
Engineering,KR,2023,236
Engineering,KR,2024,234
Engineering,KW,2015,2
Engineering,KW,2016,3
Engineering,KW,2017,3
Engineering,KW,2018,3
Engineering,KW,2019,2
Engineering,KW,2020,2
Engineering,KW,2021,2
Engineering,KW,2022,2
Engineering,KW,2023,3
Engineering,KW,2024,2
Engineering,KZ,2015,1
Engineering,KZ,2024,1
Engineering,LB,2015,1
Engineering,LB,2016,1
Engineering,LB,2017,1
Engineering,LB,2023,5
Engineering,LB,2024,9
Engineering,LK,2015,1
Engineering,LK,2016,1
Engineering,LK,2017,2
Engineering,LK,2018,2
Engineering,LK,2019,2
Engineering,LK,2020,2
Engineering,LK,2021,2
Engineering,LK,2022,2
Engineering,LK,2023,1
Engineering,LK,2024,1
Engineering,LT,2020,1
Engineering,LT,2021,1
Engineering,LT,2022,1
Engineering,LT,2023,1
Engineering,LT,2024,1
Engineering,LU,2015,2
Engineering,LU,2016,2
Engineering,LU,2017,2
Engineering,LU,2018,2
Engineering,LU,2019,2
Engineering,LU,2020,2
Engineering,LU,2021,2
Engineering,LU,2022,3
Engineering,LU,2023,3
Engineering,LU,2024,4
Engineering,LV,2015,1
Engineering,LV,2016,1
Engineering,LV,2017,1
Engineering,LV,2018,1
Engineering,LV,2019,1
Engineering,LV,2020,1
Engineering,LV,2021,1
Engineering,LV,2022,1
Engineering,LV,2023,1
Engineering,MA,2015,1
Engineering,MA,2016,1
Engineering,MA,2017,1
Engineering,MA,2018,2
Engineering,MA,2019,2
Engineering,MA,2020,2
Engineering,MA,2021,1
Engineering,MA,2022,1
Engineering,MA,2023,1
Engineering,MA,2024,1
Engineering,MK,2015,2
Engineering,MK,2016,2
Engineering,MK,2017,2
Engineering,MK,2018,2
Engineering,MK,2019,2
Engineering,MK,2020,3
Engineering,MK,2021,5
Engineering,MK,2022,6
Engineering,MK,2023,7
Engineering,MK,2024,8
Engineering,MN,2015,1
Engineering,MN,2016,1
Engineering,MN,2017,1
Engineering,MN,2018,1
Engineering,MN,2019,1
Engineering,MN,2020,1
Engineering,MN,2021,1
Engineering,MN,2022,1
Engineering,MN,2023,1
Engineering,MN,2024,1
Engineering,MO,2017,1
Engineering,MO,2018,4
Engineering,MO,2019,5
Engineering,MO,2020,6
Engineering,MO,2021,10
Engineering,MO,2022,16
Engineering,MO,2023,20
Engineering,MO,2024,23
Engineering,MT,2018,1
Engineering,MT,2019,1
Engineering,MT,2020,1
Engineering,MT,2021,1
Engineering,MU,2019,1
Engineering,MV,2021,2
Engineering,MV,2022,2
Engineering,MV,2023,2
Engineering,MV,2024,2
Engineering,MW,2021,1
Engineering,MW,2022,1
Engineering,MW,2023,1
Engineering,MW,2024,1
Engineering,MX,2015,11
Engineering,MX,2016,11
Engineering,MX,2017,11
Engineering,MX,2018,12
Engineering,MX,2019,11
Engineering,MX,2020,11
Engineering,MX,2021,11
Engineering,MX,2022,12
Engineering,MX,2023,12
Engineering,MX,2024,14
Engineering,MY,2015,11
Engineering,MY,2016,16
Engineering,MY,2017,20
Engineering,MY,2018,22
Engineering,MY,2019,23
Engineering,MY,2020,32
Engineering,MY,2021,38
Engineering,MY,2022,43
Engineering,MY,2023,48
Engineering,MY,2024,56
Engineering,NE,2015,2
Engineering,NE,2016,1
Engineering,NE,2017,1
Engineering,NE,2018,1
Engineering,NE,2019,1
Engineering,NE,2020,1
Engineering,NE,2021,1
Engineering,NE,2022,1
Engineering,NE,2023,1
Engineering,NE,2024,1
Engineering,NL,2015,167
Engineering,NL,2016,167
Engineering,NL,2017,168
Engineering,NL,2018,169
Engineering,NL,2019,178
Engineering,NL,2020,174
Engineering,NL,2021,166
Engineering,NL,2022,158
Engineering,NL,2023,149
Engineering,NL,2024,149
Engineering,NO,2015,16
Engineering,NO,2016,15
Engineering,NO,2017,17
Engineering,NO,2018,19
Engineering,NO,2019,19
Engineering,NO,2020,22
Engineering,NO,2021,22
Engineering,NO,2022,21
Engineering,NO,2023,22
Engineering,NO,2024,23
Engineering,NP,2015,1
Engineering,NP,2016,1
Engineering,NP,2017,1
Engineering,NP,2018,1
Engineering,NP,2019,1
Engineering,NP,2020,1
Engineering,NP,2021,1
Engineering,NP,2022,1
Engineering,NZ,2015,21
Engineering,NZ,2016,23
Engineering,NZ,2017,23
Engineering,NZ,2018,22
Engineering,NZ,2019,21
Engineering,NZ,2020,21
Engineering,NZ,2021,19
Engineering,NZ,2022,18
Engineering,NZ,2023,17
Engineering,NZ,2024,16
Engineering,OM,2022,1
Engineering,OM,2023,1
Engineering,OM,2024,1
Engineering,PG,2015,1
Engineering,PG,2016,1
Engineering,PG,2017,1
Engineering,PG,2018,1
Engineering,PG,2019,1
Engineering,PG,2020,1
Engineering,PG,2021,1
Engineering,PG,2022,1
Engineering,PH,2015,3
Engineering,PH,2016,2
Engineering,PH,2017,2
Engineering,PH,2018,1
Engineering,PH,2019,1
Engineering,PH,2020,2
Engineering,PH,2021,2
Engineering,PH,2022,2
Engineering,PH,2023,2
Engineering,PH,2024,2
Engineering,PK,2015,4
Engineering,PK,2016,5
Engineering,PK,2017,6
Engineering,PK,2018,7
Engineering,PK,2019,8
Engineering,PK,2020,11
Engineering,PK,2021,13
Engineering,PK,2022,14
Engineering,PK,2023,15
Engineering,PK,2024,20
Engineering,PL,2015,24
Engineering,PL,2016,26
Engineering,PL,2017,26
Engineering,PL,2018,25
Engineering,PL,2019,25
Engineering,PL,2020,26
Engineering,PL,2021,25
Engineering,PL,2022,23
Engineering,PL,2023,25
Engineering,PL,2024,23
Engineering,PR,2015,1
Engineering,PR,2016,1
Engineering,PR,2017,1
Engineering,PR,2018,1
Engineering,PR,2019,2
Engineering,PR,2020,2
Engineering,PR,2021,2
Engineering,PR,2022,2
Engineering,PR,2023,2
Engineering,PR,2024,2
Engineering,PS,2024,1
Engineering,PT,2015,20
Engineering,PT,2016,23
Engineering,PT,2017,25
Engineering,PT,2018,26
Engineering,PT,2019,27
Engineering,PT,2020,28
Engineering,PT,2021,28
Engineering,PT,2022,32
Engineering,PT,2023,33
Engineering,PT,2024,36
Engineering,QA,2015,2
Engineering,QA,2016,3
Engineering,QA,2017,5
Engineering,QA,2018,5
Engineering,QA,2019,5
Engineering,QA,2020,5
Engineering,QA,2021,5
Engineering,QA,2022,5
Engineering,QA,2023,7
Engineering,QA,2024,7
Engineering,RO,2015,7
Engineering,RO,2016,7
Engineering,RO,2017,6
Engineering,RO,2018,6
Engineering,RO,2019,7
Engineering,RO,2020,8
Engineering,RO,2021,7
Engineering,RO,2022,7
Engineering,RO,2023,7
Engineering,RO,2024,6
Engineering,RS,2015,5
Engineering,RS,2016,6
Engineering,RS,2017,7
Engineering,RS,2018,6
Engineering,RS,2019,6
Engineering,RS,2020,6
Engineering,RS,2021,4
Engineering,RS,2022,4
Engineering,RS,2023,2
Engineering,RS,2024,2
Engineering,RU,2015,43
Engineering,RU,2016,46
Engineering,RU,2017,45
Engineering,RU,2018,44
Engineering,RU,2019,41
Engineering,RU,2020,45
Engineering,RU,2021,44
Engineering,RU,2022,43
Engineering,RU,2023,45
Engineering,RU,2024,45
Engineering,SA,2015,30
Engineering,SA,2016,43
Engineering,SA,2017,50
Engineering,SA,2018,58
Engineering,SA,2019,61
Engineering,SA,2020,68
Engineering,SA,2021,79
Engineering,SA,2022,81
Engineering,SA,2023,84
Engineering,SA,2024,91
Engineering,SD,2016,1
Engineering,SD,2017,1
Engineering,SD,2018,1
Engineering,SD,2019,1
Engineering,SD,2020,4
Engineering,SD,2021,5
Engineering,SD,2022,5
Engineering,SD,2023,6
Engineering,SD,2024,5
Engineering,SE,2015,128
Engineering,SE,2016,126
Engineering,SE,2017,132
Engineering,SE,2018,134
Engineering,SE,2019,131
Engineering,SE,2020,128
Engineering,SE,2021,120
Engineering,SE,2022,111
Engineering,SE,2023,107
Engineering,SE,2024,108
Engineering,SG,2015,133
Engineering,SG,2016,152
Engineering,SG,2017,172
Engineering,SG,2018,211
Engineering,SG,2019,219
Engineering,SG,2020,230
Engineering,SG,2021,246
Engineering,SG,2022,258
Engineering,SG,2023,271
Engineering,SG,2024,276
Engineering,SI,2015,4
Engineering,SI,2016,3
Engineering,SI,2017,3
Engineering,SI,2018,3
Engineering,SI,2019,3
Engineering,SI,2020,3
Engineering,SI,2021,3
Engineering,SI,2022,3
Engineering,SI,2023,3
Engineering,SI,2024,3
Engineering,SK,2015,5
Engineering,SK,2016,6
Engineering,SK,2017,6
Engineering,SK,2018,6
Engineering,SK,2019,5
Engineering,SK,2020,3
Engineering,SK,2021,3
Engineering,SK,2022,5
Engineering,SK,2023,5
Engineering,SK,2024,5
Engineering,SS,2015,9
Engineering,SS,2016,9
Engineering,SS,2017,8
Engineering,SS,2018,9
Engineering,SS,2019,10
Engineering,SS,2020,11
Engineering,SS,2021,12
Engineering,SS,2022,11
Engineering,SS,2023,12
Engineering,SS,2024,10
Engineering,TH,2015,2
Engineering,TH,2016,2
Engineering,TH,2017,2
Engineering,TH,2018,3
Engineering,TH,2019,4
Engineering,TH,2020,7
Engineering,TH,2021,7
Engineering,TH,2022,8
Engineering,TH,2023,8
Engineering,TH,2024,12
Engineering,TJ,2015,1
Engineering,TJ,2016,1
Engineering,TJ,2017,1
Engineering,TR,2015,11
Engineering,TR,2016,12
Engineering,TR,2017,13
Engineering,TR,2018,14
Engineering,TR,2019,16
Engineering,TR,2020,17
Engineering,TR,2021,18
Engineering,TR,2022,18
Engineering,TR,2023,17
Engineering,TR,2024,22
Engineering,TW,2015,65
Engineering,TW,2016,69
Engineering,TW,2017,70
Engineering,TW,2018,73
Engineering,TW,2019,74
Engineering,TW,2020,77
Engineering,TW,2021,79
Engineering,TW,2022,77
Engineering,TW,2023,80
Engineering,TW,2024,81
Engineering,UA,2015,6
Engineering,UA,2016,6
Engineering,UA,2017,5
Engineering,UA,2018,4
Engineering,UA,2019,4
Engineering,UA,2020,3
Engineering,UA,2021,3
Engineering,UA,2022,3
Engineering,UA,2023,3
Engineering,UA,2024,3
Engineering,US,2015,3609
Engineering,US,2016,3516
Engineering,US,2017,3433
Engineering,US,2018,3344
Engineering,US,2019,3248
Engineering,US,2020,3144
Engineering,US,2021,3042
Engineering,US,2022,2924
Engineering,US,2023,2794
Engineering,US,2024,2652
Engineering,UY,2015,1
Engineering,VE,2015,3
Engineering,VE,2016,2
Engineering,VE,2017,2
Engineering,VE,2018,2
Engineering,VE,2019,2
Engineering,VE,2020,2
Engineering,VE,2021,2
Engineering,VE,2022,2
Engineering,VE,2023,2
Engineering,VE,2024,2
Engineering,VG,2015,4
Engineering,VG,2016,3
Engineering,VG,2017,3
Engineering,VG,2018,3
Engineering,VG,2019,2
Engineering,VG,2020,2
Engineering,VG,2021,2
Engineering,VG,2022,2
Engineering,VG,2023,2
Engineering,VG,2024,2
Engineering,VN,2016,1
Engineering,VN,2017,3
Engineering,VN,2018,3
Engineering,VN,2019,4
Engineering,VN,2020,10
Engineering,VN,2021,17
Engineering,VN,2022,18
Engineering,VN,2023,16
Engineering,VN,2024,17
Engineering,ZA,2015,13
Engineering,ZA,2016,16
Engineering,ZA,2017,18
Engineering,ZA,2018,18
Engineering,ZA,2019,18
Engineering,ZA,2020,18
Engineering,ZA,2021,21
Engineering,ZA,2022,23
Engineering,ZA,2023,26
Engineering,ZA,2024,26
Environmental Science,AE,2015,3
Environmental Science,AE,2016,2
Environmental Science,AE,2017,2
Environmental Science,AE,2018,2
Environmental Science,AE,2019,3
Environmental Science,AE,2020,2
Environmental Science,AE,2021,3
Environmental Science,AE,2022,3
Environmental Science,AE,2023,5
Environmental Science,AE,2024,6
Environmental Science,AR,2015,6
Environmental Science,AR,2016,6
Environmental Science,AR,2017,6
Environmental Science,AR,2018,6
Environmental Science,AR,2019,6
Environmental Science,AR,2020,6
Environmental Science,AR,2021,5
Environmental Science,AR,2022,4
Environmental Science,AR,2023,4
Environmental Science,AR,2024,4
Environmental Science,AT,2015,15
Environmental Science,AT,2016,15
Environmental Science,AT,2017,14
Environmental Science,AT,2018,17
Environmental Science,AT,2019,20
Environmental Science,AT,2020,18
Environmental Science,AT,2021,22
Environmental Science,AT,2022,25
Environmental Science,AT,2023,27
Environmental Science,AT,2024,30
Environmental Science,AU,2015,153
Environmental Science,AU,2016,156
Environmental Science,AU,2017,165
Environmental Science,AU,2018,173
Environmental Science,AU,2019,180
Environmental Science,AU,2020,195
Environmental Science,AU,2021,205
Environmental Science,AU,2022,209
Environmental Science,AU,2023,209
Environmental Science,AU,2024,207
Environmental Science,BD,2015,1
Environmental Science,BD,2016,1
Environmental Science,BD,2017,1
Environmental Science,BD,2018,1
Environmental Science,BD,2019,1
Environmental Science,BD,2023,1
Environmental Science,BD,2024,1
Environmental Science,BE,2015,30
Environmental Science,BE,2016,28
Environmental Science,BE,2017,28
Environmental Science,BE,2018,27
Environmental Science,BE,2019,29
Environmental Science,BE,2020,28
Environmental Science,BE,2021,30
Environmental Science,BE,2022,30
Environmental Science,BE,2023,31
Environmental Science,BE,2024,32
Environmental Science,BF,2022,1
Environmental Science,BF,2024,1
Environmental Science,BG,2022,1
Environmental Science,BG,2023,1
Environmental Science,BG,2024,1
Environmental Science,BI,2015,2
Environmental Science,BI,2016,2
Environmental Science,BI,2017,1
Environmental Science,BI,2018,1
Environmental Science,BI,2019,1
Environmental Science,BI,2020,1
Environmental Science,BI,2021,1
Environmental Science,BI,2022,1
Environmental Science,BO,2016,1
Environmental Science,BO,2017,1
Environmental Science,BO,2018,1
Environmental Science,BO,2019,1
Environmental Science,BO,2020,1
Environmental Science,BO,2021,1
Environmental Science,BO,2022,1
Environmental Science,BO,2023,1
Environmental Science,BO,2024,1
Environmental Science,BR,2015,17
Environmental Science,BR,2016,15
Environmental Science,BR,2017,16
Environmental Science,BR,2018,16
Environmental Science,BR,2019,17
Environmental Science,BR,2020,21
Environmental Science,BR,2021,25
Environmental Science,BR,2022,26
Environmental Science,BR,2023,26
Environmental Science,BR,2024,26
Environmental Science,CA,2015,193
Environmental Science,CA,2016,186
Environmental Science,CA,2017,181
Environmental Science,CA,2018,172
Environmental Science,CA,2019,165
Environmental Science,CA,2020,160
Environmental Science,CA,2021,157
Environmental Science,CA,2022,158
Environmental Science,CA,2023,149
Environmental Science,CA,2024,147
Environmental Science,CH,2015,54
Environmental Science,CH,2016,58
Environmental Science,CH,2017,64
Environmental Science,CH,2018,66
Environmental Science,CH,2019,69
Environmental Science,CH,2020,68
Environmental Science,CH,2021,69
Environmental Science,CH,2022,69
Environmental Science,CH,2023,70
Environmental Science,CH,2024,69
Environmental Science,CL,2015,1
Environmental Science,CL,2016,2
Environmental Science,CL,2017,2
Environmental Science,CL,2018,2
Environmental Science,CL,2019,2
Environmental Science,CL,2020,2
Environmental Science,CL,2021,2
Environmental Science,CL,2022,2
Environmental Science,CL,2023,2
Environmental Science,CL,2024,2
Environmental Science,CN,2015,47
Environmental Science,CN,2016,53
Environmental Science,CN,2017,63
Environmental Science,CN,2018,71
Environmental Science,CN,2019,93
Environmental Science,CN,2020,120
Environmental Science,CN,2021,135
Environmental Science,CN,2022,158
Environmental Science,CN,2023,186
Environmental Science,CN,2024,208
Environmental Science,CNX,2015,57
Environmental Science,CNX,2016,64
Environmental Science,CNX,2017,75
Environmental Science,CNX,2018,83
Environmental Science,CNX,2019,108
Environmental Science,CNX,2020,136
Environmental Science,CNX,2021,147
Environmental Science,CNX,2022,171
Environmental Science,CNX,2023,200
Environmental Science,CNX,2024,224
Environmental Science,CO,2015,2
Environmental Science,CO,2016,2
Environmental Science,CO,2017,3
Environmental Science,CO,2018,3
Environmental Science,CO,2019,3
Environmental Science,CO,2020,4
Environmental Science,CO,2021,4
Environmental Science,CO,2022,3
Environmental Science,CO,2023,3
Environmental Science,CO,2024,3
Environmental Science,CR,2015,3
Environmental Science,CR,2016,3
Environmental Science,CR,2017,3
Environmental Science,CR,2018,3
Environmental Science,CR,2019,3
Environmental Science,CR,2020,3
Environmental Science,CR,2021,3
Environmental Science,CR,2022,1
Environmental Science,CR,2023,1
Environmental Science,CR,2024,1
Environmental Science,CY,2020,1
Environmental Science,CY,2021,1
Environmental Science,CY,2022,1
Environmental Science,CY,2023,2
Environmental Science,CY,2024,2
Environmental Science,CZ,2015,4
Environmental Science,CZ,2016,3
Environmental Science,CZ,2017,4
Environmental Science,CZ,2018,5
Environmental Science,CZ,2019,5
Environmental Science,CZ,2020,5
Environmental Science,CZ,2021,6
Environmental Science,CZ,2022,6
Environmental Science,CZ,2023,6
Environmental Science,CZ,2024,6
Environmental Science,DE,2015,124
Environmental Science,DE,2016,126
Environmental Science,DE,2017,128
Environmental Science,DE,2018,131
Environmental Science,DE,2019,130
Environmental Science,DE,2020,132
Environmental Science,DE,2021,130
Environmental Science,DE,2022,138
Environmental Science,DE,2023,144
Environmental Science,DE,2024,149
Environmental Science,DK,2015,28
Environmental Science,DK,2016,29
Environmental Science,DK,2017,30
Environmental Science,DK,2018,35
Environmental Science,DK,2019,35
Environmental Science,DK,2020,38
Environmental Science,DK,2021,37
Environmental Science,DK,2022,36
Environmental Science,DK,2023,40
Environmental Science,DK,2024,38
Environmental Science,DZ,2015,1
Environmental Science,EE,2015,1
Environmental Science,EE,2016,1
Environmental Science,EE,2017,1
Environmental Science,EE,2018,1
Environmental Science,EE,2019,1
Environmental Science,EE,2020,1
Environmental Science,EE,2021,1
Environmental Science,EE,2022,1
Environmental Science,EE,2023,1
Environmental Science,EE,2024,1
Environmental Science,EG,2024,1
Environmental Science,ES,2015,40
Environmental Science,ES,2016,40
Environmental Science,ES,2017,43
Environmental Science,ES,2018,44
Environmental Science,ES,2019,43
Environmental Science,ES,2020,48
Environmental Science,ES,2021,50
Environmental Science,ES,2022,54
Environmental Science,ES,2023,53
Environmental Science,ES,2024,55
Environmental Science,ET,2015,1
Environmental Science,ET,2016,1
Environmental Science,ET,2017,1
Environmental Science,ET,2018,1
Environmental Science,ET,2019,1
Environmental Science,ET,2020,1
Environmental Science,ET,2021,1
Environmental Science,ET,2022,1
Environmental Science,ET,2023,1
Environmental Science,ET,2024,2
Environmental Science,FI,2015,23
Environmental Science,FI,2016,22
Environmental Science,FI,2017,23
Environmental Science,FI,2018,23
Environmental Science,FI,2019,22
Environmental Science,FI,2020,23
Environmental Science,FI,2021,22
Environmental Science,FI,2022,20
Environmental Science,FI,2023,20
Environmental Science,FI,2024,19
Environmental Science,FJ,2016,1
Environmental Science,FJ,2017,1
Environmental Science,FJ,2018,1
Environmental Science,FJ,2019,1
Environmental Science,FJ,2020,1
Environmental Science,FJ,2021,1
Environmental Science,FJ,2022,1
Environmental Science,FJ,2023,1
Environmental Science,FJ,2024,1
Environmental Science,FO,2015,1
Environmental Science,FO,2016,1
Environmental Science,FO,2017,1
Environmental Science,FO,2018,1
Environmental Science,FO,2019,1
Environmental Science,FO,2020,1
Environmental Science,FO,2021,1
Environmental Science,FO,2022,1
Environmental Science,FO,2023,1
Environmental Science,FR,2015,61
Environmental Science,FR,2016,62
Environmental Science,FR,2017,63
Environmental Science,FR,2018,59
Environmental Science,FR,2019,61
Environmental Science,FR,2020,60
Environmental Science,FR,2021,61
Environmental Science,FR,2022,61
Environmental Science,FR,2023,63
Environmental Science,FR,2024,65
Environmental Science,GB,2015,308
Environmental Science,GB,2016,307
Environmental Science,GB,2017,305
Environmental Science,GB,2018,299
Environmental Science,GB,2019,293
Environmental Science,GB,2020,286
Environmental Science,GB,2021,273
Environmental Science,GB,2022,267
Environmental Science,GB,2023,265
Environmental Science,GB,2024,263
Environmental Science,GE,2019,1
Environmental Science,GE,2020,1
Environmental Science,GE,2021,1
Environmental Science,GE,2022,1
Environmental Science,GE,2023,1
Environmental Science,GE,2024,1
Environmental Science,GH,2022,1
Environmental Science,GH,2023,1
Environmental Science,GH,2024,1
Environmental Science,GL,2015,1
Environmental Science,GL,2016,1
Environmental Science,GL,2017,1
Environmental Science,GL,2018,1
Environmental Science,GL,2019,1
Environmental Science,GL,2020,1
Environmental Science,GL,2021,1
Environmental Science,GL,2022,1
Environmental Science,GL,2023,1
Environmental Science,GL,2024,1
Environmental Science,GR,2015,5
Environmental Science,GR,2016,6
Environmental Science,GR,2017,6
Environmental Science,GR,2018,6
Environmental Science,GR,2019,7
Environmental Science,GR,2020,7
Environmental Science,GR,2021,7
Environmental Science,GR,2022,7
Environmental Science,GR,2023,7
Environmental Science,GR,2024,8
Environmental Science,HK,2015,12
Environmental Science,HK,2016,13
Environmental Science,HK,2017,13
Environmental Science,HK,2018,14
Environmental Science,HK,2019,17
Environmental Science,HK,2020,21
Environmental Science,HK,2021,20
Environmental Science,HK,2022,24
Environmental Science,HK,2023,28
Environmental Science,HK,2024,30
Environmental Science,HR,2015,1
Environmental Science,HR,2016,1
Environmental Science,HR,2017,1
Environmental Science,HR,2018,1
Environmental Science,HU,2023,1
Environmental Science,HU,2024,1
Environmental Science,ID,2015,5
Environmental Science,ID,2016,9
Environmental Science,ID,2017,9
Environmental Science,ID,2018,8
Environmental Science,ID,2019,9
Environmental Science,ID,2020,9
Environmental Science,ID,2021,9
Environmental Science,ID,2022,9
Environmental Science,ID,2023,7
Environmental Science,ID,2024,7
Environmental Science,IE,2015,2
Environmental Science,IE,2016,1
Environmental Science,IE,2017,1
Environmental Science,IE,2018,1
Environmental Science,IE,2019,2
Environmental Science,IE,2020,2
Environmental Science,IE,2021,2
Environmental Science,IE,2022,2
Environmental Science,IE,2023,2
Environmental Science,IE,2024,3
Environmental Science,IL,2015,13
Environmental Science,IL,2016,12
Environmental Science,IL,2017,12
Environmental Science,IL,2018,12
Environmental Science,IL,2019,11
Environmental Science,IL,2020,11
Environmental Science,IL,2021,11
Environmental Science,IL,2022,9
Environmental Science,IL,2023,7
Environmental Science,IL,2024,5
Environmental Science,IN,2015,10
Environmental Science,IN,2016,9
Environmental Science,IN,2017,7
Environmental Science,IN,2018,8
Environmental Science,IN,2019,9
Environmental Science,IN,2020,9
Environmental Science,IN,2021,10
Environmental Science,IN,2022,12
Environmental Science,IN,2023,14
Environmental Science,IN,2024,15
Environmental Science,IQ,2020,1
Environmental Science,IQ,2021,1
Environmental Science,IQ,2022,1
Environmental Science,IQ,2023,1
Environmental Science,IQ,2024,2
Environmental Science,IR,2020,1
Environmental Science,IR,2021,2
Environmental Science,IR,2022,2
Environmental Science,IR,2023,2
Environmental Science,IR,2024,2
Environmental Science,IS,2015,1
Environmental Science,IS,2016,1
Environmental Science,IS,2017,2
Environmental Science,IS,2018,2
Environmental Science,IS,2019,2
Environmental Science,IS,2020,2
Environmental Science,IS,2021,2
Environmental Science,IS,2022,2
Environmental Science,IS,2023,2
Environmental Science,IS,2024,2
Environmental Science,IT,2015,20
Environmental Science,IT,2016,17
Environmental Science,IT,2017,15
Environmental Science,IT,2018,16
Environmental Science,IT,2019,16
Environmental Science,IT,2020,17
Environmental Science,IT,2021,19
Environmental Science,IT,2022,19
Environmental Science,IT,2023,19
Environmental Science,IT,2024,21
Environmental Science,JO,2023,1
Environmental Science,JO,2024,1
Environmental Science,JP,2015,27
Environmental Science,JP,2016,26
Environmental Science,JP,2017,29
Environmental Science,JP,2018,27
Environmental Science,JP,2019,25
Environmental Science,JP,2020,27
Environmental Science,JP,2021,26
Environmental Science,JP,2022,27
Environmental Science,JP,2023,25
Environmental Science,JP,2024,23
Environmental Science,KE,2015,8
Environmental Science,KE,2016,8
Environmental Science,KE,2017,8
Environmental Science,KE,2018,7
Environmental Science,KE,2019,7
Environmental Science,KE,2020,6
Environmental Science,KE,2021,6
Environmental Science,KE,2022,7
Environmental Science,KE,2023,8
Environmental Science,KE,2024,8
Environmental Science,KR,2015,3
Environmental Science,KR,2016,4
Environmental Science,KR,2017,5
Environmental Science,KR,2018,8
Environmental Science,KR,2019,8
Environmental Science,KR,2020,9
Environmental Science,KR,2021,12
Environmental Science,KR,2022,13
Environmental Science,KR,2023,14
Environmental Science,KR,2024,15
Environmental Science,KW,2015,1
Environmental Science,KW,2016,1
Environmental Science,KW,2017,1
Environmental Science,KW,2018,1
Environmental Science,KW,2019,1
Environmental Science,KW,2020,1
Environmental Science,KW,2021,1
Environmental Science,KZ,2015,1
Environmental Science,KZ,2016,1
Environmental Science,KZ,2017,1
Environmental Science,KZ,2018,1
Environmental Science,KZ,2019,1
Environmental Science,LA,2015,1
Environmental Science,LA,2016,1
Environmental Science,LA,2017,1
Environmental Science,LA,2018,1
Environmental Science,LA,2019,1
Environmental Science,LA,2020,1
Environmental Science,LA,2021,1
Environmental Science,LA,2022,1
Environmental Science,LA,2023,1
Environmental Science,LA,2024,1
Environmental Science,LB,2015,1
Environmental Science,LB,2016,1
Environmental Science,LB,2017,1
Environmental Science,LB,2018,1
Environmental Science,LB,2019,1
Environmental Science,LB,2020,1
Environmental Science,LB,2021,1
Environmental Science,LB,2023,1
Environmental Science,LK,2015,1
Environmental Science,LK,2016,1
Environmental Science,LK,2017,1
Environmental Science,LK,2018,1
Environmental Science,LK,2019,1
Environmental Science,LK,2020,1
Environmental Science,LK,2021,1
Environmental Science,LK,2022,2
Environmental Science,LK,2023,2
Environmental Science,LK,2024,2
Environmental Science,MA,2015,4
Environmental Science,MA,2016,4
Environmental Science,MA,2017,5
Environmental Science,MA,2018,5
Environmental Science,MA,2019,5
Environmental Science,MA,2020,5
Environmental Science,MA,2021,4
Environmental Science,MA,2022,4
Environmental Science,MA,2023,4
Environmental Science,MA,2024,4
Environmental Science,MC,2015,2
Environmental Science,MC,2016,1
Environmental Science,MX,2015,2
Environmental Science,MX,2016,2
Environmental Science,MX,2017,3
Environmental Science,MX,2018,3
Environmental Science,MX,2019,2
Environmental Science,MX,2020,2
Environmental Science,MX,2021,3
Environmental Science,MX,2022,2
Environmental Science,MX,2023,3
Environmental Science,MX,2024,3
Environmental Science,MY,2015,2
Environmental Science,MY,2016,2
Environmental Science,MY,2017,4
Environmental Science,MY,2018,4
Environmental Science,MY,2019,4
Environmental Science,MY,2020,4
Environmental Science,MY,2021,5
Environmental Science,MY,2022,5
Environmental Science,MY,2023,5
Environmental Science,MY,2024,6
Environmental Science,NL,2015,88
Environmental Science,NL,2016,93
Environmental Science,NL,2017,96
Environmental Science,NL,2018,97
Environmental Science,NL,2019,99
Environmental Science,NL,2020,102
Environmental Science,NL,2021,110
Environmental Science,NL,2022,111
Environmental Science,NL,2023,108
Environmental Science,NL,2024,111
Environmental Science,NO,2015,27
Environmental Science,NO,2016,29
Environmental Science,NO,2017,27
Environmental Science,NO,2018,28
Environmental Science,NO,2019,29
Environmental Science,NO,2020,31
Environmental Science,NO,2021,30
Environmental Science,NO,2022,29
Environmental Science,NO,2023,29
Environmental Science,NO,2024,29
Environmental Science,NZ,2015,25
Environmental Science,NZ,2016,25
Environmental Science,NZ,2017,25
Environmental Science,NZ,2018,25
Environmental Science,NZ,2019,27
Environmental Science,NZ,2020,24
Environmental Science,NZ,2021,21
Environmental Science,NZ,2022,18
Environmental Science,NZ,2023,17
Environmental Science,NZ,2024,19
Environmental Science,PA,2015,15
Environmental Science,PA,2016,15
Environmental Science,PA,2017,15
Environmental Science,PA,2018,15
Environmental Science,PA,2019,14
Environmental Science,PA,2020,13
Environmental Science,PA,2021,11
Environmental Science,PA,2022,11
Environmental Science,PA,2023,10
Environmental Science,PA,2024,10
Environmental Science,PE,2017,1
Environmental Science,PE,2018,1
Environmental Science,PE,2019,1
Environmental Science,PE,2020,1
Environmental Science,PE,2021,1
Environmental Science,PE,2022,1
Environmental Science,PE,2023,1
Environmental Science,PE,2024,1
Environmental Science,PF,2017,1
Environmental Science,PF,2018,1
Environmental Science,PF,2019,1
Environmental Science,PF,2020,1
Environmental Science,PF,2021,1
Environmental Science,PF,2022,1
Environmental Science,PF,2024,1
Environmental Science,PH,2015,1
Environmental Science,PH,2016,1
Environmental Science,PH,2017,1
Environmental Science,PH,2018,1
Environmental Science,PH,2019,1
Environmental Science,PH,2020,1
Environmental Science,PH,2021,1
Environmental Science,PH,2022,1
Environmental Science,PH,2023,1
Environmental Science,PH,2024,1
Environmental Science,PK,2021,1
Environmental Science,PK,2022,1
Environmental Science,PK,2023,2
Environmental Science,PK,2024,3
Environmental Science,PL,2015,6
Environmental Science,PL,2016,6
Environmental Science,PL,2017,6
Environmental Science,PL,2018,6
Environmental Science,PL,2019,6
Environmental Science,PL,2020,7
Environmental Science,PL,2021,7
Environmental Science,PL,2022,6
Environmental Science,PL,2023,6
Environmental Science,PL,2024,5
Environmental Science,PR,2015,3
Environmental Science,PR,2016,3
Environmental Science,PR,2017,3
Environmental Science,PR,2018,3
Environmental Science,PR,2019,4
Environmental Science,PR,2020,3
Environmental Science,PR,2021,3
Environmental Science,PR,2022,3
Environmental Science,PR,2023,2
Environmental Science,PR,2024,2
Environmental Science,PT,2015,5
Environmental Science,PT,2016,6
Environmental Science,PT,2017,6
Environmental Science,PT,2018,8
Environmental Science,PT,2019,8
Environmental Science,PT,2020,9
Environmental Science,PT,2021,10
Environmental Science,PT,2022,10
Environmental Science,PT,2023,13
Environmental Science,PT,2024,12
Environmental Science,QA,2015,1
Environmental Science,QA,2016,2
Environmental Science,QA,2017,2
Environmental Science,QA,2018,2
Environmental Science,QA,2019,2
Environmental Science,QA,2020,4
Environmental Science,QA,2021,3
Environmental Science,QA,2022,3
Environmental Science,QA,2023,3
Environmental Science,QA,2024,3
Environmental Science,RO,2015,1
Environmental Science,RO,2016,1
Environmental Science,RO,2017,1
Environmental Science,RO,2018,1
Environmental Science,RO,2019,1
Environmental Science,RO,2020,1
Environmental Science,RO,2021,2
Environmental Science,RO,2022,2
Environmental Science,RO,2023,2
Environmental Science,RO,2024,2
Environmental Science,RU,2015,3
Environmental Science,RU,2016,3
Environmental Science,RU,2017,3
Environmental Science,RU,2018,3
Environmental Science,RU,2019,4
Environmental Science,RU,2020,4
Environmental Science,RU,2021,4
Environmental Science,RU,2022,4
Environmental Science,RU,2023,3
Environmental Science,RU,2024,3
Environmental Science,SA,2015,8
Environmental Science,SA,2016,7
Environmental Science,SA,2017,6
Environmental Science,SA,2018,6
Environmental Science,SA,2019,7
Environmental Science,SA,2020,8
Environmental Science,SA,2021,11
Environmental Science,SA,2022,12
Environmental Science,SA,2023,14
Environmental Science,SA,2024,17
Environmental Science,SE,2015,60
Environmental Science,SE,2016,59
Environmental Science,SE,2017,58
Environmental Science,SE,2018,59
Environmental Science,SE,2019,60
Environmental Science,SE,2020,67
Environmental Science,SE,2021,62
Environmental Science,SE,2022,60
Environmental Science,SE,2023,58
Environmental Science,SE,2024,62
Environmental Science,SG,2015,5
Environmental Science,SG,2016,5
Environmental Science,SG,2017,10
Environmental Science,SG,2018,10
Environmental Science,SG,2019,12
Environmental Science,SG,2020,14
Environmental Science,SG,2021,16
Environmental Science,SG,2022,17
Environmental Science,SG,2023,17
Environmental Science,SG,2024,17
Environmental Science,SI,2015,1
Environmental Science,SI,2016,1
Environmental Science,SI,2020,1
Environmental Science,SI,2021,1
Environmental Science,SI,2022,1
Environmental Science,SI,2023,2
Environmental Science,SI,2024,2
Environmental Science,SK,2015,9
Environmental Science,SK,2016,9
Environmental Science,SK,2017,9
Environmental Science,SK,2018,7
Environmental Science,SK,2019,7
Environmental Science,SK,2020,6
Environmental Science,SK,2021,3
Environmental Science,SK,2022,3
Environmental Science,SK,2023,4
Environmental Science,SK,2024,5
Environmental Science,TH,2019,1
Environmental Science,TH,2020,1
Environmental Science,TH,2021,1
Environmental Science,TH,2022,1
Environmental Science,TH,2023,1
Environmental Science,TH,2024,1
Environmental Science,TR,2019,1
Environmental Science,TR,2020,2
Environmental Science,TR,2021,2
Environmental Science,TR,2022,2
Environmental Science,TR,2023,2
Environmental Science,TR,2024,2
Environmental Science,TW,2015,5
Environmental Science,TW,2016,5
Environmental Science,TW,2017,6
Environmental Science,TW,2018,6
Environmental Science,TW,2019,6
Environmental Science,TW,2020,6
Environmental Science,TW,2021,4
Environmental Science,TW,2022,4
Environmental Science,TW,2023,6
Environmental Science,TW,2024,7
Environmental Science,TZ,2015,1
Environmental Science,TZ,2016,1
Environmental Science,TZ,2017,1
Environmental Science,TZ,2018,1
Environmental Science,TZ,2019,1
Environmental Science,TZ,2020,1
Environmental Science,TZ,2021,1
Environmental Science,TZ,2022,1
Environmental Science,TZ,2023,1
Environmental Science,TZ,2024,1
Environmental Science,UG,2019,1
Environmental Science,UG,2020,1
Environmental Science,UG,2021,1
Environmental Science,UG,2022,1
Environmental Science,UG,2023,1
Environmental Science,UG,2024,1
Environmental Science,US,2015,1252
Environmental Science,US,2016,1237
Environmental Science,US,2017,1215
Environmental Science,US,2018,1207
Environmental Science,US,2019,1184
Environmental Science,US,2020,1149
Environmental Science,US,2021,1118
Environmental Science,US,2022,1093
Environmental Science,US,2023,1072
Environmental Science,US,2024,1042
Environmental Science,UY,2015,2
Environmental Science,UY,2016,2
Environmental Science,UY,2017,2
Environmental Science,UY,2018,2
Environmental Science,UY,2019,2
Environmental Science,UY,2020,2
Environmental Science,UY,2021,2
Environmental Science,UY,2022,2
Environmental Science,UY,2023,1
Environmental Science,UY,2024,1
Environmental Science,VE,2015,1
Environmental Science,VE,2016,1
Environmental Science,VE,2017,1
Environmental Science,VE,2018,1
Environmental Science,VE,2019,1
Environmental Science,VE,2020,1
Environmental Science,VI,2015,1
Environmental Science,VI,2016,1
Environmental Science,VI,2017,1
Environmental Science,VN,2020,1
Environmental Science,VN,2021,4
Environmental Science,VN,2022,5
Environmental Science,VN,2023,4
Environmental Science,VN,2024,5
Environmental Science,YE,2023,1
Environmental Science,YE,2024,1
Environmental Science,ZA,2015,16
Environmental Science,ZA,2016,17
Environmental Science,ZA,2017,17
Environmental Science,ZA,2018,16
Environmental Science,ZA,2019,18
Environmental Science,ZA,2020,19
Environmental Science,ZA,2021,20
Environmental Science,ZA,2022,20
Environmental Science,ZA,2023,19
Environmental Science,ZA,2024,20
Environmental Science,ZW,2015,1
Environmental Science,ZW,2016,1
Environmental Science,ZW,2017,1
Environmental Science,ZW,2018,1
Environmental Science,ZW,2019,1
Environmental Science,ZW,2020,1
Environmental Science,ZW,2021,1
Environmental Science,ZW,2022,1
Environmental Science,ZW,2023,1
Environmental Science,ZW,2024,1
Health Professions,AE,2015,1
Health Professions,AE,2016,1
Health Professions,AE,2017,1
Health Professions,AE,2018,1
Health Professions,AE,2019,1
Health Professions,AT,2015,2
Health Professions,AT,2016,2
Health Professions,AT,2017,2
Health Professions,AT,2018,1
Health Professions,AT,2019,1
Health Professions,AT,2020,1
Health Professions,AT,2021,2
Health Professions,AT,2022,3
Health Professions,AT,2023,4
Health Professions,AT,2024,4
Health Professions,AU,2015,68
Health Professions,AU,2016,68
Health Professions,AU,2017,74
Health Professions,AU,2018,77
Health Professions,AU,2019,78
Health Professions,AU,2020,78
Health Professions,AU,2021,85
Health Professions,AU,2022,86
Health Professions,AU,2023,88
Health Professions,AU,2024,89
Health Professions,BE,2015,5
Health Professions,BE,2016,5
Health Professions,BE,2017,7
Health Professions,BE,2018,7
Health Professions,BE,2019,8
Health Professions,BE,2020,9
Health Professions,BE,2021,11
Health Professions,BE,2022,12
Health Professions,BE,2023,13
Health Professions,BE,2024,17
Health Professions,BG,2015,1
Health Professions,BG,2016,1
Health Professions,BG,2017,1
Health Professions,BR,2015,7
Health Professions,BR,2016,7
Health Professions,BR,2017,6
Health Professions,BR,2018,5
Health Professions,BR,2019,5
Health Professions,BR,2020,5
Health Professions,BR,2021,4
Health Professions,BR,2022,4
Health Professions,BR,2023,4
Health Professions,BR,2024,4
Health Professions,BY,2015,1
Health Professions,BY,2016,2
Health Professions,BY,2017,1
Health Professions,BY,2018,1
Health Professions,BY,2019,1
Health Professions,BY,2020,1
Health Professions,BY,2021,1
Health Professions,BY,2022,1
Health Professions,BY,2023,1
Health Professions,BY,2024,1
Health Professions,CA,2015,117
Health Professions,CA,2016,121
Health Professions,CA,2017,120
Health Professions,CA,2018,121
Health Professions,CA,2019,121
Health Professions,CA,2020,126
Health Professions,CA,2021,127
Health Professions,CA,2022,127
Health Professions,CA,2023,131
Health Professions,CA,2024,132
Health Professions,CH,2015,20
Health Professions,CH,2016,19
Health Professions,CH,2017,18
Health Professions,CH,2018,16
Health Professions,CH,2019,16
Health Professions,CH,2020,16
Health Professions,CH,2021,19
Health Professions,CH,2022,20
Health Professions,CH,2023,21
Health Professions,CH,2024,22
Health Professions,CL,2020,1
Health Professions,CL,2021,1
Health Professions,CL,2022,1
Health Professions,CL,2023,1
Health Professions,CL,2024,1
Health Professions,CM,2015,1
Health Professions,CM,2016,2
Health Professions,CM,2017,1
Health Professions,CM,2018,2
Health Professions,CM,2019,2
Health Professions,CM,2020,2
Health Professions,CM,2021,1
Health Professions,CM,2022,1
Health Professions,CM,2023,1
Health Professions,CM,2024,1
Health Professions,CN,2015,4
Health Professions,CN,2016,4
Health Professions,CN,2017,3
Health Professions,CN,2018,4
Health Professions,CN,2019,4
Health Professions,CN,2020,6
Health Professions,CN,2021,6
Health Professions,CN,2022,7
Health Professions,CN,2023,7
Health Professions,CN,2024,8
Health Professions,CNX,2015,6
Health Professions,CNX,2016,5
Health Professions,CNX,2017,4
Health Professions,CNX,2018,5
Health Professions,CNX,2019,6
Health Professions,CNX,2020,8
Health Professions,CNX,2021,8
Health Professions,CNX,2022,10
Health Professions,CNX,2023,11
Health Professions,CNX,2024,12
Health Professions,CZ,2019,1
Health Professions,CZ,2020,1
Health Professions,CZ,2021,1
Health Professions,CZ,2022,1
Health Professions,CZ,2023,1
Health Professions,CZ,2024,2
Health Professions,DE,2015,39
Health Professions,DE,2016,41
Health Professions,DE,2017,42
Health Professions,DE,2018,41
Health Professions,DE,2019,44
Health Professions,DE,2020,43
Health Professions,DE,2021,42
Health Professions,DE,2022,41
Health Professions,DE,2023,40
Health Professions,DE,2024,43
Health Professions,DK,2015,21
Health Professions,DK,2016,21
Health Professions,DK,2017,21
Health Professions,DK,2018,19
Health Professions,DK,2019,20
Health Professions,DK,2020,21
Health Professions,DK,2021,19
Health Professions,DK,2022,20
Health Professions,DK,2023,20
Health Professions,DK,2024,21
Health Professions,EE,2019,1
Health Professions,EE,2020,1
Health Professions,EE,2021,1
Health Professions,EE,2022,1
Health Professions,EE,2023,1
Health Professions,EE,2024,1
Health Professions,ES,2015,6
Health Professions,ES,2016,7
Health Professions,ES,2017,7
Health Professions,ES,2018,7
Health Professions,ES,2019,7
Health Professions,ES,2020,7
Health Professions,ES,2021,7
Health Professions,ES,2022,8
Health Professions,ES,2023,8
Health Professions,ES,2024,9
Health Professions,FI,2015,19
Health Professions,FI,2016,19
Health Professions,FI,2017,19
Health Professions,FI,2018,19
Health Professions,FI,2019,19
Health Professions,FI,2020,20
Health Professions,FI,2021,20
Health Professions,FI,2022,21
Health Professions,FI,2023,21
Health Professions,FI,2024,21
Health Professions,FR,2015,17
Health Professions,FR,2016,17
Health Professions,FR,2017,18
Health Professions,FR,2018,17
Health Professions,FR,2019,16
Health Professions,FR,2020,15
Health Professions,FR,2021,15
Health Professions,FR,2022,16
Health Professions,FR,2023,15
Health Professions,FR,2024,17
Health Professions,GB,2015,238
Health Professions,GB,2016,238
Health Professions,GB,2017,237
Health Professions,GB,2018,229
Health Professions,GB,2019,234
Health Professions,GB,2020,240
Health Professions,GB,2021,242
Health Professions,GB,2022,242
Health Professions,GB,2023,242
Health Professions,GB,2024,246
Health Professions,GL,2019,1
Health Professions,GR,2015,2
Health Professions,GR,2016,3
Health Professions,GR,2017,3
Health Professions,GR,2018,3
Health Professions,GR,2019,3
Health Professions,GR,2020,3
Health Professions,GR,2021,3
Health Professions,GR,2022,3
Health Professions,GR,2023,3
Health Professions,GR,2024,3
Health Professions,HK,2019,1
Health Professions,HK,2020,1
Health Professions,HK,2021,1
Health Professions,HK,2022,2
Health Professions,HK,2023,3
Health Professions,HK,2024,4
Health Professions,HU,2020,1
Health Professions,HU,2021,1
Health Professions,HU,2022,1
Health Professions,HU,2023,1
Health Professions,HU,2024,1
Health Professions,IE,2015,4
Health Professions,IE,2016,4
Health Professions,IE,2017,4
Health Professions,IE,2018,3
Health Professions,IE,2019,5
Health Professions,IE,2020,6
Health Professions,IE,2021,6
Health Professions,IE,2022,7
Health Professions,IE,2023,8
Health Professions,IE,2024,9
Health Professions,IL,2015,6
Health Professions,IL,2016,6
Health Professions,IL,2017,6
Health Professions,IL,2018,6
Health Professions,IL,2019,6
Health Professions,IL,2020,6
Health Professions,IL,2021,6
Health Professions,IL,2022,6
Health Professions,IL,2023,6
Health Professions,IL,2024,6
Health Professions,IN,2015,7
Health Professions,IN,2016,6
Health Professions,IN,2017,8
Health Professions,IN,2018,8
Health Professions,IN,2019,6
Health Professions,IN,2020,6
Health Professions,IN,2021,6
Health Professions,IN,2022,8
Health Professions,IN,2023,7
Health Professions,IN,2024,7
Health Professions,IR,2015,1
Health Professions,IR,2016,1
Health Professions,IR,2017,1
Health Professions,IR,2018,2
Health Professions,IR,2019,2
Health Professions,IR,2020,2
Health Professions,IR,2021,3
Health Professions,IR,2022,3
Health Professions,IR,2023,3
Health Professions,IR,2024,4
Health Professions,IS,2015,1
Health Professions,IS,2016,1
Health Professions,IS,2017,1
Health Professions,IS,2018,1
Health Professions,IS,2019,1
Health Professions,IS,2020,1
Health Professions,IS,2021,1
Health Professions,IS,2022,1
Health Professions,IS,2023,1
Health Professions,IS,2024,1
Health Professions,IT,2015,9
Health Professions,IT,2016,10
Health Professions,IT,2017,9
Health Professions,IT,2018,11
Health Professions,IT,2019,11
Health Professions,IT,2020,9
Health Professions,IT,2021,8
Health Professions,IT,2022,8
Health Professions,IT,2023,9
Health Professions,IT,2024,10
Health Professions,JP,2015,8
Health Professions,JP,2016,9
Health Professions,JP,2017,10
Health Professions,JP,2018,11
Health Professions,JP,2019,12
Health Professions,JP,2020,13
Health Professions,JP,2021,12
Health Professions,JP,2022,12
Health Professions,JP,2023,12
Health Professions,JP,2024,12
Health Professions,KE,2015,1
Health Professions,KE,2016,1
Health Professions,KE,2017,1
Health Professions,KE,2018,1
Health Professions,KE,2019,1
Health Professions,KE,2020,3
Health Professions,KE,2021,3
Health Professions,KE,2022,3
Health Professions,KE,2023,3
Health Professions,KE,2024,3
Health Professions,KR,2015,2
Health Professions,KR,2016,3
Health Professions,KR,2017,3
Health Professions,KR,2018,3
Health Professions,KR,2019,3
Health Professions,KR,2020,2
Health Professions,KR,2021,2
Health Professions,KR,2022,2
Health Professions,KR,2023,2
Health Professions,KR,2024,3
Health Professions,KW,2015,1
Health Professions,KW,2016,1
Health Professions,KW,2017,1
Health Professions,KW,2018,1
Health Professions,KW,2019,1
Health Professions,KW,2020,1
Health Professions,KW,2021,1
Health Professions,KW,2022,1
Health Professions,KW,2023,1
Health Professions,KW,2024,1
Health Professions,LA,2015,2
Health Professions,LA,2016,2
Health Professions,LA,2017,2
Health Professions,LA,2018,2
Health Professions,LA,2019,3
Health Professions,LA,2020,2
Health Professions,LA,2021,2
Health Professions,LA,2022,2
Health Professions,LA,2023,2
Health Professions,LA,2024,2
Health Professions,LB,2015,1
Health Professions,LB,2016,1
Health Professions,LB,2017,1
Health Professions,LB,2018,1
Health Professions,LU,2019,1
Health Professions,LU,2020,1
Health Professions,LU,2021,1
Health Professions,LU,2022,1
Health Professions,LU,2023,1
Health Professions,LU,2024,1
Health Professions,LV,2015,1
Health Professions,ML,2015,2
Health Professions,ML,2016,2
Health Professions,ML,2017,2
Health Professions,ML,2018,2
Health Professions,ML,2019,2
Health Professions,ML,2020,2
Health Professions,ML,2021,2
Health Professions,ML,2022,2
Health Professions,ML,2023,1
Health Professions,ML,2024,1
Health Professions,MO,2022,1
Health Professions,MO,2023,1
Health Professions,MO,2024,1
Health Professions,MT,2015,1
Health Professions,MT,2016,1
Health Professions,MT,2017,1
Health Professions,MT,2019,1
Health Professions,MT,2020,1
Health Professions,MT,2021,1
Health Professions,MT,2022,1
Health Professions,MT,2023,1
Health Professions,MT,2024,1
Health Professions,MW,2019,1
Health Professions,MW,2020,1
Health Professions,MW,2021,1
Health Professions,MW,2022,1
Health Professions,MW,2023,1
Health Professions,MW,2024,1
Health Professions,MX,2015,2
Health Professions,MX,2016,2
Health Professions,MX,2017,3
Health Professions,MX,2018,2
Health Professions,MX,2019,3
Health Professions,MX,2020,2
Health Professions,MX,2021,2
Health Professions,MX,2022,2
Health Professions,MX,2023,2
Health Professions,MX,2024,2
Health Professions,NL,2015,50
Health Professions,NL,2016,51
Health Professions,NL,2017,54
Health Professions,NL,2018,56
Health Professions,NL,2019,56
Health Professions,NL,2020,55
Health Professions,NL,2021,57
Health Professions,NL,2022,57
Health Professions,NL,2023,57
Health Professions,NL,2024,60
Health Professions,NO,2015,21
Health Professions,NO,2016,20
Health Professions,NO,2017,17
Health Professions,NO,2018,18
Health Professions,NO,2019,18
Health Professions,NO,2020,16
Health Professions,NO,2021,18
Health Professions,NO,2022,18
Health Professions,NO,2023,18
Health Professions,NO,2024,19
Health Professions,NZ,2015,8
Health Professions,NZ,2016,7
Health Professions,NZ,2017,8
Health Professions,NZ,2018,9
Health Professions,NZ,2019,10
Health Professions,NZ,2020,9
Health Professions,NZ,2021,9
Health Professions,NZ,2022,9
Health Professions,NZ,2023,9
Health Professions,NZ,2024,10
Health Professions,PK,2015,1
Health Professions,PK,2016,1
Health Professions,PK,2017,1
Health Professions,PK,2018,1
Health Professions,PK,2019,1
Health Professions,PK,2020,1
Health Professions,PK,2021,1
Health Professions,PK,2022,1
Health Professions,PK,2023,1
Health Professions,PK,2024,2
Health Professions,PR,2019,1
Health Professions,PR,2020,1
Health Professions,PR,2021,1
Health Professions,PR,2022,1
Health Professions,PR,2023,1
Health Professions,PR,2024,1
Health Professions,PT,2015,1
Health Professions,PT,2016,1
Health Professions,PT,2017,2
Health Professions,PT,2018,2
Health Professions,PT,2019,2
Health Professions,PT,2020,2
Health Professions,PT,2021,2
Health Professions,PT,2022,2
Health Professions,PT,2023,4
Health Professions,PT,2024,3
Health Professions,QA,2015,7
Health Professions,QA,2016,6
Health Professions,QA,2017,5
Health Professions,QA,2018,5
Health Professions,QA,2019,5
Health Professions,QA,2020,5
Health Professions,QA,2021,6
Health Professions,QA,2022,6
Health Professions,QA,2023,6
Health Professions,QA,2024,7
Health Professions,RU,2015,2
Health Professions,RU,2016,2
Health Professions,RU,2017,2
Health Professions,RU,2018,2
Health Professions,RU,2019,2
Health Professions,RU,2020,1
Health Professions,RU,2021,1
Health Professions,RU,2022,1
Health Professions,RU,2023,1
Health Professions,RU,2024,1
Health Professions,SE,2015,29
Health Professions,SE,2016,31
Health Professions,SE,2017,31
Health Professions,SE,2018,31
Health Professions,SE,2019,34
Health Professions,SE,2020,34
Health Professions,SE,2021,33
Health Professions,SE,2022,36
Health Professions,SE,2023,35
Health Professions,SE,2024,37
Health Professions,SG,2015,2
Health Professions,SG,2016,2
Health Professions,SG,2017,4
Health Professions,SG,2018,4
Health Professions,SG,2019,4
Health Professions,SG,2020,3
Health Professions,SG,2021,3
Health Professions,SG,2022,5
Health Professions,SG,2023,5
Health Professions,SG,2024,4
Health Professions,SI,2015,1
Health Professions,SI,2016,1
Health Professions,SI,2017,1
Health Professions,SI,2018,1
Health Professions,SI,2019,1
Health Professions,SI,2020,1
Health Professions,SI,2021,1
Health Professions,SI,2022,1
Health Professions,SI,2023,1
Health Professions,SI,2024,1
Health Professions,SK,2015,2
Health Professions,SK,2016,2
Health Professions,SK,2017,2
Health Professions,SK,2018,2
Health Professions,SK,2019,2
Health Professions,SK,2020,2
Health Professions,SK,2021,2
Health Professions,SK,2022,2
Health Professions,SK,2023,2
Health Professions,SK,2024,2
Health Professions,SN,2023,1
Health Professions,SN,2024,1
Health Professions,ST,2015,1
Health Professions,ST,2016,1
Health Professions,ST,2017,1
Health Professions,ST,2018,1
Health Professions,ST,2019,1
Health Professions,ST,2020,1
Health Professions,ST,2021,1
Health Professions,ST,2022,1
Health Professions,ST,2023,1
Health Professions,ST,2024,1
Health Professions,TR,2015,1
Health Professions,TW,2015,2
Health Professions,TW,2016,1
Health Professions,TW,2017,1
Health Professions,TW,2018,1
Health Professions,TW,2019,1
Health Professions,TW,2020,1
Health Professions,TW,2021,1
Health Professions,TW,2022,1
Health Professions,TW,2023,1
Health Professions,TW,2024,1
Health Professions,TZ,2015,2
Health Professions,TZ,2016,2
Health Professions,TZ,2017,2
Health Professions,TZ,2018,2
Health Professions,TZ,2019,2
Health Professions,TZ,2020,2
Health Professions,TZ,2021,2
Health Professions,TZ,2022,2
Health Professions,TZ,2023,2
Health Professions,TZ,2024,2
Health Professions,US,2015,670
Health Professions,US,2016,663
Health Professions,US,2017,659
Health Professions,US,2018,647
Health Professions,US,2019,637
Health Professions,US,2020,623
Health Professions,US,2021,611
Health Professions,US,2022,595
Health Professions,US,2023,586
Health Professions,US,2024,567
Health Professions,VN,2015,8
Health Professions,VN,2016,8
Health Professions,VN,2017,7
Health Professions,VN,2018,8
Health Professions,VN,2019,5
Health Professions,VN,2020,5
Health Professions,VN,2021,3
Health Professions,VN,2022,2
Health Professions,VN,2023,2
Health Professions,VN,2024,2
Health Professions,ZA,2015,8
Health Professions,ZA,2016,9
Health Professions,ZA,2017,8
Health Professions,ZA,2018,7
Health Professions,ZA,2019,8
Health Professions,ZA,2020,8
Health Professions,ZA,2021,12
Health Professions,ZA,2022,13
Health Professions,ZA,2023,12
Health Professions,ZA,2024,12
Health Professions,ZW,2015,1
Health Professions,ZW,2016,1
Health Professions,ZW,2017,1
Health Professions,ZW,2018,1
Health Professions,ZW,2020,1
Health Professions,ZW,2021,1
Health Professions,ZW,2022,1
Health Professions,ZW,2023,1
Health Professions,ZW,2024,1
Immunology and Microbiology,AR,2023,1
Immunology and Microbiology,AR,2024,1
Immunology and Microbiology,AT,2015,5
Immunology and Microbiology,AT,2016,5
Immunology and Microbiology,AT,2017,5
Immunology and Microbiology,AT,2018,5
Immunology and Microbiology,AT,2019,4
Immunology and Microbiology,AT,2020,4
Immunology and Microbiology,AT,2021,4
Immunology and Microbiology,AT,2022,4
Immunology and Microbiology,AT,2023,4
Immunology and Microbiology,AT,2024,4
Immunology and Microbiology,AU,2015,12
Immunology and Microbiology,AU,2016,12
Immunology and Microbiology,AU,2017,13
Immunology and Microbiology,AU,2018,13
Immunology and Microbiology,AU,2019,13
Immunology and Microbiology,AU,2020,14
Immunology and Microbiology,AU,2021,14
Immunology and Microbiology,AU,2022,14
Immunology and Microbiology,AU,2023,15
Immunology and Microbiology,AU,2024,16
Immunology and Microbiology,BE,2015,3
Immunology and Microbiology,BE,2016,3
Immunology and Microbiology,BE,2017,5
Immunology and Microbiology,BE,2018,5
Immunology and Microbiology,BE,2019,5
Immunology and Microbiology,BE,2020,5
Immunology and Microbiology,BE,2021,6
Immunology and Microbiology,BE,2022,5
Immunology and Microbiology,BE,2023,5
Immunology and Microbiology,BE,2024,5
Immunology and Microbiology,BR,2016,1
Immunology and Microbiology,BR,2017,1
Immunology and Microbiology,BR,2018,1
Immunology and Microbiology,BR,2019,1
Immunology and Microbiology,BR,2020,1
Immunology and Microbiology,BR,2021,1
Immunology and Microbiology,BR,2022,1
Immunology and Microbiology,BR,2023,1
Immunology and Microbiology,BR,2024,1
Immunology and Microbiology,BW,2015,1
Immunology and Microbiology,BW,2016,1
Immunology and Microbiology,BW,2017,1
Immunology and Microbiology,BW,2018,1
Immunology and Microbiology,BW,2019,1
Immunology and Microbiology,BW,2020,1
Immunology and Microbiology,BW,2021,1
Immunology and Microbiology,BW,2022,1
Immunology and Microbiology,BW,2023,1
Immunology and Microbiology,BW,2024,1
Immunology and Microbiology,CA,2015,13
Immunology and Microbiology,CA,2016,13
Immunology and Microbiology,CA,2017,14
Immunology and Microbiology,CA,2018,14
Immunology and Microbiology,CA,2019,15
Immunology and Microbiology,CA,2020,16
Immunology and Microbiology,CA,2021,17
Immunology and Microbiology,CA,2022,16
Immunology and Microbiology,CA,2023,15
Immunology and Microbiology,CA,2024,15
Immunology and Microbiology,CH,2015,20
Immunology and Microbiology,CH,2016,19
Immunology and Microbiology,CH,2017,20
Immunology and Microbiology,CH,2018,20
Immunology and Microbiology,CH,2019,20
Immunology and Microbiology,CH,2020,20
Immunology and Microbiology,CH,2021,19
Immunology and Microbiology,CH,2022,20
Immunology and Microbiology,CH,2023,19
Immunology and Microbiology,CH,2024,20
Immunology and Microbiology,CM,2015,2
Immunology and Microbiology,CM,2016,2
Immunology and Microbiology,CM,2017,2
Immunology and Microbiology,CM,2018,2
Immunology and Microbiology,CM,2019,2
Immunology and Microbiology,CM,2020,1
Immunology and Microbiology,CM,2021,1
Immunology and Microbiology,CM,2022,1
Immunology and Microbiology,CM,2023,1
Immunology and Microbiology,CM,2024,1
Immunology and Microbiology,CN,2015,1
Immunology and Microbiology,CN,2016,1
Immunology and Microbiology,CN,2017,1
Immunology and Microbiology,CN,2018,1
Immunology and Microbiology,CN,2019,5
Immunology and Microbiology,CN,2020,7
Immunology and Microbiology,CN,2021,7
Immunology and Microbiology,CN,2022,8
Immunology and Microbiology,CN,2023,9
Immunology and Microbiology,CN,2024,12
Immunology and Microbiology,CNX,2015,1
Immunology and Microbiology,CNX,2016,1
Immunology and Microbiology,CNX,2017,1
Immunology and Microbiology,CNX,2018,1
Immunology and Microbiology,CNX,2019,5
Immunology and Microbiology,CNX,2020,7
Immunology and Microbiology,CNX,2021,7
Immunology and Microbiology,CNX,2022,8
Immunology and Microbiology,CNX,2023,10
Immunology and Microbiology,CNX,2024,13
Immunology and Microbiology,CU,2015,1
Immunology and Microbiology,CU,2016,1
Immunology and Microbiology,CU,2017,1
Immunology and Microbiology,CU,2018,1
Immunology and Microbiology,CU,2019,1
Immunology and Microbiology,CU,2020,1
Immunology and Microbiology,CU,2021,1
Immunology and Microbiology,CZ,2015,1
Immunology and Microbiology,CZ,2016,1
Immunology and Microbiology,CZ,2017,1
Immunology and Microbiology,CZ,2018,1
Immunology and Microbiology,CZ,2019,1
Immunology and Microbiology,CZ,2020,1
Immunology and Microbiology,CZ,2021,1
Immunology and Microbiology,DE,2015,27
Immunology and Microbiology,DE,2016,27
Immunology and Microbiology,DE,2017,28
Immunology and Microbiology,DE,2018,30
Immunology and Microbiology,DE,2019,30
Immunology and Microbiology,DE,2020,28
Immunology and Microbiology,DE,2021,28
Immunology and Microbiology,DE,2022,30
Immunology and Microbiology,DE,2023,30
Immunology and Microbiology,DE,2024,31
Immunology and Microbiology,DK,2015,3
Immunology and Microbiology,DK,2016,3
Immunology and Microbiology,DK,2017,3
Immunology and Microbiology,DK,2018,3
Immunology and Microbiology,DK,2019,3
Immunology and Microbiology,DK,2020,3
Immunology and Microbiology,DK,2021,4
Immunology and Microbiology,DK,2022,3
Immunology and Microbiology,DK,2023,4
Immunology and Microbiology,DK,2024,4
Immunology and Microbiology,ES,2015,2
Immunology and Microbiology,ES,2016,1
Immunology and Microbiology,ES,2017,1
Immunology and Microbiology,ES,2018,1
Immunology and Microbiology,ES,2019,1
Immunology and Microbiology,ES,2020,1
Immunology and Microbiology,ES,2021,2
Immunology and Microbiology,ES,2022,2
Immunology and Microbiology,ES,2023,2
Immunology and Microbiology,ES,2024,2
Immunology and Microbiology,FI,2018,1
Immunology and Microbiology,FI,2019,1
Immunology and Microbiology,FI,2020,1
Immunology and Microbiology,FI,2021,1
Immunology and Microbiology,FI,2022,1
Immunology and Microbiology,FI,2023,1
Immunology and Microbiology,FI,2024,1
Immunology and Microbiology,FR,2015,39
Immunology and Microbiology,FR,2016,37
Immunology and Microbiology,FR,2017,36
Immunology and Microbiology,FR,2018,36
Immunology and Microbiology,FR,2019,35
Immunology and Microbiology,FR,2020,32
Immunology and Microbiology,FR,2021,32
Immunology and Microbiology,FR,2022,32
Immunology and Microbiology,FR,2023,34
Immunology and Microbiology,FR,2024,35
Immunology and Microbiology,GB,2015,43
Immunology and Microbiology,GB,2016,42
Immunology and Microbiology,GB,2017,43
Immunology and Microbiology,GB,2018,40
Immunology and Microbiology,GB,2019,39
Immunology and Microbiology,GB,2020,39
Immunology and Microbiology,GB,2021,37
Immunology and Microbiology,GB,2022,36
Immunology and Microbiology,GB,2023,36
Immunology and Microbiology,GB,2024,35
Immunology and Microbiology,GW,2021,1
Immunology and Microbiology,GW,2022,1
Immunology and Microbiology,GW,2023,1
Immunology and Microbiology,GW,2024,1
Immunology and Microbiology,HU,2015,2
Immunology and Microbiology,HU,2016,2
Immunology and Microbiology,HU,2017,1
Immunology and Microbiology,HU,2018,1
Immunology and Microbiology,HU,2019,1
Immunology and Microbiology,HU,2020,1
Immunology and Microbiology,HU,2021,1
Immunology and Microbiology,HU,2022,1
Immunology and Microbiology,HU,2023,1
Immunology and Microbiology,HU,2024,1
Immunology and Microbiology,IE,2015,2
Immunology and Microbiology,IE,2016,2
Immunology and Microbiology,IE,2017,2
Immunology and Microbiology,IE,2018,2
Immunology and Microbiology,IE,2019,3
Immunology and Microbiology,IE,2020,3
Immunology and Microbiology,IE,2021,3
Immunology and Microbiology,IE,2022,3
Immunology and Microbiology,IE,2023,3
Immunology and Microbiology,IE,2024,3
Immunology and Microbiology,IL,2015,2
Immunology and Microbiology,IL,2016,2
Immunology and Microbiology,IL,2017,2
Immunology and Microbiology,IL,2018,2
Immunology and Microbiology,IL,2019,2
Immunology and Microbiology,IL,2020,3
Immunology and Microbiology,IL,2021,3
Immunology and Microbiology,IL,2022,3
Immunology and Microbiology,IL,2023,2
Immunology and Microbiology,IL,2024,2
Immunology and Microbiology,IN,2015,5
Immunology and Microbiology,IN,2016,5
Immunology and Microbiology,IN,2017,5
Immunology and Microbiology,IN,2018,4
Immunology and Microbiology,IN,2019,5
Immunology and Microbiology,IN,2020,5
Immunology and Microbiology,IN,2021,5
Immunology and Microbiology,IN,2022,5
Immunology and Microbiology,IN,2023,5
Immunology and Microbiology,IN,2024,4
Immunology and Microbiology,IR,2024,1
Immunology and Microbiology,IT,2015,12
Immunology and Microbiology,IT,2016,13
Immunology and Microbiology,IT,2017,13
Immunology and Microbiology,IT,2018,12
Immunology and Microbiology,IT,2019,12
Immunology and Microbiology,IT,2020,13
Immunology and Microbiology,IT,2021,13
Immunology and Microbiology,IT,2022,13
Immunology and Microbiology,IT,2023,14
Immunology and Microbiology,IT,2024,15
Immunology and Microbiology,JP,2015,29
Immunology and Microbiology,JP,2016,29
Immunology and Microbiology,JP,2017,30
Immunology and Microbiology,JP,2018,30
Immunology and Microbiology,JP,2019,30
Immunology and Microbiology,JP,2020,30
Immunology and Microbiology,JP,2021,29
Immunology and Microbiology,JP,2022,30
Immunology and Microbiology,JP,2023,30
Immunology and Microbiology,JP,2024,30
Immunology and Microbiology,KR,2018,1
Immunology and Microbiology,NL,2015,16
Immunology and Microbiology,NL,2016,16
Immunology and Microbiology,NL,2017,17
Immunology and Microbiology,NL,2018,18
Immunology and Microbiology,NL,2019,18
Immunology and Microbiology,NL,2020,18
Immunology and Microbiology,NL,2021,19
Immunology and Microbiology,NL,2022,19
Immunology and Microbiology,NL,2023,19
Immunology and Microbiology,NL,2024,18
Immunology and Microbiology,NO,2015,3
Immunology and Microbiology,NO,2016,3
Immunology and Microbiology,NO,2017,3
Immunology and Microbiology,NO,2018,3
Immunology and Microbiology,NO,2019,3
Immunology and Microbiology,NO,2020,3
Immunology and Microbiology,NO,2021,3
Immunology and Microbiology,NO,2022,3
Immunology and Microbiology,NO,2023,3
Immunology and Microbiology,NO,2024,2
Immunology and Microbiology,PK,2015,2
Immunology and Microbiology,PK,2016,2
Immunology and Microbiology,PK,2017,2
Immunology and Microbiology,PK,2018,2
Immunology and Microbiology,PK,2019,2
Immunology and Microbiology,PK,2020,2
Immunology and Microbiology,PK,2021,2
Immunology and Microbiology,PK,2022,2
Immunology and Microbiology,PK,2023,2
Immunology and Microbiology,PK,2024,2
Immunology and Microbiology,PL,2015,2
Immunology and Microbiology,PL,2016,2
Immunology and Microbiology,PL,2017,2
Immunology and Microbiology,PL,2018,2
Immunology and Microbiology,PL,2019,2
Immunology and Microbiology,PL,2020,2
Immunology and Microbiology,PL,2021,2
Immunology and Microbiology,PL,2022,1
Immunology and Microbiology,PL,2023,1
Immunology and Microbiology,PL,2024,1
Immunology and Microbiology,PT,2015,1
Immunology and Microbiology,PT,2016,1
Immunology and Microbiology,QA,2016,1
Immunology and Microbiology,QA,2017,1
Immunology and Microbiology,QA,2018,1
Immunology and Microbiology,QA,2019,1
Immunology and Microbiology,QA,2020,1
Immunology and Microbiology,QA,2021,1
Immunology and Microbiology,QA,2022,1
Immunology and Microbiology,QA,2023,1
Immunology and Microbiology,QA,2024,1
Immunology and Microbiology,RO,2020,1
Immunology and Microbiology,RO,2021,1
Immunology and Microbiology,RO,2022,1
Immunology and Microbiology,RO,2023,1
Immunology and Microbiology,RO,2024,1
Immunology and Microbiology,SE,2015,8
Immunology and Microbiology,SE,2016,8
Immunology and Microbiology,SE,2017,4
Immunology and Microbiology,SE,2018,3
Immunology and Microbiology,SE,2019,3
Immunology and Microbiology,SE,2020,3
Immunology and Microbiology,SE,2021,3
Immunology and Microbiology,SE,2022,3
Immunology and Microbiology,SE,2023,3
Immunology and Microbiology,SE,2024,3
Immunology and Microbiology,SG,2015,2
Immunology and Microbiology,SG,2016,2
Immunology and Microbiology,SG,2017,2
Immunology and Microbiology,SG,2018,2
Immunology and Microbiology,SG,2019,2
Immunology and Microbiology,SG,2020,2
Immunology and Microbiology,SG,2021,3
Immunology and Microbiology,SG,2022,3
Immunology and Microbiology,SG,2023,3
Immunology and Microbiology,SG,2024,3
Immunology and Microbiology,SK,2015,1
Immunology and Microbiology,SK,2016,1
Immunology and Microbiology,SK,2017,1
Immunology and Microbiology,SK,2018,1
Immunology and Microbiology,SK,2019,1
Immunology and Microbiology,SK,2020,1
Immunology and Microbiology,SK,2021,1
Immunology and Microbiology,SK,2022,1
Immunology and Microbiology,SK,2023,1
Immunology and Microbiology,SK,2024,1
Immunology and Microbiology,SS,2015,1
Immunology and Microbiology,SS,2016,1
Immunology and Microbiology,SS,2017,1
Immunology and Microbiology,SS,2018,1
Immunology and Microbiology,SS,2019,1
Immunology and Microbiology,SS,2020,1
Immunology and Microbiology,SS,2021,1
Immunology and Microbiology,SS,2022,1
Immunology and Microbiology,SS,2023,1
Immunology and Microbiology,SS,2024,1
Immunology and Microbiology,TW,2023,1
Immunology and Microbiology,TW,2024,1
Immunology and Microbiology,TZ,2015,2
Immunology and Microbiology,TZ,2016,2
Immunology and Microbiology,TZ,2017,2
Immunology and Microbiology,TZ,2018,2
Immunology and Microbiology,TZ,2019,2
Immunology and Microbiology,TZ,2020,2
Immunology and Microbiology,TZ,2021,2
Immunology and Microbiology,TZ,2022,2
Immunology and Microbiology,TZ,2023,2
Immunology and Microbiology,TZ,2024,2
Immunology and Microbiology,US,2015,289
Immunology and Microbiology,US,2016,291
Immunology and Microbiology,US,2017,287
Immunology and Microbiology,US,2018,286
Immunology and Microbiology,US,2019,287
Immunology and Microbiology,US,2020,287
Immunology and Microbiology,US,2021,288
Immunology and Microbiology,US,2022,288
Immunology and Microbiology,US,2023,289
Immunology and Microbiology,US,2024,289
Immunology and Microbiology,ZA,2015,1
Immunology and Microbiology,ZA,2016,1
Immunology and Microbiology,ZA,2017,1
Immunology and Microbiology,ZA,2018,1
Immunology and Microbiology,ZA,2019,1
Immunology and Microbiology,ZA,2020,1
Immunology and Microbiology,ZA,2021,1
Immunology and Microbiology,ZA,2022,2
Immunology and Microbiology,ZA,2023,2
Immunology and Microbiology,ZA,2024,2
Materials Science,AE,2015,1
Materials Science,AE,2016,1
Materials Science,AE,2017,1
Materials Science,AE,2018,1
Materials Science,AE,2019,1
Materials Science,AE,2020,1
Materials Science,AE,2021,1
Materials Science,AE,2024,1
Materials Science,AT,2015,8
Materials Science,AT,2016,7
Materials Science,AT,2017,7
Materials Science,AT,2018,7
Materials Science,AT,2019,6
Materials Science,AT,2020,6
Materials Science,AT,2021,6
Materials Science,AT,2022,6
Materials Science,AT,2023,6
Materials Science,AT,2024,6
Materials Science,AU,2015,29
Materials Science,AU,2016,32
Materials Science,AU,2017,36
Materials Science,AU,2018,37
Materials Science,AU,2019,40
Materials Science,AU,2020,45
Materials Science,AU,2021,49
Materials Science,AU,2022,52
Materials Science,AU,2023,54
Materials Science,AU,2024,51
Materials Science,BD,2024,1
Materials Science,BE,2015,10
Materials Science,BE,2016,12
Materials Science,BE,2017,12
Materials Science,BE,2018,12
Materials Science,BE,2019,12
Materials Science,BE,2020,13
Materials Science,BE,2021,10
Materials Science,BE,2022,11
Materials Science,BE,2023,12
Materials Science,BE,2024,10
Materials Science,BG,2015,4
Materials Science,BG,2016,4
Materials Science,BG,2017,3
Materials Science,BG,2018,3
Materials Science,BG,2019,3
Materials Science,BG,2020,3
Materials Science,BG,2021,2
Materials Science,BG,2022,2
Materials Science,BG,2023,2
Materials Science,BG,2024,2
Materials Science,BN,2023,1
Materials Science,BN,2024,1
Materials Science,BR,2015,4
Materials Science,BR,2016,3
Materials Science,BR,2017,3
Materials Science,BR,2018,3
Materials Science,BR,2019,3
Materials Science,BR,2020,3
Materials Science,BR,2021,3
Materials Science,BR,2022,4
Materials Science,BR,2023,4
Materials Science,BR,2024,4
Materials Science,BY,2015,1
Materials Science,BY,2016,2
Materials Science,BY,2017,2
Materials Science,BY,2018,2
Materials Science,BY,2019,1
Materials Science,BY,2020,1
Materials Science,BY,2021,1
Materials Science,BY,2022,1
Materials Science,BY,2023,1
Materials Science,BY,2024,1
Materials Science,CA,2015,30
Materials Science,CA,2016,30
Materials Science,CA,2017,30
Materials Science,CA,2018,29
Materials Science,CA,2019,28
Materials Science,CA,2020,29
Materials Science,CA,2021,27
Materials Science,CA,2022,27
Materials Science,CA,2023,22
Materials Science,CA,2024,21
Materials Science,CH,2015,41
Materials Science,CH,2016,40
Materials Science,CH,2017,39
Materials Science,CH,2018,38
Materials Science,CH,2019,37
Materials Science,CH,2020,35
Materials Science,CH,2021,32
Materials Science,CH,2022,34
Materials Science,CH,2023,34
Materials Science,CH,2024,34
Materials Science,CN,2015,97
Materials Science,CN,2016,114
Materials Science,CN,2017,130
Materials Science,CN,2018,149
Materials Science,CN,2019,174
Materials Science,CN,2020,212
Materials Science,CN,2021,228
Materials Science,CN,2022,259
Materials Science,CN,2023,284
Materials Science,CN,2024,318
Materials Science,CNX,2015,118
Materials Science,CNX,2016,136
Materials Science,CNX,2017,153
Materials Science,CNX,2018,172
Materials Science,CNX,2019,197
Materials Science,CNX,2020,235
Materials Science,CNX,2021,254
Materials Science,CNX,2022,286
Materials Science,CNX,2023,312
Materials Science,CNX,2024,346
Materials Science,CR,2015,1
Materials Science,CR,2016,1
Materials Science,CU,2015,1
Materials Science,CU,2016,1
Materials Science,CU,2017,1
Materials Science,CU,2018,1
Materials Science,CU,2019,1
Materials Science,CU,2020,1
Materials Science,CU,2021,1
Materials Science,CU,2022,1
Materials Science,CU,2023,1
Materials Science,CU,2024,1
Materials Science,CZ,2015,3
Materials Science,CZ,2016,4
Materials Science,CZ,2017,4
Materials Science,CZ,2018,5
Materials Science,CZ,2019,5
Materials Science,CZ,2020,4
Materials Science,CZ,2021,5
Materials Science,CZ,2022,6
Materials Science,CZ,2023,5
Materials Science,CZ,2024,5
Materials Science,DE,2015,135
Materials Science,DE,2016,133
Materials Science,DE,2017,136
Materials Science,DE,2018,133
Materials Science,DE,2019,128
Materials Science,DE,2020,127
Materials Science,DE,2021,127
Materials Science,DE,2022,120
Materials Science,DE,2023,117
Materials Science,DE,2024,116
Materials Science,DK,2015,7
Materials Science,DK,2016,8
Materials Science,DK,2017,8
Materials Science,DK,2018,9
Materials Science,DK,2019,11
Materials Science,DK,2020,11
Materials Science,DK,2021,9
Materials Science,DK,2022,7
Materials Science,DK,2023,8
Materials Science,DK,2024,6
Materials Science,EG,2015,1
Materials Science,EG,2016,2
Materials Science,EG,2017,2
Materials Science,EG,2018,1
Materials Science,EG,2019,2
Materials Science,EG,2020,2
Materials Science,EG,2021,2
Materials Science,EG,2022,3
Materials Science,EG,2023,2
Materials Science,EG,2024,1
Materials Science,ES,2015,24
Materials Science,ES,2016,25
Materials Science,ES,2017,26
Materials Science,ES,2018,25
Materials Science,ES,2019,24
Materials Science,ES,2020,23
Materials Science,ES,2021,23
Materials Science,ES,2022,24
Materials Science,ES,2023,23
Materials Science,ES,2024,23
Materials Science,FI,2015,8
Materials Science,FI,2016,8
Materials Science,FI,2017,10
Materials Science,FI,2018,10
Materials Science,FI,2019,10
Materials Science,FI,2020,11
Materials Science,FI,2021,12
Materials Science,FI,2022,12
Materials Science,FI,2023,11
Materials Science,FI,2024,10
Materials Science,FR,2015,52
Materials Science,FR,2016,52
Materials Science,FR,2017,45
Materials Science,FR,2018,45
Materials Science,FR,2019,45
Materials Science,FR,2020,41
Materials Science,FR,2021,41
Materials Science,FR,2022,39
Materials Science,FR,2023,40
Materials Science,FR,2024,37
Materials Science,GB,2015,132
Materials Science,GB,2016,134
Materials Science,GB,2017,134
Materials Science,GB,2018,127
Materials Science,GB,2019,124
Materials Science,GB,2020,122
Materials Science,GB,2021,122
Materials Science,GB,2022,119
Materials Science,GB,2023,119
Materials Science,GB,2024,115
Materials Science,GR,2015,1
Materials Science,GR,2016,1
Materials Science,GR,2020,1
Materials Science,GR,2021,2
Materials Science,GR,2022,2
Materials Science,GR,2023,2
Materials Science,GR,2024,2
Materials Science,HK,2015,17
Materials Science,HK,2016,16
Materials Science,HK,2017,16
Materials Science,HK,2018,16
Materials Science,HK,2019,18
Materials Science,HK,2020,19
Materials Science,HK,2021,23
Materials Science,HK,2022,30
Materials Science,HK,2023,33
Materials Science,HK,2024,36
Materials Science,HU,2015,5
Materials Science,HU,2016,4
Materials Science,HU,2017,4
Materials Science,HU,2018,4
Materials Science,HU,2019,3
Materials Science,HU,2020,3
Materials Science,HU,2021,3
Materials Science,HU,2022,2
Materials Science,HU,2023,2
Materials Science,HU,2024,2
Materials Science,IE,2015,8
Materials Science,IE,2016,8
Materials Science,IE,2017,10
Materials Science,IE,2018,10
Materials Science,IE,2019,11
Materials Science,IE,2020,11
Materials Science,IE,2021,11
Materials Science,IE,2022,11
Materials Science,IE,2023,11
Materials Science,IE,2024,10
Materials Science,IL,2015,14
Materials Science,IL,2016,14
Materials Science,IL,2017,14
Materials Science,IL,2018,13
Materials Science,IL,2019,12
Materials Science,IL,2020,12
Materials Science,IL,2021,9
Materials Science,IL,2022,8
Materials Science,IL,2023,7
Materials Science,IL,2024,7
Materials Science,IN,2015,13
Materials Science,IN,2016,13
Materials Science,IN,2017,13
Materials Science,IN,2018,14
Materials Science,IN,2019,16
Materials Science,IN,2020,18
Materials Science,IN,2021,21
Materials Science,IN,2022,22
Materials Science,IN,2023,21
Materials Science,IN,2024,21
Materials Science,IR,2017,1
Materials Science,IR,2018,1
Materials Science,IR,2019,2
Materials Science,IR,2020,2
Materials Science,IR,2021,2
Materials Science,IR,2022,2
Materials Science,IR,2023,3
Materials Science,IR,2024,3
Materials Science,IT,2015,36
Materials Science,IT,2016,38
Materials Science,IT,2017,38
Materials Science,IT,2018,37
Materials Science,IT,2019,34
Materials Science,IT,2020,33
Materials Science,IT,2021,31
Materials Science,IT,2022,29
Materials Science,IT,2023,29
Materials Science,IT,2024,26
Materials Science,JO,2024,1
Materials Science,JP,2015,134
Materials Science,JP,2016,128
Materials Science,JP,2017,127
Materials Science,JP,2018,125
Materials Science,JP,2019,121
Materials Science,JP,2020,116
Materials Science,JP,2021,113
Materials Science,JP,2022,101
Materials Science,JP,2023,100
Materials Science,JP,2024,90
Materials Science,KR,2015,22
Materials Science,KR,2016,26
Materials Science,KR,2017,27
Materials Science,KR,2018,29
Materials Science,KR,2019,32
Materials Science,KR,2020,32
Materials Science,KR,2021,33
Materials Science,KR,2022,34
Materials Science,KR,2023,34
Materials Science,KR,2024,36
Materials Science,ME,2022,1
Materials Science,ME,2023,1
Materials Science,ME,2024,1
Materials Science,MX,2015,2
Materials Science,MX,2016,2
Materials Science,MX,2017,2
Materials Science,MX,2018,2
Materials Science,MX,2019,2
Materials Science,MX,2020,2
Materials Science,MX,2021,2
Materials Science,MX,2022,2
Materials Science,MX,2023,2
Materials Science,MX,2024,2
Materials Science,MY,2015,1
Materials Science,MY,2016,1
Materials Science,MY,2017,1
Materials Science,MY,2018,1
Materials Science,MY,2019,1
Materials Science,MY,2021,2
Materials Science,MY,2022,2
Materials Science,MY,2023,2
Materials Science,MY,2024,2
Materials Science,NL,2015,31
Materials Science,NL,2016,31
Materials Science,NL,2017,31
Materials Science,NL,2018,32
Materials Science,NL,2019,32
Materials Science,NL,2020,32
Materials Science,NL,2021,31
Materials Science,NL,2022,31
Materials Science,NL,2023,28
Materials Science,NL,2024,22
Materials Science,NO,2021,1
Materials Science,NO,2022,1
Materials Science,NO,2023,1
Materials Science,NO,2024,1
Materials Science,NP,2016,1
Materials Science,NP,2017,1
Materials Science,NP,2018,1
Materials Science,NP,2019,1
Materials Science,NP,2020,1
Materials Science,NP,2021,1
Materials Science,NP,2022,1
Materials Science,NP,2023,1
Materials Science,NP,2024,1
Materials Science,PK,2015,1
Materials Science,PK,2016,1
Materials Science,PK,2017,1
Materials Science,PK,2018,1
Materials Science,PK,2019,1
Materials Science,PK,2020,1
Materials Science,PK,2021,1
Materials Science,PK,2022,1
Materials Science,PK,2023,1
Materials Science,PK,2024,1
Materials Science,PL,2015,4
Materials Science,PL,2016,4
Materials Science,PL,2017,4
Materials Science,PL,2018,4
Materials Science,PL,2019,5
Materials Science,PL,2020,5
Materials Science,PL,2021,5
Materials Science,PL,2022,6
Materials Science,PL,2023,7
Materials Science,PL,2024,7
Materials Science,PR,2015,1
Materials Science,PR,2016,1
Materials Science,PR,2017,2
Materials Science,PR,2018,2
Materials Science,PR,2019,2
Materials Science,PR,2020,2
Materials Science,PR,2021,2
Materials Science,PR,2022,2
Materials Science,PR,2023,2
Materials Science,PR,2024,2
Materials Science,PT,2015,5
Materials Science,PT,2016,7
Materials Science,PT,2017,8
Materials Science,PT,2018,10
Materials Science,PT,2019,11
Materials Science,PT,2020,11
Materials Science,PT,2021,13
Materials Science,PT,2022,13
Materials Science,PT,2023,13
Materials Science,PT,2024,13
Materials Science,QA,2015,1
Materials Science,QA,2016,1
Materials Science,RU,2015,10
Materials Science,RU,2016,11
Materials Science,RU,2017,9
Materials Science,RU,2018,14
Materials Science,RU,2019,15
Materials Science,RU,2020,19
Materials Science,RU,2021,18
Materials Science,RU,2022,18
Materials Science,RU,2023,17
Materials Science,RU,2024,15
Materials Science,SA,2015,9
Materials Science,SA,2016,11
Materials Science,SA,2017,15
Materials Science,SA,2018,16
Materials Science,SA,2019,12
Materials Science,SA,2020,11
Materials Science,SA,2021,14
Materials Science,SA,2022,17
Materials Science,SA,2023,18
Materials Science,SA,2024,20
Materials Science,SD,2023,1
Materials Science,SD,2024,1
Materials Science,SE,2015,6
Materials Science,SE,2016,7
Materials Science,SE,2017,7
Materials Science,SE,2018,8
Materials Science,SE,2019,9
Materials Science,SE,2020,8
Materials Science,SE,2021,9
Materials Science,SE,2022,8
Materials Science,SE,2023,7
Materials Science,SE,2024,7
Materials Science,SG,2015,24
Materials Science,SG,2016,30
Materials Science,SG,2017,34
Materials Science,SG,2018,38
Materials Science,SG,2019,44
Materials Science,SG,2020,48
Materials Science,SG,2021,54
Materials Science,SG,2022,57
Materials Science,SG,2023,65
Materials Science,SG,2024,66
Materials Science,SI,2015,1
Materials Science,SI,2016,1
Materials Science,SI,2017,1
Materials Science,SI,2018,1
Materials Science,SI,2019,1
Materials Science,SI,2020,1
Materials Science,SI,2021,1
Materials Science,SI,2022,1
Materials Science,SI,2023,1
Materials Science,SI,2024,1
Materials Science,SK,2015,2
Materials Science,SK,2016,3
Materials Science,SK,2017,3
Materials Science,SK,2018,3
Materials Science,SK,2019,3
Materials Science,SK,2020,3
Materials Science,SK,2021,3
Materials Science,SK,2022,3
Materials Science,SK,2023,3
Materials Science,SK,2024,2
Materials Science,SS,2023,2
Materials Science,SS,2024,2
Materials Science,TH,2019,1
Materials Science,TH,2020,1
Materials Science,TH,2021,1
Materials Science,TH,2022,1
Materials Science,TH,2023,1
Materials Science,TJ,2015,1
Materials Science,TJ,2016,1
Materials Science,TR,2015,1
Materials Science,TR,2016,1
Materials Science,TR,2017,1
Materials Science,TR,2018,1
Materials Science,TR,2019,1
Materials Science,TR,2020,1
Materials Science,TR,2021,1
Materials Science,TR,2022,1
Materials Science,TR,2023,1
Materials Science,TR,2024,1
Materials Science,TW,2015,12
Materials Science,TW,2016,14
Materials Science,TW,2017,15
Materials Science,TW,2018,16
Materials Science,TW,2019,16
Materials Science,TW,2020,17
Materials Science,TW,2021,17
Materials Science,TW,2022,18
Materials Science,TW,2023,18
Materials Science,TW,2024,18
Materials Science,TZ,2015,1
Materials Science,TZ,2016,1
Materials Science,TZ,2017,1
Materials Science,TZ,2018,1
Materials Science,UA,2015,5
Materials Science,UA,2016,5
Materials Science,UA,2017,5
Materials Science,UA,2018,5
Materials Science,UA,2019,5
Materials Science,UA,2020,5
Materials Science,UA,2021,5
Materials Science,UA,2022,5
Materials Science,UA,2023,5
Materials Science,UA,2024,4
Materials Science,US,2015,623
Materials Science,US,2016,608
Materials Science,US,2017,595
Materials Science,US,2018,587
Materials Science,US,2019,577
Materials Science,US,2020,564
Materials Science,US,2021,547
Materials Science,US,2022,536
Materials Science,US,2023,516
Materials Science,US,2024,507
Materials Science,UZ,2015,2
Materials Science,UZ,2016,2
Materials Science,UZ,2017,2
Materials Science,UZ,2018,2
Materials Science,UZ,2019,2
Materials Science,UZ,2020,2
Materials Science,UZ,2021,2
Materials Science,UZ,2022,2
Materials Science,UZ,2023,2
Materials Science,UZ,2024,2
Materials Science,ZA,2015,4
Materials Science,ZA,2016,4
Materials Science,ZA,2017,4
Materials Science,ZA,2018,4
Materials Science,ZA,2019,4
Materials Science,ZA,2020,4
Materials Science,ZA,2021,4
Materials Science,ZA,2022,5
Materials Science,ZA,2023,4
Materials Science,ZA,2024,4
Mathematics,AT,2015,1
Mathematics,AT,2016,1
Mathematics,AT,2017,1
Mathematics,AT,2018,2
Mathematics,AT,2019,2
Mathematics,AT,2020,2
Mathematics,AT,2021,2
Mathematics,AT,2022,2
Mathematics,AT,2023,3
Mathematics,AT,2024,3
Mathematics,AU,2015,14
Mathematics,AU,2016,14
Mathematics,AU,2017,13
Mathematics,AU,2018,13
Mathematics,AU,2019,14
Mathematics,AU,2020,16
Mathematics,AU,2021,16
Mathematics,AU,2022,16
Mathematics,AU,2023,17
Mathematics,AU,2024,16
Mathematics,AZ,2021,1
Mathematics,AZ,2022,1
Mathematics,AZ,2023,1
Mathematics,AZ,2024,1
Mathematics,BE,2015,4
Mathematics,BE,2016,4
Mathematics,BE,2017,4
Mathematics,BE,2018,4
Mathematics,BE,2019,4
Mathematics,BE,2020,4
Mathematics,BE,2021,4
Mathematics,BE,2022,4
Mathematics,BE,2023,4
Mathematics,BE,2024,4
Mathematics,CA,2015,19
Mathematics,CA,2016,21
Mathematics,CA,2017,19
Mathematics,CA,2018,20
Mathematics,CA,2019,19
Mathematics,CA,2020,18
Mathematics,CA,2021,18
Mathematics,CA,2022,17
Mathematics,CA,2023,17
Mathematics,CA,2024,17
Mathematics,CH,2015,3
Mathematics,CH,2016,3
Mathematics,CH,2017,3
Mathematics,CH,2018,4
Mathematics,CH,2019,5
Mathematics,CH,2020,6
Mathematics,CH,2021,6
Mathematics,CH,2022,6
Mathematics,CH,2023,7
Mathematics,CH,2024,7
Mathematics,CN,2015,3
Mathematics,CN,2016,3
Mathematics,CN,2017,3
Mathematics,CN,2018,3
Mathematics,CN,2019,3
Mathematics,CN,2020,4
Mathematics,CN,2021,4
Mathematics,CN,2022,5
Mathematics,CN,2023,6
Mathematics,CN,2024,7
Mathematics,CNX,2015,4
Mathematics,CNX,2016,4
Mathematics,CNX,2017,5
Mathematics,CNX,2018,5
Mathematics,CNX,2019,5
Mathematics,CNX,2020,8
Mathematics,CNX,2021,8
Mathematics,CNX,2022,9
Mathematics,CNX,2023,11
Mathematics,CNX,2024,13
Mathematics,DE,2015,7
Mathematics,DE,2016,7
Mathematics,DE,2017,7
Mathematics,DE,2018,8
Mathematics,DE,2019,7
Mathematics,DE,2020,7
Mathematics,DE,2021,7
Mathematics,DE,2022,6
Mathematics,DE,2023,7
Mathematics,DE,2024,7
Mathematics,DK,2015,5
Mathematics,DK,2016,5
Mathematics,DK,2017,5
Mathematics,DK,2018,4
Mathematics,DK,2019,4
Mathematics,DK,2020,4
Mathematics,DK,2021,4
Mathematics,DK,2022,4
Mathematics,DK,2023,4
Mathematics,DK,2024,4
Mathematics,EG,2015,1
Mathematics,EG,2016,1
Mathematics,EG,2017,1
Mathematics,EG,2018,1
Mathematics,EG,2019,1
Mathematics,EG,2020,1
Mathematics,EG,2021,1
Mathematics,EG,2022,1
Mathematics,EG,2023,1
Mathematics,EG,2024,1
Mathematics,ES,2015,2
Mathematics,ES,2016,2
Mathematics,ES,2017,2
Mathematics,ES,2018,2
Mathematics,ES,2019,2
Mathematics,ES,2020,2
Mathematics,ES,2021,3
Mathematics,ES,2022,3
Mathematics,ES,2023,3
Mathematics,ES,2024,3
Mathematics,FR,2015,13
Mathematics,FR,2016,13
Mathematics,FR,2017,13
Mathematics,FR,2018,13
Mathematics,FR,2019,13
Mathematics,FR,2020,11
Mathematics,FR,2021,11
Mathematics,FR,2022,11
Mathematics,FR,2023,12
Mathematics,FR,2024,11
Mathematics,GB,2015,43
Mathematics,GB,2016,42
Mathematics,GB,2017,41
Mathematics,GB,2018,43
Mathematics,GB,2019,45
Mathematics,GB,2020,45
Mathematics,GB,2021,45
Mathematics,GB,2022,45
Mathematics,GB,2023,45
Mathematics,GB,2024,44
Mathematics,GH,2015,1
Mathematics,GH,2016,1
Mathematics,GH,2017,1
Mathematics,GH,2018,1
Mathematics,GH,2019,1
Mathematics,GH,2020,1
Mathematics,GH,2021,1
Mathematics,GH,2022,1
Mathematics,GH,2023,1
Mathematics,GH,2024,1
Mathematics,HK,2020,1
Mathematics,HK,2021,1
Mathematics,HK,2022,1
Mathematics,HK,2023,1
Mathematics,HK,2024,1
Mathematics,HR,2015,2
Mathematics,HR,2016,2
Mathematics,HR,2017,2
Mathematics,HR,2018,2
Mathematics,HR,2019,2
Mathematics,HR,2020,2
Mathematics,HR,2021,2
Mathematics,HR,2022,2
Mathematics,HR,2023,1
Mathematics,HR,2024,1
Mathematics,HU,2015,1
Mathematics,HU,2016,1
Mathematics,HU,2017,1
Mathematics,HU,2018,1
Mathematics,HU,2019,1
Mathematics,HU,2020,1
Mathematics,HU,2021,1
Mathematics,HU,2022,1
Mathematics,HU,2023,1
Mathematics,HU,2024,1
Mathematics,IE,2015,1
Mathematics,IE,2016,1
Mathematics,IE,2017,1
Mathematics,IE,2018,1
Mathematics,IE,2019,1
Mathematics,IE,2020,1
Mathematics,IE,2021,1
Mathematics,IE,2022,1
Mathematics,IE,2023,1
Mathematics,IE,2024,1
Mathematics,IL,2015,6
Mathematics,IL,2016,7
Mathematics,IL,2017,7
Mathematics,IL,2018,7
Mathematics,IL,2019,7
Mathematics,IL,2020,7
Mathematics,IL,2021,8
Mathematics,IL,2022,8
Mathematics,IL,2023,9
Mathematics,IL,2024,9
Mathematics,IN,2015,1
Mathematics,IN,2016,1
Mathematics,IN,2017,1
Mathematics,IN,2018,1
Mathematics,IN,2019,1
Mathematics,IN,2020,1
Mathematics,IN,2021,1
Mathematics,IN,2022,1
Mathematics,IN,2023,1
Mathematics,IN,2024,1
Mathematics,IR,2015,1
Mathematics,IR,2016,1
Mathematics,IR,2017,1
Mathematics,IR,2018,1
Mathematics,IR,2019,1
Mathematics,IR,2020,1
Mathematics,IR,2021,1
Mathematics,IR,2022,1
Mathematics,IR,2023,1
Mathematics,IR,2024,1
Mathematics,IT,2017,1
Mathematics,IT,2018,1
Mathematics,IT,2019,1
Mathematics,IT,2020,1
Mathematics,IT,2021,1
Mathematics,IT,2022,2
Mathematics,IT,2023,2
Mathematics,IT,2024,2
Mathematics,JP,2015,1
Mathematics,JP,2016,1
Mathematics,JP,2017,1
Mathematics,JP,2018,1
Mathematics,JP,2019,1
Mathematics,JP,2020,1
Mathematics,JP,2021,1
Mathematics,JP,2022,1
Mathematics,JP,2023,1
Mathematics,JP,2024,1
Mathematics,KR,2015,1
Mathematics,KR,2016,2
Mathematics,KR,2017,2
Mathematics,KR,2018,2
Mathematics,KR,2019,2
Mathematics,KR,2020,2
Mathematics,KR,2021,2
Mathematics,KR,2022,2
Mathematics,KR,2023,2
Mathematics,KR,2024,3
Mathematics,LB,2024,1
Mathematics,NL,2015,5
Mathematics,NL,2016,5
Mathematics,NL,2017,5
Mathematics,NL,2018,6
Mathematics,NL,2019,6
Mathematics,NL,2020,6
Mathematics,NL,2021,6
Mathematics,NL,2022,6
Mathematics,NL,2023,6
Mathematics,NL,2024,6
Mathematics,NO,2023,1
Mathematics,NO,2024,1
Mathematics,NZ,2015,1
Mathematics,NZ,2016,1
Mathematics,NZ,2017,1
Mathematics,NZ,2018,1
Mathematics,NZ,2019,1
Mathematics,NZ,2020,1
Mathematics,NZ,2021,2
Mathematics,NZ,2022,1
Mathematics,NZ,2023,1
Mathematics,NZ,2024,1
Mathematics,PT,2020,1
Mathematics,PT,2021,1
Mathematics,PT,2022,1
Mathematics,PT,2023,1
Mathematics,PT,2024,1
Mathematics,RO,2018,1
Mathematics,RO,2019,1
Mathematics,RO,2020,1
Mathematics,RO,2021,1
Mathematics,RO,2022,1
Mathematics,RO,2023,1
Mathematics,RO,2024,1
Mathematics,RS,2015,1
Mathematics,RS,2016,1
Mathematics,RS,2017,1
Mathematics,RS,2018,1
Mathematics,RS,2019,1
Mathematics,RS,2020,1
Mathematics,RS,2021,1
Mathematics,RS,2022,1
Mathematics,RS,2023,1
Mathematics,RS,2024,1
Mathematics,RU,2015,1
Mathematics,RU,2016,1
Mathematics,RU,2017,1
Mathematics,RU,2018,1
Mathematics,RU,2019,1
Mathematics,RU,2020,2
Mathematics,RU,2021,2
Mathematics,RU,2022,2
Mathematics,RU,2023,2
Mathematics,RU,2024,2
Mathematics,SA,2015,3
Mathematics,SA,2016,3
Mathematics,SA,2017,3
Mathematics,SA,2018,4
Mathematics,SA,2019,4
Mathematics,SA,2020,3
Mathematics,SA,2021,4
Mathematics,SA,2022,5
Mathematics,SA,2023,5
Mathematics,SA,2024,6
Mathematics,SE,2015,2
Mathematics,SE,2016,2
Mathematics,SE,2017,2
Mathematics,SE,2018,3
Mathematics,SE,2019,3
Mathematics,SE,2020,3
Mathematics,SE,2021,3
Mathematics,SE,2022,3
Mathematics,SE,2023,3
Mathematics,SE,2024,3
Mathematics,SG,2015,2
Mathematics,SG,2016,2
Mathematics,SG,2017,2
Mathematics,SG,2018,2
Mathematics,SG,2019,2
Mathematics,SG,2020,2
Mathematics,SG,2021,2
Mathematics,SG,2022,2
Mathematics,SG,2023,2
Mathematics,SG,2024,2
Mathematics,SI,2015,1
Mathematics,SI,2016,1
Mathematics,SI,2017,1
Mathematics,SI,2018,1
Mathematics,SI,2019,1
Mathematics,SI,2020,1
Mathematics,SI,2021,1
Mathematics,SI,2022,1
Mathematics,SK,2015,3
Mathematics,SK,2016,3
Mathematics,SK,2017,3
Mathematics,SK,2018,3
Mathematics,SK,2019,3
Mathematics,SK,2020,3
Mathematics,SK,2021,3
Mathematics,SK,2022,3
Mathematics,SK,2023,3
Mathematics,SK,2024,3
Mathematics,TH,2024,1
Mathematics,TR,2018,1
Mathematics,TR,2019,1
Mathematics,TR,2020,1
Mathematics,TR,2021,1
Mathematics,TR,2022,1
Mathematics,TR,2023,1
Mathematics,TR,2024,1
Mathematics,TW,2015,1
Mathematics,TW,2016,1
Mathematics,TW,2017,2
Mathematics,TW,2018,2
Mathematics,TW,2019,2
Mathematics,TW,2020,3
Mathematics,TW,2021,3
Mathematics,TW,2022,3
Mathematics,TW,2023,4
Mathematics,TW,2024,5
Mathematics,US,2015,243
Mathematics,US,2016,242
Mathematics,US,2017,243
Mathematics,US,2018,239
Mathematics,US,2019,239
Mathematics,US,2020,238
Mathematics,US,2021,236
Mathematics,US,2022,236
Mathematics,US,2023,229
Mathematics,US,2024,227
Mathematics,ZA,2015,2
Mathematics,ZA,2016,2
Mathematics,ZA,2017,2
Mathematics,ZA,2018,2
Mathematics,ZA,2019,2
Mathematics,ZA,2020,2
Mathematics,ZA,2021,2
Mathematics,ZA,2022,2
Mathematics,ZA,2023,2
Mathematics,ZA,2024,2
Medicine,AE,2015,4
Medicine,AE,2016,4
Medicine,AE,2017,3
Medicine,AE,2018,3
Medicine,AE,2019,2
Medicine,AE,2020,3
Medicine,AE,2021,3
Medicine,AE,2022,3
Medicine,AE,2023,3
Medicine,AE,2024,3
Medicine,AL,2015,1
Medicine,AL,2016,1
Medicine,AL,2017,1
Medicine,AL,2018,1
Medicine,AL,2019,1
Medicine,AM,2015,1
Medicine,AM,2016,1
Medicine,AM,2017,1
Medicine,AM,2018,1
Medicine,AM,2019,1
Medicine,AM,2020,1
Medicine,AM,2021,1
Medicine,AR,2015,4
Medicine,AR,2016,4
Medicine,AR,2017,4
Medicine,AR,2018,3
Medicine,AR,2019,4
Medicine,AR,2020,5
Medicine,AR,2021,4
Medicine,AR,2022,4
Medicine,AR,2023,4
Medicine,AR,2024,4
Medicine,AT,2015,91
Medicine,AT,2016,95
Medicine,AT,2017,89
Medicine,AT,2018,91
Medicine,AT,2019,86
Medicine,AT,2020,83
Medicine,AT,2021,81
Medicine,AT,2022,84
Medicine,AT,2023,84
Medicine,AT,2024,85
Medicine,AU,2015,399
Medicine,AU,2016,415
Medicine,AU,2017,429
Medicine,AU,2018,436
Medicine,AU,2019,455
Medicine,AU,2020,480
Medicine,AU,2021,486
Medicine,AU,2022,499
Medicine,AU,2023,513
Medicine,AU,2024,520
Medicine,BB,2015,1
Medicine,BB,2016,1
Medicine,BB,2017,1
Medicine,BB,2018,1
Medicine,BB,2019,1
Medicine,BB,2020,1
Medicine,BB,2021,2
Medicine,BB,2022,2
Medicine,BB,2023,2
Medicine,BB,2024,2
Medicine,BD,2015,2
Medicine,BD,2016,2
Medicine,BD,2017,3
Medicine,BD,2018,3
Medicine,BD,2019,3
Medicine,BD,2020,3
Medicine,BD,2021,4
Medicine,BD,2022,3
Medicine,BD,2023,2
Medicine,BD,2024,3
Medicine,BE,2015,174
Medicine,BE,2016,171
Medicine,BE,2017,172
Medicine,BE,2018,171
Medicine,BE,2019,174
Medicine,BE,2020,177
Medicine,BE,2021,184
Medicine,BE,2022,188
Medicine,BE,2023,186
Medicine,BE,2024,194
Medicine,BF,2015,1
Medicine,BF,2016,1
Medicine,BF,2017,1
Medicine,BF,2018,1
Medicine,BG,2015,8
Medicine,BG,2016,8
Medicine,BG,2017,7
Medicine,BG,2018,7
Medicine,BG,2019,7
Medicine,BG,2020,6
Medicine,BG,2021,7
Medicine,BG,2022,7
Medicine,BG,2023,7
Medicine,BG,2024,6
Medicine,BH,2024,1
Medicine,BJ,2015,1
Medicine,BJ,2016,1
Medicine,BJ,2017,1
Medicine,BJ,2018,1
Medicine,BO,2022,1
Medicine,BO,2023,1
Medicine,BO,2024,1
Medicine,BR,2015,28
Medicine,BR,2016,28
Medicine,BR,2017,29
Medicine,BR,2018,33
Medicine,BR,2019,38
Medicine,BR,2020,39
Medicine,BR,2021,42
Medicine,BR,2022,48
Medicine,BR,2023,50
Medicine,BR,2024,52
Medicine,BW,2021,1
Medicine,BW,2022,1
Medicine,BW,2023,1
Medicine,BW,2024,1
Medicine,BY,2015,5
Medicine,BY,2016,5
Medicine,BY,2017,4
Medicine,BY,2018,5
Medicine,BY,2019,5
Medicine,BY,2020,4
Medicine,BY,2021,3
Medicine,BY,2022,3
Medicine,BY,2023,3
Medicine,BY,2024,2
Medicine,BZ,2015,1
Medicine,CA,2015,707
Medicine,CA,2016,706
Medicine,CA,2017,710
Medicine,CA,2018,714
Medicine,CA,2019,715
Medicine,CA,2020,712
Medicine,CA,2021,715
Medicine,CA,2022,710
Medicine,CA,2023,707
Medicine,CA,2024,713
Medicine,CH,2015,251
Medicine,CH,2016,265
Medicine,CH,2017,264
Medicine,CH,2018,268
Medicine,CH,2019,271
Medicine,CH,2020,273
Medicine,CH,2021,274
Medicine,CH,2022,281
Medicine,CH,2023,287
Medicine,CH,2024,291
Medicine,CI,2015,1
Medicine,CI,2016,1
Medicine,CI,2017,1
Medicine,CI,2018,1
Medicine,CI,2019,1
Medicine,CI,2020,1
Medicine,CI,2021,1
Medicine,CI,2022,1
Medicine,CL,2015,5
Medicine,CL,2016,6
Medicine,CL,2017,5
Medicine,CL,2018,6
Medicine,CL,2019,5
Medicine,CL,2020,6
Medicine,CL,2021,7
Medicine,CL,2022,7
Medicine,CL,2023,6
Medicine,CL,2024,6
Medicine,CM,2015,12
Medicine,CM,2016,11
Medicine,CM,2017,10
Medicine,CM,2018,9
Medicine,CM,2019,8
Medicine,CM,2020,6
Medicine,CM,2021,5
Medicine,CM,2022,5
Medicine,CM,2023,5
Medicine,CM,2024,6
Medicine,CN,2015,84
Medicine,CN,2016,89
Medicine,CN,2017,96
Medicine,CN,2018,107
Medicine,CN,2019,115
Medicine,CN,2020,144
Medicine,CN,2021,200
Medicine,CN,2022,229
Medicine,CN,2023,251
Medicine,CN,2024,276
Medicine,CNX,2015,120
Medicine,CNX,2016,126
Medicine,CNX,2017,132
Medicine,CNX,2018,145
Medicine,CNX,2019,156
Medicine,CNX,2020,187
Medicine,CNX,2021,246
Medicine,CNX,2022,276
Medicine,CNX,2023,301
Medicine,CNX,2024,332
Medicine,CO,2015,2
Medicine,CO,2016,2
Medicine,CO,2017,3
Medicine,CO,2018,3
Medicine,CO,2019,3
Medicine,CO,2020,4
Medicine,CO,2021,4
Medicine,CO,2022,3
Medicine,CO,2023,3
Medicine,CO,2024,3
Medicine,CR,2015,1
Medicine,CR,2016,1
Medicine,CR,2017,1
Medicine,CR,2018,1
Medicine,CR,2019,1
Medicine,CR,2020,1
Medicine,CR,2021,1
Medicine,CR,2022,1
Medicine,CR,2023,1
Medicine,CR,2024,1
Medicine,CY,2015,1
Medicine,CY,2016,1
Medicine,CY,2017,1
Medicine,CY,2018,1
Medicine,CY,2019,1
Medicine,CY,2020,1
Medicine,CY,2021,2
Medicine,CY,2022,2
Medicine,CY,2023,2
Medicine,CY,2024,2
Medicine,CZ,2015,18
Medicine,CZ,2016,21
Medicine,CZ,2017,21
Medicine,CZ,2018,19
Medicine,CZ,2019,18
Medicine,CZ,2020,19
Medicine,CZ,2021,16
Medicine,CZ,2022,17
Medicine,CZ,2023,18
Medicine,CZ,2024,19
Medicine,DE,2015,689
Medicine,DE,2016,700
Medicine,DE,2017,712
Medicine,DE,2018,721
Medicine,DE,2019,725
Medicine,DE,2020,736
Medicine,DE,2021,744
Medicine,DE,2022,746
Medicine,DE,2023,760
Medicine,DE,2024,750
Medicine,DK,2015,147
Medicine,DK,2016,150
Medicine,DK,2017,152
Medicine,DK,2018,156
Medicine,DK,2019,158
Medicine,DK,2020,164
Medicine,DK,2021,164
Medicine,DK,2022,167
Medicine,DK,2023,170
Medicine,DK,2024,175
Medicine,EE,2015,1
Medicine,EE,2016,1
Medicine,EE,2017,1
Medicine,EE,2018,1
Medicine,EE,2019,1
Medicine,EE,2020,2
Medicine,EE,2021,1
Medicine,EE,2022,1
Medicine,EE,2023,1
Medicine,EE,2024,1
Medicine,EG,2020,1
Medicine,EG,2021,2
Medicine,EG,2022,2
Medicine,EG,2023,3
Medicine,EG,2024,4
Medicine,ES,2015,132
Medicine,ES,2016,142
Medicine,ES,2017,151
Medicine,ES,2018,157
Medicine,ES,2019,163
Medicine,ES,2020,180
Medicine,ES,2021,189
Medicine,ES,2022,196
Medicine,ES,2023,205
Medicine,ES,2024,211
Medicine,ET,2015,2
Medicine,ET,2016,2
Medicine,ET,2017,5
Medicine,ET,2018,7
Medicine,ET,2019,7
Medicine,ET,2020,8
Medicine,ET,2021,8
Medicine,ET,2022,9
Medicine,ET,2023,8
Medicine,ET,2024,8
Medicine,FI,2015,139
Medicine,FI,2016,139
Medicine,FI,2017,135
Medicine,FI,2018,134
Medicine,FI,2019,131
Medicine,FI,2020,124
Medicine,FI,2021,115
Medicine,FI,2022,116
Medicine,FI,2023,112
Medicine,FI,2024,111
Medicine,FR,2015,477
Medicine,FR,2016,470
Medicine,FR,2017,478
Medicine,FR,2018,483
Medicine,FR,2019,487
Medicine,FR,2020,485
Medicine,FR,2021,483
Medicine,FR,2022,483
Medicine,FR,2023,482
Medicine,FR,2024,479
Medicine,GA,2015,1
Medicine,GA,2016,1
Medicine,GA,2017,1
Medicine,GA,2018,1
Medicine,GA,2019,1
Medicine,GA,2020,1
Medicine,GA,2021,2
Medicine,GA,2022,2
Medicine,GA,2023,2
Medicine,GA,2024,2
Medicine,GB,2015,1423
Medicine,GB,2016,1413
Medicine,GB,2017,1417
Medicine,GB,2018,1429
Medicine,GB,2019,1449
Medicine,GB,2020,1453
Medicine,GB,2021,1456
Medicine,GB,2022,1457
Medicine,GB,2023,1441
Medicine,GB,2024,1454
Medicine,GD,2018,1
Medicine,GD,2019,1
Medicine,GD,2020,1
Medicine,GD,2021,1
Medicine,GD,2022,1
Medicine,GD,2023,2
Medicine,GD,2024,2
Medicine,GH,2023,1
Medicine,GH,2024,1
Medicine,GM,2015,10
Medicine,GM,2016,9
Medicine,GM,2017,8
Medicine,GM,2018,8
Medicine,GM,2019,8
Medicine,GM,2020,7
Medicine,GM,2021,8
Medicine,GM,2022,9
Medicine,GM,2023,8
Medicine,GM,2024,7
Medicine,GR,2015,17
Medicine,GR,2016,19
Medicine,GR,2017,21
Medicine,GR,2018,21
Medicine,GR,2019,22
Medicine,GR,2020,25
Medicine,GR,2021,26
Medicine,GR,2022,29
Medicine,GR,2023,32
Medicine,GR,2024,33
Medicine,GT,2015,2
Medicine,GT,2016,2
Medicine,GT,2017,2
Medicine,GT,2018,2
Medicine,GT,2019,2
Medicine,GT,2020,1
Medicine,GT,2021,1
Medicine,GT,2022,1
Medicine,GT,2023,1
Medicine,GW,2015,1
Medicine,GW,2016,1
Medicine,GW,2017,1
Medicine,GW,2018,1
Medicine,GW,2019,1
Medicine,GW,2020,1
Medicine,GW,2021,1
Medicine,HK,2015,61
Medicine,HK,2016,61
Medicine,HK,2017,63
Medicine,HK,2018,65
Medicine,HK,2019,66
Medicine,HK,2020,74
Medicine,HK,2021,76
Medicine,HK,2022,80
Medicine,HK,2023,84
Medicine,HK,2024,94
Medicine,HR,2015,1
Medicine,HR,2016,1
Medicine,HR,2017,1
Medicine,HR,2018,1
Medicine,HR,2024,1
Medicine,HU,2015,7
Medicine,HU,2016,7
Medicine,HU,2017,6
Medicine,HU,2018,7
Medicine,HU,2019,7
Medicine,HU,2020,7
Medicine,HU,2021,4
Medicine,HU,2022,4
Medicine,HU,2023,4
Medicine,HU,2024,3
Medicine,ID,2015,1
Medicine,ID,2016,1
Medicine,ID,2017,1
Medicine,ID,2018,1
Medicine,ID,2019,1
Medicine,ID,2020,1
Medicine,ID,2021,1
Medicine,ID,2022,1
Medicine,ID,2023,1
Medicine,ID,2024,1
Medicine,IE,2015,38
Medicine,IE,2016,40
Medicine,IE,2017,48
Medicine,IE,2018,49
Medicine,IE,2019,53
Medicine,IE,2020,53
Medicine,IE,2021,50
Medicine,IE,2022,55
Medicine,IE,2023,55
Medicine,IE,2024,59
Medicine,IL,2015,79
Medicine,IL,2016,77
Medicine,IL,2017,73
Medicine,IL,2018,68
Medicine,IL,2019,65
Medicine,IL,2020,65
Medicine,IL,2021,60
Medicine,IL,2022,64
Medicine,IL,2023,65
Medicine,IL,2024,65
Medicine,IN,2015,36
Medicine,IN,2016,36
Medicine,IN,2017,38
Medicine,IN,2018,35
Medicine,IN,2019,35
Medicine,IN,2020,37
Medicine,IN,2021,35
Medicine,IN,2022,38
Medicine,IN,2023,39
Medicine,IN,2024,42
Medicine,IR,2015,4
Medicine,IR,2016,4
Medicine,IR,2017,3
Medicine,IR,2018,4
Medicine,IR,2019,4
Medicine,IR,2020,5
Medicine,IR,2021,9
Medicine,IR,2022,10
Medicine,IR,2023,12
Medicine,IR,2024,12
Medicine,IS,2015,1
Medicine,IS,2016,1
Medicine,IS,2017,1
Medicine,IS,2018,1
Medicine,IS,2019,1
Medicine,IS,2020,1
Medicine,IS,2021,1
Medicine,IS,2022,2
Medicine,IS,2023,2
Medicine,IS,2024,2
Medicine,IT,2015,422
Medicine,IT,2016,428
Medicine,IT,2017,443
Medicine,IT,2018,454
Medicine,IT,2019,454
Medicine,IT,2020,461
Medicine,IT,2021,470
Medicine,IT,2022,488
Medicine,IT,2023,500
Medicine,IT,2024,516
Medicine,JM,2015,3
Medicine,JM,2016,2
Medicine,JM,2017,2
Medicine,JM,2018,2
Medicine,JM,2019,2
Medicine,JM,2020,2
Medicine,JM,2021,1
Medicine,JM,2022,1
Medicine,JO,2021,1
Medicine,JO,2022,1
Medicine,JO,2023,1
Medicine,JO,2024,1
Medicine,JP,2015,469
Medicine,JP,2016,470
Medicine,JP,2017,456
Medicine,JP,2018,454
Medicine,JP,2019,455
Medicine,JP,2020,444
Medicine,JP,2021,442
Medicine,JP,2022,435
Medicine,JP,2023,424
Medicine,JP,2024,420
Medicine,KE,2015,14
Medicine,KE,2016,14
Medicine,KE,2017,15
Medicine,KE,2018,14
Medicine,KE,2019,14
Medicine,KE,2020,13
Medicine,KE,2021,15
Medicine,KE,2022,15
Medicine,KE,2023,14
Medicine,KE,2024,13
Medicine,KH,2015,1
Medicine,KH,2016,1
Medicine,KH,2017,1
Medicine,KH,2018,1
Medicine,KH,2019,2
Medicine,KH,2020,2
Medicine,KH,2021,2
Medicine,KH,2022,2
Medicine,KH,2023,1
Medicine,KH,2024,1
Medicine,KR,2015,25
Medicine,KR,2016,30
Medicine,KR,2017,36
Medicine,KR,2018,40
Medicine,KR,2019,43
Medicine,KR,2020,46
Medicine,KR,2021,50
Medicine,KR,2022,55
Medicine,KR,2023,59
Medicine,KR,2024,63
Medicine,KW,2015,1
Medicine,KW,2016,1
Medicine,KW,2017,1
Medicine,KW,2018,1
Medicine,KW,2019,1
Medicine,KW,2020,1
Medicine,KW,2021,1
Medicine,KW,2022,1
Medicine,KW,2023,1
Medicine,KW,2024,1
Medicine,LB,2015,3
Medicine,LB,2016,4
Medicine,LB,2017,4
Medicine,LB,2018,4
Medicine,LB,2019,4
Medicine,LB,2020,3
Medicine,LB,2021,3
Medicine,LB,2022,3
Medicine,LB,2023,3
Medicine,LB,2024,4
Medicine,LT,2022,1
Medicine,LT,2023,1
Medicine,LT,2024,1
Medicine,LU,2015,1
Medicine,LU,2016,1
Medicine,LU,2017,1
Medicine,LU,2018,1
Medicine,LU,2019,1
Medicine,LU,2020,1
Medicine,LU,2021,2
Medicine,LU,2022,2
Medicine,LU,2023,3
Medicine,LU,2024,4
Medicine,MA,2015,6
Medicine,MA,2016,6
Medicine,MA,2017,6
Medicine,MA,2018,6
Medicine,MA,2019,5
Medicine,MA,2020,4
Medicine,MA,2021,4
Medicine,MA,2022,4
Medicine,MA,2023,4
Medicine,MA,2024,3
Medicine,MC,2015,1
Medicine,MC,2022,1
Medicine,MC,2023,1
Medicine,MC,2024,1
Medicine,MG,2021,1
Medicine,MG,2022,1
Medicine,MG,2023,1
Medicine,MG,2024,1
Medicine,ML,2017,1
Medicine,ML,2018,1
Medicine,ML,2019,1
Medicine,ML,2020,1
Medicine,ML,2021,1
Medicine,ML,2022,1
Medicine,ML,2023,1
Medicine,ML,2024,1
Medicine,MM,2015,2
Medicine,MM,2016,2
Medicine,MM,2017,2
Medicine,MM,2018,2
Medicine,MM,2019,2
Medicine,MM,2020,2
Medicine,MM,2021,2
Medicine,MM,2022,2
Medicine,MM,2023,1
Medicine,MM,2024,1
Medicine,MN,2015,1
Medicine,MN,2016,1
Medicine,MN,2017,1
Medicine,MN,2018,1
Medicine,MN,2019,1
Medicine,MN,2020,1
Medicine,MN,2021,1
Medicine,MN,2022,1
Medicine,MN,2023,1
Medicine,MO,2021,1
Medicine,MO,2022,1
Medicine,MO,2023,3
Medicine,MO,2024,3
Medicine,MQ,2015,1
Medicine,MQ,2016,1
Medicine,MQ,2017,1
Medicine,MQ,2018,1
Medicine,MQ,2019,1
Medicine,MQ,2020,1
Medicine,MQ,2021,1
Medicine,MQ,2022,1
Medicine,MW,2015,1
Medicine,MW,2016,1
Medicine,MW,2017,2
Medicine,MW,2018,2
Medicine,MW,2019,2
Medicine,MW,2020,2
Medicine,MW,2021,2
Medicine,MW,2022,1
Medicine,MW,2023,1
Medicine,MW,2024,1
Medicine,MX,2015,8
Medicine,MX,2016,9
Medicine,MX,2017,9
Medicine,MX,2018,10
Medicine,MX,2019,10
Medicine,MX,2020,11
Medicine,MX,2021,12
Medicine,MX,2022,11
Medicine,MX,2023,12
Medicine,MX,2024,10
Medicine,MY,2015,9
Medicine,MY,2016,9
Medicine,MY,2017,9
Medicine,MY,2018,8
Medicine,MY,2019,8
Medicine,MY,2020,7
Medicine,MY,2021,7
Medicine,MY,2022,8
Medicine,MY,2023,7
Medicine,MY,2024,7
Medicine,MZ,2015,1
Medicine,MZ,2016,1
Medicine,MZ,2017,1
Medicine,MZ,2018,1
Medicine,MZ,2019,1
Medicine,MZ,2020,1
Medicine,MZ,2021,1
Medicine,MZ,2022,1
Medicine,MZ,2023,1
Medicine,MZ,2024,1
Medicine,NC,2023,1
Medicine,NC,2024,1
Medicine,NE,2015,1
Medicine,NE,2016,1
Medicine,NE,2017,1
Medicine,NE,2018,1
Medicine,NE,2019,1
Medicine,NE,2020,1
Medicine,NE,2021,1
Medicine,NE,2022,1
Medicine,NE,2023,1
Medicine,NG,2015,1
Medicine,NG,2016,1
Medicine,NG,2017,1
Medicine,NG,2018,1
Medicine,NG,2019,1
Medicine,NG,2020,1
Medicine,NG,2021,1
Medicine,NG,2022,1
Medicine,NG,2023,1
Medicine,NG,2024,1
Medicine,NL,2015,446
Medicine,NL,2016,458
Medicine,NL,2017,477
Medicine,NL,2018,482
Medicine,NL,2019,490
Medicine,NL,2020,503
Medicine,NL,2021,519
Medicine,NL,2022,524
Medicine,NL,2023,530
Medicine,NL,2024,539
Medicine,NO,2015,48
Medicine,NO,2016,50
Medicine,NO,2017,52
Medicine,NO,2018,57
Medicine,NO,2019,60
Medicine,NO,2020,60
Medicine,NO,2021,59
Medicine,NO,2022,60
Medicine,NO,2023,65
Medicine,NO,2024,68
Medicine,NP,2015,4
Medicine,NP,2016,2
Medicine,NP,2017,1
Medicine,NP,2018,1
Medicine,NP,2019,1
Medicine,NP,2020,1
Medicine,NZ,2015,48
Medicine,NZ,2016,44
Medicine,NZ,2017,46
Medicine,NZ,2018,47
Medicine,NZ,2019,48
Medicine,NZ,2020,45
Medicine,NZ,2021,44
Medicine,NZ,2022,45
Medicine,NZ,2023,43
Medicine,NZ,2024,45
Medicine,OM,2023,1
Medicine,OM,2024,1
Medicine,PA,2015,2
Medicine,PA,2016,2
Medicine,PA,2017,2
Medicine,PA,2018,2
Medicine,PA,2019,2
Medicine,PA,2020,1
Medicine,PA,2021,1
Medicine,PA,2022,1
Medicine,PA,2023,1
Medicine,PA,2024,1
Medicine,PE,2015,1
Medicine,PE,2016,1
Medicine,PE,2017,1
Medicine,PE,2018,1
Medicine,PE,2019,1
Medicine,PE,2020,1
Medicine,PE,2021,1
Medicine,PE,2022,2
Medicine,PE,2023,2
Medicine,PE,2024,2
Medicine,PG,2015,1
Medicine,PG,2016,1
Medicine,PG,2017,1
Medicine,PG,2018,1
Medicine,PG,2019,1
Medicine,PH,2015,1
Medicine,PH,2016,1
Medicine,PH,2017,1
Medicine,PH,2018,1
Medicine,PH,2019,1
Medicine,PH,2020,2
Medicine,PH,2021,2
Medicine,PH,2022,2
Medicine,PH,2023,2
Medicine,PH,2024,2
Medicine,PK,2015,16
Medicine,PK,2016,15
Medicine,PK,2017,16
Medicine,PK,2018,15
Medicine,PK,2019,15
Medicine,PK,2020,15
Medicine,PK,2021,16
Medicine,PK,2022,16
Medicine,PK,2023,18
Medicine,PK,2024,18
Medicine,PL,2015,33
Medicine,PL,2016,32
Medicine,PL,2017,32
Medicine,PL,2018,31
Medicine,PL,2019,30
Medicine,PL,2020,32
Medicine,PL,2021,33
Medicine,PL,2022,29
Medicine,PL,2023,31
Medicine,PL,2024,32
Medicine,PR,2015,3
Medicine,PR,2016,2
Medicine,PR,2017,2
Medicine,PR,2018,2
Medicine,PR,2019,2
Medicine,PR,2020,3
Medicine,PR,2021,3
Medicine,PR,2022,3
Medicine,PR,2023,3
Medicine,PR,2024,3
Medicine,PS,2015,2
Medicine,PS,2016,2
Medicine,PS,2017,3
Medicine,PS,2018,3
Medicine,PS,2019,3
Medicine,PS,2020,5
Medicine,PS,2021,5
Medicine,PS,2022,5
Medicine,PS,2023,4
Medicine,PS,2024,4
Medicine,PT,2015,9
Medicine,PT,2016,11
Medicine,PT,2017,12
Medicine,PT,2018,12
Medicine,PT,2019,13
Medicine,PT,2020,16
Medicine,PT,2021,18
Medicine,PT,2022,20
Medicine,PT,2023,20
Medicine,PT,2024,22
Medicine,QA,2015,8
Medicine,QA,2016,9
Medicine,QA,2017,10
Medicine,QA,2018,9
Medicine,QA,2019,9
Medicine,QA,2020,9
Medicine,QA,2021,9
Medicine,QA,2022,10
Medicine,QA,2023,10
Medicine,QA,2024,11
Medicine,RO,2015,1
Medicine,RO,2016,1
Medicine,RO,2017,1
Medicine,RO,2018,1
Medicine,RO,2019,1
Medicine,RO,2020,1
Medicine,RO,2021,1
Medicine,RO,2022,1
Medicine,RO,2023,2
Medicine,RO,2024,2
Medicine,RS,2015,3
Medicine,RS,2016,3
Medicine,RS,2017,2
Medicine,RS,2018,3
Medicine,RS,2019,2
Medicine,RS,2020,2
Medicine,RS,2021,1
Medicine,RS,2022,2
Medicine,RS,2023,2
Medicine,RS,2024,2
Medicine,RU,2015,13
Medicine,RU,2016,13
Medicine,RU,2017,13
Medicine,RU,2018,12
Medicine,RU,2019,12
Medicine,RU,2020,17
Medicine,RU,2021,18
Medicine,RU,2022,16
Medicine,RU,2023,16
Medicine,RU,2024,17
Medicine,SA,2015,6
Medicine,SA,2016,7
Medicine,SA,2017,11
Medicine,SA,2018,11
Medicine,SA,2019,10
Medicine,SA,2020,10
Medicine,SA,2021,10
Medicine,SA,2022,11
Medicine,SA,2023,12
Medicine,SA,2024,14
Medicine,SE,2015,278
Medicine,SE,2016,274
Medicine,SE,2017,273
Medicine,SE,2018,266
Medicine,SE,2019,260
Medicine,SE,2020,255
Medicine,SE,2021,247
Medicine,SE,2022,248
Medicine,SE,2023,246
Medicine,SE,2024,244
Medicine,SG,2015,30
Medicine,SG,2016,31
Medicine,SG,2017,34
Medicine,SG,2018,35
Medicine,SG,2019,35
Medicine,SG,2020,42
Medicine,SG,2021,50
Medicine,SG,2022,54
Medicine,SG,2023,59
Medicine,SG,2024,58
Medicine,SI,2016,1
Medicine,SI,2017,1
Medicine,SK,2015,7
Medicine,SK,2016,6
Medicine,SK,2017,2
Medicine,SK,2018,2
Medicine,SK,2019,2
Medicine,SK,2020,2
Medicine,SK,2021,2
Medicine,SK,2022,1
Medicine,SK,2023,2
Medicine,SK,2024,2
Medicine,TH,2015,12
Medicine,TH,2016,13
Medicine,TH,2017,13
Medicine,TH,2018,12
Medicine,TH,2019,13
Medicine,TH,2020,14
Medicine,TH,2021,14
Medicine,TH,2022,13
Medicine,TH,2023,11
Medicine,TH,2024,11
Medicine,TN,2018,1
Medicine,TN,2019,1
Medicine,TN,2020,1
Medicine,TN,2021,1
Medicine,TN,2022,1
Medicine,TN,2023,1
Medicine,TN,2024,1
Medicine,TR,2017,3
Medicine,TR,2018,4
Medicine,TR,2019,5
Medicine,TR,2020,6
Medicine,TR,2021,6
Medicine,TR,2022,7
Medicine,TR,2023,7
Medicine,TR,2024,7
Medicine,TT,2015,1
Medicine,TT,2016,1
Medicine,TT,2017,1
Medicine,TT,2018,1
Medicine,TT,2019,1
Medicine,TT,2020,1
Medicine,TT,2021,1
Medicine,TT,2022,1
Medicine,TT,2023,1
Medicine,TT,2024,1
Medicine,TW,2015,21
Medicine,TW,2016,22
Medicine,TW,2017,21
Medicine,TW,2018,23
Medicine,TW,2019,24
Medicine,TW,2020,27
Medicine,TW,2021,31
Medicine,TW,2022,30
Medicine,TW,2023,33
Medicine,TW,2024,35
Medicine,TZ,2015,6
Medicine,TZ,2016,6
Medicine,TZ,2017,5
Medicine,TZ,2018,5
Medicine,TZ,2019,4
Medicine,TZ,2020,5
Medicine,TZ,2021,5
Medicine,TZ,2022,4
Medicine,TZ,2023,4
Medicine,TZ,2024,5
Medicine,UA,2015,2
Medicine,UA,2016,2
Medicine,UA,2017,1
Medicine,UA,2021,1
Medicine,UA,2022,1
Medicine,UA,2023,1
Medicine,UA,2024,1
Medicine,UG,2015,9
Medicine,UG,2016,10
Medicine,UG,2017,10
Medicine,UG,2018,10
Medicine,UG,2019,9
Medicine,UG,2020,9
Medicine,UG,2021,9
Medicine,UG,2022,9
Medicine,UG,2023,9
Medicine,UG,2024,9
Medicine,US,2015,7573
Medicine,US,2016,7534
Medicine,US,2017,7458
Medicine,US,2018,7385
Medicine,US,2019,7321
Medicine,US,2020,7260
Medicine,US,2021,7154
Medicine,US,2022,7059
Medicine,US,2023,6970
Medicine,US,2024,6879
Medicine,UY,2015,1
Medicine,UY,2016,1
Medicine,UY,2017,1
Medicine,UY,2018,1
Medicine,UY,2019,1
Medicine,UY,2020,1
Medicine,UY,2021,1
Medicine,UY,2022,1
Medicine,UY,2023,1
Medicine,UY,2024,1
Medicine,VE,2016,1
Medicine,VE,2017,1
Medicine,VE,2018,1
Medicine,VE,2019,1
Medicine,VE,2020,1
Medicine,VE,2021,1
Medicine,VE,2022,2
Medicine,VE,2023,1
Medicine,VE,2024,1
Medicine,VG,2015,1
Medicine,VG,2016,1
Medicine,VG,2017,1
Medicine,VG,2018,1
Medicine,VG,2019,1
Medicine,VG,2020,1
Medicine,VG,2021,1
Medicine,VG,2022,1
Medicine,VG,2023,1
Medicine,VG,2024,1
Medicine,VN,2015,15
Medicine,VN,2016,15
Medicine,VN,2017,15
Medicine,VN,2018,14
Medicine,VN,2019,15
Medicine,VN,2020,16
Medicine,VN,2021,16
Medicine,VN,2022,14
Medicine,VN,2023,14
Medicine,VN,2024,13
Medicine,YE,2024,1
Medicine,ZA,2015,71
Medicine,ZA,2016,71
Medicine,ZA,2017,69
Medicine,ZA,2018,69
Medicine,ZA,2019,75
Medicine,ZA,2020,76
Medicine,ZA,2021,77
Medicine,ZA,2022,76
Medicine,ZA,2023,77
Medicine,ZA,2024,81
Medicine,ZM,2015,1
Medicine,ZM,2016,1
Medicine,ZM,2017,1
Medicine,ZM,2018,1
Medicine,ZM,2019,1
Medicine,ZM,2020,1
Medicine,ZM,2021,1
Medicine,ZM,2022,1
Medicine,ZM,2023,1
Medicine,ZM,2024,1
Neuroscience,AR,2016,1
Neuroscience,AR,2017,1
Neuroscience,AR,2018,1
Neuroscience,AR,2019,1
Neuroscience,AR,2020,1
Neuroscience,AR,2021,1
Neuroscience,AR,2022,1
Neuroscience,AR,2023,1
Neuroscience,AR,2024,1
Neuroscience,AT,2015,3
Neuroscience,AT,2016,3
Neuroscience,AT,2017,4
Neuroscience,AT,2018,4
Neuroscience,AT,2019,5
Neuroscience,AT,2020,4
Neuroscience,AT,2021,4
Neuroscience,AT,2022,4
Neuroscience,AT,2023,4
Neuroscience,AT,2024,4
Neuroscience,AU,2015,7
Neuroscience,AU,2016,7
Neuroscience,AU,2017,7
Neuroscience,AU,2018,8
Neuroscience,AU,2019,6
Neuroscience,AU,2020,5
Neuroscience,AU,2021,6
Neuroscience,AU,2022,6
Neuroscience,AU,2023,7
Neuroscience,AU,2024,10
Neuroscience,BE,2015,4
Neuroscience,BE,2016,4
Neuroscience,BE,2017,4
Neuroscience,BE,2018,4
Neuroscience,BE,2019,6
Neuroscience,BE,2020,5
Neuroscience,BE,2021,4
Neuroscience,BE,2022,3
Neuroscience,BE,2023,3
Neuroscience,BE,2024,3
Neuroscience,BG,2015,1
Neuroscience,BG,2018,1
Neuroscience,BG,2019,1
Neuroscience,BG,2020,1
Neuroscience,BG,2021,1
Neuroscience,BG,2022,1
Neuroscience,BG,2023,1
Neuroscience,BG,2024,1
Neuroscience,BR,2015,1
Neuroscience,BR,2016,3
Neuroscience,BR,2017,3
Neuroscience,BR,2018,3
Neuroscience,BR,2019,3
Neuroscience,BR,2020,3
Neuroscience,BR,2021,3
Neuroscience,BR,2022,2
Neuroscience,BR,2023,2
Neuroscience,BR,2024,4
Neuroscience,CA,2015,39
Neuroscience,CA,2016,37
Neuroscience,CA,2017,36
Neuroscience,CA,2018,35
Neuroscience,CA,2019,36
Neuroscience,CA,2020,35
Neuroscience,CA,2021,37
Neuroscience,CA,2022,38
Neuroscience,CA,2023,37
Neuroscience,CA,2024,36
Neuroscience,CH,2015,16
Neuroscience,CH,2016,16
Neuroscience,CH,2017,17
Neuroscience,CH,2018,17
Neuroscience,CH,2019,16
Neuroscience,CH,2020,20
Neuroscience,CH,2021,21
Neuroscience,CH,2022,21
Neuroscience,CH,2023,20
Neuroscience,CH,2024,21
Neuroscience,CM,2015,2
Neuroscience,CM,2016,2
Neuroscience,CM,2017,2
Neuroscience,CM,2018,2
Neuroscience,CM,2019,2
Neuroscience,CM,2020,2
Neuroscience,CM,2021,1
Neuroscience,CM,2022,1
Neuroscience,CM,2023,1
Neuroscience,CM,2024,1
Neuroscience,CN,2015,3
Neuroscience,CN,2016,3
Neuroscience,CN,2017,3
Neuroscience,CN,2018,4
Neuroscience,CN,2019,4
Neuroscience,CN,2020,4
Neuroscience,CN,2021,5
Neuroscience,CN,2022,7
Neuroscience,CN,2023,11
Neuroscience,CN,2024,13
Neuroscience,CNX,2015,3
Neuroscience,CNX,2016,3
Neuroscience,CNX,2017,3
Neuroscience,CNX,2018,4
Neuroscience,CNX,2019,4
Neuroscience,CNX,2020,4
Neuroscience,CNX,2021,6
Neuroscience,CNX,2022,8
Neuroscience,CNX,2023,12
Neuroscience,CNX,2024,14
Neuroscience,CZ,2015,3
Neuroscience,CZ,2016,3
Neuroscience,CZ,2017,3
Neuroscience,CZ,2018,3
Neuroscience,CZ,2019,3
Neuroscience,CZ,2020,4
Neuroscience,CZ,2021,4
Neuroscience,CZ,2022,4
Neuroscience,CZ,2023,4
Neuroscience,CZ,2024,4
Neuroscience,DE,2015,42
Neuroscience,DE,2016,44
Neuroscience,DE,2017,49
Neuroscience,DE,2018,52
Neuroscience,DE,2019,52
Neuroscience,DE,2020,54
Neuroscience,DE,2021,55
Neuroscience,DE,2022,57
Neuroscience,DE,2023,58
Neuroscience,DE,2024,62
Neuroscience,DK,2015,6
Neuroscience,DK,2016,5
Neuroscience,DK,2017,5
Neuroscience,DK,2018,5
Neuroscience,DK,2019,4
Neuroscience,DK,2020,6
Neuroscience,DK,2021,6
Neuroscience,DK,2022,7
Neuroscience,DK,2023,7
Neuroscience,DK,2024,7
Neuroscience,EE,2015,1
Neuroscience,EE,2016,1
Neuroscience,EE,2017,1
Neuroscience,EE,2018,1
Neuroscience,EE,2019,1
Neuroscience,EE,2020,1
Neuroscience,EE,2021,1
Neuroscience,EE,2022,1
Neuroscience,EE,2023,1
Neuroscience,EE,2024,1
Neuroscience,ES,2015,4
Neuroscience,ES,2016,3
Neuroscience,ES,2017,3
Neuroscience,ES,2018,3
Neuroscience,ES,2019,3
Neuroscience,ES,2020,3
Neuroscience,ES,2021,3
Neuroscience,ES,2022,3
Neuroscience,ES,2023,3
Neuroscience,ES,2024,4
Neuroscience,FI,2015,2
Neuroscience,FI,2016,2
Neuroscience,FI,2017,2
Neuroscience,FI,2018,2
Neuroscience,FI,2019,2
Neuroscience,FI,2020,2
Neuroscience,FI,2021,2
Neuroscience,FI,2022,2
Neuroscience,FI,2023,2
Neuroscience,FI,2024,2
Neuroscience,FR,2015,21
Neuroscience,FR,2016,21
Neuroscience,FR,2017,19
Neuroscience,FR,2018,18
Neuroscience,FR,2019,19
Neuroscience,FR,2020,22
Neuroscience,FR,2021,21
Neuroscience,FR,2022,21
Neuroscience,FR,2023,21
Neuroscience,FR,2024,21
Neuroscience,GB,2015,91
Neuroscience,GB,2016,94
Neuroscience,GB,2017,97
Neuroscience,GB,2018,94
Neuroscience,GB,2019,95
Neuroscience,GB,2020,97
Neuroscience,GB,2021,101
Neuroscience,GB,2022,101
Neuroscience,GB,2023,102
Neuroscience,GB,2024,104
Neuroscience,GR,2016,1
Neuroscience,GR,2017,1
Neuroscience,HU,2015,4
Neuroscience,HU,2016,4
Neuroscience,HU,2017,4
Neuroscience,HU,2018,4
Neuroscience,HU,2019,4
Neuroscience,HU,2020,5
Neuroscience,HU,2021,4
Neuroscience,HU,2022,5
Neuroscience,HU,2023,5
Neuroscience,HU,2024,5
Neuroscience,IE,2015,1
Neuroscience,IE,2016,1
Neuroscience,IE,2017,3
Neuroscience,IE,2018,3
Neuroscience,IE,2019,3
Neuroscience,IE,2020,3
Neuroscience,IE,2021,3
Neuroscience,IE,2022,3
Neuroscience,IE,2023,3
Neuroscience,IE,2024,4
Neuroscience,IL,2015,3
Neuroscience,IL,2016,3
Neuroscience,IL,2017,3
Neuroscience,IL,2018,3
Neuroscience,IL,2019,3
Neuroscience,IL,2020,4
Neuroscience,IL,2021,4
Neuroscience,IL,2022,4
Neuroscience,IL,2023,4
Neuroscience,IL,2024,4
Neuroscience,IN,2015,1
Neuroscience,IN,2016,1
Neuroscience,IN,2017,1
Neuroscience,IN,2018,1
Neuroscience,IN,2019,1
Neuroscience,IN,2020,1
Neuroscience,IN,2021,2
Neuroscience,IN,2022,2
Neuroscience,IN,2023,2
Neuroscience,IN,2024,2
Neuroscience,IT,2015,17
Neuroscience,IT,2016,18
Neuroscience,IT,2017,18
Neuroscience,IT,2018,18
Neuroscience,IT,2019,19
Neuroscience,IT,2020,18
Neuroscience,IT,2021,18
Neuroscience,IT,2022,18
Neuroscience,IT,2023,19
Neuroscience,IT,2024,21
Neuroscience,JP,2015,26
Neuroscience,JP,2016,24
Neuroscience,JP,2017,23
Neuroscience,JP,2018,23
Neuroscience,JP,2019,23
Neuroscience,JP,2020,23
Neuroscience,JP,2021,22
Neuroscience,JP,2022,20
Neuroscience,JP,2023,17
Neuroscience,JP,2024,16
Neuroscience,KE,2015,1
Neuroscience,KE,2016,1
Neuroscience,KE,2017,1
Neuroscience,KE,2018,1
Neuroscience,KE,2019,1
Neuroscience,KE,2020,1
Neuroscience,KE,2021,1
Neuroscience,KE,2022,1
Neuroscience,KE,2023,1
Neuroscience,KE,2024,1
Neuroscience,KR,2015,1
Neuroscience,KR,2016,2
Neuroscience,KR,2017,2
Neuroscience,KR,2018,2
Neuroscience,KR,2019,2
Neuroscience,KR,2020,2
Neuroscience,KR,2021,2
Neuroscience,KR,2022,2
Neuroscience,KR,2023,2
Neuroscience,KR,2024,2
Neuroscience,LT,2023,1
Neuroscience,LT,2024,1
Neuroscience,LU,2016,1
Neuroscience,LU,2017,1
Neuroscience,LU,2018,1
Neuroscience,LU,2019,1
Neuroscience,LU,2020,1
Neuroscience,LU,2021,1
Neuroscience,LU,2022,1
Neuroscience,LU,2023,1
Neuroscience,LU,2024,1
Neuroscience,MX,2015,2
Neuroscience,MX,2016,2
Neuroscience,MX,2017,2
Neuroscience,MX,2018,2
Neuroscience,MX,2019,2
Neuroscience,MX,2020,2
Neuroscience,MX,2021,2
Neuroscience,MX,2022,2
Neuroscience,MX,2023,2
Neuroscience,MX,2024,2
Neuroscience,NL,2015,12
Neuroscience,NL,2016,13
Neuroscience,NL,2017,15
Neuroscience,NL,2018,14
Neuroscience,NL,2019,14
Neuroscience,NL,2020,16
Neuroscience,NL,2021,15
Neuroscience,NL,2022,16
Neuroscience,NL,2023,17
Neuroscience,NL,2024,17
Neuroscience,NO,2015,4
Neuroscience,NO,2016,4
Neuroscience,NO,2017,3
Neuroscience,NO,2018,3
Neuroscience,NO,2019,4
Neuroscience,NO,2020,4
Neuroscience,NO,2021,4
Neuroscience,NO,2022,4
Neuroscience,NO,2023,4
Neuroscience,NO,2024,4
Neuroscience,NZ,2015,1
Neuroscience,NZ,2016,1
Neuroscience,NZ,2017,1
Neuroscience,NZ,2018,1
Neuroscience,NZ,2019,1
Neuroscience,NZ,2020,1
Neuroscience,NZ,2021,1
Neuroscience,NZ,2022,2
Neuroscience,NZ,2023,2
Neuroscience,NZ,2024,2
Neuroscience,PL,2015,1
Neuroscience,PL,2016,1
Neuroscience,PL,2017,1
Neuroscience,PL,2024,1
Neuroscience,RU,2015,1
Neuroscience,RU,2016,1
Neuroscience,RU,2017,1
Neuroscience,RU,2018,1
Neuroscience,RU,2019,2
Neuroscience,RU,2020,2
Neuroscience,RU,2021,2
Neuroscience,RU,2022,2
Neuroscience,RU,2023,2
Neuroscience,RU,2024,2
Neuroscience,SA,2015,1
Neuroscience,SA,2016,1
Neuroscience,SA,2017,1
Neuroscience,SA,2018,1
Neuroscience,SA,2019,1
Neuroscience,SA,2020,2
Neuroscience,SA,2021,2
Neuroscience,SA,2022,2
Neuroscience,SA,2023,2
Neuroscience,SA,2024,2
Neuroscience,SE,2015,24
Neuroscience,SE,2016,24
Neuroscience,SE,2017,24
Neuroscience,SE,2018,23
Neuroscience,SE,2019,23
Neuroscience,SE,2020,22
Neuroscience,SE,2021,22
Neuroscience,SE,2022,21
Neuroscience,SE,2023,20
Neuroscience,SE,2024,18
Neuroscience,SK,2015,1
Neuroscience,SK,2016,1
Neuroscience,SK,2017,1
Neuroscience,TH,2015,1
Neuroscience,TH,2016,1
Neuroscience,TH,2017,1
Neuroscience,TH,2018,1
Neuroscience,TH,2019,1
Neuroscience,TH,2020,1
Neuroscience,TH,2021,1
Neuroscience,TH,2022,1
Neuroscience,TH,2023,1
Neuroscience,TH,2024,1
Neuroscience,TW,2021,1
Neuroscience,TW,2022,1
Neuroscience,TW,2023,2
Neuroscience,TW,2024,3
Neuroscience,TZ,2015,1
Neuroscience,TZ,2016,1
Neuroscience,TZ,2017,1
Neuroscience,TZ,2018,1
Neuroscience,TZ,2019,1
Neuroscience,TZ,2020,1
Neuroscience,UA,2015,1
Neuroscience,UA,2016,1
Neuroscience,UA,2017,1
Neuroscience,UA,2018,1
Neuroscience,UA,2019,1
Neuroscience,US,2015,384
Neuroscience,US,2016,384
Neuroscience,US,2017,383
Neuroscience,US,2018,383
Neuroscience,US,2019,381
Neuroscience,US,2020,379
Neuroscience,US,2021,379
Neuroscience,US,2022,380
Neuroscience,US,2023,377
Neuroscience,US,2024,374
Nursing,AU,2015,7
Nursing,AU,2016,6
Nursing,AU,2017,6
Nursing,AU,2018,6
Nursing,AU,2019,7
Nursing,AU,2020,7
Nursing,AU,2021,8
Nursing,AU,2022,8
Nursing,AU,2023,8
Nursing,AU,2024,8
Nursing,BD,2015,1
Nursing,BD,2016,1
Nursing,BD,2017,1
Nursing,BD,2018,1
Nursing,BD,2019,1
Nursing,BD,2020,1
Nursing,BD,2021,1
Nursing,BD,2022,1
Nursing,BD,2023,2
Nursing,BD,2024,2
Nursing,BE,2015,3
Nursing,BE,2016,3
Nursing,BE,2017,3
Nursing,BE,2018,4
Nursing,BE,2019,4
Nursing,BE,2020,4
Nursing,BE,2021,4
Nursing,BE,2022,4
Nursing,BE,2023,4
Nursing,BE,2024,3
Nursing,CA,2015,6
Nursing,CA,2016,7
Nursing,CA,2017,7
Nursing,CA,2018,6
Nursing,CA,2019,6
Nursing,CA,2020,6
Nursing,CA,2021,7
Nursing,CA,2022,7
Nursing,CA,2023,9
Nursing,CA,2024,9
Nursing,CH,2015,2
Nursing,CH,2016,2
Nursing,CH,2017,3
Nursing,CH,2018,3
Nursing,CH,2019,2
Nursing,CH,2020,2
Nursing,CH,2021,2
Nursing,CH,2022,2
Nursing,CH,2023,2
Nursing,CH,2024,2
Nursing,CL,2015,1
Nursing,CL,2016,1
Nursing,CL,2017,1
Nursing,CL,2018,1
Nursing,CL,2019,1
Nursing,CL,2020,1
Nursing,CL,2021,1
Nursing,CL,2022,1
Nursing,CL,2023,1
Nursing,CL,2024,1
Nursing,CN,2015,1
Nursing,CN,2016,2
Nursing,CN,2017,2
Nursing,CN,2018,3
Nursing,CN,2019,4
Nursing,CN,2020,4
Nursing,CN,2021,4
Nursing,CN,2022,4
Nursing,CN,2023,4
Nursing,CN,2024,4
Nursing,CNX,2015,2
Nursing,CNX,2016,2
Nursing,CNX,2017,2
Nursing,CNX,2018,3
Nursing,CNX,2019,4
Nursing,CNX,2020,4
Nursing,CNX,2021,4
Nursing,CNX,2022,4
Nursing,CNX,2023,4
Nursing,CNX,2024,4
Nursing,DE,2015,4
Nursing,DE,2016,3
Nursing,DE,2017,3
Nursing,DE,2018,3
Nursing,DE,2019,3
Nursing,DE,2020,3
Nursing,DE,2021,5
Nursing,DE,2022,4
Nursing,DE,2023,4
Nursing,DE,2024,4
Nursing,DK,2015,2
Nursing,DK,2016,2
Nursing,DK,2017,2
Nursing,DK,2018,2
Nursing,DK,2019,1
Nursing,ES,2017,1
Nursing,ES,2018,1
Nursing,ES,2019,1
Nursing,ES,2020,2
Nursing,ES,2021,2
Nursing,ES,2022,2
Nursing,ES,2023,2
Nursing,ES,2024,2
Nursing,FI,2015,2
Nursing,FI,2016,3
Nursing,FI,2017,3
Nursing,FI,2018,3
Nursing,FI,2019,3
Nursing,FI,2020,3
Nursing,FI,2021,2
Nursing,FI,2022,1
Nursing,FI,2023,1
Nursing,FI,2024,1
Nursing,FR,2015,5
Nursing,FR,2016,5
Nursing,FR,2017,5
Nursing,FR,2018,5
Nursing,FR,2019,5
Nursing,FR,2020,3
Nursing,FR,2021,3
Nursing,FR,2022,3
Nursing,FR,2023,3
Nursing,FR,2024,2
Nursing,GB,2015,13
Nursing,GB,2016,14
Nursing,GB,2017,14
Nursing,GB,2018,14
Nursing,GB,2019,15
Nursing,GB,2020,17
Nursing,GB,2021,17
Nursing,GB,2022,18
Nursing,GB,2023,18
Nursing,GB,2024,19
Nursing,GT,2015,1
Nursing,GT,2016,1
Nursing,GT,2017,1
Nursing,GT,2018,1
Nursing,GT,2019,1
Nursing,GT,2020,1
Nursing,GT,2021,1
Nursing,GT,2022,1
Nursing,GT,2023,1
Nursing,GT,2024,1
Nursing,HK,2015,1
Nursing,HK,2016,1
Nursing,HK,2017,1
Nursing,HK,2018,1
Nursing,HK,2019,1
Nursing,HK,2020,1
Nursing,HK,2021,1
Nursing,HK,2022,1
Nursing,HK,2023,1
Nursing,HK,2024,1
Nursing,IE,2015,1
Nursing,IE,2016,1
Nursing,IE,2017,1
Nursing,IE,2018,1
Nursing,IE,2019,1
Nursing,IE,2020,1
Nursing,IE,2021,1
Nursing,IE,2022,1
Nursing,IE,2023,1
Nursing,IE,2024,1
Nursing,IL,2021,1
Nursing,IL,2022,1
Nursing,IL,2023,1
Nursing,IL,2024,1
Nursing,IN,2015,1
Nursing,IN,2016,1
Nursing,IN,2017,2
Nursing,IN,2018,2
Nursing,IN,2019,3
Nursing,IN,2020,3
Nursing,IN,2021,3
Nursing,IN,2022,3
Nursing,IN,2023,3
Nursing,IN,2024,3
Nursing,IT,2015,4
Nursing,IT,2016,4
Nursing,IT,2017,4
Nursing,IT,2018,4
Nursing,IT,2019,4
Nursing,IT,2020,3
Nursing,IT,2021,3
Nursing,IT,2022,5
Nursing,IT,2023,5
Nursing,IT,2024,5
Nursing,JM,2016,1
Nursing,JM,2017,1
Nursing,JM,2018,1
Nursing,JM,2019,1
Nursing,JM,2020,1
Nursing,JM,2021,2
Nursing,JM,2022,2
Nursing,JM,2023,2
Nursing,JM,2024,2
Nursing,JP,2015,1
Nursing,JP,2016,1
Nursing,JP,2017,1
Nursing,JP,2018,1
Nursing,JP,2019,1
Nursing,JP,2020,1
Nursing,JP,2021,1
Nursing,JP,2022,1
Nursing,JP,2023,1
Nursing,JP,2024,1
Nursing,KE,2015,2
Nursing,KE,2016,2
Nursing,KE,2017,2
Nursing,KE,2018,2
Nursing,KE,2019,2
Nursing,KE,2020,2
Nursing,KE,2021,2
Nursing,KE,2022,2
Nursing,KE,2023,2
Nursing,KE,2024,2
Nursing,KR,2015,1
Nursing,KR,2016,1
Nursing,KR,2017,1
Nursing,KR,2018,1
Nursing,KR,2019,1
Nursing,KR,2020,1
Nursing,KR,2021,1
Nursing,KR,2022,1
Nursing,KR,2023,1
Nursing,KR,2024,1
Nursing,MA,2015,1
Nursing,MA,2016,1
Nursing,MA,2017,1
Nursing,MA,2018,1
Nursing,MA,2019,1
Nursing,MK,2015,1
Nursing,MK,2016,1
Nursing,MK,2017,1
Nursing,MK,2018,1
Nursing,NL,2015,4
Nursing,NL,2016,6
Nursing,NL,2017,5
Nursing,NL,2018,4
Nursing,NL,2019,4
Nursing,NL,2020,5
Nursing,NL,2021,5
Nursing,NL,2022,5
Nursing,NL,2023,5
Nursing,NL,2024,5
Nursing,PK,2024,1
Nursing,SA,2021,1
Nursing,SA,2022,1
Nursing,SA,2023,1
Nursing,SA,2024,1
Nursing,SE,2015,3
Nursing,SE,2016,3
Nursing,SE,2017,3
Nursing,SE,2018,2
Nursing,SE,2019,2
Nursing,SE,2020,2
Nursing,SE,2021,1
Nursing,SE,2022,1
Nursing,SE,2023,1
Nursing,SE,2024,1
Nursing,US,2015,66
Nursing,US,2016,63
Nursing,US,2017,61
Nursing,US,2018,62
Nursing,US,2019,62
Nursing,US,2020,62
Nursing,US,2021,60
Nursing,US,2022,58
Nursing,US,2023,58
Nursing,US,2024,58
"Pharmacology, Toxicology and Pharmaceutics",AT,2016,1
"Pharmacology, Toxicology and Pharmaceutics",AT,2017,1
"Pharmacology, Toxicology and Pharmaceutics",AT,2018,1
"Pharmacology, Toxicology and Pharmaceutics",AT,2019,1
"Pharmacology, Toxicology and Pharmaceutics",AT,2020,1
"Pharmacology, Toxicology and Pharmaceutics",AT,2021,1
"Pharmacology, Toxicology and Pharmaceutics",AT,2022,1
"Pharmacology, Toxicology and Pharmaceutics",AT,2023,1
"Pharmacology, Toxicology and Pharmaceutics",AT,2024,1
"Pharmacology, Toxicology and Pharmaceutics",AU,2015,4
"Pharmacology, Toxicology and Pharmaceutics",AU,2016,4
"Pharmacology, Toxicology and Pharmaceutics",AU,2017,4
"Pharmacology, Toxicology and Pharmaceutics",AU,2018,4
"Pharmacology, Toxicology and Pharmaceutics",AU,2019,4
"Pharmacology, Toxicology and Pharmaceutics",AU,2020,4
"Pharmacology, Toxicology and Pharmaceutics",AU,2021,4
"Pharmacology, Toxicology and Pharmaceutics",AU,2022,4
"Pharmacology, Toxicology and Pharmaceutics",AU,2023,6
"Pharmacology, Toxicology and Pharmaceutics",AU,2024,7
"Pharmacology, Toxicology and Pharmaceutics",BE,2015,1
"Pharmacology, Toxicology and Pharmaceutics",BE,2016,2
"Pharmacology, Toxicology and Pharmaceutics",BE,2017,2
"Pharmacology, Toxicology and Pharmaceutics",BE,2018,3
"Pharmacology, Toxicology and Pharmaceutics",BE,2019,3
"Pharmacology, Toxicology and Pharmaceutics",BE,2020,4
"Pharmacology, Toxicology and Pharmaceutics",BE,2021,4
"Pharmacology, Toxicology and Pharmaceutics",BE,2022,4
"Pharmacology, Toxicology and Pharmaceutics",BE,2023,4
"Pharmacology, Toxicology and Pharmaceutics",BE,2024,5
"Pharmacology, Toxicology and Pharmaceutics",BR,2015,1
"Pharmacology, Toxicology and Pharmaceutics",BR,2016,1
"Pharmacology, Toxicology and Pharmaceutics",BR,2017,1
"Pharmacology, Toxicology and Pharmaceutics",BR,2018,2
"Pharmacology, Toxicology and Pharmaceutics",BR,2019,3
"Pharmacology, Toxicology and Pharmaceutics",BR,2020,3
"Pharmacology, Toxicology and Pharmaceutics",BR,2021,3
"Pharmacology, Toxicology and Pharmaceutics",BR,2022,2
"Pharmacology, Toxicology and Pharmaceutics",BR,2023,2
"Pharmacology, Toxicology and Pharmaceutics",BR,2024,2
"Pharmacology, Toxicology and Pharmaceutics",CA,2015,5
"Pharmacology, Toxicology and Pharmaceutics",CA,2016,5
"Pharmacology, Toxicology and Pharmaceutics",CA,2017,5
"Pharmacology, Toxicology and Pharmaceutics",CA,2018,5
"Pharmacology, Toxicology and Pharmaceutics",CA,2019,5
"Pharmacology, Toxicology and Pharmaceutics",CA,2020,5
"Pharmacology, Toxicology and Pharmaceutics",CA,2021,5
"Pharmacology, Toxicology and Pharmaceutics",CA,2022,3
"Pharmacology, Toxicology and Pharmaceutics",CA,2023,3
"Pharmacology, Toxicology and Pharmaceutics",CA,2024,3
"Pharmacology, Toxicology and Pharmaceutics",CH,2015,5
"Pharmacology, Toxicology and Pharmaceutics",CH,2016,5
"Pharmacology, Toxicology and Pharmaceutics",CH,2017,5
"Pharmacology, Toxicology and Pharmaceutics",CH,2018,4
"Pharmacology, Toxicology and Pharmaceutics",CH,2019,4
"Pharmacology, Toxicology and Pharmaceutics",CH,2020,4
"Pharmacology, Toxicology and Pharmaceutics",CH,2021,4
"Pharmacology, Toxicology and Pharmaceutics",CH,2022,4
"Pharmacology, Toxicology and Pharmaceutics",CH,2023,4
"Pharmacology, Toxicology and Pharmaceutics",CH,2024,4
"Pharmacology, Toxicology and Pharmaceutics",CN,2019,1
"Pharmacology, Toxicology and Pharmaceutics",CN,2020,1
"Pharmacology, Toxicology and Pharmaceutics",CN,2021,2
"Pharmacology, Toxicology and Pharmaceutics",CN,2022,3
"Pharmacology, Toxicology and Pharmaceutics",CN,2023,4
"Pharmacology, Toxicology and Pharmaceutics",CN,2024,5
"Pharmacology, Toxicology and Pharmaceutics",CNX,2019,1
"Pharmacology, Toxicology and Pharmaceutics",CNX,2020,1
"Pharmacology, Toxicology and Pharmaceutics",CNX,2021,2
"Pharmacology, Toxicology and Pharmaceutics",CNX,2022,3
"Pharmacology, Toxicology and Pharmaceutics",CNX,2023,4
"Pharmacology, Toxicology and Pharmaceutics",CNX,2024,5
"Pharmacology, Toxicology and Pharmaceutics",DE,2015,7
"Pharmacology, Toxicology and Pharmaceutics",DE,2016,7
"Pharmacology, Toxicology and Pharmaceutics",DE,2017,8
"Pharmacology, Toxicology and Pharmaceutics",DE,2018,8
"Pharmacology, Toxicology and Pharmaceutics",DE,2019,8
"Pharmacology, Toxicology and Pharmaceutics",DE,2020,8
"Pharmacology, Toxicology and Pharmaceutics",DE,2021,8
"Pharmacology, Toxicology and Pharmaceutics",DE,2022,7
"Pharmacology, Toxicology and Pharmaceutics",DE,2023,7
"Pharmacology, Toxicology and Pharmaceutics",DE,2024,7
"Pharmacology, Toxicology and Pharmaceutics",DK,2015,1
"Pharmacology, Toxicology and Pharmaceutics",DK,2016,2
"Pharmacology, Toxicology and Pharmaceutics",DK,2017,2
"Pharmacology, Toxicology and Pharmaceutics",DK,2018,2
"Pharmacology, Toxicology and Pharmaceutics",DK,2019,2
"Pharmacology, Toxicology and Pharmaceutics",DK,2020,2
"Pharmacology, Toxicology and Pharmaceutics",DK,2021,2
"Pharmacology, Toxicology and Pharmaceutics",DK,2022,2
"Pharmacology, Toxicology and Pharmaceutics",DK,2023,3
"Pharmacology, Toxicology and Pharmaceutics",DK,2024,3
"Pharmacology, Toxicology and Pharmaceutics",ES,2015,3
"Pharmacology, Toxicology and Pharmaceutics",ES,2016,3
"Pharmacology, Toxicology and Pharmaceutics",ES,2017,3
"Pharmacology, Toxicology and Pharmaceutics",ES,2018,3
"Pharmacology, Toxicology and Pharmaceutics",ES,2019,3
"Pharmacology, Toxicology and Pharmaceutics",ES,2020,3
"Pharmacology, Toxicology and Pharmaceutics",ES,2021,4
"Pharmacology, Toxicology and Pharmaceutics",ES,2022,4
"Pharmacology, Toxicology and Pharmaceutics",ES,2023,5
"Pharmacology, Toxicology and Pharmaceutics",ES,2024,4
"Pharmacology, Toxicology and Pharmaceutics",FI,2015,2
"Pharmacology, Toxicology and Pharmaceutics",FI,2016,2
"Pharmacology, Toxicology and Pharmaceutics",FI,2017,2
"Pharmacology, Toxicology and Pharmaceutics",FI,2018,2
"Pharmacology, Toxicology and Pharmaceutics",FI,2019,2
"Pharmacology, Toxicology and Pharmaceutics",FI,2020,2
"Pharmacology, Toxicology and Pharmaceutics",FI,2021,2
"Pharmacology, Toxicology and Pharmaceutics",FI,2022,2
"Pharmacology, Toxicology and Pharmaceutics",FI,2023,2
"Pharmacology, Toxicology and Pharmaceutics",FI,2024,1
"Pharmacology, Toxicology and Pharmaceutics",FR,2015,4
"Pharmacology, Toxicology and Pharmaceutics",FR,2016,3
"Pharmacology, Toxicology and Pharmaceutics",FR,2017,5
"Pharmacology, Toxicology and Pharmaceutics",FR,2018,5
"Pharmacology, Toxicology and Pharmaceutics",FR,2019,5
"Pharmacology, Toxicology and Pharmaceutics",FR,2020,5
"Pharmacology, Toxicology and Pharmaceutics",FR,2021,4
"Pharmacology, Toxicology and Pharmaceutics",FR,2022,4
"Pharmacology, Toxicology and Pharmaceutics",FR,2023,4
"Pharmacology, Toxicology and Pharmaceutics",FR,2024,4
"Pharmacology, Toxicology and Pharmaceutics",GB,2015,14
"Pharmacology, Toxicology and Pharmaceutics",GB,2016,12
"Pharmacology, Toxicology and Pharmaceutics",GB,2017,13
"Pharmacology, Toxicology and Pharmaceutics",GB,2018,13
"Pharmacology, Toxicology and Pharmaceutics",GB,2019,14
"Pharmacology, Toxicology and Pharmaceutics",GB,2020,12
"Pharmacology, Toxicology and Pharmaceutics",GB,2021,12
"Pharmacology, Toxicology and Pharmaceutics",GB,2022,12
"Pharmacology, Toxicology and Pharmaceutics",GB,2023,11
"Pharmacology, Toxicology and Pharmaceutics",GB,2024,10
"Pharmacology, Toxicology and Pharmaceutics",IE,2018,1
"Pharmacology, Toxicology and Pharmaceutics",IE,2019,1
"Pharmacology, Toxicology and Pharmaceutics",IE,2020,1
"Pharmacology, Toxicology and Pharmaceutics",IE,2021,1
"Pharmacology, Toxicology and Pharmaceutics",IE,2022,1
"Pharmacology, Toxicology and Pharmaceutics",IE,2023,1
"Pharmacology, Toxicology and Pharmaceutics",IE,2024,1
"Pharmacology, Toxicology and Pharmaceutics",IL,2017,1
"Pharmacology, Toxicology and Pharmaceutics",IL,2018,1
"Pharmacology, Toxicology and Pharmaceutics",IL,2019,1
"Pharmacology, Toxicology and Pharmaceutics",IL,2020,1
"Pharmacology, Toxicology and Pharmaceutics",IL,2021,1
"Pharmacology, Toxicology and Pharmaceutics",IL,2022,1
"Pharmacology, Toxicology and Pharmaceutics",IL,2023,1
"Pharmacology, Toxicology and Pharmaceutics",IL,2024,1
"Pharmacology, Toxicology and Pharmaceutics",IN,2020,1
"Pharmacology, Toxicology and Pharmaceutics",IN,2021,1
"Pharmacology, Toxicology and Pharmaceutics",IN,2022,3
"Pharmacology, Toxicology and Pharmaceutics",IN,2023,4
"Pharmacology, Toxicology and Pharmaceutics",IN,2024,5
"Pharmacology, Toxicology and Pharmaceutics",IS,2015,1
"Pharmacology, Toxicology and Pharmaceutics",IS,2016,1
"Pharmacology, Toxicology and Pharmaceutics",IS,2017,1
"Pharmacology, Toxicology and Pharmaceutics",IS,2018,1
"Pharmacology, Toxicology and Pharmaceutics",IS,2019,1
"Pharmacology, Toxicology and Pharmaceutics",IS,2020,1
"Pharmacology, Toxicology and Pharmaceutics",IS,2021,1
"Pharmacology, Toxicology and Pharmaceutics",IS,2022,1
"Pharmacology, Toxicology and Pharmaceutics",IS,2023,1
"Pharmacology, Toxicology and Pharmaceutics",IS,2024,1
"Pharmacology, Toxicology and Pharmaceutics",JP,2015,8
"Pharmacology, Toxicology and Pharmaceutics",JP,2016,9
"Pharmacology, Toxicology and Pharmaceutics",JP,2017,9
"Pharmacology, Toxicology and Pharmaceutics",JP,2018,9
"Pharmacology, Toxicology and Pharmaceutics",JP,2019,9
"Pharmacology, Toxicology and Pharmaceutics",JP,2020,9
"Pharmacology, Toxicology and Pharmaceutics",JP,2021,9
"Pharmacology, Toxicology and Pharmaceutics",JP,2022,9
"Pharmacology, Toxicology and Pharmaceutics",JP,2023,7
"Pharmacology, Toxicology and Pharmaceutics",JP,2024,6
"Pharmacology, Toxicology and Pharmaceutics",KR,2024,1
"Pharmacology, Toxicology and Pharmaceutics",NL,2015,4
"Pharmacology, Toxicology and Pharmaceutics",NL,2016,4
"Pharmacology, Toxicology and Pharmaceutics",NL,2017,4
"Pharmacology, Toxicology and Pharmaceutics",NL,2018,4
"Pharmacology, Toxicology and Pharmaceutics",NL,2019,4
"Pharmacology, Toxicology and Pharmaceutics",NL,2020,4
"Pharmacology, Toxicology and Pharmaceutics",NL,2021,4
"Pharmacology, Toxicology and Pharmaceutics",NL,2022,4
"Pharmacology, Toxicology and Pharmaceutics",NL,2023,4
"Pharmacology, Toxicology and Pharmaceutics",NL,2024,4
"Pharmacology, Toxicology and Pharmaceutics",NZ,2016,1
"Pharmacology, Toxicology and Pharmaceutics",NZ,2017,1
"Pharmacology, Toxicology and Pharmaceutics",NZ,2018,1
"Pharmacology, Toxicology and Pharmaceutics",NZ,2019,1
"Pharmacology, Toxicology and Pharmaceutics",NZ,2020,1
"Pharmacology, Toxicology and Pharmaceutics",NZ,2021,1
"Pharmacology, Toxicology and Pharmaceutics",NZ,2022,1
"Pharmacology, Toxicology and Pharmaceutics",NZ,2023,2
"Pharmacology, Toxicology and Pharmaceutics",NZ,2024,2
"Pharmacology, Toxicology and Pharmaceutics",PT,2020,2
"Pharmacology, Toxicology and Pharmaceutics",PT,2021,2
"Pharmacology, Toxicology and Pharmaceutics",PT,2022,3
"Pharmacology, Toxicology and Pharmaceutics",PT,2023,3
"Pharmacology, Toxicology and Pharmaceutics",PT,2024,4
"Pharmacology, Toxicology and Pharmaceutics",SE,2015,3
"Pharmacology, Toxicology and Pharmaceutics",SE,2016,3
"Pharmacology, Toxicology and Pharmaceutics",SE,2017,3
"Pharmacology, Toxicology and Pharmaceutics",SE,2018,3
"Pharmacology, Toxicology and Pharmaceutics",SE,2019,3
"Pharmacology, Toxicology and Pharmaceutics",SE,2020,3
"Pharmacology, Toxicology and Pharmaceutics",SE,2021,3
"Pharmacology, Toxicology and Pharmaceutics",SE,2022,3
"Pharmacology, Toxicology and Pharmaceutics",SE,2023,3
"Pharmacology, Toxicology and Pharmaceutics",SE,2024,3
"Pharmacology, Toxicology and Pharmaceutics",SG,2015,1
"Pharmacology, Toxicology and Pharmaceutics",TH,2015,1
"Pharmacology, Toxicology and Pharmaceutics",TH,2016,1
"Pharmacology, Toxicology and Pharmaceutics",TH,2017,1
"Pharmacology, Toxicology and Pharmaceutics",TH,2018,1
"Pharmacology, Toxicology and Pharmaceutics",TH,2019,1
"Pharmacology, Toxicology and Pharmaceutics",TH,2020,1
"Pharmacology, Toxicology and Pharmaceutics",TH,2021,1
"Pharmacology, Toxicology and Pharmaceutics",TH,2022,1
"Pharmacology, Toxicology and Pharmaceutics",TH,2023,1
"Pharmacology, Toxicology and Pharmaceutics",TH,2024,1
"Pharmacology, Toxicology and Pharmaceutics",US,2015,53
"Pharmacology, Toxicology and Pharmaceutics",US,2016,51
"Pharmacology, Toxicology and Pharmaceutics",US,2017,48
"Pharmacology, Toxicology and Pharmaceutics",US,2018,46
"Pharmacology, Toxicology and Pharmaceutics",US,2019,44
"Pharmacology, Toxicology and Pharmaceutics",US,2020,42
"Pharmacology, Toxicology and Pharmaceutics",US,2021,41
"Pharmacology, Toxicology and Pharmaceutics",US,2022,39
"Pharmacology, Toxicology and Pharmaceutics",US,2023,39
"Pharmacology, Toxicology and Pharmaceutics",US,2024,38
"Pharmacology, Toxicology and Pharmaceutics",ZA,2015,1
"Pharmacology, Toxicology and Pharmaceutics",ZA,2016,1
Physics and Astronomy,AT,2015,16
Physics and Astronomy,AT,2016,16
Physics and Astronomy,AT,2017,16
Physics and Astronomy,AT,2018,17
Physics and Astronomy,AT,2019,18
Physics and Astronomy,AT,2020,18
Physics and Astronomy,AT,2021,21
Physics and Astronomy,AT,2022,22
Physics and Astronomy,AT,2023,22
Physics and Astronomy,AT,2024,23
Physics and Astronomy,AU,2015,37
Physics and Astronomy,AU,2016,35
Physics and Astronomy,AU,2017,34
Physics and Astronomy,AU,2018,34
Physics and Astronomy,AU,2019,36
Physics and Astronomy,AU,2020,37
Physics and Astronomy,AU,2021,40
Physics and Astronomy,AU,2022,37
Physics and Astronomy,AU,2023,38
Physics and Astronomy,AU,2024,34
Physics and Astronomy,BE,2015,14
Physics and Astronomy,BE,2016,13
Physics and Astronomy,BE,2017,13
Physics and Astronomy,BE,2018,14
Physics and Astronomy,BE,2019,14
Physics and Astronomy,BE,2020,16
Physics and Astronomy,BE,2021,15
Physics and Astronomy,BE,2022,15
Physics and Astronomy,BE,2023,17
Physics and Astronomy,BE,2024,17
Physics and Astronomy,BI,2015,1
Physics and Astronomy,BI,2016,1
Physics and Astronomy,BI,2017,1
Physics and Astronomy,BI,2018,1
Physics and Astronomy,BR,2015,3
Physics and Astronomy,BR,2016,3
Physics and Astronomy,BR,2017,3
Physics and Astronomy,BR,2018,3
Physics and Astronomy,BR,2019,3
Physics and Astronomy,BR,2020,3
Physics and Astronomy,BR,2021,3
Physics and Astronomy,BR,2022,3
Physics and Astronomy,BR,2023,4
Physics and Astronomy,BR,2024,4
Physics and Astronomy,CA,2015,54
Physics and Astronomy,CA,2016,56
Physics and Astronomy,CA,2017,56
Physics and Astronomy,CA,2018,49
Physics and Astronomy,CA,2019,49
Physics and Astronomy,CA,2020,49
Physics and Astronomy,CA,2021,49
Physics and Astronomy,CA,2022,50
Physics and Astronomy,CA,2023,55
Physics and Astronomy,CA,2024,53
Physics and Astronomy,CH,2015,82
Physics and Astronomy,CH,2016,86
Physics and Astronomy,CH,2017,88
Physics and Astronomy,CH,2018,87
Physics and Astronomy,CH,2019,88
Physics and Astronomy,CH,2020,83
Physics and Astronomy,CH,2021,81
Physics and Astronomy,CH,2022,82
Physics and Astronomy,CH,2023,84
Physics and Astronomy,CH,2024,82
Physics and Astronomy,CL,2015,5
Physics and Astronomy,CL,2016,5
Physics and Astronomy,CL,2017,5
Physics and Astronomy,CL,2018,5
Physics and Astronomy,CL,2019,5
Physics and Astronomy,CL,2020,5
Physics and Astronomy,CL,2021,5
Physics and Astronomy,CL,2022,6
Physics and Astronomy,CL,2023,6
Physics and Astronomy,CL,2024,6
Physics and Astronomy,CN,2015,13
Physics and Astronomy,CN,2016,16
Physics and Astronomy,CN,2017,19
Physics and Astronomy,CN,2018,20
Physics and Astronomy,CN,2019,27
Physics and Astronomy,CN,2020,29
Physics and Astronomy,CN,2021,36
Physics and Astronomy,CN,2022,47
Physics and Astronomy,CN,2023,51
Physics and Astronomy,CN,2024,58
Physics and Astronomy,CNX,2015,19
Physics and Astronomy,CNX,2016,23
Physics and Astronomy,CNX,2017,25
Physics and Astronomy,CNX,2018,26
Physics and Astronomy,CNX,2019,34
Physics and Astronomy,CNX,2020,36
Physics and Astronomy,CNX,2021,43
Physics and Astronomy,CNX,2022,55
Physics and Astronomy,CNX,2023,58
Physics and Astronomy,CNX,2024,64
Physics and Astronomy,CZ,2015,3
Physics and Astronomy,CZ,2016,3
Physics and Astronomy,CZ,2017,4
Physics and Astronomy,CZ,2018,6
Physics and Astronomy,CZ,2019,6
Physics and Astronomy,CZ,2020,7
Physics and Astronomy,CZ,2021,7
Physics and Astronomy,CZ,2022,7
Physics and Astronomy,CZ,2023,7
Physics and Astronomy,CZ,2024,8
Physics and Astronomy,DE,2015,191
Physics and Astronomy,DE,2016,196
Physics and Astronomy,DE,2017,194
Physics and Astronomy,DE,2018,196
Physics and Astronomy,DE,2019,200
Physics and Astronomy,DE,2020,201
Physics and Astronomy,DE,2021,200
Physics and Astronomy,DE,2022,207
Physics and Astronomy,DE,2023,207
Physics and Astronomy,DE,2024,208
Physics and Astronomy,DK,2015,16
Physics and Astronomy,DK,2016,16
Physics and Astronomy,DK,2017,15
Physics and Astronomy,DK,2018,14
Physics and Astronomy,DK,2019,15
Physics and Astronomy,DK,2020,15
Physics and Astronomy,DK,2021,13
Physics and Astronomy,DK,2022,13
Physics and Astronomy,DK,2023,13
Physics and Astronomy,DK,2024,13
Physics and Astronomy,EE,2023,1
Physics and Astronomy,EE,2024,1
Physics and Astronomy,EG,2024,1
Physics and Astronomy,ES,2015,21
Physics and Astronomy,ES,2016,22
Physics and Astronomy,ES,2017,23
Physics and Astronomy,ES,2018,22
Physics and Astronomy,ES,2019,22
Physics and Astronomy,ES,2020,23
Physics and Astronomy,ES,2021,22
Physics and Astronomy,ES,2022,22
Physics and Astronomy,ES,2023,21
Physics and Astronomy,ES,2024,21
Physics and Astronomy,FI,2015,6
Physics and Astronomy,FI,2016,6
Physics and Astronomy,FI,2017,5
Physics and Astronomy,FI,2018,6
Physics and Astronomy,FI,2019,6
Physics and Astronomy,FI,2020,6
Physics and Astronomy,FI,2021,6
Physics and Astronomy,FI,2022,6
Physics and Astronomy,FI,2023,6
Physics and Astronomy,FI,2024,7
Physics and Astronomy,FR,2015,58
Physics and Astronomy,FR,2016,61
Physics and Astronomy,FR,2017,66
Physics and Astronomy,FR,2018,64
Physics and Astronomy,FR,2019,63
Physics and Astronomy,FR,2020,59
Physics and Astronomy,FR,2021,57
Physics and Astronomy,FR,2022,56
Physics and Astronomy,FR,2023,59
Physics and Astronomy,FR,2024,59
Physics and Astronomy,GB,2015,171
Physics and Astronomy,GB,2016,170
Physics and Astronomy,GB,2017,168
Physics and Astronomy,GB,2018,169
Physics and Astronomy,GB,2019,165
Physics and Astronomy,GB,2020,166
Physics and Astronomy,GB,2021,170
Physics and Astronomy,GB,2022,170
Physics and Astronomy,GB,2023,171
Physics and Astronomy,GB,2024,170
Physics and Astronomy,GE,2021,1
Physics and Astronomy,GE,2022,1
Physics and Astronomy,GE,2023,1
Physics and Astronomy,GE,2024,1
Physics and Astronomy,GH,2015,1
Physics and Astronomy,GH,2016,1
Physics and Astronomy,GH,2017,1
Physics and Astronomy,GH,2018,1
Physics and Astronomy,GR,2015,3
Physics and Astronomy,GR,2016,3
Physics and Astronomy,GR,2017,3
Physics and Astronomy,GR,2018,3
Physics and Astronomy,GR,2019,3
Physics and Astronomy,GR,2020,3
Physics and Astronomy,GR,2021,3
Physics and Astronomy,GR,2022,3
Physics and Astronomy,GR,2023,3
Physics and Astronomy,GR,2024,3
Physics and Astronomy,HK,2015,5
Physics and Astronomy,HK,2016,6
Physics and Astronomy,HK,2017,6
Physics and Astronomy,HK,2018,6
Physics and Astronomy,HK,2019,6
Physics and Astronomy,HK,2020,7
Physics and Astronomy,HK,2021,8
Physics and Astronomy,HK,2022,8
Physics and Astronomy,HK,2023,8
Physics and Astronomy,HK,2024,7
Physics and Astronomy,HU,2015,5
Physics and Astronomy,HU,2016,5
Physics and Astronomy,HU,2017,5
Physics and Astronomy,HU,2018,5
Physics and Astronomy,HU,2019,4
Physics and Astronomy,HU,2020,4
Physics and Astronomy,HU,2021,4
Physics and Astronomy,HU,2022,4
Physics and Astronomy,HU,2023,4
Physics and Astronomy,HU,2024,4
Physics and Astronomy,IE,2015,1
Physics and Astronomy,IE,2016,1
Physics and Astronomy,IE,2017,1
Physics and Astronomy,IE,2018,2
Physics and Astronomy,IE,2019,3
Physics and Astronomy,IE,2020,4
Physics and Astronomy,IE,2021,4
Physics and Astronomy,IE,2022,4
Physics and Astronomy,IE,2023,4
Physics and Astronomy,IE,2024,5
Physics and Astronomy,IL,2015,37
Physics and Astronomy,IL,2016,37
Physics and Astronomy,IL,2017,36
Physics and Astronomy,IL,2018,35
Physics and Astronomy,IL,2019,35
Physics and Astronomy,IL,2020,34
Physics and Astronomy,IL,2021,35
Physics and Astronomy,IL,2022,36
Physics and Astronomy,IL,2023,36
Physics and Astronomy,IL,2024,38
Physics and Astronomy,IN,2015,8
Physics and Astronomy,IN,2016,8
Physics and Astronomy,IN,2017,9
Physics and Astronomy,IN,2018,9
Physics and Astronomy,IN,2019,9
Physics and Astronomy,IN,2020,8
Physics and Astronomy,IN,2021,8
Physics and Astronomy,IN,2022,9
Physics and Astronomy,IN,2023,10
Physics and Astronomy,IN,2024,10
Physics and Astronomy,IS,2015,1
Physics and Astronomy,IS,2016,1
Physics and Astronomy,IS,2017,1
Physics and Astronomy,IS,2018,1
Physics and Astronomy,IS,2019,1
Physics and Astronomy,IS,2020,1
Physics and Astronomy,IS,2021,1
Physics and Astronomy,IS,2022,1
Physics and Astronomy,IS,2023,1
Physics and Astronomy,IS,2024,1
Physics and Astronomy,IT,2015,41
Physics and Astronomy,IT,2016,42
Physics and Astronomy,IT,2017,43
Physics and Astronomy,IT,2018,48
Physics and Astronomy,IT,2019,50
Physics and Astronomy,IT,2020,51
Physics and Astronomy,IT,2021,52
Physics and Astronomy,IT,2022,52
Physics and Astronomy,IT,2023,58
Physics and Astronomy,IT,2024,61
Physics and Astronomy,JP,2015,70
Physics and Astronomy,JP,2016,69
Physics and Astronomy,JP,2017,66
Physics and Astronomy,JP,2018,65
Physics and Astronomy,JP,2019,62
Physics and Astronomy,JP,2020,63
Physics and Astronomy,JP,2021,62
Physics and Astronomy,JP,2022,63
Physics and Astronomy,JP,2023,62
Physics and Astronomy,JP,2024,60
Physics and Astronomy,KR,2015,5
Physics and Astronomy,KR,2016,5
Physics and Astronomy,KR,2017,5
Physics and Astronomy,KR,2018,5
Physics and Astronomy,KR,2019,5
Physics and Astronomy,KR,2020,5
Physics and Astronomy,KR,2021,5
Physics and Astronomy,KR,2022,7
Physics and Astronomy,KR,2023,8
Physics and Astronomy,KR,2024,8
Physics and Astronomy,LU,2020,1
Physics and Astronomy,LU,2021,1
Physics and Astronomy,LU,2022,1
Physics and Astronomy,LU,2023,1
Physics and Astronomy,LU,2024,1
Physics and Astronomy,MX,2018,1
Physics and Astronomy,MX,2019,1
Physics and Astronomy,MX,2020,1
Physics and Astronomy,MX,2021,1
Physics and Astronomy,MX,2022,1
Physics and Astronomy,MX,2023,1
Physics and Astronomy,MX,2024,1
Physics and Astronomy,NL,2015,39
Physics and Astronomy,NL,2016,40
Physics and Astronomy,NL,2017,41
Physics and Astronomy,NL,2018,41
Physics and Astronomy,NL,2019,41
Physics and Astronomy,NL,2020,41
Physics and Astronomy,NL,2021,43
Physics and Astronomy,NL,2022,44
Physics and Astronomy,NL,2023,43
Physics and Astronomy,NL,2024,43
Physics and Astronomy,NO,2015,4
Physics and Astronomy,NO,2016,4
Physics and Astronomy,NO,2017,4
Physics and Astronomy,NO,2018,4
Physics and Astronomy,NO,2019,4
Physics and Astronomy,NO,2020,4
Physics and Astronomy,NO,2021,4
Physics and Astronomy,NO,2022,4
Physics and Astronomy,NO,2023,5
Physics and Astronomy,NO,2024,5
Physics and Astronomy,NZ,2015,2
Physics and Astronomy,NZ,2016,2
Physics and Astronomy,NZ,2017,3
Physics and Astronomy,NZ,2018,3
Physics and Astronomy,NZ,2019,3
Physics and Astronomy,NZ,2020,3
Physics and Astronomy,NZ,2021,3
Physics and Astronomy,NZ,2022,3
Physics and Astronomy,NZ,2023,3
Physics and Astronomy,NZ,2024,4
Physics and Astronomy,PE,2015,1
Physics and Astronomy,PE,2016,1
Physics and Astronomy,PE,2017,1
Physics and Astronomy,PE,2018,1
Physics and Astronomy,PE,2019,1
Physics and Astronomy,PE,2020,1
Physics and Astronomy,PK,2015,1
Physics and Astronomy,PK,2016,1
Physics and Astronomy,PK,2017,1
Physics and Astronomy,PK,2018,1
Physics and Astronomy,PK,2019,1
Physics and Astronomy,PK,2020,1
Physics and Astronomy,PK,2021,1
Physics and Astronomy,PK,2022,2
Physics and Astronomy,PK,2023,2
Physics and Astronomy,PK,2024,2
Physics and Astronomy,PL,2015,6
Physics and Astronomy,PL,2016,4
Physics and Astronomy,PL,2017,5
Physics and Astronomy,PL,2018,4
Physics and Astronomy,PL,2019,4
Physics and Astronomy,PL,2020,4
Physics and Astronomy,PL,2021,3
Physics and Astronomy,PL,2022,3
Physics and Astronomy,PL,2023,3
Physics and Astronomy,PL,2024,3
Physics and Astronomy,PT,2015,5
Physics and Astronomy,PT,2016,5
Physics and Astronomy,PT,2017,4
Physics and Astronomy,PT,2018,4
Physics and Astronomy,PT,2019,4
Physics and Astronomy,PT,2020,4
Physics and Astronomy,PT,2021,5
Physics and Astronomy,PT,2022,6
Physics and Astronomy,PT,2023,7
Physics and Astronomy,PT,2024,8
Physics and Astronomy,QA,2015,1
Physics and Astronomy,QA,2016,1
Physics and Astronomy,QA,2017,1
Physics and Astronomy,QA,2018,1
Physics and Astronomy,QA,2019,1
Physics and Astronomy,QA,2020,1
Physics and Astronomy,QA,2021,1
Physics and Astronomy,QA,2022,1
Physics and Astronomy,QA,2023,2
Physics and Astronomy,QA,2024,2
Physics and Astronomy,RO,2015,2
Physics and Astronomy,RO,2016,2
Physics and Astronomy,RO,2017,2
Physics and Astronomy,RO,2018,2
Physics and Astronomy,RO,2019,2
Physics and Astronomy,RO,2020,2
Physics and Astronomy,RO,2021,2
Physics and Astronomy,RO,2022,3
Physics and Astronomy,RO,2023,3
Physics and Astronomy,RO,2024,3
Physics and Astronomy,RS,2023,1
Physics and Astronomy,RS,2024,1
Physics and Astronomy,RU,2015,39
Physics and Astronomy,RU,2016,37
Physics and Astronomy,RU,2017,36
Physics and Astronomy,RU,2018,35
Physics and Astronomy,RU,2019,38
Physics and Astronomy,RU,2020,39
Physics and Astronomy,RU,2021,41
Physics and Astronomy,RU,2022,44
Physics and Astronomy,RU,2023,43
Physics and Astronomy,RU,2024,41
Physics and Astronomy,SA,2015,2
Physics and Astronomy,SA,2016,2
Physics and Astronomy,SA,2017,2
Physics and Astronomy,SA,2018,2
Physics and Astronomy,SA,2019,3
Physics and Astronomy,SA,2020,3
Physics and Astronomy,SA,2021,4
Physics and Astronomy,SA,2022,4
Physics and Astronomy,SA,2023,3
Physics and Astronomy,SA,2024,5
Physics and Astronomy,SE,2015,27
Physics and Astronomy,SE,2016,26
Physics and Astronomy,SE,2017,26
Physics and Astronomy,SE,2018,24
Physics and Astronomy,SE,2019,24
Physics and Astronomy,SE,2020,25
Physics and Astronomy,SE,2021,24
Physics and Astronomy,SE,2022,24
Physics and Astronomy,SE,2023,25
Physics and Astronomy,SE,2024,25
Physics and Astronomy,SG,2015,3
Physics and Astronomy,SG,2016,3
Physics and Astronomy,SG,2017,3
Physics and Astronomy,SG,2018,3
Physics and Astronomy,SG,2019,5
Physics and Astronomy,SG,2020,5
Physics and Astronomy,SG,2021,5
Physics and Astronomy,SG,2022,5
Physics and Astronomy,SG,2023,5
Physics and Astronomy,SG,2024,7
Physics and Astronomy,SK,2015,4
Physics and Astronomy,SK,2016,4
Physics and Astronomy,SK,2017,4
Physics and Astronomy,SK,2018,4
Physics and Astronomy,SK,2019,4
Physics and Astronomy,SK,2020,4
Physics and Astronomy,SK,2021,4
Physics and Astronomy,SK,2022,4
Physics and Astronomy,SK,2023,4
Physics and Astronomy,SK,2024,4
Physics and Astronomy,TR,2015,2
Physics and Astronomy,TR,2016,2
Physics and Astronomy,TR,2017,2
Physics and Astronomy,TR,2018,2
Physics and Astronomy,TR,2019,2
Physics and Astronomy,TR,2020,2
Physics and Astronomy,TR,2021,2
Physics and Astronomy,TR,2022,2
Physics and Astronomy,TR,2023,2
Physics and Astronomy,TR,2024,2
Physics and Astronomy,TW,2015,3
Physics and Astronomy,TW,2016,3
Physics and Astronomy,TW,2017,2
Physics and Astronomy,TW,2018,2
Physics and Astronomy,TW,2019,3
Physics and Astronomy,TW,2020,3
Physics and Astronomy,TW,2021,3
Physics and Astronomy,TW,2022,4
Physics and Astronomy,TW,2023,3
Physics and Astronomy,TW,2024,3
Physics and Astronomy,UA,2015,1
Physics and Astronomy,UA,2016,1
Physics and Astronomy,UA,2017,1
Physics and Astronomy,UA,2018,1
Physics and Astronomy,UA,2019,1
Physics and Astronomy,UA,2020,1
Physics and Astronomy,UA,2021,1
Physics and Astronomy,UA,2022,2
Physics and Astronomy,UA,2023,2
Physics and Astronomy,UA,2024,2
Physics and Astronomy,US,2015,1001
Physics and Astronomy,US,2016,993
Physics and Astronomy,US,2017,987
Physics and Astronomy,US,2018,988
Physics and Astronomy,US,2019,983
Physics and Astronomy,US,2020,979
Physics and Astronomy,US,2021,975
Physics and Astronomy,US,2022,964
Physics and Astronomy,US,2023,957
Physics and Astronomy,US,2024,948
Physics and Astronomy,ZA,2015,2
Physics and Astronomy,ZA,2016,2
Physics and Astronomy,ZA,2017,2
Physics and Astronomy,ZA,2018,2
Physics and Astronomy,ZA,2019,3
Physics and Astronomy,ZA,2020,3
Physics and Astronomy,ZA,2021,4
Physics and Astronomy,ZA,2022,5
Physics and Astronomy,ZA,2023,5
Physics and Astronomy,ZA,2024,5
Psychology,AT,2015,2
Psychology,AT,2016,2
Psychology,AT,2017,2
Psychology,AT,2018,3
Psychology,AT,2019,3
Psychology,AT,2020,3
Psychology,AT,2021,3
Psychology,AT,2022,3
Psychology,AT,2023,4
Psychology,AT,2024,5
Psychology,AU,2015,34
Psychology,AU,2016,38
Psychology,AU,2017,37
Psychology,AU,2018,38
Psychology,AU,2019,43
Psychology,AU,2020,47
Psychology,AU,2021,50
Psychology,AU,2022,54
Psychology,AU,2023,55
Psychology,AU,2024,55
Psychology,BE,2015,1
Psychology,BE,2016,2
Psychology,BE,2017,2
Psychology,BE,2018,3
Psychology,BE,2019,5
Psychology,BE,2020,5
Psychology,BE,2021,7
Psychology,BE,2022,7
Psychology,BE,2023,7
Psychology,BE,2024,7
Psychology,BG,2015,1
Psychology,BG,2016,1
Psychology,BG,2017,1
Psychology,BG,2018,1
Psychology,BG,2019,1
Psychology,BG,2020,1
Psychology,BG,2021,1
Psychology,BG,2022,1
Psychology,BG,2023,1
Psychology,BG,2024,1
Psychology,BR,2019,1
Psychology,BR,2020,1
Psychology,BR,2021,1
Psychology,BR,2022,1
Psychology,BR,2023,1
Psychology,BR,2024,1
Psychology,CA,2015,73
Psychology,CA,2016,74
Psychology,CA,2017,74
Psychology,CA,2018,73
Psychology,CA,2019,72
Psychology,CA,2020,68
Psychology,CA,2021,70
Psychology,CA,2022,68
Psychology,CA,2023,68
Psychology,CA,2024,67
Psychology,CH,2015,10
Psychology,CH,2016,11
Psychology,CH,2017,12
Psychology,CH,2018,11
Psychology,CH,2019,11
Psychology,CH,2020,11
Psychology,CH,2021,11
Psychology,CH,2022,10
Psychology,CH,2023,10
Psychology,CH,2024,12
Psychology,CM,2015,2
Psychology,CM,2016,2
Psychology,CM,2017,2
Psychology,CM,2018,2
Psychology,CM,2019,2
Psychology,CM,2020,2
Psychology,CM,2021,2
Psychology,CM,2022,2
Psychology,CM,2023,2
Psychology,CM,2024,2
Psychology,CN,2015,1
Psychology,CN,2016,2
Psychology,CN,2017,2
Psychology,CN,2018,2
Psychology,CN,2019,2
Psychology,CN,2020,3
Psychology,CN,2021,3
Psychology,CN,2022,4
Psychology,CN,2023,4
Psychology,CN,2024,5
Psychology,CNX,2015,3
Psychology,CNX,2016,4
Psychology,CNX,2017,5
Psychology,CNX,2018,5
Psychology,CNX,2019,6
Psychology,CNX,2020,8
Psychology,CNX,2021,8
Psychology,CNX,2022,10
Psychology,CNX,2023,10
Psychology,CNX,2024,12
Psychology,CZ,2015,1
Psychology,CZ,2016,1
Psychology,CZ,2017,1
Psychology,CZ,2018,1
Psychology,CZ,2019,2
Psychology,CZ,2020,2
Psychology,CZ,2021,1
Psychology,CZ,2022,1
Psychology,CZ,2023,1
Psychology,CZ,2024,1
Psychology,DE,2015,34
Psychology,DE,2016,36
Psychology,DE,2017,39
Psychology,DE,2018,37
Psychology,DE,2019,36
Psychology,DE,2020,37
Psychology,DE,2021,37
Psychology,DE,2022,40
Psychology,DE,2023,43
Psychology,DE,2024,48
Psychology,DK,2015,4
Psychology,DK,2016,4
Psychology,DK,2017,4
Psychology,DK,2018,4
Psychology,DK,2019,4
Psychology,DK,2020,4
Psychology,DK,2021,4
Psychology,DK,2022,6
Psychology,DK,2023,7
Psychology,DK,2024,8
Psychology,ES,2015,1
Psychology,ES,2016,1
Psychology,ES,2017,2
Psychology,ES,2018,2
Psychology,ES,2019,3
Psychology,ES,2020,3
Psychology,ES,2021,3
Psychology,ES,2022,3
Psychology,ES,2023,3
Psychology,ES,2024,3
Psychology,FI,2015,1
Psychology,FI,2016,1
Psychology,FI,2017,1
Psychology,FI,2018,3
Psychology,FI,2019,4
Psychology,FI,2020,3
Psychology,FI,2021,4
Psychology,FI,2022,4
Psychology,FI,2023,4
Psychology,FI,2024,4
Psychology,FR,2015,11
Psychology,FR,2016,12
Psychology,FR,2017,13
Psychology,FR,2018,13
Psychology,FR,2019,12
Psychology,FR,2020,12
Psychology,FR,2021,12
Psychology,FR,2022,13
Psychology,FR,2023,13
Psychology,FR,2024,11
Psychology,GB,2015,120
Psychology,GB,2016,122
Psychology,GB,2017,124
Psychology,GB,2018,125
Psychology,GB,2019,131
Psychology,GB,2020,133
Psychology,GB,2021,136
Psychology,GB,2022,133
Psychology,GB,2023,140
Psychology,GB,2024,142
Psychology,GH,2015,1
Psychology,GH,2016,1
Psychology,GH,2017,1
Psychology,GH,2018,1
Psychology,GH,2019,1
Psychology,GH,2020,1
Psychology,GH,2021,1
Psychology,GH,2022,1
Psychology,GH,2023,1
Psychology,GH,2024,1
Psychology,HK,2015,2
Psychology,HK,2016,2
Psychology,HK,2017,2
Psychology,HK,2018,2
Psychology,HK,2019,2
Psychology,HK,2020,3
Psychology,HK,2021,3
Psychology,HK,2022,4
Psychology,HK,2023,4
Psychology,HK,2024,5
Psychology,HU,2018,1
Psychology,HU,2019,1
Psychology,IE,2015,1
Psychology,IE,2016,1
Psychology,IE,2017,1
Psychology,IE,2018,1
Psychology,IE,2019,1
Psychology,IE,2020,1
Psychology,IE,2021,1
Psychology,IE,2022,1
Psychology,IE,2023,1
Psychology,IE,2024,1
Psychology,IL,2015,5
Psychology,IL,2016,6
Psychology,IL,2017,5
Psychology,IL,2018,5
Psychology,IL,2019,5
Psychology,IL,2020,4
Psychology,IL,2021,4
Psychology,IL,2022,4
Psychology,IL,2023,4
Psychology,IL,2024,4
Psychology,IN,2015,1
Psychology,IN,2016,1
Psychology,IN,2017,2
Psychology,IN,2018,2
Psychology,IN,2019,2
Psychology,IN,2020,2
Psychology,IN,2021,2
Psychology,IN,2022,2
Psychology,IN,2023,2
Psychology,IN,2024,2
Psychology,IT,2015,7
Psychology,IT,2016,6
Psychology,IT,2017,8
Psychology,IT,2018,9
Psychology,IT,2019,10
Psychology,IT,2020,10
Psychology,IT,2021,10
Psychology,IT,2022,10
Psychology,IT,2023,11
Psychology,IT,2024,12
Psychology,JP,2015,5
Psychology,JP,2016,7
Psychology,JP,2017,8
Psychology,JP,2018,8
Psychology,JP,2019,7
Psychology,JP,2020,7
Psychology,JP,2021,7
Psychology,JP,2022,7
Psychology,JP,2023,7
Psychology,JP,2024,8
Psychology,KE,2015,1
Psychology,KE,2016,1
Psychology,KE,2017,1
Psychology,KE,2018,1
Psychology,KE,2019,1
Psychology,KE,2020,1
Psychology,KE,2021,1
Psychology,KE,2022,1
Psychology,KE,2023,1
Psychology,KE,2024,1
Psychology,KR,2015,1
Psychology,KR,2016,1
Psychology,KR,2017,1
Psychology,KR,2018,1
Psychology,KR,2019,1
Psychology,KR,2020,1
Psychology,KR,2021,1
Psychology,KR,2022,2
Psychology,KR,2023,2
Psychology,KR,2024,2
Psychology,MO,2022,1
Psychology,MO,2023,1
Psychology,MO,2024,2
Psychology,MW,2015,1
Psychology,MW,2016,1
Psychology,MW,2018,1
Psychology,MW,2019,1
Psychology,MX,2015,2
Psychology,MX,2016,1
Psychology,MX,2017,2
Psychology,MX,2018,2
Psychology,MX,2019,2
Psychology,MX,2020,2
Psychology,MX,2021,2
Psychology,MX,2022,2
Psychology,MX,2023,2
Psychology,MX,2024,2
Psychology,NG,2015,1
Psychology,NG,2016,1
Psychology,NG,2017,1
Psychology,NG,2018,1
Psychology,NG,2019,1
Psychology,NG,2020,1
Psychology,NG,2021,1
Psychology,NG,2022,1
Psychology,NG,2023,1
Psychology,NG,2024,1
Psychology,NL,2015,37
Psychology,NL,2016,38
Psychology,NL,2017,39
Psychology,NL,2018,42
Psychology,NL,2019,42
Psychology,NL,2020,45
Psychology,NL,2021,46
Psychology,NL,2022,47
Psychology,NL,2023,49
Psychology,NL,2024,49
Psychology,NO,2015,5
Psychology,NO,2016,5
Psychology,NO,2017,5
Psychology,NO,2018,6
Psychology,NO,2019,6
Psychology,NO,2020,7
Psychology,NO,2021,7
Psychology,NO,2022,7
Psychology,NO,2023,7
Psychology,NO,2024,9
Psychology,NZ,2015,7
Psychology,NZ,2016,7
Psychology,NZ,2017,7
Psychology,NZ,2018,7
Psychology,NZ,2019,7
Psychology,NZ,2020,6
Psychology,NZ,2021,6
Psychology,NZ,2022,6
Psychology,NZ,2023,6
Psychology,NZ,2024,6
Psychology,PK,2015,1
Psychology,PK,2016,1
Psychology,PK,2017,2
Psychology,PK,2018,2
Psychology,PK,2019,2
Psychology,PK,2020,2
Psychology,PK,2021,2
Psychology,PK,2022,2
Psychology,PK,2023,2
Psychology,PK,2024,2
Psychology,PL,2015,2
Psychology,PL,2016,2
Psychology,PL,2017,2
Psychology,PL,2018,2
Psychology,PL,2019,2
Psychology,PL,2020,2
Psychology,PL,2021,2
Psychology,PL,2022,1
Psychology,PL,2023,1
Psychology,PL,2024,1
Psychology,PR,2015,2
Psychology,PR,2016,2
Psychology,PR,2017,2
Psychology,PR,2018,2
Psychology,PR,2019,2
Psychology,PR,2020,2
Psychology,PR,2021,2
Psychology,PR,2022,2
Psychology,PR,2023,1
Psychology,PR,2024,1
Psychology,PT,2024,1
Psychology,RO,2015,1
Psychology,RO,2016,1
Psychology,RO,2017,1
Psychology,RO,2018,1
Psychology,RO,2019,1
Psychology,RO,2020,1
Psychology,RO,2021,1
Psychology,RO,2022,1
Psychology,RO,2023,1
Psychology,RO,2024,2
Psychology,RS,2015,1
Psychology,RS,2016,1
Psychology,RS,2017,1
Psychology,RS,2018,1
Psychology,RS,2019,1
Psychology,RS,2020,1
Psychology,RS,2021,1
Psychology,RS,2022,1
Psychology,RS,2023,1
Psychology,RS,2024,1
Psychology,RU,2015,2
Psychology,RU,2016,3
Psychology,RU,2017,3
Psychology,RU,2018,4
Psychology,RU,2019,4
Psychology,RU,2020,4
Psychology,RU,2021,5
Psychology,RU,2022,5
Psychology,RU,2023,5
Psychology,RU,2024,5
Psychology,SA,2016,1
Psychology,SA,2017,2
Psychology,SA,2018,2
Psychology,SA,2019,2
Psychology,SA,2020,2
Psychology,SA,2021,1
Psychology,SA,2022,1
Psychology,SA,2023,1
Psychology,SA,2024,1
Psychology,SE,2015,7
Psychology,SE,2016,6
Psychology,SE,2017,7
Psychology,SE,2018,7
Psychology,SE,2019,7
Psychology,SE,2020,7
Psychology,SE,2021,7
Psychology,SE,2022,8
Psychology,SE,2023,11
Psychology,SE,2024,11
Psychology,SG,2020,1
Psychology,SG,2021,2
Psychology,SG,2022,3
Psychology,SG,2023,3
Psychology,SG,2024,3
Psychology,TW,2017,1
Psychology,TW,2018,1
Psychology,TW,2019,2
Psychology,TW,2020,2
Psychology,TW,2021,2
Psychology,TW,2022,3
Psychology,TW,2023,3
Psychology,TW,2024,4
Psychology,UG,2015,1
Psychology,UG,2016,1
Psychology,UG,2017,1
Psychology,UG,2018,1
Psychology,UG,2019,1
Psychology,UG,2020,1
Psychology,UG,2021,2
Psychology,UG,2022,2
Psychology,UG,2023,2
Psychology,UG,2024,2
Psychology,US,2015,753
Psychology,US,2016,744
Psychology,US,2017,734
Psychology,US,2018,731
Psychology,US,2019,718
Psychology,US,2020,717
Psychology,US,2021,709
Psychology,US,2022,699
Psychology,US,2023,692
Psychology,US,2024,686
Psychology,VN,2018,1
Psychology,VN,2021,1
Psychology,VN,2022,1
Psychology,VN,2023,1
Psychology,VN,2024,1
Psychology,ZA,2015,3
Psychology,ZA,2016,3
Psychology,ZA,2017,3
Psychology,ZA,2018,3
Psychology,ZA,2019,3
Psychology,ZA,2020,4
Psychology,ZA,2021,6
Psychology,ZA,2022,7
Psychology,ZA,2023,7
Psychology,ZA,2024,9
Social Sciences,AE,2021,1
Social Sciences,AE,2022,1
Social Sciences,AE,2023,1
Social Sciences,AE,2024,2
Social Sciences,AR,2015,1
Social Sciences,AR,2016,1
Social Sciences,AR,2017,1
Social Sciences,AR,2018,1
Social Sciences,AR,2019,1
Social Sciences,AR,2020,1
Social Sciences,AR,2021,1
Social Sciences,AR,2022,2
Social Sciences,AR,2023,2
Social Sciences,AR,2024,2
Social Sciences,AT,2015,25
Social Sciences,AT,2016,27
Social Sciences,AT,2017,30
Social Sciences,AT,2018,33
Social Sciences,AT,2019,37
Social Sciences,AT,2020,34
Social Sciences,AT,2021,35
Social Sciences,AT,2022,38
Social Sciences,AT,2023,39
Social Sciences,AT,2024,40
Social Sciences,AU,2015,242
Social Sciences,AU,2016,248
Social Sciences,AU,2017,253
Social Sciences,AU,2018,256
Social Sciences,AU,2019,265
Social Sciences,AU,2020,265
Social Sciences,AU,2021,274
Social Sciences,AU,2022,289
Social Sciences,AU,2023,292
Social Sciences,AU,2024,295
Social Sciences,BB,2015,1
Social Sciences,BB,2016,1
Social Sciences,BB,2017,1
Social Sciences,BB,2018,1
Social Sciences,BB,2019,1
Social Sciences,BB,2020,1
Social Sciences,BB,2021,1
Social Sciences,BB,2022,1
Social Sciences,BB,2023,1
Social Sciences,BB,2024,1
Social Sciences,BD,2015,1
Social Sciences,BD,2016,1
Social Sciences,BD,2017,1
Social Sciences,BD,2018,1
Social Sciences,BD,2019,1
Social Sciences,BD,2020,1
Social Sciences,BD,2021,1
Social Sciences,BD,2022,1
Social Sciences,BD,2023,1
Social Sciences,BD,2024,1
Social Sciences,BE,2015,30
Social Sciences,BE,2016,30
Social Sciences,BE,2017,34
Social Sciences,BE,2018,35
Social Sciences,BE,2019,38
Social Sciences,BE,2020,41
Social Sciences,BE,2021,41
Social Sciences,BE,2022,43
Social Sciences,BE,2023,46
Social Sciences,BE,2024,50
Social Sciences,BG,2015,2
Social Sciences,BG,2016,2
Social Sciences,BG,2017,2
Social Sciences,BG,2018,2
Social Sciences,BG,2019,2
Social Sciences,BG,2020,2
Social Sciences,BG,2021,1
Social Sciences,BG,2022,1
Social Sciences,BG,2023,1
Social Sciences,BG,2024,1
Social Sciences,BO,2015,1
Social Sciences,BO,2016,1
Social Sciences,BO,2017,1
Social Sciences,BO,2018,1
Social Sciences,BO,2020,1
Social Sciences,BO,2021,1
Social Sciences,BO,2022,1
Social Sciences,BO,2023,1
Social Sciences,BR,2015,9
Social Sciences,BR,2016,10
Social Sciences,BR,2017,9
Social Sciences,BR,2018,12
Social Sciences,BR,2019,11
Social Sciences,BR,2020,12
Social Sciences,BR,2021,12
Social Sciences,BR,2022,16
Social Sciences,BR,2023,17
Social Sciences,BR,2024,17
Social Sciences,CA,2015,278
Social Sciences,CA,2016,277
Social Sciences,CA,2017,276
Social Sciences,CA,2018,276
Social Sciences,CA,2019,276
Social Sciences,CA,2020,275
Social Sciences,CA,2021,267
Social Sciences,CA,2022,266
Social Sciences,CA,2023,267
Social Sciences,CA,2024,263
Social Sciences,CG,2024,1
Social Sciences,CH,2015,56
Social Sciences,CH,2016,60
Social Sciences,CH,2017,64
Social Sciences,CH,2018,68
Social Sciences,CH,2019,70
Social Sciences,CH,2020,70
Social Sciences,CH,2021,74
Social Sciences,CH,2022,74
Social Sciences,CH,2023,74
Social Sciences,CH,2024,70
Social Sciences,CI,2022,1
Social Sciences,CI,2023,1
Social Sciences,CI,2024,1
Social Sciences,CL,2015,3
Social Sciences,CL,2016,3
Social Sciences,CL,2017,3
Social Sciences,CL,2018,5
Social Sciences,CL,2019,5
Social Sciences,CL,2020,5
Social Sciences,CL,2021,4
Social Sciences,CL,2022,4
Social Sciences,CL,2023,4
Social Sciences,CL,2024,4
Social Sciences,CM,2015,3
Social Sciences,CM,2016,3
Social Sciences,CM,2017,3
Social Sciences,CM,2018,3
Social Sciences,CM,2019,3
Social Sciences,CM,2020,2
Social Sciences,CM,2021,2
Social Sciences,CM,2022,2
Social Sciences,CM,2023,2
Social Sciences,CM,2024,2
Social Sciences,CN,2015,34
Social Sciences,CN,2016,43
Social Sciences,CN,2017,43
Social Sciences,CN,2018,55
Social Sciences,CN,2019,70
Social Sciences,CN,2020,87
Social Sciences,CN,2021,107
Social Sciences,CN,2022,135
Social Sciences,CN,2023,153
Social Sciences,CN,2024,183
Social Sciences,CNX,2015,76
Social Sciences,CNX,2016,89
Social Sciences,CNX,2017,96
Social Sciences,CNX,2018,109
Social Sciences,CNX,2019,126
Social Sciences,CNX,2020,145
Social Sciences,CNX,2021,166
Social Sciences,CNX,2022,191
Social Sciences,CNX,2023,209
Social Sciences,CNX,2024,241
Social Sciences,CO,2015,1
Social Sciences,CO,2016,1
Social Sciences,CO,2017,1
Social Sciences,CO,2018,1
Social Sciences,CO,2019,1
Social Sciences,CO,2020,1
Social Sciences,CO,2021,1
Social Sciences,CO,2022,1
Social Sciences,CO,2023,1
Social Sciences,CO,2024,1
Social Sciences,CU,2015,1
Social Sciences,CU,2016,1
Social Sciences,CU,2017,1
Social Sciences,CU,2018,1
Social Sciences,CU,2019,1
Social Sciences,CU,2020,1
Social Sciences,CU,2021,1
Social Sciences,CU,2022,1
Social Sciences,CU,2023,1
Social Sciences,CU,2024,1
Social Sciences,CY,2015,1
Social Sciences,CY,2016,1
Social Sciences,CY,2017,1
Social Sciences,CY,2018,1
Social Sciences,CY,2019,2
Social Sciences,CY,2020,2
Social Sciences,CY,2021,2
Social Sciences,CY,2022,2
Social Sciences,CY,2023,2
Social Sciences,CY,2024,2
Social Sciences,CZ,2015,3
Social Sciences,CZ,2016,4
Social Sciences,CZ,2017,5
Social Sciences,CZ,2018,4
Social Sciences,CZ,2019,5
Social Sciences,CZ,2020,4
Social Sciences,CZ,2021,4
Social Sciences,CZ,2022,4
Social Sciences,CZ,2023,5
Social Sciences,CZ,2024,4
Social Sciences,DE,2015,231
Social Sciences,DE,2016,240
Social Sciences,DE,2017,239
Social Sciences,DE,2018,245
Social Sciences,DE,2019,243
Social Sciences,DE,2020,244
Social Sciences,DE,2021,247
Social Sciences,DE,2022,258
Social Sciences,DE,2023,260
Social Sciences,DE,2024,267
Social Sciences,DK,2015,24
Social Sciences,DK,2016,25
Social Sciences,DK,2017,26
Social Sciences,DK,2018,28
Social Sciences,DK,2019,27
Social Sciences,DK,2020,31
Social Sciences,DK,2021,31
Social Sciences,DK,2022,33
Social Sciences,DK,2023,35
Social Sciences,DK,2024,34
Social Sciences,DO,2023,1
Social Sciences,DO,2024,1
Social Sciences,DZ,2021,1
Social Sciences,DZ,2022,1
Social Sciences,DZ,2023,1
Social Sciences,DZ,2024,1
Social Sciences,EE,2015,1
Social Sciences,EE,2016,1
Social Sciences,EE,2017,1
Social Sciences,EE,2018,1
Social Sciences,EE,2019,1
Social Sciences,EE,2020,2
Social Sciences,EE,2021,2
Social Sciences,EE,2022,2
Social Sciences,EE,2023,2
Social Sciences,EE,2024,2
Social Sciences,EG,2015,1
Social Sciences,EG,2018,1
Social Sciences,EG,2019,1
Social Sciences,EG,2020,1
Social Sciences,EG,2021,1
Social Sciences,EG,2022,1
Social Sciences,EG,2023,1
Social Sciences,EG,2024,1
Social Sciences,ES,2015,18
Social Sciences,ES,2016,20
Social Sciences,ES,2017,22
Social Sciences,ES,2018,22
Social Sciences,ES,2019,22
Social Sciences,ES,2020,23
Social Sciences,ES,2021,24
Social Sciences,ES,2022,26
Social Sciences,ES,2023,27
Social Sciences,ES,2024,28
Social Sciences,ET,2015,1
Social Sciences,ET,2016,1
Social Sciences,ET,2017,1
Social Sciences,ET,2018,1
Social Sciences,ET,2019,1
Social Sciences,ET,2020,1
Social Sciences,ET,2021,1
Social Sciences,ET,2022,1
Social Sciences,ET,2023,3
Social Sciences,ET,2024,3
Social Sciences,FI,2015,25
Social Sciences,FI,2016,22
Social Sciences,FI,2017,24
Social Sciences,FI,2018,25
Social Sciences,FI,2019,26
Social Sciences,FI,2020,26
Social Sciences,FI,2021,24
Social Sciences,FI,2022,28
Social Sciences,FI,2023,33
Social Sciences,FI,2024,34
Social Sciences,FJ,2015,1
Social Sciences,FJ,2016,1
Social Sciences,FJ,2017,1
Social Sciences,FJ,2018,1
Social Sciences,FJ,2019,1
Social Sciences,FJ,2020,1
Social Sciences,FJ,2021,1
Social Sciences,FJ,2022,1
Social Sciences,FJ,2023,1
Social Sciences,FJ,2024,2
Social Sciences,FR,2015,70
Social Sciences,FR,2016,70
Social Sciences,FR,2017,71
Social Sciences,FR,2018,69
Social Sciences,FR,2019,65
Social Sciences,FR,2020,61
Social Sciences,FR,2021,59
Social Sciences,FR,2022,54
Social Sciences,FR,2023,55
Social Sciences,FR,2024,59
Social Sciences,GB,2015,867
Social Sciences,GB,2016,865
Social Sciences,GB,2017,862
Social Sciences,GB,2018,860
Social Sciences,GB,2019,875
Social Sciences,GB,2020,875
Social Sciences,GB,2021,875
Social Sciences,GB,2022,866
Social Sciences,GB,2023,857
Social Sciences,GB,2024,856
Social Sciences,GH,2015,9
Social Sciences,GH,2016,8
Social Sciences,GH,2017,7
Social Sciences,GH,2018,5
Social Sciences,GH,2019,5
Social Sciences,GH,2020,5
Social Sciences,GH,2021,5
Social Sciences,GH,2022,5
Social Sciences,GH,2023,5
Social Sciences,GH,2024,4
Social Sciences,GR,2015,5
Social Sciences,GR,2016,5
Social Sciences,GR,2017,5
Social Sciences,GR,2018,6
Social Sciences,GR,2019,6
Social Sciences,GR,2020,6
Social Sciences,GR,2021,6
Social Sciences,GR,2022,4
Social Sciences,GR,2023,4
Social Sciences,GR,2024,5
Social Sciences,HK,2015,39
Social Sciences,HK,2016,43
Social Sciences,HK,2017,50
Social Sciences,HK,2018,50
Social Sciences,HK,2019,53
Social Sciences,HK,2020,53
Social Sciences,HK,2021,58
Social Sciences,HK,2022,59
Social Sciences,HK,2023,59
Social Sciences,HK,2024,61
Social Sciences,HR,2015,1
Social Sciences,HR,2016,1
Social Sciences,HR,2017,1
Social Sciences,HR,2018,1
Social Sciences,HR,2019,1
Social Sciences,HR,2020,1
Social Sciences,HR,2021,1
Social Sciences,HR,2022,1
Social Sciences,HR,2023,1
Social Sciences,HR,2024,1
Social Sciences,HU,2015,6
Social Sciences,HU,2016,6
Social Sciences,HU,2017,7
Social Sciences,HU,2018,7
Social Sciences,HU,2019,8
Social Sciences,HU,2020,8
Social Sciences,HU,2021,8
Social Sciences,HU,2022,8
Social Sciences,HU,2023,8
Social Sciences,HU,2024,8
Social Sciences,ID,2015,2
Social Sciences,ID,2016,2
Social Sciences,ID,2017,2
Social Sciences,ID,2018,2
Social Sciences,ID,2019,2
Social Sciences,ID,2020,2
Social Sciences,ID,2021,2
Social Sciences,ID,2022,5
Social Sciences,ID,2023,10
Social Sciences,ID,2024,10
Social Sciences,IE,2015,24
Social Sciences,IE,2016,25
Social Sciences,IE,2017,25
Social Sciences,IE,2018,23
Social Sciences,IE,2019,22
Social Sciences,IE,2020,22
Social Sciences,IE,2021,23
Social Sciences,IE,2022,25
Social Sciences,IE,2023,27
Social Sciences,IE,2024,29
Social Sciences,IL,2015,37
Social Sciences,IL,2016,34
Social Sciences,IL,2017,35
Social Sciences,IL,2018,36
Social Sciences,IL,2019,35
Social Sciences,IL,2020,35
Social Sciences,IL,2021,37
Social Sciences,IL,2022,35
Social Sciences,IL,2023,35
Social Sciences,IL,2024,35
Social Sciences,IN,2015,23
Social Sciences,IN,2016,22
Social Sciences,IN,2017,20
Social Sciences,IN,2018,19
Social Sciences,IN,2019,19
Social Sciences,IN,2020,18
Social Sciences,IN,2021,19
Social Sciences,IN,2022,22
Social Sciences,IN,2023,22
Social Sciences,IN,2024,21
Social Sciences,IR,2015,1
Social Sciences,IR,2016,2
Social Sciences,IR,2017,3
Social Sciences,IR,2018,3
Social Sciences,IR,2019,3
Social Sciences,IR,2020,3
Social Sciences,IR,2021,3
Social Sciences,IR,2022,3
Social Sciences,IR,2023,4
Social Sciences,IR,2024,3
Social Sciences,IT,2015,41
Social Sciences,IT,2016,39
Social Sciences,IT,2017,40
Social Sciences,IT,2018,41
Social Sciences,IT,2019,42
Social Sciences,IT,2020,42
Social Sciences,IT,2021,44
Social Sciences,IT,2022,44
Social Sciences,IT,2023,44
Social Sciences,IT,2024,48
Social Sciences,JP,2015,26
Social Sciences,JP,2016,25
Social Sciences,JP,2017,23
Social Sciences,JP,2018,25
Social Sciences,JP,2019,24
Social Sciences,JP,2020,23
Social Sciences,JP,2021,25
Social Sciences,JP,2022,28
Social Sciences,JP,2023,28
Social Sciences,JP,2024,29
Social Sciences,KE,2015,4
Social Sciences,KE,2016,4
Social Sciences,KE,2017,4
Social Sciences,KE,2018,4
Social Sciences,KE,2019,3
Social Sciences,KE,2020,3
Social Sciences,KE,2021,3
Social Sciences,KE,2022,3
Social Sciences,KE,2023,4
Social Sciences,KE,2024,3
Social Sciences,KH,2015,1
Social Sciences,KH,2016,1
Social Sciences,KH,2017,1
Social Sciences,KH,2018,1
Social Sciences,KH,2019,1
Social Sciences,KH,2020,1
Social Sciences,KH,2021,1
Social Sciences,KH,2022,1
Social Sciences,KH,2023,1
Social Sciences,KH,2024,1
Social Sciences,KR,2015,32
Social Sciences,KR,2016,34
Social Sciences,KR,2017,40
Social Sciences,KR,2018,40
Social Sciences,KR,2019,43
Social Sciences,KR,2020,48
Social Sciences,KR,2021,51
Social Sciences,KR,2022,54
Social Sciences,KR,2023,59
Social Sciences,KR,2024,63
Social Sciences,KW,2017,1
Social Sciences,KW,2018,1
Social Sciences,KW,2019,1
Social Sciences,KW,2020,1
Social Sciences,KW,2021,1
Social Sciences,KW,2022,1
Social Sciences,KW,2023,1
Social Sciences,KW,2024,1
Social Sciences,LA,2015,1
Social Sciences,LA,2016,1
Social Sciences,LA,2017,1
Social Sciences,LA,2018,1
Social Sciences,LA,2019,1
Social Sciences,LA,2020,1
Social Sciences,LA,2021,1
Social Sciences,LA,2022,1
Social Sciences,LA,2023,1
Social Sciences,LA,2024,1
Social Sciences,LB,2015,1
Social Sciences,LB,2016,1
Social Sciences,LK,2015,1
Social Sciences,LK,2016,1
Social Sciences,LK,2017,1
Social Sciences,LK,2018,1
Social Sciences,LK,2019,1
Social Sciences,LK,2020,1
Social Sciences,LK,2021,1
Social Sciences,LK,2022,1
Social Sciences,LK,2023,1
Social Sciences,LK,2024,1
Social Sciences,LU,2015,4
Social Sciences,LU,2016,4
Social Sciences,LU,2017,4
Social Sciences,LU,2018,5
Social Sciences,LU,2019,5
Social Sciences,LU,2020,6
Social Sciences,LU,2021,6
Social Sciences,LU,2022,6
Social Sciences,LU,2023,6
Social Sciences,LU,2024,6
Social Sciences,LV,2015,1
Social Sciences,LV,2016,1
Social Sciences,LV,2017,1
Social Sciences,LV,2018,1
Social Sciences,LV,2019,1
Social Sciences,LV,2020,1
Social Sciences,LV,2021,1
Social Sciences,LV,2022,1
Social Sciences,LV,2023,1
Social Sciences,LV,2024,1
Social Sciences,MK,2015,1
Social Sciences,MK,2016,1
Social Sciences,MK,2024,2
Social Sciences,MO,2015,1
Social Sciences,MO,2016,1
Social Sciences,MO,2017,1
Social Sciences,MO,2018,2
Social Sciences,MO,2019,2
Social Sciences,MO,2020,2
Social Sciences,MO,2021,2
Social Sciences,MO,2022,3
Social Sciences,MO,2023,3
Social Sciences,MO,2024,3
Social Sciences,MU,2022,2
Social Sciences,MU,2023,2
Social Sciences,MU,2024,2
Social Sciences,MW,2015,1
Social Sciences,MW,2016,1
Social Sciences,MW,2017,1
Social Sciences,MW,2018,1
Social Sciences,MW,2019,1
Social Sciences,MW,2020,1
Social Sciences,MW,2021,1
Social Sciences,MW,2022,1
Social Sciences,MW,2023,1
Social Sciences,MX,2015,27
Social Sciences,MX,2016,27
Social Sciences,MX,2017,28
Social Sciences,MX,2018,26
Social Sciences,MX,2019,28
Social Sciences,MX,2020,28
Social Sciences,MX,2021,29
Social Sciences,MX,2022,27
Social Sciences,MX,2023,24
Social Sciences,MX,2024,26
Social Sciences,MY,2015,3
Social Sciences,MY,2016,3
Social Sciences,MY,2017,3
Social Sciences,MY,2018,3
Social Sciences,MY,2019,3
Social Sciences,MY,2020,3
Social Sciences,MY,2021,2
Social Sciences,MY,2022,4
Social Sciences,MY,2023,3
Social Sciences,MY,2024,4
Social Sciences,NG,2015,2
Social Sciences,NG,2016,2
Social Sciences,NG,2017,2
Social Sciences,NG,2018,2
Social Sciences,NG,2019,2
Social Sciences,NG,2020,2
Social Sciences,NG,2021,2
Social Sciences,NG,2022,2
Social Sciences,NG,2023,1
Social Sciences,NG,2024,1
Social Sciences,NL,2015,163
Social Sciences,NL,2016,164
Social Sciences,NL,2017,171
Social Sciences,NL,2018,177
Social Sciences,NL,2019,182
Social Sciences,NL,2020,186
Social Sciences,NL,2021,191
Social Sciences,NL,2022,197
Social Sciences,NL,2023,201
Social Sciences,NL,2024,204
Social Sciences,NO,2015,38
Social Sciences,NO,2016,40
Social Sciences,NO,2017,40
Social Sciences,NO,2018,44
Social Sciences,NO,2019,43
Social Sciences,NO,2020,42
Social Sciences,NO,2021,46
Social Sciences,NO,2022,50
Social Sciences,NO,2023,54
Social Sciences,NO,2024,59
Social Sciences,NZ,2015,35
Social Sciences,NZ,2016,37
Social Sciences,NZ,2017,38
Social Sciences,NZ,2018,42
Social Sciences,NZ,2019,45
Social Sciences,NZ,2020,50
Social Sciences,NZ,2021,54
Social Sciences,NZ,2022,53
Social Sciences,NZ,2023,52
Social Sciences,NZ,2024,54
Social Sciences,PE,2015,1
Social Sciences,PE,2016,1
Social Sciences,PE,2017,1
Social Sciences,PE,2018,1
Social Sciences,PE,2023,1
Social Sciences,PE,2024,1
Social Sciences,PH,2015,3
Social Sciences,PH,2016,3
Social Sciences,PH,2017,3
Social Sciences,PH,2018,3
Social Sciences,PH,2019,3
Social Sciences,PH,2020,2
Social Sciences,PH,2021,2
Social Sciences,PH,2022,2
Social Sciences,PH,2023,2
Social Sciences,PH,2024,2
Social Sciences,PK,2015,5
Social Sciences,PK,2016,4
Social Sciences,PK,2017,5
Social Sciences,PK,2018,5
Social Sciences,PK,2019,5
Social Sciences,PK,2020,5
Social Sciences,PK,2021,8
Social Sciences,PK,2022,7
Social Sciences,PK,2023,8
Social Sciences,PK,2024,9
Social Sciences,PL,2015,4
Social Sciences,PL,2016,4
Social Sciences,PL,2017,4
Social Sciences,PL,2018,5
Social Sciences,PL,2019,6
Social Sciences,PL,2020,6
Social Sciences,PL,2021,6
Social Sciences,PL,2022,6
Social Sciences,PL,2023,6
Social Sciences,PL,2024,7
Social Sciences,PR,2015,1
Social Sciences,PR,2016,1
Social Sciences,PR,2017,1
Social Sciences,PR,2018,2
Social Sciences,PR,2019,2
Social Sciences,PR,2020,2
Social Sciences,PR,2021,2
Social Sciences,PR,2022,2
Social Sciences,PR,2023,2
Social Sciences,PR,2024,1
Social Sciences,PT,2015,4
Social Sciences,PT,2016,4
Social Sciences,PT,2017,5
Social Sciences,PT,2018,6
Social Sciences,PT,2019,7
Social Sciences,PT,2020,7
Social Sciences,PT,2021,7
Social Sciences,PT,2022,8
Social Sciences,PT,2023,10
Social Sciences,PT,2024,11
Social Sciences,QA,2015,7
Social Sciences,QA,2016,6
Social Sciences,QA,2017,6
Social Sciences,QA,2018,6
Social Sciences,QA,2019,6
Social Sciences,QA,2020,7
Social Sciences,QA,2021,8
Social Sciences,QA,2022,8
Social Sciences,QA,2023,8
Social Sciences,QA,2024,8
Social Sciences,RO,2015,1
Social Sciences,RO,2016,1
Social Sciences,RO,2017,1
Social Sciences,RO,2018,1
Social Sciences,RO,2019,1
Social Sciences,RO,2020,1
Social Sciences,RO,2021,1
Social Sciences,RO,2022,1
Social Sciences,RO,2023,1
Social Sciences,RO,2024,1
Social Sciences,RU,2015,23
Social Sciences,RU,2016,25
Social Sciences,RU,2017,27
Social Sciences,RU,2018,25
Social Sciences,RU,2019,27
Social Sciences,RU,2020,30
Social Sciences,RU,2021,27
Social Sciences,RU,2022,30
Social Sciences,RU,2023,31
Social Sciences,RU,2024,29
Social Sciences,SA,2015,2
Social Sciences,SA,2016,3
Social Sciences,SA,2017,3
Social Sciences,SA,2018,3
Social Sciences,SA,2019,3
Social Sciences,SA,2020,3
Social Sciences,SA,2021,3
Social Sciences,SA,2022,3
Social Sciences,SA,2023,2
Social Sciences,SA,2024,1
Social Sciences,SE,2015,61
Social Sciences,SE,2016,63
Social Sciences,SE,2017,65
Social Sciences,SE,2018,69
Social Sciences,SE,2019,69
Social Sciences,SE,2020,71
Social Sciences,SE,2021,72
Social Sciences,SE,2022,73
Social Sciences,SE,2023,75
Social Sciences,SE,2024,75
Social Sciences,SG,2015,27
Social Sciences,SG,2016,28
Social Sciences,SG,2017,29
Social Sciences,SG,2018,30
Social Sciences,SG,2019,31
Social Sciences,SG,2020,32
Social Sciences,SG,2021,33
Social Sciences,SG,2022,38
Social Sciences,SG,2023,39
Social Sciences,SG,2024,40
Social Sciences,SI,2015,23
Social Sciences,SI,2016,24
Social Sciences,SI,2017,25
Social Sciences,SI,2018,26
Social Sciences,SI,2019,25
Social Sciences,SI,2020,24
Social Sciences,SI,2021,24
Social Sciences,SI,2022,24
Social Sciences,SI,2023,24
Social Sciences,SI,2024,22
Social Sciences,SK,2015,8
Social Sciences,SK,2016,10
Social Sciences,SK,2017,10
Social Sciences,SK,2018,11
Social Sciences,SK,2019,10
Social Sciences,SK,2020,10
Social Sciences,SK,2021,8
Social Sciences,SK,2022,8
Social Sciences,SK,2023,9
Social Sciences,SK,2024,9
Social Sciences,SS,2015,2
Social Sciences,SS,2016,2
Social Sciences,SS,2017,2
Social Sciences,SS,2018,1
Social Sciences,SS,2019,2
Social Sciences,SS,2020,2
Social Sciences,SS,2021,2
Social Sciences,SS,2022,2
Social Sciences,SS,2023,2
Social Sciences,SS,2024,2
Social Sciences,SV,2015,1
Social Sciences,SV,2016,1
Social Sciences,SV,2017,1
Social Sciences,SV,2018,1
Social Sciences,SV,2019,1
Social Sciences,TH,2015,2
Social Sciences,TH,2016,3
Social Sciences,TH,2017,3
Social Sciences,TH,2018,3
Social Sciences,TH,2019,3
Social Sciences,TH,2020,3
Social Sciences,TH,2021,4
Social Sciences,TH,2022,4
Social Sciences,TH,2023,4
Social Sciences,TH,2024,4
Social Sciences,TJ,2015,2
Social Sciences,TJ,2016,2
Social Sciences,TJ,2017,1
Social Sciences,TJ,2018,2
Social Sciences,TJ,2019,2
Social Sciences,TJ,2020,2
Social Sciences,TJ,2021,2
Social Sciences,TJ,2022,2
Social Sciences,TJ,2023,2
Social Sciences,TJ,2024,2
Social Sciences,TR,2015,3
Social Sciences,TR,2016,3
Social Sciences,TR,2017,3
Social Sciences,TR,2018,3
Social Sciences,TR,2019,3
Social Sciences,TR,2020,3
Social Sciences,TR,2021,3
Social Sciences,TR,2022,3
Social Sciences,TR,2023,3
Social Sciences,TR,2024,3
Social Sciences,TT,2022,1
Social Sciences,TT,2023,1
Social Sciences,TT,2024,1
Social Sciences,TW,2015,7
Social Sciences,TW,2016,8
Social Sciences,TW,2017,9
Social Sciences,TW,2018,9
Social Sciences,TW,2019,9
Social Sciences,TW,2020,11
Social Sciences,TW,2021,11
Social Sciences,TW,2022,12
Social Sciences,TW,2023,13
Social Sciences,TW,2024,14
Social Sciences,TZ,2015,1
Social Sciences,TZ,2016,1
Social Sciences,TZ,2017,1
Social Sciences,TZ,2018,1
Social Sciences,TZ,2019,1
Social Sciences,TZ,2020,1
Social Sciences,UA,2015,3
Social Sciences,UA,2016,3
Social Sciences,UA,2017,3
Social Sciences,UA,2018,2
Social Sciences,UA,2019,2
Social Sciences,UA,2020,2
Social Sciences,UA,2021,2
Social Sciences,UA,2022,2
Social Sciences,UA,2023,2
Social Sciences,UA,2024,2
Social Sciences,UG,2015,1
Social Sciences,US,2015,3372
Social Sciences,US,2016,3355
Social Sciences,US,2017,3326
Social Sciences,US,2018,3307
Social Sciences,US,2019,3271
Social Sciences,US,2020,3226
Social Sciences,US,2021,3189
Social Sciences,US,2022,3143
Social Sciences,US,2023,3109
Social Sciences,US,2024,3068
Social Sciences,UY,2015,1
Social Sciences,UY,2016,1
Social Sciences,UY,2017,1
Social Sciences,UY,2018,1
Social Sciences,UY,2019,1
Social Sciences,UY,2020,1
Social Sciences,UY,2021,1
Social Sciences,UY,2022,1
Social Sciences,UY,2023,1
Social Sciences,UY,2024,1
Social Sciences,VN,2015,1
Social Sciences,VN,2016,1
Social Sciences,VN,2017,1
Social Sciences,VN,2018,1
Social Sciences,VN,2019,1
Social Sciences,VN,2020,1
Social Sciences,VN,2021,1
Social Sciences,VN,2022,2
Social Sciences,VN,2023,2
Social Sciences,VN,2024,2
Social Sciences,ZA,2015,25
Social Sciences,ZA,2016,29
Social Sciences,ZA,2017,35
Social Sciences,ZA,2018,35
Social Sciences,ZA,2019,39
Social Sciences,ZA,2020,41
Social Sciences,ZA,2021,43
Social Sciences,ZA,2022,46
Social Sciences,ZA,2023,49
Social Sciences,ZA,2024,50
Veterinary,AT,2015,1
Veterinary,AT,2016,1
Veterinary,AT,2017,1
Veterinary,AT,2018,1
Veterinary,AT,2019,1
Veterinary,AT,2020,1
Veterinary,AT,2021,1
Veterinary,AT,2022,1
Veterinary,AT,2023,1
Veterinary,AT,2024,1
Veterinary,AU,2015,6
Veterinary,AU,2016,5
Veterinary,AU,2017,5
Veterinary,AU,2018,5
Veterinary,AU,2019,7
Veterinary,AU,2020,7
Veterinary,AU,2021,7
Veterinary,AU,2022,7
Veterinary,AU,2023,7
Veterinary,AU,2024,7
Veterinary,BE,2015,2
Veterinary,BE,2016,1
Veterinary,BE,2017,1
Veterinary,BE,2018,1
Veterinary,BE,2019,1
Veterinary,BE,2020,1
Veterinary,BE,2021,1
Veterinary,BE,2022,1
Veterinary,BE,2023,1
Veterinary,BE,2024,1
Veterinary,CA,2015,5
Veterinary,CA,2016,7
Veterinary,CA,2017,7
Veterinary,CA,2018,6
Veterinary,CA,2019,6
Veterinary,CA,2020,6
Veterinary,CA,2021,7
Veterinary,CA,2022,7
Veterinary,CA,2023,7
Veterinary,CA,2024,7
Veterinary,CR,2015,1
Veterinary,CR,2016,1
Veterinary,CR,2017,1
Veterinary,CR,2018,1
Veterinary,CR,2019,1
Veterinary,CR,2020,1
Veterinary,CZ,2023,1
Veterinary,CZ,2024,1
Veterinary,DE,2015,2
Veterinary,DE,2016,2
Veterinary,DE,2017,2
Veterinary,DE,2018,2
Veterinary,DE,2019,2
Veterinary,DE,2020,1
Veterinary,DE,2021,1
Veterinary,DE,2022,1
Veterinary,DE,2023,2
Veterinary,DE,2024,2
Veterinary,DK,2015,1
Veterinary,DK,2016,1
Veterinary,DK,2017,1
Veterinary,DK,2018,1
Veterinary,DK,2019,1
Veterinary,DK,2020,1
Veterinary,DK,2021,1
Veterinary,DK,2022,1
Veterinary,DK,2023,1
Veterinary,DK,2024,1
Veterinary,ES,2015,1
Veterinary,ES,2016,1
Veterinary,ES,2017,1
Veterinary,ES,2018,1
Veterinary,ES,2019,1
Veterinary,ES,2020,1
Veterinary,ES,2021,2
Veterinary,ES,2022,2
Veterinary,ES,2023,2
Veterinary,ES,2024,2
Veterinary,GB,2015,15
Veterinary,GB,2016,16
Veterinary,GB,2017,17
Veterinary,GB,2018,17
Veterinary,GB,2019,18
Veterinary,GB,2020,18
Veterinary,GB,2021,18
Veterinary,GB,2022,17
Veterinary,GB,2023,16
Veterinary,GB,2024,17
Veterinary,GR,2015,1
Veterinary,GR,2016,1
Veterinary,GR,2017,1
Veterinary,GR,2018,1
Veterinary,GR,2019,1
Veterinary,GR,2020,1
Veterinary,GR,2021,1
Veterinary,GR,2022,1
Veterinary,GR,2023,1
Veterinary,GR,2024,1
Veterinary,IE,2015,1
Veterinary,IE,2016,1
Veterinary,IE,2017,1
Veterinary,IE,2018,1
Veterinary,IE,2019,1
Veterinary,IE,2020,1
Veterinary,IE,2021,1
Veterinary,IE,2022,1
Veterinary,IE,2023,1
Veterinary,IE,2024,1
Veterinary,IT,2015,2
Veterinary,IT,2016,2
Veterinary,IT,2017,2
Veterinary,IT,2018,2
Veterinary,IT,2019,2
Veterinary,IT,2020,2
Veterinary,IT,2021,1
Veterinary,IT,2022,1
Veterinary,IT,2023,1
Veterinary,IT,2024,1
Veterinary,NL,2015,1
Veterinary,NL,2016,2
Veterinary,NL,2017,2
Veterinary,NL,2018,2
Veterinary,NL,2019,2
Veterinary,NL,2020,2
Veterinary,NL,2021,2
Veterinary,NL,2022,2
Veterinary,NL,2023,2
Veterinary,NL,2024,2
Veterinary,US,2015,14
Veterinary,US,2016,13
Veterinary,US,2017,12
Veterinary,US,2018,12
Veterinary,US,2019,10
Veterinary,US,2020,11
Veterinary,US,2021,11
Veterinary,US,2022,12
Veterinary,US,2023,11
Veterinary,US,2024,11
